cell,dates,nums_cr,pages_table_start,line_order,title
" BC signale avoir découvert un câble traversant le parking, qui semble être une ali- mentation d’éclairage public. Réfection à prévoir avant la fin de chantier ASSISTANT MAITRISE D’OUVRAGE",['17-09-2013'],"[10, 11, 14, 15]","[47, 52, 69, 75]",3,VILLE
" prévoir de récupérer tout ce que la Ville et DALKIA souhaitent récupérer dans et au- tour de la piscine pour le 15/07/13 (matériel pédagogique, portail, arceaux vélos, candélabres, matériel technique, …)",['26-06-2013'],"[1, 2]","[3, 7]",1,VILLE
" suite à mise au point avec EJL, il est urgent de commander le raccordement du nouveau réseau d’assainissement de la maison voisine depuis la limite de propriété jusqu’au collecteur (intervention concession- naire à programmer). 24/09/13 : voir avec NOREADE pour reprise au plus tôt",['17-08-2013'],"[11, 14, 15, 16, 17]","[52, 69, 75, 81, 87]",2,VILLE
" suite à mise au point avec EJL, il est urgent de commander le raccordement du nouveau réseau d’assainissement de la maison voisine depuis la limite de propriété jusqu’au collecteur (intervention concessionnaire à programmer). 24/09/13 : voir avec NOREADE pour reprise au plus tôt. 29/10/13 : commande faite. 12/11/13 : in- tervention semaine 47",['17-08-2013'],"[18, 19, 20]","[93, 99, 105]",1,VILLE
 voir pour dévier le câble électrique surplombant l’angle de la parcelle côté rue Du- bois ASSISTANT MAITRISE D’OUVRAGE,['26-06-2013'],"[1, 2]","[3, 7]",5,VILLE
 voir pour évacuer le container stocké sur le parking y compris l’alimentation élec- trique qui court jusqu’en limite du logement du gardien,['26-06-2013'],"[1, 2]","[3, 7]",4,VILLE
 BC renonce à l’avance forfaitaire,['26-06-2013'],"[1, 2, 3, 4]","[3, 7, 11, 16]",3,VILLE
 DR propose de remplacer les potences de mise à l’eau PMR par un fauteuil roulant spécifique ASSISTANT MAITRISE D’OUVRAGE,['03-09-2013'],[8],[37],1,VILLE
 DR propose de remplacer les potences de mise à l’eau PMR par un fauteuil roulant spécifique. 10/09/13 : proposition validée par MOA,['03-09-2013'],"[10, 11, 12, 13, 14, 15, 16, 17, 18, 19]","[47, 52, 57, 63, 69, 75, 81, 87, 93, 99]",0,VILLE
 DR propose de remplacer les potences de mise à l’eau PMR par un fauteuil roulant spécifique. 10/09/13 : proposition validée par MOA ASSISTANT MAITRISE D’OUVRAGE,['03-09-2013'],[9],[42],1,VILLE
 arrêter les contrats auprès des différents concessionnaires,['26-06-2013'],"[1, 2]","[3, 7]",3,VILLE
 communiquer à DR et BC les coordonnées des différents concessionnaires,['26-06-2013'],"[1, 2, 3, 4]","[3, 7, 11, 16]",2,VILLE
 complément de diagnostic amiante le 01 ou 02/07/13. Confirmer rapidement si pré- sence ou non d’amiante,['26-06-2013'],[1],[3],1,VILLE
 demander à DALKIA attestation de coupure gaz des installations existantes ASSISTANT MAITRISE D’OUVRAGE,['17-07-2013'],[4],[16],5,VILLE
 en attente retour EDF sur modification transfo. Attention nécessité électricité pour mi octobre 2014,['12-08-2014'],"[54, 55, 56, 57, 58, 59, 60, 61, 62]","[279, 286, 293, 300, 307, 314, 320, 326, 332]",2,VILLE
 en attente retour EDF sur modification transfo. Attention nécessité électricité pour mi octobre 2014. 14/10/14 : remplacement du poste transfo le 27 ou 28/11/14. Liaison TGBT réalisé avant,['12-08-2014'],"[63, 64, 65, 66, 67, 68, 69]","[339, 346, 353, 359, 365, 371, 377]",1,VILLE
 facture EDF pour tarif jaune à faire établir au nom de BC Nord,['29-10-2013'],"[20, 21, 22, 23, 24, 25, 26, 27, 28, 29, 30, 31]","[105, 111, 117, 123, 129, 135, 141, 147, 153, 159, 165, 171]",1,VILLE
 facture EDF pour tarif jaune à faire établir au nom de BC Nord ASSISTANT MAITRISE D’OUVRAGE,['29-10-2013'],"[16, 17, 18, 19]","[81, 87, 93, 99]",3,VILLE
 faire abattage arbre en limite de construction sud ouest,['29-10-2013'],[16],[81],2,VILLE
 faire déplacer candélabre existant implanté dans l’accès cour de service,['30-09-2014'],"[61, 62, 63, 64, 65]","[326, 332, 339, 346, 353]",3,VILLE
 faire évacuer les porte vélos et les candélabres en façade de piscine,['21-08-2013'],[6],[27],3,VILLE
 fournir doc des arceaux vélos,['25-11-2014'],"[69, 72, 73]","[377, 388, 394]",4,VILLE
 fournir visuel souhaité sur carte de contrôle d’accès,['30-09-2014'],"[61, 62, 63, 64, 65, 66, 67, 68, 69, 72, 73, 74, 75]","[326, 332, 339, 346, 353, 359, 365, 371, 377, 388, 394, 400, 405]",4,VILLE
" le regard du compteur d’eau existant est à l’aplomb des fondations du bâtiment. Avant de le con- damner il est impératif de créer le nouveau branchement afin de continuer à alimenter le chantier et la maison voi- sine. Vu avec NOREADE sur site ce jour, devis à valider sans délai. 24/09/13 : devis validé le 20/09/13",['17-09-2013'],[11],[52],1,VILLE
" le regard du compteur d’eau existant est à l’aplomb des fondations du bâtiment. Avant de le condamner il est impératif de créer le nouveau branchement afin de continuer à ali- menter le chantier et la maison voisine. Vu avec NOREADE sur site ce jour, devis à valider sans délai",['17-09-2013'],[10],[47],1,VILLE
 le regard du compteur d’eau existant est à l’aplomb des fondations du bâtiment. Avant de le condamner il est impératif de créer le nouveau branchement afin de continuer à alimenter le chantier et la maison voisine. Vu avec,['17-09-2013'],"[12, 13]","[57, 63]",1,VILLE
 le réseau gaz n’est toujours pas déconnecté de la chaufferie : travaux de démoli- tion seront arrêtés en attendant la déconnection par GrDF. A voir avec le concessionnaire rapi- dement.,['03-09-2013'],[8],[37],0,VILLE
 le réseau gaz n’est toujours pas déconnecté de la chaufferie : travaux de démolition seront arrêtés en attendant la déconnection par GrDF. A voir avec le concessionnaire rapidement. 10/09/13 : en cours,['03-09-2013'],[9],[42],0,VILLE
 où installer le poste GTC ?,['16-09-2014'],[59],[314],2,VILLE
 où installer le poste GTC ? 23/09/14 : dans le secrétariat à confirmer,['16-09-2014'],"[60, 61, 62, 63, 64, 65]","[320, 326, 332, 339, 346, 353]",2,VILLE
 où installer le poste GTC ? 23/09/14 : dans le secrétariat à confirmer. 04/11/14 : confirmé,['16-09-2014'],[66],[359],2,VILLE
 programmer rdv pour présentation polychromie,['25-03-2014'],"[35, 36]","[195, 201]",0,VILLE
 préparer note modificative PC concernant le désenfumage des vestiaires,['12-11-2014'],[67],[365],4,VILLE
 prévoir abattage + élagage des arbres courant août. Plan topo annoté remis ce jour,['10-07-2013'],"[3, 4]","[11, 16]",3,VILLE
 prévoir abattage + élagage des arbres courant août. Plan topo annoté remis ce jour. 21/08/13 : en cours,['10-07-2013'],[6],[27],1,VILLE
 résilier contrat tarif jaune pour reprise par BC ASSISTANT MAITRISE D’OUVRAGE,['21-08-2013'],[6],[27],4,VILLE
 réunion organigramme le 09/09/14 à 14h00,['12-08-2014'],"[54, 55, 56, 57]","[279, 286, 293, 300]",3,VILLE
" souscrire auprès des concessionnaires, vos fournisseurs d’énergie en électricité et en gaz",['05-08-2014'],"[54, 55, 56, 57, 58, 59, 60, 61, 62, 63, 64]","[279, 286, 293, 300, 307, 314, 320, 326, 332, 339, 346]",1,VILLE
" souscrire auprès des concessionnaires, vos fournisseurs d’énergie en électricité et en gaz. 28/10/14 : gaz disponible le 03/11/14",['05-08-2014'],[65],[353],0,VILLE
" souscrire auprès des concessionnaires, vos fournisseurs d’énergie en électricité et en gaz. 28/10/14 : gaz disponible le 03/11/14. 04/11/14 : date à recaler avec la date de mise en service des chaudières",['05-08-2014'],"[66, 67, 68, 69]","[359, 365, 371, 377]",0,VILLE
" souscrire auprès des concessionnaires, vos fournisseurs d’énergie en électricité et en gaz. 28/10/14 : gaz disponible le 03/11/14. 04/11/14 : date à recaler avec la date de mise en service des chaudières. 02/12/14 : date re- calée au 07/01/15",['05-08-2014'],"[72, 73]","[388, 394]",0,VILLE
" suite visite avec NOREADE, nécessité de déplacer l’assainissement ∅400 entre la piscine et le logement. A voir très rapidement, dévoiement avant le 15/08/13",['17-07-2013'],[4],[16],4,VILLE
" suite à mise au point avec EJL, il est urgent de commander le raccordement du nouveau réseau d’assainissement de la maison voisine depuis la limite de propriété jusqu’au collecteur (intervention concessionnaire à programmer)",['17-08-2013'],[10],[47],2,VILLE
" transmettre les coordonnées du chargé d’affaire, pour le remplacement du câble d’alimentation du trans- formateur au TGBT pour la mise en place du tarif jaune",['29-07-2014'],"[54, 55, 56, 57]","[279, 286, 293, 300]",0,VILLE
 voir avec Ville de SIN LE NOBLE pour récupération des hublots de la couverture avant le 15/08/13. Attention à veiller au travail en sécurité des intervenants,['10-07-2013'],"[4, 6]","[16, 27]",3,VILLE
 voir avec Ville de SIN LE NOBLE pour récupération des hublots de la couverture avant le 15/08/13. Attention à veiller au travail en sécurité des intervenants ASSISTANT MAITRISE D’OUVRAGE,['10-07-2013'],[3],[11],4,VILLE
 voir création clôture supplémentaire et reprise clôture autour du logement ville,['04-11-2014'],"[66, 67, 68, 69, 72, 73, 74, 75]","[359, 365, 371, 377, 388, 394, 400, 405]",4,VILLE
 voir pour dévier le câble électrique surplombant l’angle de la parcelle côté rue Dubois,['26-06-2013'],[3],[11],2,VILLE
 voir pour évacuer le container stocké sur le parking,['26-06-2013'],"[3, 4, 6]","[11, 16, 27]",1,VILLE
 voir pour éventuellement remplacer le candélabre au droit du poste transfo,['07-10-2014'],[62],[332],5,VILLE
 voir pour éventuellement remplacer le candélabre au droit du poste transfo. 14/10/14 : sera déplacé,['07-10-2014'],"[63, 64, 65]","[339, 346, 353]",5,VILLE
" vu ce jour avec DALKIA pour, suite fermeture piscine le 30/06/13, vidanger le bas- sin et couper chauffage",['26-06-2013'],[1],[3],0,VILLE
 ALISA - Désamiantage,['10-07-2013'],"[3, 4, 6, 8, 9, 10, 11, 12, 13, 14, 15, 16, 17, 18, 19, 20, 21, 22, 23, 24]","[11, 16, 27, 37, 42, 47, 52, 57, 63, 69, 75, 81, 87, 93, 99, 105, 111, 117, 123, 129]",2,BC
" BC remet la clé des locaux technique, accès sous sol à l’entreprise DEVRED",['22-07-2014'],"[51, 52, 53, 54, 55]","[257, 264, 272, 280, 287]",16,BC
 Constat effectué des réservations de caniveaux  avec le carreleur. Les tolérances sont respectées. Les éven- tuelles reprises sont à la charge du carreleur.,['29-07-2014'],"[52, 53]","[264, 272]",19,BC
" Réaliser la pose d’isolant en soubassement, cela en périphérie du bâtiment.",['22-07-2014'],"[51, 52, 53, 54, 55]","[257, 264, 272, 280, 287]",17,BC
" VS sous zone sauna, prévoir 2 ou 3 passages d’homme 80x80cm en supprimant l’isolant (création du même volume que les galeries techniques)",['02-07-2013'],"[2, 3, 4]","[7, 11, 17]",5,BC
 Ville et DR confirme l’option retenue de carrelage dans hall d’entrée et administra- tion,['26-06-2013'],"[1, 2]","[3, 7]",2,BC
" attention un fourreau sous semelle local TGBT trop »pincé », à libérer pour retrouver un rayon de cour- bure permettant le passage postérieur des câbles",['15-10-2013'],"[14, 15]","[70, 75]",8,BC
 aucune inscription sur les béton y compris le trait de niveau,['29-10-2013'],"[17, 18, 19, 20, 21, 22, 23, 24, 25, 26, 27, 28, 29, 30, 31, 32]","[87, 93, 100, 106, 112, 117, 124, 129, 135, 141, 147, 153, 159, 165, 171, 177]",6,BC
 aucune reprise des bétons avant avis de DR Mairie d’AUBY – Réhabilitation et extension de la piscine municipale – CR 25 140114.doc 4 Pour action Observations,['29-10-2013'],"[25, 26]","[135, 141]",6,BC
" bassin d’apprentissage, augmentation du quai côté petite profondeur de 5cm et ré- duire celui côté grande profondeur de 5cm, en conservant les angles extérieurs du bassin",['28-08-2013'],"[7, 8, 9, 10, 11]","[33, 38, 43, 48, 53]",5,BC
" boitiers de commande de ventilation à implanter à proximité de l’entrée du local, avec regroupement des appa- reils par local",['11-02-2014'],"[28, 29, 30, 31, 32, 33, 35, 36, 43, 44, 47, 48, 49, 50, 51, 52, 53, 54, 55, 56, 57, 58]","[153, 159, 165, 171, 177, 183, 195, 201, 213, 219, 231, 237, 244, 250, 257, 264, 272, 280, 287, 294, 301, 308]",21,BC
" boitiers de commande de ventilation à implanter à proximité de l’entrée du local, avec regroupement des appareils par local. 23/09/14 : coffret posé à reprendre (problème de regroupement de commande) + finition pose cuivre (à mettre en œuvre sous moulure PVC blanche). 12/11/14 : coffret CO2 vestiaires à laisser tel qu’implanter, cof- fret CO2 douches à implanter sur voile BA à gauche en entrant dans cette zone depuis les vestiaires, coffret électrique châssis à implanter à gauche du châssis, regrouper les deux commandes des vestiaires (y compris électro-aimant) vers le boitier de commande qui sera posé par DEVRED en sortie de pédiluve déchaussage",['11-02-2014'],"[67, 68, 69]","[365, 371, 377]",1,BC
 choix teinte ITE sur nuancier STO Façade. 14/01/14 : fournir échantillon pour validation des deux réfé- rences gris 37101 et vert 31100 selon le nuancier STO façade,['26-11-2013'],"[25, 26, 27]","[137, 143, 149]",1,BC
 choix teinte ITE sur nuancier STO Façade. 14/01/14 : fournir échantillon pour validation des deux réfé- rences gris 37101 et vert 31100 selon le nuancier STO façade. 11/02/14 : échantillons remis ce jour,['26-11-2013'],"[28, 29, 30, 31, 32, 33, 34, 35]","[155, 161, 167, 173, 179, 185, 191, 197]",1,BC
 choix teinte bac acier et couvertine selon nuancier RAL. 14/01/14 : bac acier RAL9010. 21/01/14 : cou- vertine teinte dito enduit,['26-11-2013'],"[26, 27, 28, 29, 30, 31, 32]","[143, 149, 155, 161, 167, 173, 179]",2,BC
 compléter l’enduit bitumineux sur les voiles de la cour de service (jusque sous évacua- tion terrasse accès local chlore),['12-08-2014'],"[54, 55, 56, 57, 58, 59]","[280, 287, 294, 301, 308, 314]",19,BC
" cour anglaise de ventilation, surface plan architecte validé à reporter en réservation en voile avec AS à - 0,10m/sous face de dalle. Prévoir feuillure 50x35ht pour mise en place caillebotis",['17-09-2013'],"[10, 15, 16, 17, 18, 19, 20, 21, 22, 23, 24, 25, 26, 27]","[48, 75, 81, 87, 93, 100, 106, 112, 117, 124, 129, 135, 141, 147]",11,BC
 cour anglaise façade sud côté local traitement d’eau à décaler dans l’angle de fa- çade,['10-09-2013'],"[9, 10, 11, 12, 13]","[43, 48, 53, 58, 64]",10,BC
 faire implantation complète du sanitaire zone administration pour juger du faux équer- rage,['18-02-2014'],"[29, 30, 31, 32, 33, 35, 36]","[159, 165, 171, 177, 183, 195, 201]",23,BC
 faire plan de sortie réseaux EU/EV sous dallage en galeries techniques pour synthèse avec lot plom- berie. 10/09/13 : modifier réseaux sous dallage locaux techniques pour rejet sur regard au plus près de la sortie de bâtiment. Pompe de relevage au lot plomberie,['03-09-2013'],"[9, 10, 11, 12]","[42, 47, 52, 57]",8,BC
" façade sud bassin sportif, le bandeau est appuyé sur l’ITE, en console filante au nu extérieur de l’ITE. Pré- voir un relevé zinc sur l’ITE. AS = de +3.33 à +3.45, AI = +2 ;96 fini",['07-01-2014'],"[24, 25, 26, 27, 28, 29, 30, 31, 32, 33, 36, 43, 44, 47]","[129, 135, 141, 147, 153, 159, 165, 171, 177, 183, 201, 213, 219, 231]",18,BC
 fournir les éléments concernant la commande de désenfumage des vestiaires indivi- duels,['07-10-2014'],"[62, 63, 64, 65]","[332, 340, 347, 353]",7,BC
 isolation en sous face de plancher haut locaux technique à ne pas prévoir. 01/10/13 : prévoir iso- lant polystyrène sous dalle sur terre plein,['17-07-2013'],"[12, 13]","[58, 64]",2,BC
 la charpente sera stable au feu 1/2h Mairie d’AUBY – Réhabilitation et extension de la piscine municipale – CR 18 121113.doc 4 Pour action Observations,['26-06-2013'],"[18, 22, 24]","[93, 117, 129]",0,BC
" modifier pente dans bassin d’apprentissage pour avoir une pente continue, en con- servant la partie plane côté grande profondeur et côté petite profondeur sur une longueur de 4m pour raccordement avec pente devant les banquettes massantes",['28-08-2013'],"[7, 8, 9, 10, 11]","[33, 38, 43, 48, 53]",8,BC
 plafond en pointe de diamant uniquement dans hammam Mairie d’AUBY – Réhabilitation et extension de la piscine municipale – CR 28 110214.doc 4 Pour action Observations,['12-11-2013'],"[28, 30]","[153, 165]",7,BC
 poncer enduit en arête supérieure des maçonnerie,['15-07-2014'],"[50, 51, 52, 53, 54, 55]","[250, 257, 264, 272, 280, 287]",14,BC
 prendre en compte réservations trappes de ligne de nage + modification réservation pour grille de souf- flage dans hall bassins,['10-12-2013'],"[22, 23]","[117, 124]",17,BC
" prévoir laisser réservations pour trappe dans gaines maçonnées : 50x80ht local maté- riel ludique, 50x60ht douches",['01-07-2014'],"[48, 49]","[237, 244]",10,BC
" regard en pied de bac tampon, prévoir une feuillure 50x50 pour mise en place caille- botis",['26-11-2013'],"[20, 21, 22, 23, 24, 25, 26, 27, 28, 29, 30, 32, 33, 35]","[106, 112, 117, 124, 129, 135, 141, 147, 153, 159, 165, 177, 183, 195]",13,BC
" regard en pied de bac tampon, prévoir une feuillure 50x50 pour mise en place caillebotis Mairie d’AUBY – Réhabilitation et extension de la piscine municipale – CR 31 040314.doc 4 Pour action Observations",['26-11-2013'],"[31, 36]","[171, 201]",5,BC
" remarques sur la validation des bétons : prendre en référence le voile d’infrastructure sud du local trai- tement d’eau, le rebouchement des trous de banches est à faire en creux (référence trou sur voile précité), faire essai de reprise de bétonnage avec joint silicone et joint prescrit par le fournisseur de banche)",['29-10-2013'],"[16, 17, 18, 19, 20, 21, 22, 23, 24, 25, 26, 27, 28, 29]","[81, 87, 93, 100, 106, 112, 117, 124, 129, 135, 141, 147, 153, 159]",7,BC
 réunion de synthèse le 02/07/13 à 14h00 chez BAUDIN CHATEAUNEUF,"['26-06-2013', '02-07-2013']","[1, 2, 3]","[3, 7, 11]",0,BC
" solarium remise en forme, prévoir pente de -0,02 en sortie de bâtiment à -0,04 en extrémité de sola- rium. Poteaux métalliques dito façade sud avec AS béton à -0,04",['08-10-2013'],"[13, 14, 16, 17, 18, 19, 20, 21, 22, 23, 24, 25, 26, 27, 28, 29, 30, 31, 32, 33]","[64, 70, 81, 87, 93, 100, 106, 112, 117, 124, 129, 135, 141, 147, 153, 159, 165, 171, 177, 183]",10,BC
" veiller à prévoir des grilles filantes pour ventilation des plénums de plafonds de revers. 14/01/14 : grille lar- geur 100mm+1,5largeur chevrons support et pose contre la façade",['07-01-2014'],"[25, 26, 27, 28, 29, 30, 31, 32, 33, 35, 36, 47, 48, 49, 50, 51, 52, 53, 54, 55, 56, 57]","[135, 141, 147, 153, 159, 165, 171, 177, 183, 195, 201, 231, 237, 244, 250, 257, 264, 272, 280, 287, 294, 301]",17,BC
" veiller à prévoir des grilles filantes pour ventilation des plénums de plafonds de revers. 14/01/14 : grille largeur 100mm+1,5largeur chevrons support et pose contre la façade Mairie d’AUBY – Réhabilitation et extension de la piscine municipale – CR 43 270514.doc 4 Pour action Observations",['07-01-2014'],"[43, 44]","[213, 219]",3,BC
 2 clés des locaux poubelles et matériel pédagogique remises à BC Mairie d’AUBY – Réhabilitation et extension de la piscine municipale – CR 49 080714.doc 4 Pour action Observations,['08-07-2014'],[49],[243],3,BC
 3 réservations pour COEXIA à reprendre au sous-sol,['04-03-2014'],[31],[171],27,BC
" AS socle de conduit de fumées à -4,00m",['03-09-2013'],"[8, 9, 10, 11, 12, 13, 14, 15, 16, 17, 18, 19, 20, 21]","[38, 43, 48, 53, 58, 64, 70, 75, 81, 87, 93, 100, 106, 112]",8,BC
 BC diffuser plan coffrage sous-sol pour le 25/09/13 aux corps d’état techniques pour validation des réservations demandées avec retour pour le 27/09/13,['24-09-2013'],[11],[52],5,BC
 CONCEPT ALU – Menuiseries Aluminium,['24-09-2013'],"[11, 12, 13, 14, 15, 16, 17, 18, 19, 20, 21, 22, 23, 24]","[52, 57, 63, 69, 75, 81, 87, 93, 99, 105, 111, 117, 123, 129]",4,BC
 DEP façade nord à décaler hors parvis,['25-02-2014'],"[30, 31, 32, 33, 35, 36, 43]","[165, 171, 177, 183, 195, 201, 213]",28,BC
 LUC Daniel – Couverture étanchéité bardage isolation extérieure,['08-10-2013'],"[13, 14, 15, 16, 17, 18, 19, 20, 21, 22, 23, 24]","[63, 69, 75, 81, 87, 93, 99, 105, 111, 117, 123, 129]",5,BC
 MARGUERON – Charpente lamellée-collée,['10-07-2013'],"[3, 4, 6, 8, 9, 10, 11, 12, 13, 14, 15, 16, 17, 18, 19, 20, 21, 22, 23, 24]","[11, 16, 27, 37, 42, 47, 52, 57, 63, 69, 75, 81, 87, 93, 99, 105, 111, 117, 123, 129]",0,BC
 MYRTHA POOLS – Bassins inox,['10-07-2013'],"[3, 4, 6, 8, 9, 10, 11, 12, 13, 14, 15, 16, 17, 18, 19, 20, 21, 22, 23, 24]","[11, 16, 27, 37, 42, 47, 52, 57, 63, 69, 75, 81, 87, 93, 99, 105, 111, 117, 123, 129]",1,BC
 NORD COFFRAGE – Etaiement,['05-11-2013'],"[17, 18, 19, 20, 21, 22, 23, 24]","[87, 93, 99, 105, 111, 117, 123, 129]",7,BC
 SATTAM – Démolition,['21-08-2013'],"[6, 8, 9, 10, 11, 12, 13, 14, 15, 16, 17, 18, 19, 20, 21, 22, 23, 24]","[27, 37, 42, 47, 52, 57, 63, 69, 75, 81, 87, 93, 99, 105, 111, 117, 123, 129]",3,BC
 STS – Cuvelage,['05-11-2013'],"[17, 18, 19, 20, 21, 22, 23, 24]","[87, 93, 99, 105, 111, 117, 123, 129]",6,BC
" VS sous zone sauna, prévoir 2 ou 3 passages d’homme 80x80cm en supprimant l’isolant (création du même volume que les galeries techniques). 31/07/13 : Hauteur VS identiques à celle des galeries techniques (cf 02/07). Trous d’homme localisés sur plan joint au CR",['02-07-2013'],"[6, 7, 8, 9, 10, 11, 12, 13]","[28, 33, 38, 43, 48, 53, 58, 64]",2,BC
 accord DR pour acrotère en béton isolé et non en relevé type STO comme indiqué sur plan Architecte au droit dalle sur locaux personnel,['03-12-2013'],"[21, 22, 23, 24, 25, 26, 27, 28, 29, 30, 31, 33, 35, 36]","[112, 117, 124, 129, 135, 141, 147, 153, 159, 165, 171, 183, 195, 201]",13,BC
 accord DR pour acrotère en béton isolé et non en relevé type STO comme indiqué sur plan Architecte au droit dalle sur locaux personnel Mairie d’AUBY – Réhabilitation et extension de la piscine municipale – CR 32 110314.doc 4 Pour action Observations,['03-12-2013'],[32],[177],6,BC
 accord DR pour chanfrein 3x3 aux angles saillant béton,['17-12-2013'],"[23, 24, 25]","[124, 129, 135]",17,BC
 accord MOA pour utilisation comptage eau existant avec reprise du contrat pour le chantier,['21-08-2013'],[6],[28],4,BC
 accord MQB pour fermer gaines techniques maçonnées,['03-06-2014'],[44],[219],10,BC
 alimentation châssis de désenfumage en 48V à émission,['21-10-2014'],[64],[347],10,BC
 alimentation châssis de désenfumage en 48V à émission. 28/10/14 : 230V annoncé ce jour,['21-10-2014'],"[65, 66, 67]","[353, 359, 365]",6,BC
 alimentation châssis de désenfumage en 48V à émission. 28/10/14 : 230V annoncé ce jour. 18/11/14 : 24V à émission,['21-10-2014'],"[68, 69]","[371, 377]",1,BC
" attention les accessoires de toiture (DEP, boites à eau, …) ne sont pas conforme à la polychromie",['12-08-2014'],"[54, 55]","[280, 287]",17,BC
" attention les accessoires de toiture (DEP, boites à eau, …) ne sont pas conforme à la polychromie. 26/08/14 : dito teinte de la façade support",['12-08-2014'],"[56, 57]","[294, 301]",12,BC
 attention à la limite de prestation bassins inox (hors emprise du béton),['22-10-2013'],[15],[75],9,BC
" au droit du poteau dans quai du bassin apprentissage, suppression des 2 arrondis en partie basse compte tenu de la surépaisseur de 5cm",['28-08-2013'],[7],[33],4,BC
 aucune inscription sur les béton y compris le trait de niveau Mairie d’AUBY – Réhabilitation et extension de la piscine municipale – CR 16 291013.doc 4 Pour action Observations,['29-10-2013'],[16],[81],6,BC
 aucune reprise des bétons avant avis de DR,['29-10-2013'],"[16, 17, 18, 19, 20, 21, 22, 23, 24, 27, 28, 29]","[81, 87, 93, 100, 106, 112, 117, 124, 129, 147, 153, 159]",8,BC
 aucune reprise des bétons avant avis de DR. 25/02/14 : proposition de reprise pour le 11/03/14,['29-10-2013'],"[30, 31, 32]","[165, 171, 177]",3,BC
 bardage acrotère intérieur bassin sportif teinte dito STO,['14-01-2014'],"[25, 26, 27, 28, 29, 30, 31, 32, 33, 34, 35]","[137, 143, 149, 155, 161, 167, 173, 179, 185, 191, 197]",5,BC
" bassin apprentissage, quai petite profondeur à 25cm, quai grande profondeur à 40cm",['28-08-2013'],"[7, 8, 9, 10, 11]","[33, 38, 43, 48, 53]",6,BC
" boitiers de commande de ventilation à implanter à proximité de l’entrée du local, avec regroupement des appareils par local Mairie d’AUBY – Réhabilitation et extension de la piscine municipale – CR 59 160914.doc 4 Pour action Observations",['11-02-2014'],[59],[314],2,BC
" boitiers de commande de ventilation à implanter à proximité de l’entrée du local, avec regroupement des appareils par local. 23/09/14 : coffret posé à reprendre (problème de regroupement de commande) + finition pose cuivre (à mettre en œuvre sous moulure PVC blanche)",['11-02-2014'],"[60, 62, 63, 64, 65, 66]","[320, 332, 340, 347, 353, 359]",2,BC
" boitiers de commande de ventilation à implanter à proximité de l’entrée du local, avec regroupement des appareils par local. 23/09/14 : coffret posé à reprendre (problème de regroupement de commande) + finition pose cuivre (à mettre en œuvre sous moulure PVC blanche) Mairie d’AUBY – Réhabilitation et extension de la piscine municipale – CR 61 300914.doc 4 Pour action Observations",['11-02-2014'],[61],[326],2,BC
" bonde de fond des 2 bassins, prévoir boîte avec sortie latérale et non en fond pour sortie canalisation en galerie technique",['28-08-2013'],"[7, 8, 9, 10, 11]","[33, 38, 43, 48, 53]",7,BC
" béton balayé sur accès groupe, accentuer le balayage",['18-03-2014'],[33],[183],21,BC
" béton matricé, augmenter la différence d’aspect entre planches (différence d’épaisseur) et privilégié faible largeur ou calepinage aléatoire",['29-10-2013'],"[16, 17, 18, 19, 20, 21, 22, 23, 24, 25, 26, 28]","[81, 87, 93, 100, 106, 112, 117, 124, 129, 135, 141, 153]",9,BC
" béton matricé, augmenter la différence d’aspect entre planches (différence d’épaisseur) et privilégié faible largeur ou calepinage aléatoire Mairie d’AUBY – Réhabilitation et extension de la piscine municipale – CR 27 280114.doc 4 Pour action Observations",['29-10-2013'],[27],[147],6,BC
 casser l’arrondi en pied de bajoyers du bassin sportif : fournir un plan de localisation,['04-03-2014'],[31],[171],24,BC
 charpente blanc OP 7349. Fournir un échantillon pour validation,['19-11-2013'],"[20, 21]","[107, 113]",0,BC
 charpente blanc OP 7349. Fournir un échantillon pour validation. 10/12/13 : échantillon remis ce jour,['19-11-2013'],[22],[119],0,BC
 charpente blanc OP 7349. Fournir un échantillon pour validation. 10/12/13 : échantillon remis ce jour. 17/12/13 : validé,['19-11-2013'],"[23, 25, 26, 27, 28, 29, 30, 31, 32]","[125, 137, 143, 149, 155, 161, 167, 173, 179]",0,BC
 choix teinte bac acier et couvertine selon nuancier RAL. 14/01/14 : bac acier RAL9010,['26-11-2013'],[25],[137],2,BC
 choix teinte bac acier et couvertine selon nuancier RAL. 21/01/14 : couvertine teinte dito enduit,['26-11-2013'],"[33, 34, 35]","[185, 191, 197]",1,BC
 chéneau toiture vestiaires façade sud à aligner en parallèle voiles façade,['08-07-2014'],"[49, 50, 51, 52, 53, 54, 55]","[244, 250, 257, 264, 272, 280, 287]",14,BC
 complément de diagnostic amiante le 01 ou 02/07/13. Confirmer rapidement si pré- sence ou non d’amiante,['26-06-2013'],[1],[3],1,BC
" compte tenu du nombre de fourreaux débouchant dans le local TGBT, prévoir un caniveau dans la dalle (entre les semelles)",['15-10-2013'],"[14, 15]","[70, 75]",7,BC
 confirmation CTBX en vertical intersection files 6 et E,['07-01-2014'],"[24, 25, 26, 27, 28, 29, 30, 31, 32, 33, 35, 36, 43, 44, 48, 49, 50, 51, 52, 53, 54, 55, 56, 57]","[129, 135, 141, 147, 153, 159, 165, 171, 177, 183, 195, 201, 213, 219, 237, 244, 250, 257, 264, 272, 280, 287, 294, 301]",19,BC
 confirmation CTBX en vertical intersection files 6 et E Mairie d’AUBY – Réhabilitation et extension de la piscine municipale – CR 47 240614.doc 4 Pour action Observations,['07-01-2014'],[47],[231],2,BC
 confirmation drain en périphérie des locaux techniques,['17-12-2013'],"[23, 24, 25, 26, 27, 28]","[124, 129, 135, 141, 147, 153]",18,BC
 confirmation pour les plots de départ : modèle LMP,['07-01-2014'],"[24, 25, 26, 27, 28, 29, 30, 31, 32, 33, 35, 36, 43, 44, 47, 48, 49, 50, 51, 52, 53, 54, 55, 56, 57, 58, 59, 60, 61, 63, 64, 65]","[129, 135, 141, 147, 153, 159, 165, 171, 177, 183, 195, 201, 213, 219, 231, 237, 244, 250, 257, 264, 272, 280, 287, 294, 301, 308, 314, 320, 326, 340, 347, 353]",21,BC
 confirmation pour les plots de départ : modèle LMP Mairie d’AUBY – Réhabilitation et extension de la piscine municipale – CR 62 071014.doc 4 Pour action Observations,['07-01-2014'],[62],[332],1,BC
" confirmer la date de pose du châssis de désenfumage vestiaires individuels, la date du 07/11/14 pour le remplissage du bassin ludique, la date du 12/11/14 pour le remplissage du bassin sportif",['14-10-2014'],[63],[340],9,BC
" confirmer la date de pose du châssis de désenfumage vestiaires individuels, la date du 07/11/14 pour le remplissage du bassin ludique, la date du 12/11/14 pour le remplissage du bassin sportif. 21/10/14 : châssis de désenfumage semaine 44 y compris coffret de commande",['14-10-2014'],[64],[347],8,BC
 confirmer les fils d’eau sortie bâtiment pour le 17/09/13,['10-09-2013'],[9],[42],11,BC
 confirmer les possibilités de passages de réseaux dans les poutres (contraintes de percement),['07-01-2014'],[24],[129],17,BC
 conserver les profondeurs de bassin projet,['04-03-2014'],"[31, 32]","[171, 177]",25,BC
 cotes intérieures architecte des cours anglaises validées par MQB,['03-09-2013'],"[8, 9, 10, 11, 12, 13]","[38, 43, 48, 53, 58, 64]",9,BC
 couper tous les aciers en attente inutiles et les passiver,['18-02-2014'],"[29, 30, 31, 32, 33, 35, 36]","[159, 165, 171, 177, 183, 195, 201]",25,BC
" cour anglaise de ventilation, surface plan architecte validé à reporter en réservation en voile avec AS à",['17-09-2013'],"[11, 12, 13, 14]","[53, 58, 64, 70]",11,BC
 crochets pour filets de couverture fixés dans la charpente. Voir après dépose reprise éventuelle,['15-04-2014'],"[43, 44, 47, 48, 49, 50, 51, 52, 53, 54, 55, 56, 57, 58]","[213, 219, 231, 237, 244, 250, 257, 264, 272, 280, 287, 294, 301, 308]",10,BC
" dernier rappel, nettoyer sous-sol avec MQB, EAS et DEVRED",['16-12-2014'],"[72, 73, 74, 75]","[388, 394, 400, 405]",4,BC
 diffuser DICT,['26-06-2013'],"[1, 2]","[3, 7]",1,BC
 diffuser convention de prêt de grue,['18-02-2014'],"[29, 30, 31]","[159, 165, 171]",22,BC
 diffuser fiche technique projecteur immergé à DEVRED + un plan avec les attentes électriques,['24-09-2013'],[11],[53],13,BC
 diffuser proposition de coffrage sur angle bassin ludique,['14-10-2014'],[63],[340],10,BC
 diffusion fond de plan GO fondations et infrastructure pour le 25/07/13,['10-07-2013'],"[3, 4]","[11, 16]",4,BC
 diffusion fond de plan GO superstructures pour le 15/08/13,['10-07-2013'],"[3, 4, 6, 8, 9]","[11, 16, 27, 37, 42]",5,BC
 débarrasser et nettoyer le parking (1 ère partie côté bâtiment) avec remplacement des bennes par une seule à positionner sur la 2 ème partie de parking,['07-10-2014'],"[62, 63]","[332, 340]",8,BC
" en qualité de gestionnaire du compte prorata, remettre clôture de chantier",['26-08-2014'],[56],[294],16,BC
" escalier accès scolaire en béton balayé, la rampe d’accès en béton désactivé",['14-01-2014'],"[25, 26, 27, 28, 29, 30, 31]","[135, 141, 147, 153, 159, 165, 171]",19,BC
 faire calfeutrement autour canalisation goulotte bassins avant chape,['10-06-2014'],[47],[231],9,BC
 faire carottage pour alimentation et évacuations des 2 pédiluves en ∅110 (2 à l’axe de chaque pédiluve + 1 par caniveau),['11-03-2014'],[32],[177],23,BC
 faire chanfrein sur maçonnerie,['23-09-2014'],[60],[320],7,BC
 faire chanfrein sur nez de marche accès scolaire,['18-11-2014'],[68],[371],4,BC
 faire finition enduit sur maçonnerie entre les deux vestiaires,['15-07-2014'],"[50, 51, 52, 53, 54, 55, 56, 57, 58]","[250, 257, 264, 272, 280, 287, 294, 301, 308]",15,BC
 faire finition sur reprise coulage poutre accès zone déchaussage (verticale droite),['08-07-2014'],"[49, 50, 51, 52, 53, 54, 55]","[244, 250, 257, 264, 272, 280, 287]",12,BC
 faire modification largeur rampe accès PMR scolaire pour largeur 140cm en cassant la tête de libage et en ajoutant du ferraillage avant coulage béton désactivé,['30-09-2014'],"[61, 62, 63, 64, 65]","[326, 332, 340, 347, 353]",6,BC
 faire nettoyage chantiers + abords,['25-02-2014'],[30],[165],25,BC
 faire plan de sortie réseaux EU/EV sous dallage en galeries techniques pour syn- thèse avec lot plomberie,['03-09-2013'],[8],[37],8,BC
 faire rattrapage des quais avant finition carrelages,['21-10-2014'],[64],[347],9,BC
 faire relevé tête de bassin sportif existant,['25-02-2014'],[30],[165],27,BC
 faire remblai contre cour de service pour permettre accès,['18-02-2014'],"[29, 30]","[159, 165]",21,BC
" faire remblai contre cour de service pour permettre accès. 04/03/14 : améliorer l’accès, à faire depuis la rue",['18-02-2014'],"[31, 32, 33]","[171, 177, 183]",18,BC
 faire reprise tête de voile BA sur façade nord après pose de la poutre filante qui servira de guide,['18-02-2014'],"[29, 30]","[159, 165]",24,BC
 faire retour isolant 50mm dans local chlore,['18-11-2014'],"[68, 69]","[371, 377]",5,BC
 faire socle autour canalisations chauffage au droit nourrice,['15-07-2014'],"[50, 51, 52, 53]","[250, 257, 264, 272]",13,BC
" façade nord, AI bandeau de façade relevé avec nouvelle AI = ancienne AS",['10-12-2013'],"[22, 23]","[117, 124]",16,BC
" façade sud bassin sportif, le bandeau est appuyé sur l’ITE, en console filante au nu extérieur de l’ITE. Mairie d’AUBY – Réhabilitation et extension de la piscine municipale – CR 35 010414.doc 4 Pour action Observations Prévoir un relevé zinc sur l’ITE. AS = de +3.33 à +3.45, AI = +2 ;96 fini",['07-01-2014'],[35],[195],4,BC
 fermer hermétiquement le parvis pour interdire tout accès,['08-07-2014'],[49],[244],15,BC
 finaliser sous-traitance pour réalisation béton désactivé rampe accès scolaire. Quid du fond de forme ?,['12-08-2014'],"[54, 55, 56, 57, 58]","[280, 287, 294, 301, 308]",18,BC
 fosse de relevage = -1m/fe arrivée,['15-10-2013'],"[14, 15, 16, 17, 18, 19, 20, 21, 22]","[70, 75, 81, 87, 93, 100, 106, 112, 117]",9,BC
 fournir le détail évoqué pour l’aspiration de fond en latéral du bassin sportif,['02-07-2013'],[2],[7],4,BC
 fournir pour le 16/09/14 la liste des portes avec les longueurs de cylindres à DRD pour finalisation de l’organigramme,['09-09-2014'],"[58, 59]","[308, 314]",13,BC
 fournir tableau des montants de marchés,['21-08-2013'],[6],[27],4,BC
 isolation en sous face de plancher haut locaux technique à ne pas prévoir,['17-07-2013'],"[6, 7, 8, 9, 10, 11]","[28, 33, 38, 43, 48, 53]",3,BC
 isolation en sous face de plancher haut locaux technique à ne pas prévoir SERRURERIE,['17-07-2013'],[4],[17],4,BC
" isolation en sous face de plancher haut locaux technique à ne pas prévoir. 01/10/13 : prévoir isolant polystyrène sous dalle sur terre plein. 15/10/13 : R= 3,75 m2.K/W",['17-07-2013'],[14],[70],1,BC
 la charpente sera stable au feu 1/2h,['26-06-2013'],"[2, 3, 4, 6, 7, 8, 9, 10, 11, 12, 13, 14, 15, 16, 17, 19, 20, 21, 23, 25, 26, 27, 28, 29, 30]","[7, 11, 17, 28, 33, 38, 43, 48, 53, 58, 64, 70, 75, 81, 87, 100, 106, 112, 124, 135, 141, 147, 153, 159, 165]",3,BC
 la charpente sera stable au feu 1/2h SERRURERIE Mairie d’AUBY – Réhabilitation et extension de la piscine municipale – CR 01 260613.doc 4 Pour action Observations,['26-06-2013'],[1],[3],3,BC
 laisser les tas de terre excédentaire pour remblai par EJL,['28-01-2014'],"[27, 28, 29, 30]","[147, 153, 159, 165]",21,BC
" lanterneaux désenfumage et accès toiture à poser sur acrotère béton, ajout d’un chevêtre bois sur 2 faces + panneaux bois 2 faces support ITE + bois massif pour décalage lan- terneau pour compenser le décalage échelle à crinoline",['26-11-2013'],[20],[106],12,BC
" le plafond de revers façade sud est refusé, à réaliser en CTBX",['19-08-2014'],"[55, 56, 57, 58]","[287, 294, 301, 308]",20,BC
" le plafond de revers façade sud est refusé, à réaliser en CTBX. 16/09/14 : confirmer qu’il s’agit bien de CTBX posé",['19-08-2014'],"[59, 60]","[314, 320]",7,BC
 les surbots seront réalisés sur la largeur de l’appareil sanitaire,['25-02-2014'],"[30, 31, 32, 33, 35, 36]","[165, 171, 177, 183, 195, 201]",29,BC
 l’installation de chantier pourra se faire sur le parking existant de la piscine en maintenant l’accès aux riverains de ce parking. Etablir plan d’installation de chantier,['26-06-2013'],"[1, 2, 3, 4]","[3, 7, 11, 16]",0,BC
 manque un couvre mur devant local chlore,['03-06-2014'],"[44, 47, 48, 49, 50, 51, 52, 53]","[219, 231, 237, 244, 250, 257, 264, 272]",11,BC
 menuiserie alu RAL7012 gris basalte,['14-01-2014'],"[25, 26, 27, 28, 29, 30, 31, 32]","[137, 143, 149, 155, 161, 167, 173, 179]",4,BC
 mettre bouées de sauvetage en bord de bassins en eau,['18-11-2014'],"[68, 69]","[371, 377]",3,BC
 mettre en place éclairage dans le sous sol,['18-02-2014'],"[29, 30]","[159, 165]",20,BC
 mettre en place éclairage dans le sous sol. 04/03/14 : mettre éclairage dans les accès au sous- sol + coffret de chantier,['18-02-2014'],[31],[171],17,BC
 mettre protection autour parvis pour le protéger,['08-04-2014'],[36],[201],18,BC
" mettre protection autour parvis pour le protéger. 29/04/14 : attention plusieurs éclats de béton, maintenir le barriérage",['08-04-2014'],[43],[213],9,BC
 mettre protection provisoire sur acrotère en attendant les couvertines,['10-06-2014'],[47],[231],10,BC
 mettre éclairage en galerie technique,['18-03-2014'],[33],[183],19,BC
" mise au point charpente/couverture ce jour avec faitage à 5,92.",['10-12-2013'],"[22, 23]","[117, 124]",14,BC
 modifier implantation costière sortie hammam,['08-04-2014'],[36],[201],17,BC
" muret support poteaux métallique façade sud, AS=+0,00, épaisseur selon calcul",['01-10-2013'],"[12, 13, 14, 15, 16, 18, 19, 20, 21, 22, 23, 24, 25]","[58, 64, 70, 75, 81, 93, 100, 106, 112, 117, 124, 129, 135]",9,BC
" muret support poteaux métallique façade sud, AS=+0,00, épaisseur selon calcul Mairie d’AUBY – Réhabilitation et extension de la piscine municipale – CR 17 051113.doc 4 Pour action Observations",['01-10-2013'],[17],[87],3,BC
" murets supports des poteaux métalliques façade sud AS=-0,10 avec TN=-0,15",['14-01-2014'],"[25, 26, 27, 28, 29, 30, 31, 32, 33]","[135, 141, 147, 153, 159, 165, 171, 177, 183]",21,BC
" nettoyage des extérieurs à réaliser, côté plage extérieure",['22-07-2014'],"[51, 52, 53]","[257, 264, 272]",18,BC
" parvis au droit accès infirmerie, recouper libage et passiver les aciers avant coulage dalle bouchardée",['14-01-2014'],"[25, 26, 27, 28, 29, 30, 31, 32, 33]","[135, 141, 147, 153, 159, 165, 171, 177, 183]",20,BC
 pas de prise d’eau pour mise à l’eau PMR,['03-09-2013'],"[8, 9]","[38, 43]",10,BC
 piocher 80x80 autour siphon de sol douche personnel sur 3-4cm d’épaisseur,['01-07-2014'],"[48, 49]","[237, 244]",11,BC
 piocher sol local chlore,['18-11-2014'],"[68, 69]","[371, 377]",6,BC
" pièces accessoires de toiture (boite à eau, DEP, …) dito zinc",['14-01-2014'],"[25, 26, 27, 28, 29, 30, 31, 32, 33, 34, 35, 56, 58]","[137, 143, 149, 155, 161, 167, 173, 179, 185, 191, 197, 296, 309]",6,BC
 plafond en pointe de diamant uniquement dans hammam,['12-11-2013'],"[18, 19, 20, 21, 22, 23, 24, 25, 26, 27, 29, 31]","[93, 100, 106, 112, 117, 124, 129, 135, 141, 147, 159, 171]",11,BC
 plafond en pointe de diamant uniquement dans hammam. 18/03/14 : la pointe est au point haut,['12-11-2013'],[32],[177],4,BC
 plan avec descentes de charges pour le 10/07/13,['02-07-2013'],"[2, 3]","[7, 11]",1,BC
 plan de réservations sous-sol à transmettre à DR pour le 20/09/13,['17-09-2013'],[10],[47],7,BC
 plan du podium intégrant le JD remis ce jour,['11-03-2014'],[32],[177],24,BC
 plans MYRTHA bassin sportif mis à jour avec regard de fond pour le 17/09/13,['10-09-2013'],[9],[42],9,BC
" plans Myrtha bassin d’apprentissage fait en attente diffusion, bassin sportif pour le 23/08/13",['21-08-2013'],[6],[27],8,BC
 plate forme des plots de départ en RAL 6018 vert jaune,['07-01-2014'],"[25, 26, 27, 28, 29, 30, 31, 32, 33, 34, 35, 56, 58]","[137, 143, 149, 155, 161, 167, 173, 179, 185, 191, 197, 296, 309]",3,BC
 plate forme des plots de départ en RAL 6018 vert jaune Mairie d’AUBY – Réhabilitation et extension de la piscine municipale – CR 62 071014.doc 6 Pour action Observations,['07-01-2014'],[62],[334],0,BC
 positionner le panneau de chantier rue Alexandre Dubois à proximité du portail d’accès au parc,['21-08-2013'],"[7, 8]","[33, 38]",3,BC
 positionner le panneau de chantier rue Alexandre Dubois à proximité du portail d’accès au parc SERRURERIE,['21-08-2013'],[6],[28],5,BC
" pour le 29/10/13, début de pose Varibloc et échantillon béton matricé pour validation",['22-10-2013'],[15],[75],8,BC
 préciser le niveau de la gaine traversant la zone sanitaires pour le 13/09/13,['10-09-2013'],[9],[42],13,BC
 préparer plan de retrait amiante,['26-06-2013'],"[1, 2]","[3, 7]",0,BC
 préparer plan de retrait amiante. 10/07/13 : à diffuser semaine du 15/07/13 Mairie d’AUBY – Réhabilitation et extension de la piscine municipale – CR 03 100713.doc 4 Pour action Observations,['26-06-2013'],[3],[11],0,BC
 préparer plan de retrait amiante. 10/07/13 : à diffuser semaine du 15/07/13. 17/07/13 : diffusé le 15/07/13,['26-06-2013'],[4],[17],0,BC
 préparer plan de retrait amiante. 10/07/13 : à diffuser semaine du 15/07/13. 17/07/13 : diffusé le 15/07/13. 21/08/13 : délai d’instruction expiré,['26-06-2013'],[6],[28],0,BC
 préparer projet de compte prorata,['21-08-2013'],"[6, 8, 9, 10, 11]","[27, 37, 42, 47, 52]",3,BC
 prévoir 2 attentes en plancher de 80x80 pour passage pour mise en place gaines de ventilation,['07-01-2014'],[24],[129],16,BC
 prévoir constat d’huissier le 19/08/13 (comprendre la rue Dubois jusqu’à l’emprise du futur dépose bus),['10-07-2013'],"[3, 4]","[11, 17]",3,BC
 prévoir costière en sortie toiture pour extraction hammam,['18-03-2014'],[33],[183],20,BC
 prévoir dallette béton sur local chlore,['12-11-2013'],"[18, 19, 20, 21, 22, 23, 24, 25, 26, 27, 28, 30, 31, 32, 33]","[93, 100, 106, 112, 117, 124, 129, 135, 141, 147, 153, 165, 171, 177, 183]",10,BC
 prévoir dallette béton sur local chlore Mairie d’AUBY – Réhabilitation et extension de la piscine municipale – CR 29 180214.doc 4 Pour action Observations,['12-11-2013'],[29],[159],5,BC
 prévoir rebouchement percement chemin de câble dans zone vestiaires (devis),['24-06-2014'],"[47, 48, 49, 50, 51, 52, 53, 54, 55, 56, 57, 58]","[231, 237, 244, 250, 257, 264, 272, 280, 287, 294, 301, 308]",13,BC
 prévoir regard PVC pour amenée d’air galeries techniques,['25-03-2014'],"[35, 36, 43, 44, 47, 48, 49, 50, 51, 52, 53, 54, 55, 56, 57, 58, 59, 62, 63, 64]","[195, 201, 213, 219, 231, 237, 244, 250, 257, 264, 272, 280, 287, 294, 301, 308, 314, 332, 340, 347]",15,BC
 prévoir regard PVC pour amenée d’air galeries techniques. 23/09/14 : mettre à niveau cour an- glaise en façade ouest (sur rue) Mairie d’AUBY – Réhabilitation et extension de la piscine municipale – CR 60 230914.doc 4 Pour action Observations,['25-03-2014'],[60],[320],3,BC
 prévoir regard PVC pour amenée d’air galeries techniques. 23/09/14 : mettre à niveau cour anglaise en façade ouest (sur rue),['25-03-2014'],[61],[326],3,BC
 prévoir une réservation 400x400mm en voile d’infrastructure façade est pour ventila- tion galeries techniques,['19-11-2013'],[19],[100],12,BC
 redresser tableau du local chlore,['10-06-2014'],"[47, 48]","[231, 237]",11,BC
 redresser tableaux du local chlore. 08/07/14 : calfeutrement après pose du bloc porte,['10-06-2014'],"[49, 50, 51, 52, 53, 54, 55, 56, 57, 58, 59, 60, 61, 62, 63, 64, 65, 66, 67]","[244, 250, 257, 264, 272, 280, 287, 294, 301, 308, 314, 320, 326, 332, 340, 347, 353, 359, 365]",8,BC
 rendez-vous avec NOREADE le 16/07/13 à 14h30 pour l’implantation du réseau d’assainissement existant par rapport au futur bâtiment et aux talus nécessaires à la construc- tion SERRURERIE,['10-07-2013'],[3],[11],4,BC
 reprendre limite zinc / STO sur angle façade ouest côté nord),['24-06-2014'],[47],[231],14,BC
 reprendre réservation « biaise » dans voile infra structure du local traitement d’eau,['18-03-2014'],"[33, 35, 36]","[183, 195, 201]",18,BC
 réaliser cunette avec PVC en négatif dans dalle du local traitement d’eau,['10-09-2013'],"[9, 10, 11, 12, 13]","[43, 48, 53, 58, 64]",11,BC
 réception support avec CABRE le 03/06/14 à 11h00,['13-05-2014'],[43],[213],11,BC
 réservation dalle au droit des pédiluves 150mm,['17-07-2013'],"[4, 6, 8, 9, 10, 11, 12, 13, 14, 15, 16, 17, 18, 19, 20, 21, 22, 23, 24, 25]","[16, 27, 37, 42, 47, 52, 57, 63, 69, 75, 81, 87, 93, 99, 105, 111, 117, 123, 129, 135]",2,BC
 réunion organigramme le 09/09/14 à 14h00. Présence obligatoire,['12-08-2014'],"[54, 55, 56, 57]","[280, 287, 294, 301]",16,BC
" réunion signature planning le 21/01/14 à 14h00. 21/01/14 : non présents, non signés et convoqués le 28/01/14 : ARCHITECTURE ALUMINIUM, SRCM, CABRE, LMP, APPLICAM, EAS, EJL. 28/01/14 : non présents, non signés et convoqués le 04/02/14 : ARCHITECTURE ALUMINIUM, CABRE, LMP, APPLICAM, EAS. 11/02/14 : non présents, non signés et convoqués le 18/02/14 : LMP, APPLICAM. 18/02/14 : non présents, non signés et convo- qués le 25/02/14 : LMP, APPLICAM. 25/02/14 : non présents, non signés et convoqués le 04/03/14 : LMP, APPLICAM. 04/03/14 : non présents, non signés et convoqués le 11/03/14 : LMP, APPLICAM. 11/03/14 : non pré- sents, non signés et convoqués le 18/03/14 : LMP, APPLICAM. 18/03/14 : non présents, non signés et convoqués le 25/03/14 : LMP, APPLICAM. 25/03/14 : non présents, non signés et convoqués le 01/04/14 : LMP, APPLICAM. 01/04/14 : non présents, non signés et convoqués le 08/04/14 : LMP, APPLICAM. 08/04/14 : non présents, non si- gnés et convoqués le 15/04/14 : LMP, APPLICAM. 15/04/14 : non présents, non signés et convoqués le 22/04/14 : LMP, APPLICAM. 29/04/14 : non présents, non signés et convoqués le 06/05/14 : LMP, APPLICAM. 06/05/14 : non présents, non signés et convoqués le 13/05/14 : LMP, APPLICAM. 13/05/14 : non présents, non signés et convo- qués le 20/05/14 : LMP, APPLICAM. 20/05/14 : non présents, non signés et convoqués le 27/05/14 : LMP, APPLICAM. 27/05/14 : APPLICAM présent et signé, LMP non présent, non signé et convoqué le 03/06/14 : LMP. 03/06/14 : LMP non présent, non signé et convoqué le 10/06/14 : LMP. 10/06/14 : LMP non présent, non signé et convoqué le 17/06/14 : LMP. 17/06/14 : LMP non présent, non signé et convoqué le 24/06/14 : LMP. 24/06/14 : LMP non présent, non signé et convoqué le 01/07/14 : LMP. 01/07/14 : LMP non présent, non signé et convoqué le 08/07/14 : LMP. 08/07/14 : LMP non présent, non signé et convoqué le 15/07/14 : LMP",['07-01-2014'],[49],[243],0,BC
 scier les têtes de bajoyers du bassin sportif pour créer la réservation nécessaire à la pose des goulottes,['04-03-2014'],"[31, 32]","[171, 177]",26,BC
 solarium béton acidé refusé en l’état,['18-11-2014'],[68],[371],7,BC
 solarium béton acidé refusé en l’état. 25/11/14 : constat le 02/12/14,['18-11-2014'],[69],[377],5,BC
 solarium béton acidé refusé en l’état. 25/11/14 : constat le 02/12/14. 02/12/14 : refus confirmé en l’état actuel. 09/12/14 : refus maintenu compte tenu de l’hétérogénéité de l’état de surface et des finitions en rive,['18-11-2014'],"[72, 73]","[388, 394]",0,BC
" solarium remise en forme, prévoir pente de -0,02 en sortie de bâtiment à -0,04 en extrémité de sola- rium. Poteaux métalliques dito façade sud avec AS béton à -0,04 Mairie d’AUBY – Réhabilitation et extension de la piscine municipale – CR 15 221013.doc 4 Pour action Observations",['08-10-2013'],[15],[75],4,BC
" solarium remise en forme, prévoir pente de -0,02 en sortie de bâtiment à -0,04 en extrémité de solarium",['08-10-2013'],"[35, 36, 43, 44, 47, 49, 50, 51, 52, 53, 54, 55, 56, 57, 58, 59, 60, 61, 62, 63, 64, 65, 66, 67]","[195, 201, 213, 219, 231, 244, 250, 257, 264, 272, 280, 287, 294, 301, 308, 314, 320, 326, 332, 340, 347, 353, 359, 365]",0,BC
" solarium remise en forme, prévoir pente de -0,02 en sortie de bâtiment à -0,04 en extrémité de solarium Mairie d’AUBY – Réhabilitation et extension de la piscine municipale – CR 48 010714.doc 4 Pour action Observations",['08-10-2013'],[48],[237],0,BC
" sortir les DEP hors emprise gros œuvre (rampe, parvis, …)",['28-01-2014'],"[27, 28, 29, 30, 31, 32, 33, 35, 36]","[147, 153, 159, 165, 171, 177, 183, 195, 201]",20,BC
 soumettre plan d’implantation des commandes de désenfumage à SOCOTEC. Le prin- cipe étant de les implanter à l’entrée du local concerné,['28-01-2014'],[27],[147],22,BC
 sous face du bac acier de couverture à débosseler et nettoyer,['01-04-2014'],"[35, 36, 43, 44]","[195, 201, 213, 219]",16,BC
" suppression double voile au droit trémie escalier (celui côté escalier, conserver celui hall bassins) en créant des appuis glissants des poutres BA hall bassins au droit des maçonneries Varibloc",['03-12-2013'],"[21, 22, 23]","[112, 117, 124]",14,BC
 synthèse réseaux RDC le 10/09/13 à 14h00,['21-08-2013'],"[6, 8]","[27, 37]",12,BC
 synthèse réseaux RDC le 10/09/13 à 14h00. 10/09/13 : plan de réservations pour le 24/09/13,['21-08-2013'],"[9, 10, 11]","[42, 47, 52]",6,BC
 synthèse réseaux sous dallage le 28/08/13 à 10h00,['21-08-2013'],[6],[27],11,BC
 terminer calfeutrement entre local technique hammam et hall bassins,['16-12-2014'],"[72, 73, 74, 75]","[388, 394, 400, 405]",2,BC
 terminer de nettoyer et débarrasser le parking,['18-11-2014'],[68],[371],2,BC
" terminer pose visualisation sur vitrage (hall bassins, locaux administration, hall d’entrée)",['16-12-2014'],"[72, 73, 74, 75]","[388, 394, 400, 405]",3,BC
 terminer étanchéité + finition menuiserie alu façade sud,['08-07-2014'],"[49, 50, 51, 52, 53, 54, 55, 56, 57, 58, 59, 60, 61, 62, 63, 64]","[244, 250, 257, 264, 272, 280, 287, 294, 301, 308, 314, 320, 326, 332, 340, 347]",13,BC
 veiller à prévoir des grilles filantes pour ventilation des plénums de plafonds de re- vers,['07-01-2014'],[24],[129],20,BC
 visite pré OPR façades et toiture le 16/09/14 à 10h00,['26-08-2014'],"[56, 57]","[294, 301]",17,BC
 visite pré OPR façades et toiture le 16/09/14 à 10h00. 09/09/14 : reportée au 23/09/14,['26-08-2014'],"[58, 59]","[308, 314]",12,BC
" visualisation des vitrages : carré de 5x5cm espacés de 15cm posé à +110cm et +160cm, pose décalée",['07-01-2014'],[24],[129],15,BC
 voir avec sous-traitants pour pose blocs portes métallique coupe feu dans cueillie cu- velage,['25-02-2014'],[30],[165],26,BC
 voir jonction couvertine au droit jonction entre bardage zinc et isolant STO,['10-12-2013'],"[35, 36]","[195, 201]",3,BC
 voir jonction couvertine au droit jonction entre bardage zinc et isolant STO Mairie d’AUBY – Réhabilitation et extension de la piscine municipale – CR 33 180314.doc 4 Pour action Observations,['10-12-2013'],[33],[183],4,BC
" voir pour acrotère filant à 5,92 et non en surépaisseur à 5,97 + jonction couvertine au droit jonction entre bardage zinc et isolant STO",['10-12-2013'],"[22, 23, 24, 25, 26, 27, 28, 29, 30, 31, 32]","[117, 124, 129, 135, 141, 147, 153, 159, 165, 171, 177]",15,BC
 voir problème de fourreaux électriques obstrués entre TGBT et galeries techniques (4∅160),['27-05-2014'],[43],[213],12,BC
 voir problème de fourreaux électriques obstrués entre TGBT et galeries techniques (4∅160). 03/06/14 : solution alternative à l’étude par BERIM et DEVRED,['27-05-2014'],[44],[219],9,BC
" vu ce jour avec CSPS, nettoyer abords du chantier",['17-06-2014'],[47],[231],12,BC
" à la demande de SLC, pas de bondes aspiration en paroi car buses de refoulement déjà en paroi. Prévoir d’agrandir le regard existant pour être aux dimensions nécessaires (105x105)",['31-07-2013'],[6],[27],5,BC
" à partir du 15/07/14, portail EJL et BC, base vie CERGNUL et EAS, RDC CERGNUL, sous-sol MQB et EAS",['08-07-2014'],[49],[243],1,BC
 étiqueter la commande de désenfumage,['09-12-2014'],"[72, 73, 74]","[388, 394, 400]",1,BC
 réunion de synthèse le 02/07/13 à 14h00 chez BAUDIN CHATEAUNEUF,"['26-06-2013', '02-07-2013']","[1, 2, 3]","[3, 7, 11]",0,MQB
 BC diffuser plan coffrage sous-sol pour le 25/09/13 aux corps d’état techniques pour validation des réservations demandées avec retour pour le 27/09/13,['24-09-2013'],[11],[52],5,MQB
 confirmer les fils d’eau sortie bâtiment pour le 17/09/13,['10-09-2013'],[9],[42],11,MQB
 faire mise à jour plan de réservations sous sol suite à analyse plan GO pour le 18/10/13,['15-10-2013'],"[14, 15]","[69, 75]",2,MQB
 mise à jour plan CVC-Plomberie pour le 22/07/13,['17-07-2013'],[4],[16],3,MQB
 plan avec descentes de charges pour le 10/07/13,['02-07-2013'],"[2, 3]","[7, 11]",1,MQB
 plan de réseaux sous-sol pour le 17/07/13,['02-07-2013'],"[2, 3]","[7, 11]",3,MQB
 plan de réservation RDC pour le 04/10/13,['24-09-2013'],"[11, 12]","[52, 57]",6,MQB
" plan de réservation RDC pour le 04/10/13. 08/10/13 : à compléter avec trappe pour accès cla- pet coupe feu, à diffuser pour le 09/10/13",['24-09-2013'],[13],[63],2,MQB
 plan d’attentes au sol pour le 10/07/13,['02-07-2013'],"[2, 3]","[7, 11]",2,MQB
 réservations RDC pour le 24/09/13,['10-09-2013'],[9],[42],12,MQB
 réservations RDC pour le 24/09/13. 17/09/13 : plan de réservations sous-sol et RDC à transmettre à DR pour le 20/09/13,['10-09-2013'],[10],[47],6,MQB
 réunion de synthèse le 31/07/13 avec diffusion réservation sous-sol,['17-07-2013'],[4],[16],6,MQB
" suite réunion de synthèse du 31/07 et modif, diffusion réservations sous-sol finalisé le 30/08/13",['31-07-2013'],[6],[27],3,MQB
" sur base plan VRD PRO, valider les besoins en regards de raccordement",['17-07-2013'],[4],[16],7,MQB
" sur base plan VRD PRO, valider les besoins en regards de raccordement - 31/07/13-rappel",['17-07-2013'],"[6, 8, 9]","[27, 37, 42]",4,MQB
 synthèse réseaux RDC le 10/09/13 à 14h00,['21-08-2013'],[8],[37],6,MQB
 synthèse réseaux RDC le 10/09/13 à 14h00. 10/09/13 : plan de réservations pour le 24/09/13,['21-08-2013'],"[9, 10, 11]","[42, 47, 52]",6,MQB
 synthèse réseaux sous dallage le 28/08/13 à 10h00,['21-08-2013'],[6],[27],11,MQB
 transmettre plan de réservations sous-sol pour le 11/09/13 à DR et BERIM pour synthèse,['10-09-2013'],"[9, 10]","[42, 47]",10,MQB
" RAPPEL, L’ACCES AU PARVIS EST INTERDIT ET DOIT RESTE CONDAMNER. L’ACCES AU BATIMENT SE FAIT PAR LA PORTE ACCES PERSONNEL Mairie d’AUBY – Réhabilitation et extension de la piscine municipale – CR 55 190814.doc 4 Pour action Observations",['19-08-2014'],"[55, 56, 57]","[286, 293, 300]",0,EAS
 réunion de synthèse le 02/07/13 à 14h00 chez BAUDIN CHATEAUNEUF,"['26-06-2013', '02-07-2013']","[1, 2, 3]","[3, 7, 11]",0,EAS
 BC diffuser plan coffrage sous-sol pour le 25/09/13 aux corps d’état techniques pour validation des réservations demandées avec retour pour le 27/09/13,['24-09-2013'],[11],[52],5,EAS
" MAP avec SLC : aspiration de fond : avant son passage enterré en galerie, prévoir un regard avec vanne de coupure sur réseau.",['31-07-2013'],"[6, 8, 9, 10, 11, 12, 13, 14, 15]","[27, 37, 42, 47, 52, 57, 63, 69, 75]",2,EAS
" RAPPEL, L’ACCES AU PARVIS EST INTERDIT ET DOIT RESTE CONDAMNER. L’ACCES AU BATIMENT SE FAIT PAR LA PORTE ACCES PERSONNEL. 09/09/14 : COMPTE TENU DE L’IRRESPECT DES CONSIGNES, LE CYLINDRE A ETE REMPLACE ET LA PORTE EST CONDAMNEE Mairie d’AUBY – Réhabilitation et extension de la piscine municipale – CR 58 090914.doc 4 Pour action Observations",['19-08-2014'],[58],[307],0,EAS
 confirmer les fils d’eau sortie bâtiment pour le 17/09/13,['10-09-2013'],[9],[42],11,EAS
 plan avec descentes de charges pour le 10/07/13,['02-07-2013'],"[2, 3]","[7, 11]",1,EAS
 plan de réseaux sous-sol pour le 17/07/13,['02-07-2013'],"[2, 3]","[7, 11]",3,EAS
 plan d’attentes au sol pour le 10/07/13,['02-07-2013'],"[2, 3]","[7, 11]",2,EAS
 réservations RDC pour le 24/09/13. 17/09/13 : plan de réservations sous-sol et RDC à transmettre à DR pour le 20/09/13,['10-09-2013'],[10],[47],6,EAS
 réunion de synthèse le 31/07/13 avec diffusion réservation sous-sol,['17-07-2013'],[4],[16],6,EAS
" suite réunion de synthèse du 31/07 et modif, diffusion réservations sous-sol finalisé le 30/08/13",['31-07-2013'],[6],[27],3,EAS
" sur base plan VRD PRO, valider les besoins en regards de raccordement",['17-07-2013'],[4],[16],7,EAS
" sur base plan VRD PRO, valider les besoins en regards de raccordement - 31/07/13-rappel",['17-07-2013'],"[6, 8, 9]","[27, 37, 42]",4,EAS
 synthèse CVC-Plomberie-Traitement d’Eau pour le 24/07/13,['17-07-2013'],[4],[16],4,EAS
 transmettre plan de réservations sous-sol pour le 11/09/13 à DR et BERIM pour synthèse,['10-09-2013'],"[9, 10]","[42, 47]",10,EAS
" à la demande de SLC, pas de bondes aspiration en paroi car buses de refoulement déjà en paroi. Prévoir d’agrandir le regard existant pour être aux dimensions nécessaires (105x105)",['31-07-2013'],[6],[27],5,EAS
accord des 2 ets sur les débits de chaque équipement.,['31-07-2013'],[6],[27],6,EAS
" le bâtiment n’est toujours pas fermé chaque soir. Pour mémoire, les entreprises res- tent responsables de leurs ouvrages jusqu’à la réception",['28-10-2014'],"[65, 66, 67, 68, 69, 72, 73, 74, 75]","[353, 359, 365, 371, 377, 388, 394, 400, 405]",1,TCE
" le chantier a été nettoyé, l’état de propreté est à conserver par chaque entreprise in- tervenante",['01-04-2014'],"[35, 36]","[195, 201]",1,TCE
 le stationnement des véhicules devra être interdit sur la rue Dubois 10/07/13 : plan diffusé ce jour,['26-06-2013'],"[3, 4]","[11, 16]",1,TCE
 prochaine réunion charte environnementale le 07/01/14 à 14h00 Mairie d’AUBY – Réhabilitation et extension de la piscine municipale – CR 20 261113.doc 4 Pour action Observations,['26-11-2013'],"[20, 21, 23]","[105, 111, 123]",0,TCE
" réunion signature planning le 21/01/14 à 14h00. 21/01/14 : non présents, non signés et convoqués le 28/01/14 : ARCHITECTURE ALUMINIUM, SRCM, CABRE, LMP, APPLICAM, EAS, EJL. 28/01/14 : non présents, non signés et convoqués le 04/02/14 : ARCHITECTURE ALUMINIUM, CABRE, LMP, APPLICAM, EAS. 11/02/14 : non présents, non signés et convo- qués  le  18/02/14 :  LMP,  APPLICAM.  18/02/14 :  non  présents,  non  signés  et  convoqués  le  25/02/14 :  LMP,  APPLICAM. 25/02/14 : non présents, non signés et convoqués le 04/03/14 : LMP, APPLICAM. 04/03/14 : non présents, non signés et con- voqués  le  11/03/14 :  LMP,  APPLICAM.  11/03/14 :  non  présents,  non  signés  et  convoqués  le  18/03/14 :  LMP,  APPLICAM. 18/03/14 : non présents, non signés et convoqués le 25/03/14 : LMP, APPLICAM. 25/03/14 : non présents, non signés et con- voqués  le  01/04/14 :  LMP,  APPLICAM.  01/04/14 :  non  présents,  non  signés  et  convoqués  le  08/04/14 :  LMP,  APPLICAM. 08/04/14 : non présents, non signés et convoqués le 15/04/14 : LMP, APPLICAM. 15/04/14 : non présents, non signés et con- voqués  le  22/04/14 :  LMP,  APPLICAM.  29/04/14 :  non  présents,  non  signés  et  convoqués  le  06/05/14 :  LMP,  APPLICAM. 06/05/14 : non présents, non signés et convoqués le 13/05/14 : LMP, APPLICAM. 13/05/14 : non présents, non signés et con- voqués  le  20/05/14 :  LMP,  APPLICAM.  20/05/14 :  non  présents,  non  signés  et  convoqués  le  27/05/14 :  LMP,  APPLICAM. 27/05/14 : APPLICAM présent et signé, LMP non présent, non signé et convoqué le 03/06/14 : LMP. 03/06/14 : LMP non pré- sent,  non  signé  et  convoqué  le  10/06/14 :  LMP.  10/06/14 :  LMP  non  présent,  non  signé  et  convoqué  le  17/06/14 :  LMP. 17/06/14 : LMP non présent, non signé et convoqué le 24/06/14 : LMP. 24/06/14 : LMP non présent, non signé et convoqué le 01/07/14 : LMP. 01/07/14 : LMP non présent, non signé et convoqué le 08/07/14 : LMP. 08/07/14 : LMP non présent, non signé et convoqué le 15/07/14 : LMP. 15/07/14 : LMP non présent, non signé et convoqué le 22/07/14 : LMP",['07-01-2014'],"[47, 48, 50, 52, 53, 54, 59, 60, 61, 62, 64]","[231, 237, 249, 263, 271, 279, 314, 320, 326, 332, 346]",0,TCE
" réunion signature planning le 21/01/14 à 14h00. 21/01/14 : non présents, non signés et convoqués le 28/01/14 : ARCHITECTURE ALUMINIUM, SRCM, CABRE, LMP, APPLICAM, EAS, EJL. 28/01/14 : non présents, non signés et convoqués le 04/02/14 : ARCHITECTURE ALUMINIUM, CABRE, LMP, APPLICAM, EAS. 11/02/14 : non présents, non signés et convoqués le 18/02/14 : LMP, APPLICAM. 18/02/14 : non présents, non signés et convo- qués le 25/02/14 : LMP, APPLICAM. 25/02/14 : non présents, non signés et convoqués le 04/03/14 : LMP, APPLICAM. 04/03/14 : non présents, non signés et convoqués le 11/03/14 : LMP, APPLICAM. 11/03/14 : non pré- sents, non signés et convoqués le 18/03/14 : LMP, APPLICAM. 18/03/14 : non présents, non signés et convoqués le 25/03/14 : LMP, APPLICAM. 25/03/14 : non présents, non signés et convoqués le 01/04/14 : LMP, APPLICAM. 01/04/14 : non présents, non signés et convoqués le 08/04/14 : LMP, APPLICAM",['07-01-2014'],"[35, 36]","[195, 201]",0,TCE
" réunion signature planning le 21/01/14 à 14h00. 21/01/14 : non présents, non signés et convoqués le 28/01/14 : ARCHITECTURE ALUMINIUM, SRCM, CABRE, LMP, APPLICAM, EAS, EJL. 28/01/14 : non présents, non signés et convoqués le 04/02/14 : ARCHITECTURE ALUMINIUM, CABRE, LMP, APPLICAM, EAS. 11/02/14 : non présents, non signés et convoqués le 18/02/14 : LMP, APPLICAM. 18/02/14 : non présents, non signés et convo- qués le 25/02/14 : LMP, APPLICAM. 25/02/14 : non présents, non signés et convoqués le 04/03/14 : LMP, APPLICAM. 04/03/14 : non présents, non signés et convoqués le 11/03/14 : LMP, APPLICAM. 11/03/14 : non pré- sents, non signés et convoqués le 18/03/14 : LMP, APPLICAM. 18/03/14 : non présents, non signés et convoqués le 25/03/14 : LMP, APPLICAM. 25/03/14 : non présents, non signés et convoqués le 01/04/14 : LMP, APPLICAM. 01/04/14 : non présents, non signés et convoqués le 08/04/14 : LMP, APPLICAM. 08/04/14 : non présents, non si- gnés et convoqués le 15/04/14 : LMP, APPLICAM. 15/04/14 : non présents, non signés et convoqués le 22/04/14 : LMP, APPLICAM. 29/04/14 : non présents, non signés et convoqués le 06/05/14 : LMP, APPLICAM. 06/05/14 : non présents, non signés et convoqués le 13/05/14 : LMP, APPLICAM. 13/05/14 : non présents, non signés et convo- qués le 20/05/14 : LMP, APPLICAM. 20/05/14 : non présents, non signés et convoqués le 27/05/14 : LMP, APPLICAM. 27/05/14 : APPLICAM présent et signé, LMP non présent, non signé et convoqué le 03/06/14 : LMP",['07-01-2014'],"[43, 44]","[213, 219]",0,TCE
" à partir du 15/07/14, portail EJL et BC, base vie CERGNUL et EAS, RDC CERGNUL, sous-sol MQB et EAS Mairie d’AUBY – Réhabilitation et extension de la piscine municipale – CR 52 290714 4 Pour action Observations",['08-07-2014'],"[52, 53]","[263, 271]",1,TCE
 assurer la fermeture du RDC du bâtiment le soir,['01-07-2014'],[48],[237],1,TCE
 clé salle de réunion remise à DRD,['08-07-2014'],[49],[243],2,TCE
 clés des portes sous-sol remises à MQB et EAS,['29-04-2014'],[43],[213],1,TCE
 gestion des clés par MQB et DEVRED,['20-05-2014'],[43],[213],2,TCE
 le stationnement des véhicules devra être interdit sur la rue Dubois,['26-06-2013'],"[1, 2]","[3, 7]",1,TCE
 mise en place de la charte verte. Réunion Agi2d / DR / BC le 26/11/13 à 10h00 sur site Mairie d’AUBY – Réhabilitation et extension de la piscine municipale – CR 19 191113.doc 4 Pour action Observations,['19-11-2013'],[19],[99],0,TCE
 pas d’observation de la Ville pour le travail le samedi,['18-02-2014'],"[29, 30, 31, 32]","[159, 165, 171, 177]",1,TCE
 plans architecte mis à jour diffusés par lien de téléchargement informatique,['03-09-2013'],"[8, 9, 10, 11, 12]","[37, 42, 47, 52, 57]",7,TCE
 prochaine réunion charte environnementale le 07/01/14 à 14h00,['26-11-2013'],[22],[117],0,TCE
 préparer les DOE,['28-10-2014'],"[65, 66, 67, 68, 69]","[353, 359, 365, 371, 377]",0,TCE
 préparer les DOE. 02/12/14 : BC et EJL remis ce jour pour visa MOE,['28-10-2014'],"[72, 73, 74, 75]","[388, 394, 400, 405]",0,TCE
 remettre les menottes sur les barrières HERAS lorsque vous les déposez pour passer,['20-05-2014'],[43],[213],3,TCE
" réservations RDC CERGNUL ok, NAVIC en cours de validation par DR",['21-08-2013'],"[6, 8]","[27, 37]",10,TCE
" réservations RDC CERGNUL ok, NAVIC en cours de validation par DR. 10/09/13 : fait, plan ar- chitecte mis à jour, en attente plans NAVIC mis à jour",['21-08-2013'],[9],[42],5,TCE
" réservations sous-sol MQB-DEVRED ok, EAS pour le 26/08/13, serrurerie pour le 30/08/13",['21-08-2013'],"[6, 8, 9]","[27, 37, 42]",9,TCE
 réunion signature planning le 21/01/14 à 14h00,['07-01-2014'],"[24, 25]","[129, 135]",0,TCE
" réunion signature planning le 21/01/14 à 14h00. 21/01/14 : non présents, non signés et convo- qués le 28/01/14 : ARCHITECTURE ALUMINIUM, SRCM, CABRE, LMP, APPLICAM, EAS, EJL",['07-01-2014'],[26],[141],0,TCE
" réunion signature planning le 21/01/14 à 14h00. 21/01/14 : non présents, non signés et convoqués le 28/01/14 : ARCHITECTURE ALUMINIUM, SRCM, CABRE, LMP, APPLICAM, EAS, EJL. 28/01/14 : non pré- sents, non signés et convoqués le 04/02/14 : ARCHITECTURE ALUMINIUM, CABRE, LMP, APPLICAM, EAS",['07-01-2014'],[27],[147],0,TCE
" réunion signature planning le 21/01/14 à 14h00. 21/01/14 : non présents, non signés et convoqués le 28/01/14 : ARCHITECTURE ALUMINIUM, SRCM, CABRE, LMP, APPLICAM, EAS, EJL. 28/01/14 : non présents, non signés et convoqués le 04/02/14 : ARCHITECTURE ALUMINIUM, CABRE, LMP, APPLICAM, EAS. 11/02/14 : non présents, non signés et convoqués le 18/02/14 : LMP, APPLICAM",['07-01-2014'],[28],[153],0,TCE
" réunion signature planning le 21/01/14 à 14h00. 21/01/14 : non présents, non signés et convoqués le 28/01/14 : ARCHITECTURE ALUMINIUM, SRCM, CABRE, LMP, APPLICAM, EAS, EJL. 28/01/14 : non présents, non signés et convoqués le 04/02/14 : ARCHITECTURE ALUMINIUM, CABRE, LMP, APPLICAM, EAS. 11/02/14 : non présents, non signés et convoqués le 18/02/14 : LMP, APPLICAM. 18/02/14 : non présents, non signés et convo- qués le 25/02/14 : LMP, APPLICAM. 25/02/14 : non présents, non signés et convoqués le 04/03/14 : LMP, APPLICAM",['07-01-2014'],[30],[165],0,TCE
" réunion signature planning le 21/01/14 à 14h00. 21/01/14 : non présents, non signés et convoqués le 28/01/14 : ARCHITECTURE ALUMINIUM, SRCM, CABRE, LMP, APPLICAM, EAS, EJL. 28/01/14 : non présents, non signés et convoqués le 04/02/14 : ARCHITECTURE ALUMINIUM, CABRE, LMP, APPLICAM, EAS. 11/02/14 : non présents, non signés et convoqués le 18/02/14 : LMP, APPLICAM. 18/02/14 : non présents, non signés et convo- qués le 25/02/14 : LMP, APPLICAM. 25/02/14 : non présents, non signés et convoqués le 04/03/14 : LMP, APPLICAM. 04/03/14 : non présents, non signés et convoqués le 11/03/14 : LMP, APPLICAM",['07-01-2014'],[31],[171],0,TCE
" réunion signature planning le 21/01/14 à 14h00. 21/01/14 : non présents, non signés et convoqués le 28/01/14 : ARCHITECTURE ALUMINIUM, SRCM, CABRE, LMP, APPLICAM, EAS, EJL. 28/01/14 : non présents, non signés et convoqués le 04/02/14 : ARCHITECTURE ALUMINIUM, CABRE, LMP, APPLICAM, EAS. 11/02/14 : non présents, non signés et convoqués le 18/02/14 : LMP, APPLICAM. 18/02/14 : non présents, non signés et convo- qués le 25/02/14 : LMP, APPLICAM. 25/02/14 : non présents, non signés et convoqués le 04/03/14 : LMP, APPLICAM. 04/03/14 : non présents, non signés et convoqués le 11/03/14 : LMP, APPLICAM. 11/03/14 : non pré- sents, non signés et convoqués le 18/03/14 : LMP, APPLICAM. 18/03/14 : non présents, non signés et con- voqués le 25/03/14 : LMP, APPLICAM",['07-01-2014'],[33],[183],0,TCE
" réunion signature planning le 21/01/14 à 14h00. 21/01/14 : non présents, non signés et convoqués le 28/01/14 : ARCHITECTURE ALUMINIUM, SRCM, CABRE, LMP, APPLICAM, EAS, EJL. 28/01/14 : non présents, non signés et convoqués le 04/02/14 : ARCHITECTURE ALUMINIUM, CABRE, LMP, APPLICAM, EAS. 11/02/14 : non présents, non signés et convoqués le 18/02/14 : LMP, APPLICAM. 18/02/14 : non présents, non signés et convo- qués le 25/02/14 : LMP, APPLICAM. 25/02/14 : non présents, non signés et convoqués le 04/03/14 : LMP, APPLICAM. 04/03/14 : non présents, non signés et convoqués le 11/03/14 : LMP, APPLICAM. 11/03/14 : non présents, non signés et convoqués le 18/03/14 : LMP, APPLICAM",['07-01-2014'],[32],[177],0,TCE
" réunion signature planning le 21/01/14 à 14h00. 21/01/14 : non présents, non signés et convoqués le 28/01/14 : ARCHITECTURE ALUMINIUM, SRCM, CABRE, LMP, APPLICAM, EAS, EJL. 28/01/14 : non présents, non signés et convoqués le 04/02/14 : ARCHITECTURE ALUMINIUM, CABRE, LMP, APPLICAM, EAS. 11/02/14 : non présents, non signés et convoqués le 18/02/14 : LMP, APPLICAM. 18/02/14 : non présents, non signés et convoqués le 25/02/14 : LMP, APPLICAM",['07-01-2014'],[29],[159],0,TCE
" à partir du 15/07/14, portail EJL et BC, base vie CERGNUL et EAS, RDC CERGNUL, sous-sol MQB et",['08-07-2014'],"[50, 54]","[249, 279]",1,TCE
" BC signale avoir découvert un câble traversant le parking, qui semble être une ali- mentation d’éclairage public. Réfection à prévoir avant la fin de chantier ASSISTANT MAITRISE D’OUVRAGE",['17-09-2013'],"[10, 11, 14, 15]","[47, 52, 69, 75]",3,VILLE AUBY
" prévoir de récupérer tout ce que la Ville et DALKIA souhaitent récupérer dans et au- tour de la piscine pour le 15/07/13 (matériel pédagogique, portail, arceaux vélos, candélabres, matériel technique, …)",['26-06-2013'],"[1, 2]","[3, 7]",1,VILLE AUBY
" suite à mise au point avec EJL, il est urgent de commander le raccordement du nouveau réseau d’assainissement de la maison voisine depuis la limite de propriété jusqu’au collecteur (intervention concession- naire à programmer). 24/09/13 : voir avec NOREADE pour reprise au plus tôt",['17-08-2013'],"[11, 14, 15, 16, 17]","[52, 69, 75, 81, 87]",2,VILLE AUBY
" suite à mise au point avec EJL, il est urgent de commander le raccordement du nouveau réseau d’assainissement de la maison voisine depuis la limite de propriété jusqu’au collecteur (intervention concessionnaire à programmer). 24/09/13 : voir avec NOREADE pour reprise au plus tôt. 29/10/13 : commande faite. 12/11/13 : in- tervention semaine 47",['17-08-2013'],"[18, 19, 20]","[93, 99, 105]",1,VILLE AUBY
 voir pour dévier le câble électrique surplombant l’angle de la parcelle côté rue Du- bois ASSISTANT MAITRISE D’OUVRAGE,['26-06-2013'],"[1, 2]","[3, 7]",5,VILLE AUBY
 voir pour évacuer le container stocké sur le parking y compris l’alimentation élec- trique qui court jusqu’en limite du logement du gardien,['26-06-2013'],"[1, 2]","[3, 7]",4,VILLE AUBY
 DR propose de remplacer les potences de mise à l’eau PMR par un fauteuil roulant spécifique ASSISTANT MAITRISE D’OUVRAGE,['03-09-2013'],[8],[37],1,VILLE AUBY
 DR propose de remplacer les potences de mise à l’eau PMR par un fauteuil roulant spécifique. 10/09/13 : proposition validée par MOA,['03-09-2013'],"[10, 11, 12, 13, 14, 15, 16, 17, 18, 19]","[47, 52, 57, 63, 69, 75, 81, 87, 93, 99]",0,VILLE AUBY
 DR propose de remplacer les potences de mise à l’eau PMR par un fauteuil roulant spécifique. 10/09/13 : proposition validée par MOA ASSISTANT MAITRISE D’OUVRAGE,['03-09-2013'],[9],[42],1,VILLE AUBY
 arrêter les contrats auprès des différents concessionnaires,['26-06-2013'],"[1, 2]","[3, 7]",3,VILLE AUBY
 communiquer à DR et BC les coordonnées des différents concessionnaires,['26-06-2013'],"[1, 2, 3, 4]","[3, 7, 11, 16]",2,VILLE AUBY
 demander à DALKIA attestation de coupure gaz des installations existantes ASSISTANT MAITRISE D’OUVRAGE,['17-07-2013'],[4],[16],5,VILLE AUBY
 en attente retour EDF sur modification transfo. Attention nécessité électricité pour mi octobre 2014,['12-08-2014'],"[54, 55, 56, 57, 58, 59, 60, 61, 62]","[279, 286, 293, 300, 307, 314, 320, 326, 332]",2,VILLE AUBY
 en attente retour EDF sur modification transfo. Attention nécessité électricité pour mi octobre 2014. 14/10/14 : remplacement du poste transfo le 27 ou 28/11/14. Liaison TGBT réalisé avant,['12-08-2014'],"[63, 64, 65, 66, 67, 68, 69]","[339, 346, 353, 359, 365, 371, 377]",1,VILLE AUBY
 facture EDF pour tarif jaune à faire établir au nom de BC Nord,['29-10-2013'],"[20, 21, 22, 23, 24, 25, 26, 27, 28, 29, 30, 31]","[105, 111, 117, 123, 129, 135, 141, 147, 153, 159, 165, 171]",1,VILLE AUBY
 facture EDF pour tarif jaune à faire établir au nom de BC Nord ASSISTANT MAITRISE D’OUVRAGE,['29-10-2013'],"[16, 17, 18, 19]","[81, 87, 93, 99]",3,VILLE AUBY
 faire abattage arbre en limite de construction sud ouest,['29-10-2013'],[16],[81],2,VILLE AUBY
 faire déplacer candélabre existant implanté dans l’accès cour de service,['30-09-2014'],"[61, 62, 63, 64, 65]","[326, 332, 339, 346, 353]",3,VILLE AUBY
 faire évacuer les porte vélos et les candélabres en façade de piscine,['21-08-2013'],[6],[27],3,VILLE AUBY
 fournir doc des arceaux vélos,['25-11-2014'],"[69, 72, 73]","[377, 388, 394]",4,VILLE AUBY
 fournir visuel souhaité sur carte de contrôle d’accès,['30-09-2014'],"[61, 62, 63, 64, 65, 66, 67, 68, 69, 72, 73, 74, 75]","[326, 332, 339, 346, 353, 359, 365, 371, 377, 388, 394, 400, 405]",4,VILLE AUBY
" le regard du compteur d’eau existant est à l’aplomb des fondations du bâtiment. Avant de le con- damner il est impératif de créer le nouveau branchement afin de continuer à alimenter le chantier et la maison voi- sine. Vu avec NOREADE sur site ce jour, devis à valider sans délai. 24/09/13 : devis validé le 20/09/13",['17-09-2013'],[11],[52],1,VILLE AUBY
" le regard du compteur d’eau existant est à l’aplomb des fondations du bâtiment. Avant de le condamner il est impératif de créer le nouveau branchement afin de continuer à ali- menter le chantier et la maison voisine. Vu avec NOREADE sur site ce jour, devis à valider sans délai",['17-09-2013'],[10],[47],1,VILLE AUBY
 le regard du compteur d’eau existant est à l’aplomb des fondations du bâtiment. Avant de le condamner il est impératif de créer le nouveau branchement afin de continuer à alimenter le chantier et la maison voisine. Vu avec,['17-09-2013'],"[12, 13]","[57, 63]",1,VILLE AUBY
 le réseau gaz n’est toujours pas déconnecté de la chaufferie : travaux de démoli- tion seront arrêtés en attendant la déconnection par GrDF. A voir avec le concessionnaire rapi- dement.,['03-09-2013'],[8],[37],0,VILLE AUBY
 le réseau gaz n’est toujours pas déconnecté de la chaufferie : travaux de démolition seront arrêtés en attendant la déconnection par GrDF. A voir avec le concessionnaire rapidement. 10/09/13 : en cours,['03-09-2013'],[9],[42],0,VILLE AUBY
 où installer le poste GTC ?,['16-09-2014'],[59],[314],2,VILLE AUBY
 où installer le poste GTC ? 23/09/14 : dans le secrétariat à confirmer,['16-09-2014'],"[60, 61, 62, 63, 64, 65]","[320, 326, 332, 339, 346, 353]",2,VILLE AUBY
 où installer le poste GTC ? 23/09/14 : dans le secrétariat à confirmer. 04/11/14 : confirmé,['16-09-2014'],[66],[359],2,VILLE AUBY
 programmer rdv pour présentation polychromie,['25-03-2014'],"[35, 36]","[195, 201]",0,VILLE AUBY
 préparer note modificative PC concernant le désenfumage des vestiaires,['12-11-2014'],[67],[365],4,VILLE AUBY
 prévoir abattage + élagage des arbres courant août. Plan topo annoté remis ce jour,['10-07-2013'],"[3, 4]","[11, 16]",3,VILLE AUBY
 prévoir abattage + élagage des arbres courant août. Plan topo annoté remis ce jour. 21/08/13 : en cours,['10-07-2013'],[6],[27],1,VILLE AUBY
 résilier contrat tarif jaune pour reprise par BC ASSISTANT MAITRISE D’OUVRAGE,['21-08-2013'],[6],[27],4,VILLE AUBY
 réunion organigramme le 09/09/14 à 14h00,['12-08-2014'],"[54, 55, 56, 57]","[279, 286, 293, 300]",3,VILLE AUBY
" souscrire auprès des concessionnaires, vos fournisseurs d’énergie en électricité et en gaz",['05-08-2014'],"[54, 55, 56, 57, 58, 59, 60, 61, 62, 63, 64]","[279, 286, 293, 300, 307, 314, 320, 326, 332, 339, 346]",1,VILLE AUBY
" souscrire auprès des concessionnaires, vos fournisseurs d’énergie en électricité et en gaz. 28/10/14 : gaz disponible le 03/11/14",['05-08-2014'],[65],[353],0,VILLE AUBY
" souscrire auprès des concessionnaires, vos fournisseurs d’énergie en électricité et en gaz. 28/10/14 : gaz disponible le 03/11/14. 04/11/14 : date à recaler avec la date de mise en service des chaudières",['05-08-2014'],"[66, 67, 68, 69]","[359, 365, 371, 377]",0,VILLE AUBY
" souscrire auprès des concessionnaires, vos fournisseurs d’énergie en électricité et en gaz. 28/10/14 : gaz disponible le 03/11/14. 04/11/14 : date à recaler avec la date de mise en service des chaudières. 02/12/14 : date re- calée au 07/01/15",['05-08-2014'],"[72, 73]","[388, 394]",0,VILLE AUBY
" suite visite avec NOREADE, nécessité de déplacer l’assainissement ∅400 entre la piscine et le logement. A voir très rapidement, dévoiement avant le 15/08/13",['17-07-2013'],[4],[16],4,VILLE AUBY
" suite à mise au point avec EJL, il est urgent de commander le raccordement du nouveau réseau d’assainissement de la maison voisine depuis la limite de propriété jusqu’au collecteur (intervention concessionnaire à programmer)",['17-08-2013'],[10],[47],2,VILLE AUBY
" transmettre les coordonnées du chargé d’affaire, pour le remplacement du câble d’alimentation du trans- formateur au TGBT pour la mise en place du tarif jaune",['29-07-2014'],"[54, 55, 56, 57]","[279, 286, 293, 300]",0,VILLE AUBY
 voir avec Ville de SIN LE NOBLE pour récupération des hublots de la couverture avant le 15/08/13. Attention à veiller au travail en sécurité des intervenants,['10-07-2013'],"[4, 6]","[16, 27]",3,VILLE AUBY
 voir avec Ville de SIN LE NOBLE pour récupération des hublots de la couverture avant le 15/08/13. Attention à veiller au travail en sécurité des intervenants ASSISTANT MAITRISE D’OUVRAGE,['10-07-2013'],[3],[11],4,VILLE AUBY
 voir création clôture supplémentaire et reprise clôture autour du logement ville,['04-11-2014'],"[66, 67, 68, 69, 72, 73, 74, 75]","[359, 365, 371, 377, 388, 394, 400, 405]",4,VILLE AUBY
 voir pour dévier le câble électrique surplombant l’angle de la parcelle côté rue Dubois,['26-06-2013'],[3],[11],2,VILLE AUBY
 voir pour évacuer le container stocké sur le parking,['26-06-2013'],"[3, 4, 6]","[11, 16, 27]",1,VILLE AUBY
 voir pour éventuellement remplacer le candélabre au droit du poste transfo,['07-10-2014'],[62],[332],5,VILLE AUBY
 voir pour éventuellement remplacer le candélabre au droit du poste transfo. 14/10/14 : sera déplacé,['07-10-2014'],"[63, 64, 65]","[339, 346, 353]",5,VILLE AUBY
" vu ce jour avec DALKIA pour, suite fermeture piscine le 30/06/13, vidanger le bas- sin et couper chauffage",['26-06-2013'],[1],[3],0,VILLE AUBY
" les productions de chaleur et de vapeur des sauna et hammam n’ayant pas été pré- vus, DR demande à EAS de prévoir ce matériel et de le chiffrer",['01-10-2013'],"[12, 13, 14, 15, 16, 17, 18, 19, 20, 21, 22, 23, 24, 25, 26, 27, 28, 29, 30, 31, 32, 33, 35, 36, 43, 44, 47, 48, 49, 50, 52, 53, 54, 55, 56, 57, 58, 59, 60, 61, 62, 63, 64]","[57, 63, 69, 75, 81, 87, 93, 99, 105, 111, 117, 123, 129, 135, 141, 147, 153, 159, 165, 171, 177, 183, 195, 201, 213, 219, 231, 237, 243, 249, 263, 270, 279, 286, 293, 300, 307, 314, 320, 326, 332, 339, 346]",9,BERIM
" problème puissance électrique traitement d’eau : marché 30kw, demandé 70kw. 01/10/13 : devis de- mandé à DEVRED",['24-09-2013'],"[12, 13, 14]","[57, 63, 69]",8,BERIM
" préciser comment est raccordé le drain. 01/10/13 : station de relevage, seule solution. En pré- ciser le dimensionnement ainsi que le génie civil nécessaire",['10-09-2013'],"[12, 13, 14, 15, 16, 17, 18, 19, 20, 21, 22, 23, 24, 25, 26, 27, 28, 29, 30, 31, 32, 33, 35, 36]","[57, 63, 69, 75, 81, 87, 93, 99, 105, 111, 117, 123, 129, 135, 141, 147, 153, 159, 165, 171, 177, 183, 195, 201]",6,BERIM
 BC confirme qu’il s’agit de la version 1 de la note de calcul qui est à prendre en compte,['21-08-2013'],"[6, 8, 9, 10]","[27, 37, 42, 47]",7,BERIM
 confirmer le principe des rejets EP,['10-07-2013'],"[3, 4]","[11, 16]",4,BERIM
 confirmer l’utilité du rideau d’air chaud compte tenu de la présence du sas,['21-01-2014'],"[26, 27, 28, 29, 30, 31, 32, 33]","[141, 147, 153, 159, 165, 171, 177, 183]",10,BERIM
 confirmer à ErDF la mise en place du tarif jaune dans le local TGBT,['01-10-2013'],"[12, 13, 14, 15, 16, 17, 18, 19, 20, 21, 22, 23, 24, 25, 26, 27, 28, 29, 30, 31, 32, 33, 35, 36, 43, 44]","[57, 63, 69, 75, 81, 87, 93, 99, 105, 111, 117, 123, 129, 135, 141, 147, 153, 159, 165, 171, 177, 183, 195, 201, 213, 219]",10,BERIM
 confirmer à ErDF la mise en place du tarif jaune dans le local TGBT. 17/06/14 : prendre contact avec ErdF,['01-10-2013'],"[47, 48, 49, 50, 52, 53, 54, 55]","[231, 237, 243, 249, 263, 270, 279, 286]",2,BERIM
 confirmer à ErDF la mise en place du tarif jaune dans le local TGBT. 17/06/14 : prendre contact avec ErdF. 26/08/14 : référence dossier piscine DA22/141586,['01-10-2013'],[56],[293],2,BERIM
 faire VISA dossier CVC. Urgent commande matériel en attente,['21-01-2014'],[26],[141],9,BERIM
 faire VISA dossier CVC. Urgent commande matériel en attente. 28/01/14 : URGENT,['21-01-2014'],[27],[147],7,BERIM
 faire VISA dossier électrique,['14-01-2014'],"[26, 27, 28, 29]","[141, 147, 153, 159]",8,BERIM
 faire VISA dossier électrique + GO,['14-01-2014'],[25],[135],9,BERIM
" faire synthèse des réseaux EU et EP avec EJL et BC. Réseau EP simplifié, voir si plus judicieux de créer 2 piquages EU au lieu d’un sur le collecteur",['08-04-2014'],[36],[201],8,BERIM
 finaliser bilan financier,['03-06-2014'],"[44, 47, 48, 49, 50, 54, 55, 56, 57]","[219, 231, 237, 243, 249, 279, 286, 293, 300]",6,BERIM
 formuler avis sur dossier technique station de relevage du drain transmis par EJL le 05/11/13,['07-01-2014'],"[24, 25, 26]","[129, 135, 141]",10,BERIM
 formuler avis sur dossier technique station de relevage du drain transmis par EJL le 05/11/13. 28/01/14 : URGENT,['07-01-2014'],"[27, 28, 29, 30, 31, 32, 33, 35, 36]","[147, 153, 159, 165, 171, 177, 183, 195, 201]",5,BERIM
 fournir éléments sur poignée de tirage des portes vitrées des sauna et hammam,['08-07-2014'],"[52, 53]","[263, 270]",5,BERIM
 organiser réunion concessionnaires au plus vite,['26-06-2013'],"[1, 2, 3, 4]","[3, 7, 11, 16]",0,BERIM
 organiser réunion concessionnaires au plus vite. 21/08/13 : programmée le 04/09/13 à 10h00,['26-06-2013'],"[6, 8]","[27, 37]",0,BERIM
 organiser réunion concessionnaires au plus vite. 21/08/13 : programmée le 04/09/13 à 10h00. 10/09/13 : établir CR,['26-06-2013'],"[9, 10, 11, 12, 13, 14, 15, 16, 17, 18, 19, 20]","[42, 47, 52, 57, 63, 69, 75, 81, 87, 93, 99, 105]",0,BERIM
 organiser réunion semaine 51 pour finaliser dossier EXE CVC Plomberie avec MQB,['03-12-2013'],[21],[111],10,BERIM
 organiser réunion semaine 51 pour finaliser dossier EXE CVC Plomberie avec MQB. 10/12/13 : rdv le 19/12/13 à 15h00 chez BERIM,['03-12-2013'],"[22, 23]","[117, 123]",9,BERIM
" problème puissance électrique traitement d’eau : marché 30kw, demandé 70kw",['24-09-2013'],[11],[52],9,BERIM
 préciser comment est raccordé le drain,['10-09-2013'],"[9, 10, 11]","[42, 47, 52]",8,BERIM
 préparer maquette du panneau de chantier à soumettre à Ville,['26-06-2013'],[1],[3],2,BERIM
 prévoir 2∅25 alimentation en eau (froide et chaude) + 2 fourreaux ∅90 électricité + 1 attente EU pour futur buvette selon indications portés sur plan entreprise ce jour Mairie d’AUBY – Réhabilitation et extension de la piscine municipale – CR 50 150714.doc 6 Pour action Observations,['15-07-2014'],[50],[251],0,BERIM
 relecture RICT chez SOCOTEC le 01/07/13 à 10h00,['26-06-2013'],[1],[3],1,BERIM
 rendez-vous avec NOREADE le 16/07/13 à 14h30 pour l’implantation du réseau d’assainissement existant par rapport au futur bâtiment et aux talus nécessaires à la construc- tion,['10-07-2013'],[3],[11],2,BERIM
 synthèse réseaux sous dallage le 28/08/13 à 10h00,['21-08-2013'],[6],[27],11,BERIM
 transmettre docs station de relevage à DEVRED,['06-05-2014'],"[52, 53]","[263, 270]",3,BERIM
 transmettre à GrDF le plan d’implantation du futur coffret gaz,['17-07-2013'],[4],[16],6,BERIM
 voir avec DEVRED appareils d’éclairage pour le sauna et le hammam,['11-03-2014'],"[32, 33]","[177, 183]",9,BERIM
 voir avec GRDF pour déposer le branchement gaz,['10-07-2013'],"[3, 4, 6, 8]","[11, 16, 27, 37]",1,BERIM
 voir problème du dévoiement de l’assainissement entre la piscine et le logement + déconnection gaz avec dépose du coffret tout en maintenant l’alimentation du logement,['17-07-2013'],[4],[16],5,BERIM
 vérifier dans CCTP prestations de finition pour les bacs tampon.,['31-07-2013'],"[9, 10, 11, 12, 13, 14]","[42, 47, 52, 57, 63, 69]",3,BERIM
" faire point entre cuvelage et étanchéité dans bacs tampon, car selon l’entreprise de GO, les presta- tions indiquées au CCTP sont imprécises",['31-07-2013'],"[9, 10, 11, 12, 13, 14]","[42, 47, 52, 57, 63, 69]",4,DR
 voir les modifications d’implantation des siphons de sol proposées par MQB- COEXIA,['03-09-2013'],"[8, 9, 10, 11, 12, 13, 14, 15, 16]","[37, 42, 47, 52, 57, 63, 69, 75, 81]",7,DR
" L’entreprise DEVRED constate, une nouvelle fois, des dégradations sur des luminaires et des chemins de câbles en sous sol. Merci à chacune des entreprises intervenant en sous-sol, de signaler toutes dégradations accidentelles qu’elle pourrait causer sur toutes les installations ne lui appartenant pas. Il est rappelé également de fermer correctement le chan- tier chaque soir.",['29-07-2014'],[53],[270],7,DR
 charpente blanc OP 7349. Fournir un échantillon pour validation,['19-11-2013'],[19],[101],0,DR
 choix teinte ITE sur nuancier STO Façade,['26-11-2013'],"[20, 21, 22, 23]","[107, 113, 119, 125]",1,DR
 choix teinte bac acier et couvertine selon nuancier RAL,['26-11-2013'],"[20, 21, 22, 23]","[107, 113, 119, 125]",2,DR
 confirmer dimensions des trappes à COEXIA,['21-10-2014'],"[64, 65, 66, 67, 68, 69, 72, 73]","[346, 353, 359, 365, 371, 377, 388, 394]",5,DR
 confirmer le RAL des menuiseries,['29-10-2013'],"[16, 17, 18, 19, 20, 21, 22, 23, 24]","[81, 87, 93, 99, 105, 111, 117, 123, 129]",7,DR
 confirmer le sens de pose des dalles de fibre de bois,['09-09-2014'],[58],[307],5,DR
 confirmer motif bande de visualisation des vitrages,['17-12-2013'],[23],[123],11,DR
 confirmer motif bande de visualisation des vitrages. 07/01/14 : remis ce jour,['17-12-2013'],[24],[129],9,DR
 confirmer teinte porte local C7 et panneau plein sur semi-fixe porte infirmerie et plages,['16-09-2014'],[59],[314],4,DR
" en l’absence de désignation du lot 8, fournir plan de réservation des trappes de lignes de nage",['05-11-2013'],"[17, 18, 19, 20]","[87, 93, 99, 105]",7,DR
" essais de lasure béton faits, à valider",['03-06-2014'],[44],[219],5,DR
 faire choix couleur caisse : gris anthracite ou blanc,['30-09-2014'],[61],[326],3,DR
 faire choix des coloris de bassins,['05-11-2013'],[17],[87],8,DR
 faire choix des stratifiés,['08-07-2014'],"[49, 50, 52, 53]","[243, 249, 263, 270]",6,DR
 faire choix teinte charpente selon nuancier OBIACRYL,['12-11-2013'],[18],[93],8,DR
 faire détail jardinière plage bassin ludique,['10-12-2013'],"[22, 23, 24, 25]","[117, 123, 129, 135]",10,DR
 faire détail sauna (assise),['16-09-2014'],[59],[314],5,DR
 faire extrait de plan pour confirmer la prise en compte de la surépaisseur de 5cm du voile de façade sud Mairie d’AUBY – Réhabilitation et extension de la piscine municipale – CR 06 210813.doc 4 Pour action Observations,['21-08-2013'],[6],[27],8,DR
 faire le point des divers ancrages à sceller par le carreleur,['10-07-2013'],"[3, 4, 6, 8, 9, 10, 11, 12, 13, 14, 15, 16, 17, 18, 19, 20, 21, 22, 23, 24, 25, 26, 27, 28, 29, 30, 31, 32, 33, 35, 36, 43, 44, 47, 48, 49, 50, 52, 53, 54, 55, 56, 57, 58, 59, 60, 61, 62, 63, 64, 65]","[11, 16, 27, 37, 42, 47, 52, 57, 63, 69, 75, 81, 87, 93, 99, 105, 111, 117, 123, 129, 135, 141, 147, 153, 159, 165, 171, 177, 183, 195, 201, 213, 219, 231, 237, 243, 249, 263, 270, 279, 286, 293, 300, 307, 314, 320, 326, 332, 339, 346, 353]",5,DR
 faire proposition à la Ville d’implantation d’un portillon d’accès pour entretien espaces verts entre parvis entrée et logement ville,['14-10-2014'],"[63, 64, 65]","[339, 346, 353]",4,DR
" faire un point sur les finitions extérieures entre béton désactivé, acidé, .. et repérer sur un plan",['12-11-2013'],"[18, 19, 20]","[93, 99, 105]",10,DR
" façade nord, toiture sur hall d’entrée et bardage, problème d’alignement de joint zinc + problème de pente + évacuation des EP",['03-12-2013'],[21],[111],8,DR
 finaliser bilan financier,['03-06-2014'],"[44, 47, 48, 49, 50, 52, 53, 54, 55, 56, 57]","[219, 231, 237, 243, 249, 263, 270, 279, 286, 293, 300]",6,DR
 fournir éléments sur poignée de tirage des portes vitrées des sauna et hammam,['08-07-2014'],"[49, 50, 52, 53, 54, 55, 56, 57, 58]","[243, 249, 263, 270, 279, 286, 293, 300, 307]",5,DR
 intégrer modification porte local matériel pédagogique pour intégrer réservation électrique,['10-09-2013'],"[9, 10, 11, 12, 13, 14, 15, 16, 17, 18, 19, 20, 21, 22, 23]","[42, 47, 52, 57, 63, 69, 75, 81, 87, 93, 99, 105, 111, 117, 123]",9,DR
" poutres clavetées au droit trémie escalier, possibilité d’AS < 4,15 ?",['03-12-2013'],[21],[111],9,DR
" poutres clavetées au droit trémie escalier, possibilité d’AS < 4,15 ? 10/12/13 : AI = 2,26",['03-12-2013'],"[22, 23, 24, 25, 26]","[117, 123, 129, 135, 141]",8,DR
 préciser la finition des pieds de poteaux métalliques,['10-09-2013'],"[10, 11]","[47, 52]",9,DR
 préciser la finition des pieds de poteaux métalliques Mairie d’AUBY – Réhabilitation et extension de la piscine municipale – CR 09 100913.doc 4 Pour action Observations,['10-09-2013'],[9],[42],10,DR
 préciser la finition souhaitée pour les bandes podotactiles,['12-11-2013'],"[18, 19, 20, 21, 22, 23, 24, 25, 26]","[93, 99, 105, 111, 117, 123, 129, 135, 141]",11,DR
 préciser le souhait de la longueur des surbots,['11-02-2014'],"[28, 29]","[153, 159]",9,DR
 préparer avenant de prolongation de délai,['28-10-2014'],[65],[353],3,DR
 préparer liste des échantillons pour fin août,['10-07-2013'],"[3, 4, 6, 8, 9, 10, 11, 12]","[11, 16, 27, 37, 42, 47, 52, 57]",3,DR
 relecture RICT chez SOCOTEC le 01/07/13 à 10h00,['26-06-2013'],[1],[3],1,DR
 synthèse réseaux sous dallage le 28/08/13 à 10h00,['21-08-2013'],[6],[27],11,DR
 transmettre croquis de reprise de l’escalier extérieur accès scolaire,['14-10-2014'],[63],[339],3,DR
 transmettre croquis de reprise de l’escalier extérieur accès scolaire. 21/10/14 : URGENT,['14-10-2014'],[64],[346],3,DR
 transmettre docs station de relevage à DEVRED,['06-05-2014'],"[43, 44, 47, 48, 49, 50, 54, 55, 56, 57, 58, 59, 60, 61, 62, 63, 64]","[213, 219, 231, 237, 243, 249, 279, 286, 293, 300, 307, 314, 320, 326, 332, 339, 346]",3,DR
 transmettre la maquette du panneau de chantier à BC en vérifiant au préalable les indications de délai,['21-08-2013'],[6],[27],6,DR
 transmettre à NOREADE plan masse avec implantation fosse compteur d’eau en pdf Mairie d’AUBY – Réhabilitation et extension de la piscine municipale – CR 10 170913.doc 4 Pour action Observations,['17-09-2013'],[10],[47],10,DR
 transmettre à SDI plan RDC en dwg + dimensions rideau d’air chaud,['26-08-2014'],[56],[293],7,DR
 visite pré OPR façades et toiture le 16/09/14 à 10h00,['26-08-2014'],"[56, 57]","[293, 300]",6,DR
 visite pré OPR façades et toiture le 16/09/14 à 10h00. 09/09/14 : reportée au 23/09/14,['26-08-2014'],"[58, 59]","[307, 314]",4,DR
 voir avec CERGNUL principe de grille de soufflage de sol,['08-04-2014'],[36],[201],10,DR
 voir finition poutres LC/béton vers accès zone déchausse,['25-03-2014'],[35],[195],8,DR
 voir intégration poteau béton dans banque d’accueil,['23-09-2014'],[60],[320],3,DR
 voir la forme du banc de l’espace déchaussage,['21-01-2014'],[26],[141],11,DR
 voir pour intégrer regard de pied de chute EP en façade nord (jardinière ?),['11-02-2014'],"[28, 29]","[153, 159]",8,DR
 voir pour rehausser niveau du local poubelles pour permettre reprise du siphon de sol,['10-09-2013'],[9],[42],7,DR
 voir problème implantation porte local hammam,['08-04-2014'],[36],[201],9,DR
 voir problème lanterneau de désenfumage et accès toiture : dimensions incompatibles avec la structure du bâtiment et les cotes nécessaires pour réaliser les relevés d’étanchéité,['12-11-2013'],"[18, 19]","[93, 99]",12,DR
 voir teinte des grilles de ventilation,['27-05-2014'],"[43, 44]","[213, 219]",4,DR
 vérifier avis sur banque d’accueil,['16-09-2014'],[59],[314],6,DR
 vérifier qui doit l’évacuation du pédiluve extérieur,['12-11-2013'],"[18, 19, 20, 21, 22, 23, 24, 25, 26, 27, 28, 29, 30, 31, 32, 33, 35, 36]","[93, 99, 105, 111, 117, 123, 129, 135, 141, 147, 153, 159, 165, 171, 177, 183, 195, 201]",9,DR
 établir plan de repérage des rebouchements de trous de banches,['25-02-2014'],"[30, 31, 32, 33, 35, 36]","[165, 171, 177, 183, 195, 201]",8,DR
 établir plan et définir reprise des bétons selon relevé de ce jour,['25-02-2014'],"[30, 31, 32, 33, 35, 36]","[165, 171, 177, 183, 195, 201]",7,DR
 confirmer l’implantation du coffret de commande de désenfumage des vestiaires indi- viduels,['07-10-2014'],"[62, 63]","[332, 339]",0,SOCOTEC
 doit-on mettre à la terre les siphons de sol inox ? le poteau métallique du hall d’entrée ? 03/06/14 : né- cessité confirmé,['25-03-2014'],"[44, 47, 48, 49, 50, 52, 53]","[219, 231, 237, 243, 249, 263, 270]",2,SOCOTEC
 formuler avis sur dossier EXE SRCM 29/07/14 : Merci de statuer sur la nécécité de mise à la terre des menuiseries extérieures et des caniveaux. 29/07/14 : Merci de répondre aux derniers documents envoyés par le lot gros œuvre.,['01-07-2014'],"[52, 53]","[263, 270]",4,SOCOTEC
 avis F 2-4 est-il levé ?,['03-12-2013'],"[21, 22, 23, 24, 25, 26, 27, 28, 29, 30, 31, 32, 33, 35, 36, 43]","[111, 117, 123, 129, 135, 141, 147, 153, 159, 165, 171, 177, 183, 195, 201, 213]",0,SOCOTEC
 avis F 2-4 est-il levé ? 03/06/14 : levé,['03-12-2013'],"[44, 47, 48, 49, 50, 52, 53]","[219, 231, 237, 243, 249, 263, 270]",0,SOCOTEC
 confirmer la position du coffret de commande de désenfumage des vestiaires,['28-10-2014'],[65],[353],0,SOCOTEC
 confirmer la position du coffret de commande de désenfumage des vestiaires. 04/11/14 : organiser réunion avec SDIS pour définir précisément les prestations à exécuter,['28-10-2014'],[66],[359],0,SOCOTEC
 doit-on mettre à la terre les siphons de sol inox ? le poteau métallique du hall d’entrée ?,['25-03-2014'],"[35, 36, 43]","[195, 201, 213]",3,SOCOTEC
 faire mise à jour des fiches visa,['25-03-2014'],"[35, 36]","[195, 201]",2,SOCOTEC
 formuler avis sur dossier EXE DEVRED,['24-06-2014'],"[47, 48, 49, 50, 52, 53]","[231, 237, 243, 249, 263, 270]",3,SOCOTEC
 formuler avis sur dossier EXE SRCM,['01-07-2014'],"[48, 49, 50, 54, 55, 56, 57, 58]","[237, 243, 249, 279, 286, 293, 300, 307]",4,SOCOTEC
 formuler avis sur dossier EXE SRCM. 16/09/14 : reçu ce jour,['01-07-2014'],"[59, 60]","[314, 320]",0,SOCOTEC
 position du raccord ZAG à valider avec MQB,['03-09-2013'],[8],[37],0,SOCOTEC
" relecture RICT chez SOCOTEC le 01/07/13 à 10h00 avec DR, BERIM et BC",['26-06-2013'],[1],[3],0,SOCOTEC
 valider le conduit de fumées proposé par MQB. Urgent commande en attente,['18-03-2014'],[33],[183],1,SOCOTEC
" valider le conduit de fumées proposé par MQB. Urgent commande en attente. 25/03/14 : pas d’observation, à formaliser par une fiche visa",['18-03-2014'],"[35, 36, 43, 44, 47, 48, 49, 50, 52, 53, 54, 55, 56, 57, 58]","[195, 201, 213, 219, 231, 237, 243, 249, 263, 270, 279, 286, 293, 300, 307]",1,SOCOTEC
 voir avec MQB le tracé des ventilations de bacs tampon et les zones coupe feu,['02-07-2013'],"[2, 3, 4, 6]","[7, 11, 16, 28]",0,SOCOTEC
 faire prototype d’habillage bois rétifié. 26/08/14 : URGENT + plan de détail pour synthèse avec faux pla- fonds,['17-12-2013'],"[56, 57]","[294, 301]",0,S.R.C.M.
 fournir la fiche produit de la mousse blanche mise en œuvre en périphérie des châssis bois sur hall bas- sins,['12-08-2014'],"[54, 55]","[280, 287]",3,S.R.C.M.
" poser visualisation sur vitrage, dito sur menuiseries alu Mairie d’AUBY – Réhabilitation et extension de la piscine municipale – CR 72 161214.doc 4 Pour action Observations",['16-12-2014'],"[72, 73]","[388, 394]",3,S.R.C.M.
 prévoir un habillage placo des gaines de ventilation dans les bureaux (direction et secrétariat). 01/07/14 : faire plan de menuiserie alu en intégrant une traverse pour reprendre le coffre placo. 15/07/14 : traverse à hau- teur bâti,['24-06-2014'],"[50, 51, 52, 53, 54, 55, 56, 57, 58, 59]","[250, 257, 264, 272, 280, 287, 294, 301, 308, 315]",1,S.R.C.M.
" store secrétariat côté circulation à remplacer par film dépoli, store local club côté cir- culation à déplacer sur châssis entre salle de repos et hall bassin",['23-09-2014'],"[60, 61, 62, 63, 64, 65, 69, 72, 73]","[321, 327, 333, 340, 347, 354, 377, 388, 394]",6,S.R.C.M.
" store secrétariat côté circulation à remplacer par film dépoli, store local club côté circulation à déplacer sur châssis entre salle de repos et hall bassin Mairie d’AUBY – Réhabilitation et extension de la piscine municipale – CR 66 041114.doc 4 Pour action Observations",['23-09-2014'],"[66, 67, 68]","[359, 365, 371]",1,S.R.C.M.
 Transmettre vos devis,['22-07-2014'],"[51, 52, 53]","[257, 264, 272]",3,S.R.C.M.
" accord pour bois exotique 40x40 sous panneau de laine de bois dans hall bassin, calé altimétriquement sur la traverse haute des châssis vitré, et retour en extrémité verticale",['23-09-2014'],"[60, 61]","[321, 327]",7,S.R.C.M.
" accord pour bois exotique 40x40 sous panneau de laine de bois dans hall bassin, calé altimétriquement sur la traverse haute des châssis vitré, et retour en extrémité verticale. 07/10/14 : à caler sur la traverse des châssis",['23-09-2014'],"[62, 63]","[333, 340]",3,S.R.C.M.
 ajouter un bois en extrémité de la banquette du sauna,['12-11-2014'],"[67, 68]","[365, 371]",4,S.R.C.M.
 ajouter un bois en extrémité de la banquette du sauna Mairie d’AUBY – Réhabilitation et extension de la piscine municipale – CR 69 251114.doc 4 Pour action Observations,['12-11-2014'],[69],[377],3,S.R.C.M.
 ajouter un bois en extrémité de la banquette du sauna. 02/12/14 : mettre un bois de même essence que la banquette,['12-11-2014'],"[72, 73, 74, 75]","[388, 394, 400, 405]",2,S.R.C.M.
 assise des bancs en lamellé collé supprimé (carrelé),['16-09-2014'],"[59, 60, 61]","[315, 321, 327]",2,S.R.C.M.
" bardage acoustique, suivre alignement de la maçonnerie et du châssis bois puis faire un retour jusqu’à la façade en suivant la poutre béton. Araser le bois rétifié à -50mm sous l’arase inférieur de l’ossature basse",['07-10-2014'],"[62, 63, 64, 65, 66]","[333, 340, 347, 354, 359]",5,S.R.C.M.
" bardage acoustique, suivre alignement de la maçonnerie et du châssis bois puis faire un retour jusqu’à la façade en suivant la poutre béton. Araser le bois rétifié à -50mm sous l’arase inférieur de l’ossature basse. 12/11/14 : accord sur plan présenté ce jour",['07-10-2014'],[67],[365],2,S.R.C.M.
 compléter dossier technique avec les éléments manquants,['17-12-2013'],"[23, 24, 25, 26, 27, 28, 29, 30, 31, 32, 33, 34, 35, 36, 43, 44]","[124, 130, 136, 142, 148, 154, 160, 166, 172, 178, 184, 190, 196, 202, 214, 220]",2,S.R.C.M.
 faire prototype d’habillage bois rétifié,['17-12-2013'],"[23, 24, 25, 26, 27, 28, 29, 30, 31, 32, 33, 34, 35, 36, 43, 44, 46, 47, 48, 49, 50, 51, 52, 53, 54, 55]","[124, 130, 136, 142, 148, 154, 160, 166, 172, 178, 184, 190, 196, 202, 214, 220, 226, 232, 238, 244, 250, 257, 264, 272, 280, 287]",3,S.R.C.M.
 fournir balance financière URGENT,['23-09-2014'],[60],[321],4,S.R.C.M.
 fournir balance financière URGENT. 30/09/14 : à finaliser URGENT,['23-09-2014'],[61],[327],4,S.R.C.M.
 fournir nuancier des stratifiés des portes,['25-03-2014'],"[34, 35, 36]","[190, 196, 202]",3,S.R.C.M.
 fournir plan et tableau de cote de réservations des blocs portes et châssis,['26-06-2013'],"[1, 3, 4]","[4, 12, 17]",0,S.R.C.M.
 fournir plan et tableau de cote de réservations des blocs portes et châssis Mairie d’AUBY – Réhabilitation et extension de la piscine municipale – CR 02 020713.doc 4 Pour action Observations,['26-06-2013'],[2],[7],0,S.R.C.M.
 fournir plan et tableau de cote de réservations des blocs portes et châssis. 31/07/13 : rappel,['26-06-2013'],"[6, 7, 8]","[28, 33, 38]",0,S.R.C.M.
 fournir plan et tableau de cote de réservations des blocs portes et châssis. 31/07/13 : rappel. 10/09/13 : RAPPEL,['26-06-2013'],"[9, 10]","[43, 48]",0,S.R.C.M.
 fournir pour le 16/09/14 la liste des portes avec les longueurs de cylindres à DRD pour finalisation de l’organigramme,['09-09-2014'],[58],[308],3,S.R.C.M.
 laisser en attente les tablettes dans le placard MNS,['07-10-2014'],"[62, 63, 64, 65]","[333, 340, 347, 354]",6,S.R.C.M.
 les dalles en plafond de la circulation administrative doivent être posées par une dalle entière dans l’axe de la circulation et coupes de part et d’autre,['14-10-2014'],[63],[340],9,S.R.C.M.
 les dalles en plafond de la circulation administrative doivent être posées par une dalle entière dans l’axe de la circulation et coupes de part et d’autre. 21/10/14 : manque dalle dans le sanitaires public,['14-10-2014'],"[64, 65]","[347, 354]",8,S.R.C.M.
 mettre une plinthe de 10cm de hauteur au droit des placards MNS et local rangement entretien,['07-10-2014'],"[62, 63, 64, 65]","[333, 340, 347, 354]",7,S.R.C.M.
 ossature bardage acoustique doit être réalisé en bois hydrofuge,['14-10-2014'],[63],[340],8,S.R.C.M.
 ossature bardage acoustique doit être réalisé en bois hydrofuge. 21/10/14 : fournir fiche produit,['14-10-2014'],[64],[347],7,S.R.C.M.
 payer le compte prorata,['30-09-2014'],[61],[327],8,S.R.C.M.
 placard dans local rangement entretien en mélaminée blanc,['07-10-2014'],"[62, 63, 64, 65]","[333, 340, 347, 354]",4,S.R.C.M.
 plafond en laine de bois dans remise en forme supprimé (lot faux plafonds),['23-09-2014'],"[60, 61]","[321, 327]",3,S.R.C.M.
" plan EXE habillage bois rétifié pour fin janvier 2014, mobilier pour mai 2014",['17-12-2013'],"[23, 24, 25, 26, 27]","[124, 130, 136, 142, 148]",0,S.R.C.M.
 plan EXE mobilier pour mai 2014,['17-12-2013'],"[28, 29, 30, 31, 32, 33, 34, 35, 36, 43, 44, 46, 47, 48, 49]","[154, 160, 166, 172, 178, 184, 190, 196, 202, 214, 220, 226, 232, 238, 244]",0,S.R.C.M.
 plateau MNS en stratifié blanc,['28-10-2014'],[65],[354],7,S.R.C.M.
 plateau MNS en stratifié blanc. 04/11/14 : vert,['28-10-2014'],"[66, 67, 68, 69]","[359, 365, 371, 377]",3,S.R.C.M.
 plateau lamellé collé du podium MNS : faire une proposition en stratifié,['16-09-2014'],"[59, 60, 61]","[315, 321, 327]",3,S.R.C.M.
 poser couvres joints de dilatation en médium hydro,['30-09-2014'],[61],[327],9,S.R.C.M.
" poser visualisation sur vitrage, dito sur menuiseries alu",['16-12-2014'],"[74, 75]","[400, 405]",1,S.R.C.M.
 prévoir habillage au-dessus bloc porte bois pour compenser réservation GO,['26-08-2014'],"[56, 57, 58, 59, 60, 61, 62, 63, 64]","[294, 301, 308, 315, 321, 327, 333, 340, 347]",4,S.R.C.M.
 prévoir prise cote béton pour châssis fin février 2014,['17-12-2013'],"[23, 24, 25, 26]","[124, 130, 136, 142]",1,S.R.C.M.
 prévoir prise cote béton pour châssis fin février 2014. 28/01/14 : à programmer 1 ère semaine de mars 2014,['17-12-2013'],"[27, 28, 29, 30]","[148, 154, 160, 166]",1,S.R.C.M.
" prévoir trappe CF dans gaines maçonnées : 50x80ht local matériel ludique, 50x60ht douches",['01-07-2014'],"[48, 49, 50, 51, 52, 53, 54, 55, 56, 57]","[238, 244, 250, 257, 264, 272, 280, 287, 294, 301]",3,S.R.C.M.
 prévoir un habillage placo des gaines de ventilation dans les bureaux (direction et se- crétariat),['24-06-2014'],[47],[232],2,S.R.C.M.
 prévoir un habillage placo des gaines de ventilation dans les bureaux (direction et secrétariat). 01/07/14 : faire plan de menuiserie alu en intégrant une traverse pour reprendre le coffre placo,['24-06-2014'],"[48, 49]","[238, 244]",2,S.R.C.M.
 réunion organigramme le 09/09/14 à 14h00. Présence obligatoire,['12-08-2014'],"[54, 55, 56, 57]","[280, 287, 294, 301]",4,S.R.C.M.
" store, 2 modules selon découpe châssis sur façade administration",['23-09-2014'],"[60, 61, 62, 63, 64, 65, 66, 67, 68, 69, 72, 73]","[321, 327, 333, 340, 347, 354, 359, 365, 371, 377, 388, 394]",5,S.R.C.M.
 transmettre les fiches techniques des menuiseries au BC,['02-09-2014'],"[57, 58]","[301, 308]",5,S.R.C.M.
 confirmer les charges à prendre en compte,['26-06-2013'],"[1, 2, 3, 4]","[4, 8, 12, 17]",0,SDI
 confirmer les charges à prendre en compte. 31/07/13 : rappel,['26-06-2013'],[6],[28],0,SDI
 faire proposition de calepinage du plafond Gypton avec une bande pleine en périphérie et perforation carrée 12x12,['26-08-2014'],[56],[294],3,SDI
 faire proposition de calepinage du plafond stratifié du podium MNS,['26-08-2014'],[56],[294],2,SDI
 faire reprise plafond local entretien (découpe pour bouche de ventilation dans rail),['25-11-2014'],"[69, 72]","[378, 389]",1,SDI
 plafond podium MNS à +2.26m/podium,['16-12-2014'],"[72, 73]","[389, 395]",2,SDI
 présentation polychromie le 06/05/14,['29-04-2014'],[43],[214],0,SDI
 prévoir fibrafutura en fermeture plafonds dans sanitaires douches au droit changement pente de toiture,['29-04-2014'],"[43, 44, 46, 47, 48, 49, 50, 51, 52, 53, 54, 55, 56, 57, 58, 59, 60, 61, 62, 63, 64, 65, 66, 67, 68, 69, 72]","[214, 220, 226, 232, 238, 244, 250, 257, 264, 272, 280, 287, 294, 301, 308, 315, 321, 327, 333, 340, 347, 354, 360, 366, 372, 378, 389]",1,SDI
" sur base polychromie, fournir fiches produits matériaux + détails EXE pour VISA",['06-05-2014'],"[43, 44, 46, 47, 48, 49, 50, 51, 52, 53, 54, 55, 56, 57, 58, 59, 60, 61, 62, 63, 64]","[214, 220, 226, 232, 238, 244, 250, 257, 264, 272, 280, 287, 294, 301, 308, 315, 321, 327, 333, 340, 347]",2,SDI
 évacuer échafaudage (stockés contre les casiers),['28-10-2014'],"[65, 66, 67, 68]","[354, 360, 366, 372]",1,SDI
 BC confirme que les traversées de dalles pour évacuations des caniveaux seront carottées après chape. Seuls les siphons isolés devront faire l’objet d’une demande de réserva- tions pour le 20/08/13,['10-07-2013'],"[3, 4, 6, 7, 8, 9, 10, 11, 12, 13, 14, 15, 16, 17, 18, 19, 20, 21, 22, 23, 24, 25, 26, 27, 28, 29, 30]","[12, 17, 28, 33, 38, 43, 48, 53, 58, 64, 70, 76, 82, 88, 94, 100, 106, 112, 118, 124, 130, 136, 142, 148, 154, 160, 166]",2,CERGNUL
 attention à bien reprendre les raccords d’étanchéité au droit des reprises de carre- lages et faïence,['04-11-2014'],"[66, 67, 68, 69]","[360, 366, 372, 378]",5,CERGNUL
" jardinière sur plages bassin apprentissage, profondeur = épaisseur de chape, délimitée par un carrelage en suré- paisseur avec étanchéité",['21-01-2014'],"[26, 27, 28, 29, 30, 31, 32, 33, 34, 35, 36, 43, 44, 46, 47, 48, 49, 50, 51, 52, 53, 54, 55, 56, 57]","[142, 148, 154, 160, 166, 172, 178, 184, 190, 196, 202, 214, 220, 226, 232, 238, 244, 250, 257, 264, 272, 280, 287, 294, 301]",2,CERGNUL
" voir pour modifier sans incidence financière la pate de verre (mix teinte). 27/05/14 : validé sans inci- dence financière en format 2,5x2,5",['20-05-2014'],"[43, 44, 46, 47, 48, 49, 50, 51, 52, 53, 54, 55, 56, 57]","[214, 220, 226, 232, 238, 244, 250, 257, 264, 272, 280, 287, 294, 301]",3,CERGNUL
 à partir du 15/10/14 : effectuer toutes les coupes de carrelages à l’extérieur du bâti- ment,['07-10-2014'],"[62, 63, 64]","[333, 340, 347]",5,CERGNUL
 étudier possibilité de mettre un profil d’arrêt de carrelage au droit des grilles de souf- flage a sol (désaffleurs du carrelage à reprendre également),['07-10-2014'],"[62, 63, 64]","[333, 340, 347]",4,CERGNUL
 BC confirme que les traversées de dalles pour évacuations des caniveaux seront carottées après chape. Seuls les siphons isolés devront faire l’objet d’une demande de réservations pour le 20/08/13. 04/03/14 : implan- tation sur site le 07/03/14,['10-07-2013'],[31],[172],1,CERGNUL
 CENERE à remplacer par CEMENTO MATT pour la zone pieds chaussés accès groupe,['17-06-2014'],[56],[296],2,CERGNUL
 CENERE à remplacer par CEMENTO MATT pour la zone pieds chaussés accès groupe Mairie d’AUBY – Réhabilitation et extension de la piscine municipale – CR 58 090914.doc 6 Pour action Observations,['17-06-2014'],[58],[309],2,CERGNUL
 attention au niveau de chape par rapport au seuil de porte,['24-06-2014'],[47],[232],10,CERGNUL
 attention à bien traiter et dégager les JD,['04-11-2014'],"[66, 67, 68, 69, 71]","[360, 366, 372, 378, 384]",4,CERGNUL
 caniveaux douches confirmé en inox,['27-05-2014'],"[43, 44, 46, 47, 48, 49, 50, 51, 52, 53, 54, 55, 56, 57]","[214, 220, 226, 232, 238, 244, 250, 257, 264, 272, 280, 287, 294, 301]",6,CERGNUL
 carrelage à bord arrondi en nez de banc carrelé du hall bassins,['11-03-2014'],"[32, 33, 34, 35, 36, 43, 44, 46, 47, 48, 49, 50, 51, 52, 53, 54, 55, 56, 57]","[178, 184, 190, 196, 202, 214, 220, 226, 232, 238, 244, 250, 257, 264, 272, 280, 287, 294, 301]",3,CERGNUL
 compléter en joint dessus des baguettes d’angles,['04-11-2014'],"[66, 67]","[360, 366]",2,CERGNUL
 confirmer commande pour banquette hammam,['17-06-2014'],"[46, 47, 48, 49, 50, 51, 54]","[226, 232, 238, 244, 250, 257, 280]",10,CERGNUL
 confirmer commande pour banquette hammam 29/07/14 : Constat effectué des réservations de caniveaux  avec le GO. Les tolérances sont respectées. Les éventuelles re- prises sont à la charge du carreleur.,['17-06-2014'],"[52, 53]","[264, 272]",8,CERGNUL
 confirmer hauteur de plinthe pour définir hauteur socle casiers,['11-02-2014'],[28],[154],3,CERGNUL
 constat effectué des réservations de caniveaux avec le GO. Les tolérances sont respectées. Les éven- tuelles reprises sont à la charge du carreleur,['29-07-2014'],[55],[287],7,CERGNUL
 constat effectué des réservations de caniveaux avec le GO. Les tolérances sont respectées. Les éven- tuelles reprises sont à la charge du carreleur Mairie d’AUBY – Réhabilitation et extension de la piscine municipale – CR 54 120814.doc 5 Pour action Observations,['29-07-2014'],[54],[280],8,CERGNUL
" dans podium MNS, relevé aligné sur relevé des plages",['28-10-2014'],[65],[354],3,CERGNUL
" dans sanitaires douches, aligner haut faïence à +2,26 en périphérie (alignement avec les ouvertures sur vestiaires et hall bassins) et à 2,20 sur les murs de refends",['09-09-2014'],"[58, 59]","[308, 315]",1,CERGNUL
 diffuser dossier technique pour validation à DRD et SOCOTEC,['03-06-2014'],[44],[220],7,CERGNUL
" douche personnel, pente vers siphon central",['01-07-2014'],"[48, 49]","[238, 244]",10,CERGNUL
 effectuer nettoyage extérieur Mairie d’AUBY – Réhabilitation et extension de la piscine municipale – CR 63 141014.doc 5 Pour action Observations,['14-10-2014'],[63],[340],6,CERGNUL
 emmarchement accès podium MNS à reprendre en carreau droit (supprimer ¼ de rond et aligner les plinthes et les marches),['28-10-2014'],[65],[354],4,CERGNUL
 faire carrelage sur habillage bois angle remise en forme,['12-11-2014'],"[67, 68, 69]","[366, 372, 378]",6,CERGNUL
 faire coupe blanche sur quai côté bassin,['28-10-2014'],[65],[354],2,CERGNUL
" faire détail sur jardinière, banc, quai, pédiluve, douche",['17-06-2014'],"[46, 47, 48]","[226, 232, 238]",9,CERGNUL
" faire détail sur jardinière, banc, quai, pédiluve, douche. 08/07/14 : pour le 15/07/14",['17-06-2014'],"[49, 50, 51, 52, 53, 54, 55]","[244, 250, 257, 264, 272, 280, 287]",8,CERGNUL
" faire détail sur jardinière, banc, quai, pédiluve, douche. 08/07/14 : pour le 15/07/14 Mairie d’AUBY – Réhabilitation et extension de la piscine municipale – CR 56 260814.doc 5 Pour action Observations",['17-06-2014'],[56],[294],6,CERGNUL
 faire finition autour des grilles de ventilation dans l’espace « galets »,['09-12-2014'],[71],[384],1,CERGNUL
 faire joint souple autour des grilles de ventilation,['09-12-2014'],"[71, 72, 73]","[384, 389, 395]",2,CERGNUL
 faire révision planimétrie carrelages sanitaires public,['30-09-2014'],"[61, 62, 63]","[327, 333, 340]",2,CERGNUL
 faire tracé d’implantation des siphons de sol et évacuation de caniveau pour carottage par BC sous 2 semaines,['18-02-2014'],[29],[160],3,CERGNUL
 faire une proposition pour remplacer la référence CENERE pour la zone pieds chaussés accès groupe. 17/06/14 : CENERE à remplacer par CEMENTO MATT,['10-06-2014'],[46],[226],8,CERGNUL
 faire étude de caniveaux en remplacement des siphons de sol dans les zones douches,['04-03-2014'],"[31, 32, 33, 34, 35, 36]","[172, 178, 184, 190, 196, 202]",3,CERGNUL
 fournir doc sur galets en vrac en non en plaques,['08-07-2014'],[49],[244],11,CERGNUL
" fournir nuancier des grés cérame 2,5x2,5",['25-03-2014'],[34],[190],4,CERGNUL
 fournir plan des décaissés de sol,['26-06-2013'],"[1, 2]","[4, 8]",0,CERGNUL
 fournir plan des décaissés de sol. 10/07/13 : à mettre à jour suivant remarques vues ce jour,['26-06-2013'],[3],[12],0,CERGNUL
 le relevé plinthe + 2 carreaux est valable également sur les 2 faces de la cloison de l’espace bébés,['09-09-2014'],[58],[308],3,CERGNUL
 manque un socle autour canalisations alimentation douches,['21-10-2014'],"[64, 65, 66, 67, 68, 69]","[347, 354, 360, 366, 372, 378]",3,CERGNUL
 mettre protection sur carrelages,['23-09-2014'],[60],[321],2,CERGNUL
 nettoyer étanchéité sur les voiles béton,['23-09-2014'],[60],[321],3,CERGNUL
 plan de réservations sous-sol à transmettre à DR pour le 20/09/13,['17-09-2013'],[10],[47],7,CERGNUL
" prendre garde au respect du niveau +/-0,00 (différent du niveau d’eau)",['20-05-2014'],"[43, 44, 46, 47, 48, 49, 50, 51, 52, 53, 54, 55, 56, 57, 58, 59, 60, 61, 62, 63]","[214, 220, 226, 232, 238, 244, 250, 257, 264, 272, 280, 287, 294, 301, 308, 315, 321, 327, 333, 340]",4,CERGNUL
" présence obligatoire en réunion du 19/08/14 pour mise au point planning. Il est urgent de débuter la pose du carrelage, renforcer les équipes et n’entreprendre un local que lorsque le précédent est terminé",['12-08-2014'],[54],[280],9,CERGNUL
 prévoir décaissé dans chape le long des bassins pour mise en place membrane d’étanchéité,['20-05-2014'],"[43, 44, 46, 47, 48, 49]","[214, 220, 226, 232, 238, 244]",5,CERGNUL
 remontée de carrelages (2 carreaux) en finition lisse MATT,['10-06-2014'],"[46, 47, 48, 49, 50, 51, 52, 53, 54, 55, 56, 57]","[226, 232, 238, 244, 250, 257, 264, 272, 280, 287, 294, 301]",7,CERGNUL
 remplacer un carrelage de plages du bassin ludique pour alignement coupe entre car- relage bleu et carrelage ivoire,['25-11-2014'],[69],[378],6,CERGNUL
 reprendre arrondis sur carrelages sur quais bassin ludique,['04-11-2014'],"[66, 67]","[360, 366]",1,CERGNUL
 reprendre baguettes d’angle du mur du pédiluve côté podium MNS,['04-11-2014'],"[66, 67, 68, 69]","[360, 366, 372, 378]",3,CERGNUL
 réservation dalle au droit des pédiluves 150mm,['17-07-2013'],"[4, 6, 8, 9, 10, 11, 12, 13, 14, 15, 16, 17, 18, 19, 20, 21, 22, 23, 24, 25]","[16, 27, 37, 42, 47, 52, 57, 63, 69, 75, 81, 87, 93, 99, 105, 111, 117, 123, 129, 135]",2,CERGNUL
" sur les quais de bassins, carrelages à bords arrondis en périphérie avec carrelages EBANO et baguette PVC avec faïence (fournir divers échantillons pour validation couleur)",['09-09-2014'],[58],[308],2,CERGNUL
" sur les quais de bassins, carrelages à bords arrondis en périphérie avec carrelages EBANO et baguette PVC avec faïence (fournir divers échantillons pour validation couleur). 16/09/14 : échantillon gris validé",['09-09-2014'],"[59, 60, 61, 62, 63, 64]","[315, 321, 327, 333, 340, 347]",2,CERGNUL
 tapis brosse EMCO 200 Anthracite,['08-07-2014'],[56],[296],5,CERGNUL
 terminer faïence dans sanitaires public,['30-09-2014'],"[61, 62, 63]","[327, 333, 340]",3,CERGNUL
 un carrelage mural dans remise en forme (droite porte local technique) à remplacer pour finir sous faux plafonds,['18-11-2014'],"[68, 69]","[372, 378]",5,CERGNUL
 vérifier disponibilité ¼ de rond rako vert,['17-06-2014'],[46],[226],11,CERGNUL
 vérifier et faire attention à l’alignement et la régularité des joints Mairie d’AUBY – Réhabilitation et extension de la piscine municipale – CR 55 190814.doc 5 Pour action Observations,['19-08-2014'],[55],[287],8,CERGNUL
 à partir du 15/10/14 : effectuer toutes les coupes de carrelages à l’extérieur du bâtiment. 28/10/14 : évacuer le hall bassins,['07-10-2014'],[65],[354],0,CERGNUL
 établir plan de pentes et de réservations pour siphons de sol,['05-11-2013'],[17],[88],2,CERGNUL
 étanchéité sous carrelage sur chape,['10-07-2013'],"[3, 4, 6, 7, 8, 9, 10, 11, 12, 13, 14, 15, 16, 17, 18, 19, 20, 21, 22, 23, 24, 25, 26, 27, 28, 29, 30, 31, 32, 33, 34, 35, 36, 43, 44, 46, 47, 48, 49, 50, 51, 52, 53]","[12, 17, 28, 33, 38, 43, 48, 53, 58, 64, 70, 76, 82, 88, 94, 100, 106, 112, 118, 124, 130, 136, 142, 148, 154, 160, 166, 172, 178, 184, 190, 196, 202, 214, 220, 226, 232, 238, 244, 250, 257, 264, 272]",1,CERGNUL
" au droit des percements et éclats de maçonnerie de l’alcove de l’espace bébé, mettre une lisse porte pa- tères Mairie d’AUBY – Réhabilitation et extension de la piscine municipale – CR 74 130115.doc 4 Pour action Observations",['02-12-2014'],"[74, 75]","[400, 405]",2,NAVIC
 prévoir un mat support de sèche cheveux complémentaire Mairie d’AUBY – Réhabilitation et extension de la piscine municipale – CR 49 080714.doc 5 Pour action Observations,['24-06-2014'],"[49, 57]","[244, 301]",0,NAVIC
 ajouter un élément biais pour cacher les siphons,['02-12-2014'],"[71, 72, 73]","[384, 389, 395]",4,NAVIC
" au droit des percements et éclats de maçonnerie de l’alcove de l’espace bébé, mettre une lisse porte pa- tères",['02-12-2014'],"[71, 72, 73]","[384, 389, 395]",2,NAVIC
 fournir URGENT dimensions casiers casques à SRCM,['16-09-2014'],[59],[315],1,NAVIC
 fournir plan de socle,['26-06-2013'],"[1, 2, 3, 4]","[4, 8, 12, 17]",0,NAVIC
 manque une barre PMR sur porte sanitaire public entrée,['16-12-2014'],"[72, 73, 74, 75]","[389, 395, 400, 405]",5,NAVIC
 mettre profil PVC entre cabines et voile BA au-dessus du relevé carrelé,['30-09-2014'],"[61, 62, 63, 64, 65, 66, 67, 68, 69, 71, 72, 73, 74, 75]","[327, 333, 341, 347, 354, 360, 366, 372, 378, 384, 389, 395, 400, 405]",1,NAVIC
 mettre tablette dessus colonne sèche cheveux,['02-12-2014'],"[71, 72, 73, 74, 75]","[384, 389, 395, 400, 405]",3,NAVIC
 mettre à jour plan de socle et plans d’exécution selon plans architecte modifiés,['17-09-2013'],"[10, 11]","[48, 53]",0,NAVIC
 mettre à jour plan de socle et plans d’exécution selon plans architecte modifiés. 01/10/13 : pour le 15/10/13,['17-09-2013'],"[12, 13, 14, 15, 16, 17, 18, 19, 20, 21, 22, 23, 24, 25]","[58, 64, 70, 76, 82, 88, 94, 100, 106, 112, 118, 124, 130, 136]",0,NAVIC
 mettre à jour plan de socle et plans d’exécution selon plans architecte modifiés. 01/10/13 : pour le 15/10/13. 21/01/14 : pour le 31/01/14 dernier délai,['17-09-2013'],"[26, 27]","[142, 148]",0,NAVIC
 payer le compte prorata,['23-09-2014'],[60],[321],1,NAVIC
 prévoir l’encoffrement des nourrices,['14-10-2014'],"[63, 65, 66, 67, 68, 69, 71, 72, 73, 74, 75]","[341, 354, 360, 366, 372, 378, 384, 389, 395, 400, 405]",2,NAVIC
 prévoir l’encoffrement des nourrices Mairie d’AUBY – Réhabilitation et extension de la piscine municipale – CR 64 211014.doc 5 Pour action Observations,['14-10-2014'],[64],[347],2,NAVIC
 prévoir un mat support de sèche cheveux complémentaire,['24-06-2014'],"[47, 48, 50, 51, 52, 53, 54, 55, 56, 58, 59, 61, 62, 63, 64, 65, 66, 67, 68]","[232, 238, 250, 257, 264, 272, 281, 288, 295, 308, 315, 327, 333, 341, 347, 354, 360, 366, 372]",0,NAVIC
 prévoir un mat support de sèche cheveux complémentaire. 23/09/14 : fournir le devis URGENT,['24-06-2014'],[60],[321],0,NAVIC
 supprimer les traverses en parties hautes de colonnes de sèches cheveux,['25-11-2014'],[69],[378],2,NAVIC
 veiller à respecter le tri des bennes et à ne pas entreposer à côté des bennes,['23-09-2014'],[60],[321],2,NAVIC
 Evacuer les gaines et tubes aciers qui sont stockés en espaces verts,['22-07-2014'],"[51, 52, 53]","[258, 265, 273]",11,MISSENARD QUINT B
 confirmer date prévisible de passage bureau de contrôle pour établissement DRE. 07/10/14 : pro- grammé le 28/10/14,['23-09-2014'],"[62, 63, 64]","[334, 341, 348]",5,MISSENARD QUINT B
 confirmer les puissances électriques. 17/07/13 : rappel,['26-06-2013'],"[4, 6, 7, 8, 9, 10, 11]","[17, 28, 33, 38, 44, 49, 54]",0,MISSENARD QUINT B
 panneaux rayonnants suivront la pente de la charpente et seront fixés par câbles. 29/10/13 : les pan- neaux rayonnants seront posés entre poutre au plus haut,['15-10-2013'],"[16, 17, 18, 19, 20]","[82, 88, 94, 100, 106]",4,MISSENARD QUINT B
 panneaux rayonnants suivront la pente de la charpente et seront fixés par câbles. 29/10/13 : les pan- neaux rayonnants seront posés entre poutre au plus haut. 03/12/13 : faire coupe de principe de fixation avec com- plexe charpente / couverture,['15-10-2013'],"[21, 23]","[112, 125]",1,MISSENARD QUINT B
 plan de radiateurs à revoir selon indications de ce jour Mairie d’AUBY – Réhabilitation et extension de la piscine municipale – CR 19 191113.doc 5 Pour action Observations,['19-11-2013'],"[19, 20, 21]","[100, 106, 112]",5,MISSENARD QUINT B
 prévoir compteur homologué de marque ITRON sur circuit constant bassins et comp- teur d’énergie,['11-03-2014'],"[32, 34]","[179, 190]",4,MISSENARD QUINT B
 raccord zag en partie haute de la chaufferie sur le côté de la cour de service au- dessus de l’espace vert,['10-09-2013'],"[9, 10, 11, 12, 13, 14, 15, 16, 17, 18, 19, 20, 21, 22, 23, 24, 25, 26, 27, 28, 29, 30, 31, 32, 33, 35, 43, 46, 47, 48, 49]","[44, 49, 54, 58, 64, 70, 76, 82, 88, 94, 100, 106, 112, 118, 125, 131, 136, 142, 148, 154, 161, 167, 173, 179, 184, 196, 215, 227, 233, 239, 245]",4,MISSENARD QUINT B
 raccord zag en partie haute de la chaufferie sur le côté de la cour de service au-dessus de l’espace vert Mairie d’AUBY – Réhabilitation et extension de la piscine municipale – CR 34 250314.doc 5 Pour action Observations,['10-09-2013'],"[34, 36, 44]","[190, 202, 220]",0,MISSENARD QUINT B
 raccordement gaz non réalisé car chaudières non prêtes à être mise en service. Préci- ser une date de mise en service semaine 49,['04-11-2014'],"[66, 67, 68]","[360, 366, 372]",6,MISSENARD QUINT B
" radiateur blanc RAL9010 sauf hall d’entrée, RAL7012 sur façade, RAL7016 dans es- pace poussettes",['27-05-2014'],"[43, 44, 46, 47, 48, 49, 50, 51, 52, 53, 54, 55, 56, 57, 58, 59, 60, 61, 62, 63]","[215, 220, 227, 233, 239, 245, 251, 258, 265, 273, 281, 288, 295, 302, 309, 316, 321, 328, 334, 341]",8,MISSENARD QUINT B
 radiateurs au droit banque d’accueil à alimenter en cuivre rigide depuis la gaine technique Mairie d’AUBY – Réhabilitation et extension de la piscine municipale – CR 27 280114.doc 5 Pour action Observations,['07-01-2014'],"[27, 28]","[148, 154]",1,MISSENARD QUINT B
 remplacer attentes PVC par une attente cuivre pour le générateur de vapeur du ham- mam,['23-09-2014'],"[60, 61, 62, 63, 64, 65, 66, 67, 68, 69, 71, 72, 73, 74]","[321, 328, 334, 341, 348, 354, 360, 366, 372, 378, 384, 389, 395, 401]",4,MISSENARD QUINT B
 voir avec EAS et DRD/BERIM reprise synthèse local technique au droit canalisations évacuations EU et la- vage filtre,['15-07-2014'],"[50, 51, 52, 53, 54, 55, 56, 57, 58, 59, 60, 61, 62, 63, 64, 65]","[251, 258, 265, 273, 281, 288, 295, 302, 309, 316, 321, 328, 334, 341, 348, 354]",9,MISSENARD QUINT B
" voir pour modifier le passage des gaines entre le bassin d’apprentissage et le VS, et entre le bassin sportif et le bassin d’apprentissage, en utilisant le VS sous sauna pour le pas- sage de certaines gaines",['02-07-2013'],"[2, 3]","[8, 12]",2,MISSENARD QUINT B
 voir pour rideau d’air chaud encastré dans plénum du sas (environ 40cm). 04/03/14 : transmettre docu- mentation à BERIM pour validation,['25-02-2014'],"[31, 32]","[173, 179]",3,MISSENARD QUINT B
 accord pour piquage sur conduit de fumées pour VH,['08-04-2014'],"[36, 43, 44]","[202, 215, 220]",7,MISSENARD QUINT B
" accord sur pieds de radiateurs présentés, à fixer sur dalle brute",['15-07-2014'],"[50, 51, 52, 53, 54]","[251, 258, 265, 273, 281]",7,MISSENARD QUINT B
" accord sur pieds de radiateurs présentés, à fixer sur dalle brute. 19/08/14 : découper chape pour pose pieds de radiateur sur dalle brute",['15-07-2014'],"[55, 56, 57, 58]","[288, 295, 302, 309]",3,MISSENARD QUINT B
 alimentation en eau du bâtiment en ∅110,['17-06-2014'],"[46, 47, 48, 49, 50, 51, 52, 53]","[227, 233, 239, 245, 251, 258, 265, 273]",8,MISSENARD QUINT B
" attention à respecter les ouvrages des autres corps d’état (socles casiers, menuiseries alu)",['03-06-2014'],"[44, 46]","[220, 227]",7,MISSENARD QUINT B
" attention, vérifier que les courants faibles ne soient pas passés avec les courants forts dans les chemins de câbles de DEVRED",['28-10-2014'],[65],[354],6,MISSENARD QUINT B
 confirmer date de mise en eau des circuits de chauffage,['14-10-2014'],[63],[341],10,MISSENARD QUINT B
 confirmer date prévisible de passage bureau de contrôle pour établissement DRE,['23-09-2014'],"[60, 61]","[321, 328]",6,MISSENARD QUINT B
 confirmer la puissance électrique du rideau d’air chaud,['01-04-2014'],[35],[196],6,MISSENARD QUINT B
 confirmer les coefficients d’isolation retenus pour le calcul de déperditions pour vé- rification et validation des isolants dus au lot clos couvert,['08-10-2013'],[13],[64],5,MISSENARD QUINT B
 confirmer les dimensions de la nourrice de chauffage Mairie d’AUBY – Réhabilitation et extension de la piscine municipale – CR 13 081013.doc 5 Pour action Observations,['08-10-2013'],[13],[64],6,MISSENARD QUINT B
 confirmer les puissances électriques,['26-06-2013'],"[1, 2, 3]","[4, 8, 12]",0,MISSENARD QUINT B
 confirmer l’absence de canalisations M1 <125mm en traversées de paroi ou  canalisa- tions en charge,['16-09-2014'],[59],[316],6,MISSENARD QUINT B
 confirmer à DEVRED les puissances électriques et les implantations,['03-06-2014'],[44],[220],8,MISSENARD QUINT B
" dans les bacs tampon, supportage et fixation des canalisations en nylon ou PVC",['01-04-2014'],"[35, 36, 43, 44, 46, 47, 48, 49, 50, 51, 52, 53, 54, 55, 56, 57, 58, 59, 60, 61, 62, 63]","[196, 202, 215, 220, 227, 233, 239, 245, 251, 258, 265, 273, 281, 288, 295, 302, 309, 316, 321, 328, 334, 341]",7,MISSENARD QUINT B
" dernier rappel, nettoyer sous-sol avec BC, EAS et DEVRED",['16-12-2014'],"[72, 73, 74, 75]","[389, 395, 401, 406]",5,MISSENARD QUINT B
 décaler radiateur en dehors emprise plan vasque dans vestiaires personnel hommes,['21-10-2014'],"[64, 65, 66]","[348, 354, 360]",6,MISSENARD QUINT B
 extraction bac tampon 800m3/h,['02-07-2013'],"[2, 3, 4, 6, 7, 8, 9, 10, 11, 12, 13, 14, 15, 16, 17, 18, 19]","[8, 12, 17, 28, 33, 38, 44, 49, 54, 58, 64, 70, 76, 82, 88, 94, 100]",3,MISSENARD QUINT B
 faire croqus des traversées de charpente souhaitée pour passage des réseaux de chauffage pour soumettre à BC-MARGUERON,['14-01-2014'],[25],[136],2,MISSENARD QUINT B
 faire détail de la grille dans le banc sur plage sportif (réservation pour pose de la grille),['25-02-2014'],"[30, 31, 32]","[167, 173, 179]",2,MISSENARD QUINT B
 faire modification nourrice chauffage dans sanitaires publics,['30-09-2014'],"[61, 62, 63, 64]","[328, 334, 341, 348]",7,MISSENARD QUINT B
 faire nettoyage des regards et caniveaux en locaux techniques,['25-11-2014'],"[69, 71, 72, 73, 74]","[378, 384, 389, 395, 401]",6,MISSENARD QUINT B
 faire nettoyage galeries techniques,['15-07-2014'],"[50, 51, 52, 53]","[251, 258, 265, 273]",5,MISSENARD QUINT B
 faire nettoyage sous-sol,['19-08-2014'],"[55, 56, 57, 58]","[288, 295, 302, 309]",5,MISSENARD QUINT B
 faire nettoyage sous-sol le 19/09/14 avec MQB et DEVRED,['16-09-2014'],[59],[316],4,MISSENARD QUINT B
 faire réponse VISA BERIM plomberie du 23/12/13,['14-01-2014'],[26],[142],2,MISSENARD QUINT B
 faire réponse VISA BERIM plomberie du 23/12/13 Mairie d’AUBY – Réhabilitation et extension de la piscine municipale – CR 25 140114.doc 5 Pour action Observations,['14-01-2014'],[25],[136],3,MISSENARD QUINT B
 faire réponse à la note de BERIM,['15-07-2014'],"[50, 51, 52, 53]","[251, 258, 265, 273]",8,MISSENARD QUINT B
 fournir dimensions des cours anglaises de ventilation,['17-07-2013'],"[4, 6, 7]","[17, 28, 33]",3,MISSENARD QUINT B
 fournir dimensions des cours anglaises de ventilation. 03/09/13 : dimensions architecte con- firmées par entreprise,['17-07-2013'],[8],[38],2,MISSENARD QUINT B
 fournir la cage d’ancrage du conduit de fumées pour le 23/09/13,['03-09-2013'],"[8, 9]","[38, 44]",3,MISSENARD QUINT B
 fournir la cage d’ancrage du conduit de fumées pour le 23/09/13. 17/09/13 : confirmer la date de li- vraison du conduit de fumées. 24/09/13 : livraison prévue 1 ère semaine d’octobre,['03-09-2013'],"[11, 12, 13]","[54, 58, 64]",2,MISSENARD QUINT B
 fournir la cage d’ancrage du conduit de fumées pour le 23/09/13. 17/09/13 : confirmer la date de li- vraison du conduit de fumées. 24/09/13 : livraison prévue 1 ère semaine d’octobre. 15/10/13 : fait ce jour,['03-09-2013'],[14],[70],1,MISSENARD QUINT B
 fournir la cage d’ancrage du conduit de fumées pour le 23/09/13. 17/09/13 : confirmer la date de livraison du conduit de fumées,['03-09-2013'],[10],[49],2,MISSENARD QUINT B
 fournir plan de découpe des vasques,['07-10-2014'],[62],[334],8,MISSENARD QUINT B
 fournir plan de découpe des vasques. 14/10/14 : URGENT,['07-10-2014'],[63],[341],8,MISSENARD QUINT B
 fournir plan de socles local techniques : URGENT pour le 26/11/13,['19-11-2013'],"[19, 20]","[100, 106]",4,MISSENARD QUINT B
" gaine entre les 2 bassins à décaler de 20cm, en augmentant la hauteur et en dimi- nuant la largeur",['17-07-2013'],[4],[17],4,MISSENARD QUINT B
" galeries techniques considérées comme le volume du hall des bassins, coupe feu restitué au droit du JD. Prévoir manchon coupe feu sur les réseaux d’évacuation traversant le JD",['10-09-2013'],"[9, 10, 11, 12, 13, 14, 15, 16, 17, 18, 19]","[44, 49, 54, 58, 64, 70, 76, 82, 88, 94, 100]",5,MISSENARD QUINT B
 grille sur menuiserie alu intérieure à peindre en RAL7012,['12-11-2014'],"[67, 68, 69, 71, 72, 73, 74]","[366, 372, 378, 384, 389, 395, 401]",9,MISSENARD QUINT B
 mettre obturation sur PVC évacuation en attente,['18-03-2014'],"[33, 34]","[184, 190]",4,MISSENARD QUINT B
 mettre une grille CF dans plafond coupe feu du local entretien,['28-10-2014'],"[65, 66, 67, 68]","[354, 360, 366, 372]",7,MISSENARD QUINT B
 mettre à jour plan de réservation élévations RDC Mairie d’AUBY – Réhabilitation et extension de la piscine municipale – CR 26 210114.doc 5 Pour action Observations,['21-01-2014'],[26],[142],3,MISSENARD QUINT B
 modifier alimentation en eau pour raccordement définitif du bâtiment,['04-11-2014'],[66],[360],8,MISSENARD QUINT B
 modifier attentes évacuation distributeurs pour décaler hors cloison,['15-07-2014'],"[50, 51, 52, 53]","[251, 258, 265, 273]",6,MISSENARD QUINT B
 modifier implantation filetage sur alimentation douche PMR (hors surbot),['04-11-2014'],"[66, 67]","[360, 366]",7,MISSENARD QUINT B
 modifier réservation grille reprise dans voile au droit local matériel donnant sur plage,['17-12-2013'],[23],[125],4,MISSENARD QUINT B
 nourrice chauffage dans le sanitaire C3 le long du voile sur hall bassin et dans local matériel entretien. Fournir réservation sur mise à jour plan réservations sous-sol,['15-10-2013'],"[14, 15, 16, 17, 18]","[70, 76, 82, 88, 94]",5,MISSENARD QUINT B
 panneaux rayonnants suivront la pente de la charpente et seront fixés par câbles,['15-10-2013'],[15],[76],5,MISSENARD QUINT B
 panneaux rayonnants suivront la pente de la charpente et seront fixés par câbles Mairie d’AUBY – Réhabilitation et extension de la piscine municipale – CR 14 151013.doc 5 Pour action Observations,['15-10-2013'],[14],[70],6,MISSENARD QUINT B
 panneaux rayonnants suivront la pente de la charpente et seront fixés par câbles. 29/10/13 : les pan- neaux rayonnants seront posés entre poutre au plus haut. 03/12/13 : faire coupe de principe de fixation avec com- plexe charpente / couverture Mairie d’AUBY – Réhabilitation et extension de la piscine municipale – CR 22 101213.doc 5 Pour action Observations,['15-10-2013'],[22],[118],1,MISSENARD QUINT B
 plan attentes électriques Traitement d’Eau pour le 25/09/13,['24-09-2013'],[11],[54],5,MISSENARD QUINT B
 plan de radiateurs à revoir selon indications de ce jour,['19-11-2013'],"[22, 23]","[118, 125]",2,MISSENARD QUINT B
 prendre cote pour les vasques,['07-10-2014'],"[62, 63]","[334, 341]",9,MISSENARD QUINT B
 problème canalisations au-dessus des trous d’homme des filtres. Dévoyer les canalisa- tions concernées en les écartant vers les bacs tampon Mairie d’AUBY – Réhabilitation et extension de la piscine municipale – CR 35 010414.doc 5 Pour action Observations,['01-04-2014'],[35],[196],5,MISSENARD QUINT B
 prolonger fourreaux autour canalisations de chauffage au droit nourrice,['15-07-2014'],"[50, 51, 52, 53]","[251, 258, 265, 273]",4,MISSENARD QUINT B
 préciser si des sorties en toiture sont à prévoir Mairie d’AUBY – Réhabilitation et extension de la piscine municipale – CR 12 011013.doc 5 Pour action Observations,['01-10-2013'],[12],[58],5,MISSENARD QUINT B
 préparer boites de sol selon relevé à fournir par CERGNUL. 27/05/14 : à livrer sur site + une grille,['15-04-2014'],[43],[215],7,MISSENARD QUINT B
 préparer dossier matériel pour VISA pour le 18/10/13,['24-09-2013'],"[11, 12, 13, 14, 15]","[54, 58, 64, 70, 76]",6,MISSENARD QUINT B
" préparer dossier technique, formuler réponse et prendre contact avec BERIM pour la plomberie",['26-11-2013'],[20],[106],4,MISSENARD QUINT B
 prévoir compteur homologué de marque ITRON sur circuit constant bassins et compteur d’énergie Mairie d’AUBY – Réhabilitation et extension de la piscine municipale – CR 33 180314.doc 5 Pour action Observations,['11-03-2014'],[33],[184],2,MISSENARD QUINT B
 prévoir gaine en extraction hammam (hors marché),['18-03-2014'],"[33, 34, 35, 36, 43, 44, 46, 47, 48, 49, 50, 51, 52, 53, 54, 55, 56, 57, 58, 59, 61, 62, 63, 64, 65, 66, 67, 68]","[184, 190, 196, 202, 215, 220, 227, 233, 239, 245, 251, 258, 265, 273, 281, 288, 295, 302, 309, 316, 328, 334, 341, 348, 354, 360, 366, 372]",6,MISSENARD QUINT B
 prévoir gaine en extraction hammam (hors marché) Mairie d’AUBY – Réhabilitation et extension de la piscine municipale – CR 60 230914.doc 5 Pour action Observations,['18-03-2014'],[60],[321],0,MISSENARD QUINT B
 prévoir reprise des trop pleins et vidanges des 2 pédiluves intérieurs,['11-03-2014'],"[32, 33, 34, 35, 36, 43, 44, 46]","[179, 184, 190, 196, 202, 215, 220, 227]",5,MISSENARD QUINT B
 prévoir robinet de puisage dans placard technique hammam sur le tableau de la porte,['04-11-2014'],"[66, 67, 68, 69, 71, 72, 73, 74]","[360, 366, 372, 378, 384, 389, 395, 401]",10,MISSENARD QUINT B
 raccordement gaz non réalisé car chaudières non prêtes à être mise en service. Préciser une date de mise en service semaine 49. 25/11/14 : décalage d’intervention semaine 2,['04-11-2014'],[69],[378],2,MISSENARD QUINT B
 raccordement gaz non réalisé car chaudières non prêtes à être mise en service. Préciser une date de mise en service semaine 49. 25/11/14 : décalage d’intervention semaine 2. 02/12/14 : date recalée au 07/01/15,['04-11-2014'],"[71, 72, 73, 74]","[384, 389, 395, 401]",1,MISSENARD QUINT B
 radiateurs au droit banque d’accueil à alimenter en cuivre rigide depuis la gaine technique,['07-01-2014'],"[24, 25, 26, 29, 30, 31, 32, 33, 34, 35, 36, 43]","[131, 136, 142, 161, 167, 173, 179, 184, 190, 196, 202, 215]",1,MISSENARD QUINT B
 rdv le 19/12/13 à 15h00 chez BERIM,['10-12-2013'],"[22, 23]","[118, 125]",3,MISSENARD QUINT B
 recouper résilient autour des gaines après calfeutrement au droit du béton,['10-06-2014'],[46],[227],7,MISSENARD QUINT B
 renforcer supportage réseau eau dans galerie technique aux angles bassin ludique,['18-03-2014'],"[33, 34, 35, 36, 43, 44, 46]","[184, 190, 196, 202, 215, 220, 227]",5,MISSENARD QUINT B
 reprendre les alimentations des panneaux rayonnants de la zone vestiaires,['28-11-2014'],"[65, 66]","[354, 360]",5,MISSENARD QUINT B
 réaliser alimentation douches des personnels dans l’angle des voiles,['01-04-2014'],"[35, 36]","[196, 202]",8,MISSENARD QUINT B
 réduire les bras morts sur alimentation des douches,['12-11-2014'],[67],[366],8,MISSENARD QUINT B
 supprimer attente en eau au sol dans hammam,['04-11-2014'],"[66, 67, 68, 69]","[360, 366, 372, 378]",9,MISSENARD QUINT B
 tenir compte des remarques de DR sur les réservations demandées notamment celle au droit du se- crétariat. Confirmer vos plans de réservations à BC,['03-09-2013'],[9],[44],3,MISSENARD QUINT B
 tenir compte des remarques de DR sur les réservations demandées notamment celle au droit du secrétariat. Confirmer vos plans de réservations à BC Mairie d’AUBY – Réhabilitation et extension de la piscine municipale – CR 08 030913.doc 5 Pour action Observations,['03-09-2013'],[8],[38],4,MISSENARD QUINT B
 terminer tous les calfeutrements,['30-09-2014'],"[61, 62, 63]","[328, 334, 341]",8,MISSENARD QUINT B
 terminer tous les calfeutrements. 21/10/14 : concerne la plomberie,['30-09-2014'],"[64, 65, 66, 67, 68, 69]","[348, 354, 360, 366, 372, 378]",5,MISSENARD QUINT B
 transmettre la date du test d’étanchéité de la gaine de ventilation en sous-sol.,['22-07-2014'],"[51, 52]","[258, 265]",10,MISSENARD QUINT B
 transmettre la date du test d’étanchéité de la gaine de ventilation en sous-sol. A prévoir début septembre 2014,['22-07-2014'],[53],[273],10,MISSENARD QUINT B
 transmettre la date du test d’étanchéité de la gaine de ventilation en sous-sol. A prévoir début septembre 2014. 12/08/14 : test le 13/08/14 à 14h00,['22-07-2014'],[54],[281],5,MISSENARD QUINT B
 transmettre les résultats du test d’étanchéité de la gaine de ventilation,['02-09-2014'],"[57, 58]","[302, 309]",6,MISSENARD QUINT B
 voir avec SOCOTEC le tracé des ventilations de bacs tampon et les zones coupe feu,['02-07-2013'],"[2, 3, 4, 6, 7]","[8, 12, 17, 28, 33]",1,MISSENARD QUINT B
 voir pour rideau d’air chaud encastré dans plénum du sas (environ 40cm),['25-02-2014'],[30],[167],3,MISSENARD QUINT B
 vérifier hauteur des bâtis support WC URGENT,['23-09-2014'],"[60, 61]","[321, 328]",5,MISSENARD QUINT B
 vérifier plan de socles sous-sol,['04-03-2014'],[31],[173],4,MISSENARD QUINT B
 vérifier section dans bardage bois,['16-09-2014'],[59],[316],5,MISSENARD QUINT B
 AU dans podium MNS,['01-07-2014'],"[48, 49, 50, 51, 52, 53, 54, 55, 56, 57, 58, 59, 60, 61, 62, 63, 64, 66]","[239, 245, 251, 258, 265, 273, 281, 288, 295, 302, 309, 316, 322, 328, 334, 341, 348, 360]",0,EAU AIR SYSTEME
 AU dans podium MNS Mairie d’AUBY – Réhabilitation et extension de la piscine municipale – CR 65 281014.doc 5 Pour action Observations,['01-07-2014'],[65],[354],0,EAU AIR SYSTEME
 attente eau froide dans la chaufferie,['26-08-2014'],"[56, 57, 58, 59, 60, 61, 62, 63, 64, 65, 66, 67, 68]","[295, 302, 309, 316, 322, 328, 334, 341, 348, 354, 360, 366, 372]",2,EAU AIR SYSTEME
 confirmer date prévisible de passage bureau de contrôle pour établissement DRE,['23-09-2014'],"[60, 61, 62, 63, 64, 65, 66, 67, 68]","[322, 328, 334, 341, 348, 354, 360, 366, 372]",3,EAU AIR SYSTEME
 confirmer la puissance électrique de la pompe de relevage,['22-10-2013'],"[15, 16, 17, 19, 20, 21, 22, 23, 24]","[76, 82, 88, 101, 107, 113, 119, 125, 131]",0,EAU AIR SYSTEME
 confirmer la puissance électrique de la pompe de relevage Mairie d’AUBY – Réhabilitation et extension de la piscine municipale – CR 18 121113.doc 5 Pour action Observations,['22-10-2013'],[18],[94],0,EAU AIR SYSTEME
 confirmer les débits de filtration pour le 05/07/13,['02-07-2013'],[2],[8],0,EAU AIR SYSTEME
 confirmer les puissances électriques,['26-06-2013'],[1],[4],0,EAU AIR SYSTEME
 confirmer les surfaces utiles des grilles de ventilations du local chlore,['03-09-2013'],[8],[39],2,EAU AIR SYSTEME
 confirmer l’absence de canalisations M1 <125mm en traversées de paroi ou  canalisa- tions en charge,['16-09-2014'],[59],[316],4,EAU AIR SYSTEME
 confirmer à DEVRED les puissances électriques et les implantations,['03-06-2014'],[44],[221],0,EAU AIR SYSTEME
" dernier rappel, nettoyer sous-sol avec BC, MQB et DEVRED",['16-12-2014'],"[72, 73, 74, 75]","[389, 395, 401, 406]",1,EAU AIR SYSTEME
 débit de rejet sur réseaux d’assainissement à fournir à EJL,['02-07-2013'],"[2, 3, 4, 7, 8, 9, 10, 11, 12, 13, 14]","[8, 12, 17, 33, 39, 44, 49, 54, 59, 65, 71]",1,EAU AIR SYSTEME
 débit de rejet sur réseaux d’assainissement à fournir à EJL Mairie d’AUBY – Réhabilitation et extension de la piscine municipale – CR 06 210813.doc 5 Pour action Observations,['02-07-2013'],[6],[28],0,EAU AIR SYSTEME
 faire crosse air dans gaine maçonnée,['01-07-2014'],"[48, 49, 50, 51, 52, 53, 54, 55]","[239, 245, 251, 258, 265, 273, 281, 288]",1,EAU AIR SYSTEME
 faire nettoyage des regards et caniveaux en locaux techniques,['25-11-2014'],"[69, 71, 72, 73, 74]","[378, 384, 389, 395, 401]",0,EAU AIR SYSTEME
 faire nettoyage galeries techniques,['15-07-2014'],"[50, 51, 52, 53]","[251, 258, 265, 273]",2,EAU AIR SYSTEME
 faire nettoyage sous-sol,['19-08-2014'],[55],[288],3,EAU AIR SYSTEME
 faire nettoyage sous-sol le 19/09/14 avec MQB et DEVRED,['16-09-2014'],[59],[316],3,EAU AIR SYSTEME
 fournir doc déchloraminateur pour complément dossier ARS,['25-11-2014'],[69],[378],1,EAU AIR SYSTEME
 fournir plan de socles local techniques : URGENT pour le 26/11/13,['19-11-2013'],"[19, 20]","[101, 107]",1,EAU AIR SYSTEME
 les tranchées pour réseaux enterrés ont été remblayé par BC Nord,['03-12-2013'],"[21, 22, 23, 24]","[113, 119, 125, 131]",1,EAU AIR SYSTEME
 plan attentes électriques CVC-plomberie pour le 25/09/13,['24-09-2013'],[11],[54],2,EAU AIR SYSTEME
 préparer dossier matériel pour VISA pour le 18/10/13,['24-09-2013'],"[11, 12, 13, 14]","[54, 59, 65, 71]",3,EAU AIR SYSTEME
 prévoir pose réseaux d’aspiration de fond du bassin d’apprentissage pendant les terrassements,['28-08-2013'],"[8, 9, 10, 11, 12, 13, 14]","[39, 44, 49, 54, 59, 65, 71]",1,EAU AIR SYSTEME
 prévoir pose réseaux d’aspiration de fond du bassin d’apprentissage pendant les terrassements Mairie d’AUBY – Réhabilitation et extension de la piscine municipale – CR 07 280813.doc 5 Pour action Observations,['28-08-2013'],[7],[33],1,EAU AIR SYSTEME
 prévoir tout ce qui concerne la production de chaleur et de vapeur pour les sauna et hammam,['01-10-2013'],"[12, 14]","[59, 71]",3,EAU AIR SYSTEME
 prévoir tout ce qui concerne la production de chaleur et de vapeur pour les sauna et hammam. 08/10/13 : confirmer les puissances électriques nécessaires,['01-10-2013'],[13],[65],3,EAU AIR SYSTEME
" réseau aspiration fond bassin sportif à caler à – 2,99/0,00 fil d’eau au droit de la pé- nétration sous bassin",['26-11-2013'],[20],[107],2,EAU AIR SYSTEME
 terminer tous les calfeutrements,['30-09-2014'],"[61, 62, 63, 64, 65, 66]","[328, 334, 341, 348, 354, 360]",4,EAU AIR SYSTEME
 terminer tous les calfeutrements Mairie d’AUBY – Réhabilitation et extension de la piscine municipale – CR 67 121114.doc 5 Pour action Observations,['30-09-2014'],[67],[366],2,EAU AIR SYSTEME
 voir avec MQB et DRD/BERIM reprise synthèse local technique au droit canalisations évacuations EU et lavage filtre,['15-07-2014'],"[50, 51, 52, 53, 54, 55, 56, 57, 58, 59, 60, 61, 62, 63, 64, 65]","[251, 258, 265, 273, 281, 288, 295, 302, 309, 316, 322, 328, 334, 341, 348, 354]",3,EAU AIR SYSTEME
" établir devis pour fourniture, pose et raccordement pompe sur récupération sur PAC comme proposé par SLC",['15-07-2014'],"[50, 51, 52, 53]","[251, 258, 265, 273]",4,EAU AIR SYSTEME
 2 sèche cheveux isolés à regrouper sur un mat complémentaire en conservant un pas- sage de 140cm avec le banc béton,['24-06-2014'],"[47, 48, 49, 50, 51, 52, 53, 54, 55, 56, 57, 58, 59, 60, 61, 62, 63, 64, 65, 66, 67, 68, 69]","[233, 239, 245, 251, 258, 265, 273, 281, 288, 295, 302, 309, 316, 322, 328, 334, 341, 348, 355, 360, 367, 372, 378]",6,DANIEL DEVRED SAS
" appareils d’éclairage dans administration posés à 2,00m, cheminant du câblage dans l’épaisseur du pla- fond",['07-10-2014'],"[62, 63, 64]","[334, 341, 348]",9,DANIEL DEVRED SAS
 bilan de puissance électrique traitement d’eau environ 70kW (valeur précise à con- firmer) + 3 pompes de relevage depuis le TGBT,['02-07-2013'],"[2, 3, 4, 6, 7, 8, 9, 10, 11]","[8, 12, 17, 29, 34, 39, 44, 49, 54]",0,DANIEL DEVRED SAS
 faire un essai pour validation de pose DM hall bassins. 12/08/14 : à positionner sur intérieur tableau. 19/08/14 : avec percement perpendiculairement au béton. 26/08/14 : validé avec joint acrylique entre béton et gou- lotte PVC,['15-07-2014'],"[56, 57, 58, 59, 60, 61, 62, 63]","[295, 302, 309, 316, 322, 328, 334, 341]",6,DANIEL DEVRED SAS
" faire une vérification dans l’ensemble du bâtiment de la bonne finition de tous les équipement (fixations, embouts sur luminaires, vis, …)",['09-12-2014'],"[71, 72, 73, 74, 75]","[384, 389, 395, 401, 406]",5,DANIEL DEVRED SAS
 mettre alimentation provisoire pompe d traitement d’eau,['12-11-2014'],"[67, 68]","[367, 372]",13,DANIEL DEVRED SAS
 prévoir une alimentation pour station de relevage drain + câble bus pour communi- cation défaut sur GTB,['01-10-2013'],"[12, 13, 14, 16, 18, 19, 20, 21, 22, 23, 24, 25, 26, 27, 28, 29, 30, 31, 32, 33, 34, 35, 36, 43, 44, 46, 47, 48, 49, 50, 51, 52, 53, 54, 55, 56, 57, 58, 59, 60, 61, 62, 63, 64, 65, 67, 68]","[59, 65, 71, 82, 95, 101, 107, 113, 119, 125, 131, 137, 143, 149, 155, 161, 167, 173, 179, 185, 191, 197, 203, 215, 221, 227, 233, 239, 245, 251, 258, 265, 273, 281, 288, 295, 302, 309, 316, 322, 328, 334, 341, 348, 355, 367, 372]",2,DANIEL DEVRED SAS
 prévoir une alimentation pour station de relevage drain + câble bus pour communication défaut sur GTB Mairie d’AUBY – Réhabilitation et extension de la piscine municipale – CR 15 221013.doc 5 Pour action Observations,['01-10-2013'],"[15, 17, 66]","[76, 88, 360]",2,DANIEL DEVRED SAS
 revoir étude d’éclairement hall bassin en tenant compte de la charpente et donc revoir positionnement des appareils d’éclairage. Sur ces bases faire une élévation pour validation des im- plantations et cheminements de câbles,['12-08-2014'],"[54, 55]","[281, 288]",10,DANIEL DEVRED SAS
 réaliser alimentation électrique du poêle du sauna par le faux plafond et réaliser sai- gnée dans le béton côté hammam,['23-09-2014'],"[60, 61, 62, 63, 64, 65, 66]","[322, 328, 334, 341, 348, 355, 360]",9,DANIEL DEVRED SAS
" réservation 400x100 AI=-0,60/0,00 pour passage fourreaux contrôle d’accès, qui se- ront posés avant réalisation du plancher sur terre plein",['26-11-2013'],"[20, 21, 22, 23, 24]","[107, 113, 119, 125, 131]",3,DANIEL DEVRED SAS
" Etre présent le 08/08/2014 à 9h, sur site, pour la rencontre avec ERDF. 05/08/14 : Indiquer et réaliser le percement pour la pénétration du réseau FT dans le bâtiment. Mairie d’AUBY – Réhabilitation et extension de la piscine municipale – CR 53 050814 7",['05-08-2014'],[53],[273],14,DANIEL DEVRED SAS
 Reprise d’activité le 28/07/2014,['22-07-2014'],"[51, 52, 53]","[258, 265, 273]",12,DANIEL DEVRED SAS
 Réaliser les différents carrotages.,['29-07-2014'],[52],[265],13,DANIEL DEVRED SAS
 Réaliser les différents carrotages. Fait,['29-07-2014'],[53],[273],13,DANIEL DEVRED SAS
" accord pour percer dalle au-dessus de la banque d’accueil pour poser suspension, câblage cheminant sous moulure sur dalle béton",['07-10-2014'],"[62, 63, 64]","[334, 341, 348]",8,DANIEL DEVRED SAS
 alimentation châssis de désenfumage en 48V à émission,['21-10-2014'],[64],[348],10,DANIEL DEVRED SAS
 alimentation châssis de désenfumage en 48V à émission. 28/10/14 : 230V annoncé ce jour,['21-10-2014'],"[65, 66, 67]","[355, 360, 367]",8,DANIEL DEVRED SAS
 alimentation châssis de désenfumage en 48V à émission. 28/10/14 : 230V annoncé ce jour. 18/11/14 : 24V à émission,['21-10-2014'],[69],[378],4,DANIEL DEVRED SAS
 alimentation châssis de désenfumage en 48V à émission. 28/10/14 : 230V annoncé ce jour. 18/11/14 : 24V à émission Mairie d’AUBY – Réhabilitation et extension de la piscine municipale – CR 68 181114.doc 5 Pour action Observations,['21-10-2014'],[68],[372],6,DANIEL DEVRED SAS
" alimentation rideau d’air chaud en tri, puissance 17,9kW",['08-04-2014'],"[36, 43, 44, 46, 47, 48, 49, 50, 51, 52, 53, 54]","[203, 215, 221, 227, 233, 239, 245, 251, 258, 265, 273, 281]",4,DANIEL DEVRED SAS
 assurer tous les calfeutrements de traversées de parois coupe feu,['09-12-2014'],"[71, 72, 73, 74, 75]","[384, 389, 395, 401, 406]",3,DANIEL DEVRED SAS
" attention à la fermeture des gaines maçonnées, mettre fourreaux ou ficelles pour assu- rer le tirage des câbles ultérieurement",['01-07-2014'],[48],[239],8,DANIEL DEVRED SAS
 bilan de puissance électrique traitement d’eau environ 70kW (valeur précise à confirmer) + 3 pompes de relevage depuis le TGBT. 01/10/13 : puissance traitement d’eau confirmé,['02-07-2013'],"[12, 13, 14]","[59, 65, 71]",0,DANIEL DEVRED SAS
 bilan de puissance électrique traitement d’eau environ 70kW (valeur précise à confirmer) + 3 pompes de relevage depuis le TGBT. 01/10/13 : puissance traitement d’eau confirmé. 22/10/13 : puissance traitement d’eau ramenée à 50kVa,['02-07-2013'],[15],[76],0,DANIEL DEVRED SAS
" compte tenu du nombre de fourreaux débouchant dans le local TGBT, BC réalisera un caniveau dans la dalle (entre les semelles), prévoir un chemin de câble en pied d’armoire pour la remontée des câbles",['15-10-2013'],"[14, 15, 16, 17, 18, 19, 20, 21]","[71, 76, 82, 88, 95, 101, 107, 113]",3,DANIEL DEVRED SAS
 confirmer date prévisible de passage bureau de contrôle pour établissement DRE,['23-09-2014'],"[60, 61, 62]","[322, 328, 334]",10,DANIEL DEVRED SAS
 confirmer date prévisible de passage bureau de contrôle pour établissement DRE. 14/10/14 : RAPPEL,['23-09-2014'],"[63, 64, 65, 66, 67, 68]","[341, 348, 355, 360, 367, 372]",7,DANIEL DEVRED SAS
 confirmer date prévisible de passage bureau de contrôle pour établissement DRE. 14/10/14 : RAPPEL. 25/11/14 : programmé le 28/11/14,['23-09-2014'],[69],[378],3,DANIEL DEVRED SAS
 confirmer dimensions goulotte électrique dans banque d’accueil,['16-09-2014'],"[59, 60]","[316, 322]",9,DANIEL DEVRED SAS
 confirmer dimensions goulotte électrique dans banque d’accueil. 30/09/14 : 130x50,['16-09-2014'],"[61, 62, 63, 64, 65, 66, 67, 68, 69, 71, 72, 73, 74]","[328, 334, 341, 348, 355, 360, 367, 372, 378, 384, 389, 395, 401]",6,DANIEL DEVRED SAS
 confirmer la prise en compte des réservations pour le contrôle d’accès,['22-10-2013'],"[15, 17, 18]","[76, 88, 95]",4,DANIEL DEVRED SAS
 confirmer la prise en compte des réservations pour le contrôle d’accès Mairie d’AUBY – Réhabilitation et extension de la piscine municipale – CR 16 291013.doc 5 Pour action Observations,['22-10-2013'],[16],[82],3,DANIEL DEVRED SAS
 contrôle d’accès locaux personnel par organigramme de clés. Poste électronique à supprimer,['08-07-2014'],"[49, 50, 51, 52, 53, 54, 55, 56, 57, 58, 59, 60]","[245, 251, 258, 265, 273, 281, 288, 295, 302, 309, 316, 322]",7,DANIEL DEVRED SAS
 dans administration accord pour supportage chemin de câble en galva pour minimiser l’emprise,['24-06-2014'],"[47, 48]","[233, 239]",7,DANIEL DEVRED SAS
" dernier rappel, nettoyer sous-sol avec BC, MQB et EAS",['16-12-2014'],"[72, 73, 74, 75]","[389, 395, 401, 406]",3,DANIEL DEVRED SAS
 dernière note de calcul d’éclairement du hall bassin à transmettre à BERIM,['14-10-2014'],"[64, 65]","[348, 355]",9,DANIEL DEVRED SAS
 dernière note de calcul d’éclairement du hall bassin à transmettre à BERIM Mairie d’AUBY – Réhabilitation et extension de la piscine municipale – CR 63 141014.doc 6 Pour action Observations,['14-10-2014'],[63],[341],11,DANIEL DEVRED SAS
 déplacer « proprement » l’interrupteur du local traitement d’eau,['09-09-2014'],"[58, 59, 60, 61, 62, 63]","[309, 316, 322, 328, 334, 341]",10,DANIEL DEVRED SAS
 faire nettoyage galeries techniques,['15-07-2014'],"[50, 51, 52, 53]","[251, 258, 265, 273]",11,DANIEL DEVRED SAS
 faire nettoyage sous-sol,['19-08-2014'],"[55, 56, 57, 58]","[288, 295, 302, 309]",9,DANIEL DEVRED SAS
 faire nettoyage sous-sol le 19/09/14 avec MQB et DEVRED,['16-09-2014'],[59],[316],8,DANIEL DEVRED SAS
" faire plan modifié des cheminements de câbles entre TGBT et divers points de des- serte dans le bâtiment, à valider par BERIM",['03-06-2014'],[44],[221],8,DANIEL DEVRED SAS
 faire proposition d’appareils d’éclairage pour le sauna et le hammam,['11-03-2014'],"[32, 33, 34]","[179, 185, 191]",2,DANIEL DEVRED SAS
 faire reprise placo dans les bureaux administration,['09-12-2014'],[71],[384],4,DANIEL DEVRED SAS
 faire retour sur VISA DR dossier matériel,['14-01-2014'],"[28, 29, 30, 31]","[155, 161, 167, 173]",2,DANIEL DEVRED SAS
 faire retour sur VISA DR dossier matériel + F8 SOCOTEC,['14-01-2014'],"[25, 26, 27]","[137, 143, 149]",2,DANIEL DEVRED SAS
 faire silicone au droit des traversées de zinc en façade sur accès groupe,['28-10-2014'],[65],[355],10,DANIEL DEVRED SAS
 faire silicone au droit des traversées de zinc en façade sur accès groupe. 04/11/14 : rappel urgent,['28-10-2014'],"[66, 67, 68, 69]","[360, 367, 372, 378]",9,DANIEL DEVRED SAS
 faire traversée du local produits en PVC ∅100. Le CF sera établi par un encoffrement,['10-06-2014'],[46],[227],7,DANIEL DEVRED SAS
 faire un essai pour validation de pose DM hall bassins,['15-07-2014'],"[50, 51, 52, 53]","[251, 258, 265, 273]",9,DANIEL DEVRED SAS
 faire un essai pour validation de pose DM hall bassins. 12/08/14 : à positionner sur intérieur ta- bleau,['15-07-2014'],[54],[281],8,DANIEL DEVRED SAS
 faire un essai pour validation de pose DM hall bassins. 12/08/14 : à positionner sur intérieur tableau. 19/08/14 : avec percement perpendiculairement au béton,['15-07-2014'],[55],[288],6,DANIEL DEVRED SAS
 faire étude d’éclairement sur parvis pour respect norme accessibilité PMR,['12-08-2014'],"[55, 56, 57, 58, 59, 60, 61]","[288, 295, 302, 309, 316, 322, 328]",8,DANIEL DEVRED SAS
 faire étude d’éclairement sur parvis pour respect norme accessibilité PMR Mairie d’AUBY – Réhabilitation et extension de la piscine municipale – CR 54 120814.doc 6 Pour action Observations,['12-08-2014'],[54],[281],11,DANIEL DEVRED SAS
 luminaires dans vestiaires à poser en sous face de poutre LC,['01-07-2014'],"[48, 49, 50, 51, 52, 53, 54, 55, 56, 57, 58]","[239, 245, 251, 258, 265, 273, 281, 288, 295, 302, 309]",7,DANIEL DEVRED SAS
 mettre un fourreau entre TGBT et futur station de relevage du drain,['08-10-2013'],[13],[65],4,DANIEL DEVRED SAS
 modifier alimentation éclairage bacs tampon (hors emprise trappes d’accès),['21-10-2014'],"[64, 65]","[348, 355]",11,DANIEL DEVRED SAS
 modifier alimentation éclairage bacs tampon (hors emprise trappes d’accès). 04/11/14 : supprimer l’éclairage et remplacer l’interrupteur par un prise de courant,['21-10-2014'],"[66, 67, 68]","[360, 367, 372]",8,DANIEL DEVRED SAS
 nettoyer inscriptions sur voiles béton,['15-07-2014'],"[50, 51, 52, 53, 54]","[251, 258, 265, 273, 281]",10,DANIEL DEVRED SAS
 passer câble d’alimentation de la potence et de l’armoire traitement d’eau,['04-11-2014'],"[66, 67]","[360, 367]",12,DANIEL DEVRED SAS
 poser luminaires dans hall bassins,['28-10-2014'],"[66, 67, 68]","[360, 367, 372]",10,DANIEL DEVRED SAS
" proposition de supportage des éclairages du hall bassin non acceptée, à reprendre",['14-10-2014'],"[63, 64, 65, 66, 67]","[341, 348, 355, 360, 367]",10,DANIEL DEVRED SAS
" proposition de supportage des éclairages du hall bassin non acceptée, à reprendre. 18/11/14 : propo- sition de ce jour validée",['14-10-2014'],[68],[372],5,DANIEL DEVRED SAS
 préciser si des sorties en toiture sont à prévoir,['01-10-2013'],[12],[59],3,DANIEL DEVRED SAS
 préciser si des sorties en toiture sont à prévoir. 08/10/13 : faire plan de sorties en toiture sur base plan MQB,['01-10-2013'],[13],[65],3,DANIEL DEVRED SAS
 prévoir le tarif jaune dans le local TGBT,['01-10-2013'],"[12, 13, 14, 15, 16, 17, 18, 19, 20, 21, 22, 23, 24, 25, 26, 27, 28, 29, 30, 31, 32, 33, 34, 35, 36, 43, 44, 46, 47, 48, 49, 50, 51, 52, 53, 54, 55, 56, 57, 58, 59, 60, 61, 62, 63, 64, 65, 66, 67, 68, 69, 71]","[59, 65, 71, 76, 82, 88, 95, 101, 107, 113, 119, 125, 131, 137, 143, 149, 155, 161, 167, 173, 179, 185, 191, 197, 203, 215, 221, 227, 233, 239, 245, 251, 258, 265, 273, 281, 288, 295, 302, 309, 316, 322, 328, 334, 341, 348, 355, 360, 367, 372, 378, 384]",1,DANIEL DEVRED SAS
 prévoir raccordement du bâtiment avec fibre optique,['15-04-2014'],"[43, 44]","[215, 221]",5,DANIEL DEVRED SAS
 prévoir un boitier de commande de désenfumage des vestiaires,['12-11-2014'],"[67, 68, 69]","[367, 372, 378]",12,DANIEL DEVRED SAS
 prévoir un fourreau PVC pour traverser le local produits au sous-sol,['20-05-2014'],"[43, 44, 46]","[215, 221, 227]",7,DANIEL DEVRED SAS
 quid de l’attente pour le rideau d’air chaud,['18-03-2014'],"[33, 34]","[185, 191]",3,DANIEL DEVRED SAS
" quid de l’attente pour le rideau d’air chaud. 01/04/14 : incorporation oubliée, prévoir passage dans le bardage zinc",['18-03-2014'],"[35, 36]","[197, 203]",2,DANIEL DEVRED SAS
" quid de l’attente pour le rideau d’air chaud. 01/04/14 : incorporation oubliée, prévoir passage dans le bardage zinc. 27/05/14 : dans le plafond de revers du parvis",['18-03-2014'],"[43, 44, 46, 47, 48, 49, 50, 51, 52, 53]","[215, 221, 227, 233, 239, 245, 251, 258, 265, 273]",2,DANIEL DEVRED SAS
" quid de l’attente pour le rideau d’air chaud. 01/04/14 : incorporation oubliée, prévoir passage dans le bardage zinc. 27/05/14 : dans le plafond de revers du parvis. 12/08/14 : à redescendre dans l’habillage CTBX de l’intérieur façade parvis",['18-03-2014'],"[54, 55, 56, 57, 58, 59, 60]","[281, 288, 295, 302, 309, 316, 322]",2,DANIEL DEVRED SAS
" reprendre intervention, attention à la pose du plafond de revers en cours",['09-09-2014'],[58],[309],9,DANIEL DEVRED SAS
 reprendre la pose des chemins de câbles dans zone administration + poser luminaires dans hall bassins,['28-10-2014'],[65],[355],11,DANIEL DEVRED SAS
 reprendre sur la centrale incendie une info pour la commande de désenfumage,['20-01-2015'],[75],[406],3,DANIEL DEVRED SAS
 revoir finition des goulottes électriques,['04-11-2014'],"[66, 67, 68, 69]","[360, 367, 372, 378]",11,DANIEL DEVRED SAS
 spots dans plafonds de revers selon descriptif marché et non encastré au sol,['06-05-2014'],"[43, 44, 46, 47]","[215, 221, 227, 233]",6,DANIEL DEVRED SAS
 un transfo de projecteur subaquatique du bassin sportif non raccordé,['18-11-2014'],"[68, 71]","[372, 384]",13,DANIEL DEVRED SAS
 un transfo de projecteur subaquatique du bassin sportif non raccordé Mairie d’AUBY – Réhabilitation et extension de la piscine municipale – CR 69 251114.doc 5 Pour action Observations,['18-11-2014'],[69],[378],8,DANIEL DEVRED SAS
 voir avec DRD et BC le rebouchage des trous de fixation de chemin de câble en zone vestiaires,['10-06-2014'],[46],[227],8,DANIEL DEVRED SAS
 voir pour remonter les fourreaux en attente,['08-04-2014'],[36],[203],3,DANIEL DEVRED SAS
" voir pour remonter les fourreaux en attente. 15/04/14 : pénétration à recréer dans le local TGBT à -0,80m sous dalle haute",['08-04-2014'],"[43, 44, 46, 47, 48, 49, 50, 51, 52, 53]","[215, 221, 227, 233, 239, 245, 251, 258, 265, 273]",3,DANIEL DEVRED SAS
 vérifier la qualité des visseries de fixation des luminaires,['08-07-2014'],"[49, 50, 51]","[245, 251, 258]",8,DANIEL DEVRED SAS
 vérifier la qualité des visseries de fixation des luminaires RAPPEL,['08-07-2014'],"[52, 53, 54]","[265, 273, 281]",8,DANIEL DEVRED SAS
 2 sèche cheveux isolés à regrouper sur un mat complémentaire en conservant un pas- sage de 140cm avec le banc béton,['24-06-2014'],"[47, 48, 49, 50, 51, 52, 53, 54, 55, 56, 57, 58, 59, 60, 61, 62, 63, 64, 65, 66, 67, 68, 69]","[233, 239, 245, 251, 258, 265, 273, 281, 288, 295, 302, 309, 316, 322, 328, 334, 341, 348, 355, 360, 367, 372, 378]",6,DEVRED
" appareils d’éclairage dans administration posés à 2,00m, cheminant du câblage dans l’épaisseur du pla- fond",['07-10-2014'],"[62, 63, 64]","[334, 341, 348]",9,DEVRED
 bilan de puissance électrique traitement d’eau environ 70kW (valeur précise à con- firmer) + 3 pompes de relevage depuis le TGBT,['02-07-2013'],"[2, 3, 4, 6, 7, 8, 9, 10, 11]","[8, 12, 17, 29, 34, 39, 44, 49, 54]",0,DEVRED
 faire un essai pour validation de pose DM hall bassins. 12/08/14 : à positionner sur intérieur tableau. 19/08/14 : avec percement perpendiculairement au béton. 26/08/14 : validé avec joint acrylique entre béton et gou- lotte PVC,['15-07-2014'],"[56, 57, 58, 59, 60, 61, 62, 63]","[295, 302, 309, 316, 322, 328, 334, 341]",6,DEVRED
" faire une vérification dans l’ensemble du bâtiment de la bonne finition de tous les équipement (fixations, embouts sur luminaires, vis, …)",['09-12-2014'],"[71, 72, 73, 74, 75]","[384, 389, 395, 401, 406]",5,DEVRED
 mettre alimentation provisoire pompe d traitement d’eau,['12-11-2014'],"[67, 68]","[367, 372]",13,DEVRED
 prévoir une alimentation pour station de relevage drain + câble bus pour communi- cation défaut sur GTB,['01-10-2013'],"[12, 13, 14, 16, 18, 19, 20, 21, 22, 23, 24, 25, 26, 27, 28, 29, 30, 31, 32, 33, 34, 35, 36, 43, 44, 46, 47, 48, 49, 50, 51, 52, 53, 54, 55, 56, 57, 58, 59, 60, 61, 62, 63, 64, 65, 67, 68]","[59, 65, 71, 82, 95, 101, 107, 113, 119, 125, 131, 137, 143, 149, 155, 161, 167, 173, 179, 185, 191, 197, 203, 215, 221, 227, 233, 239, 245, 251, 258, 265, 273, 281, 288, 295, 302, 309, 316, 322, 328, 334, 341, 348, 355, 367, 372]",2,DEVRED
 prévoir une alimentation pour station de relevage drain + câble bus pour communication défaut sur GTB Mairie d’AUBY – Réhabilitation et extension de la piscine municipale – CR 15 221013.doc 5 Pour action Observations,['01-10-2013'],"[15, 17, 66]","[76, 88, 360]",2,DEVRED
 revoir étude d’éclairement hall bassin en tenant compte de la charpente et donc revoir positionnement des appareils d’éclairage. Sur ces bases faire une élévation pour validation des im- plantations et cheminements de câbles,['12-08-2014'],"[54, 55]","[281, 288]",10,DEVRED
 réaliser alimentation électrique du poêle du sauna par le faux plafond et réaliser sai- gnée dans le béton côté hammam,['23-09-2014'],"[60, 61, 62, 63, 64, 65, 66]","[322, 328, 334, 341, 348, 355, 360]",9,DEVRED
" réservation 400x100 AI=-0,60/0,00 pour passage fourreaux contrôle d’accès, qui se- ront posés avant réalisation du plancher sur terre plein",['26-11-2013'],"[20, 21, 22, 23, 24]","[107, 113, 119, 125, 131]",3,DEVRED
" Etre présent le 08/08/2014 à 9h, sur site, pour la rencontre avec ERDF. 05/08/14 : Indiquer et réaliser le percement pour la pénétration du réseau FT dans le bâtiment. Mairie d’AUBY – Réhabilitation et extension de la piscine municipale – CR 53 050814 7",['05-08-2014'],[53],[273],14,DEVRED
 Reprise d’activité le 28/07/2014,['22-07-2014'],"[51, 52, 53]","[258, 265, 273]",12,DEVRED
 Réaliser les différents carrotages.,['29-07-2014'],[52],[265],13,DEVRED
 Réaliser les différents carrotages. Fait,['29-07-2014'],[53],[273],13,DEVRED
" accord pour percer dalle au-dessus de la banque d’accueil pour poser suspension, câblage cheminant sous moulure sur dalle béton",['07-10-2014'],"[62, 63, 64]","[334, 341, 348]",8,DEVRED
 alimentation châssis de désenfumage en 48V à émission,['21-10-2014'],[64],[348],10,DEVRED
 alimentation châssis de désenfumage en 48V à émission. 28/10/14 : 230V annoncé ce jour,['21-10-2014'],"[65, 66, 67]","[355, 360, 367]",8,DEVRED
 alimentation châssis de désenfumage en 48V à émission. 28/10/14 : 230V annoncé ce jour. 18/11/14 : 24V à émission,['21-10-2014'],[69],[378],4,DEVRED
 alimentation châssis de désenfumage en 48V à émission. 28/10/14 : 230V annoncé ce jour. 18/11/14 : 24V à émission Mairie d’AUBY – Réhabilitation et extension de la piscine municipale – CR 68 181114.doc 5 Pour action Observations,['21-10-2014'],[68],[372],6,DEVRED
" alimentation rideau d’air chaud en tri, puissance 17,9kW",['08-04-2014'],"[36, 43, 44, 46, 47, 48, 49, 50, 51, 52, 53, 54]","[203, 215, 221, 227, 233, 239, 245, 251, 258, 265, 273, 281]",4,DEVRED
 assurer tous les calfeutrements de traversées de parois coupe feu,['09-12-2014'],"[71, 72, 73, 74, 75]","[384, 389, 395, 401, 406]",3,DEVRED
" attention à la fermeture des gaines maçonnées, mettre fourreaux ou ficelles pour assu- rer le tirage des câbles ultérieurement",['01-07-2014'],[48],[239],8,DEVRED
 bilan de puissance électrique traitement d’eau environ 70kW (valeur précise à confirmer) + 3 pompes de relevage depuis le TGBT. 01/10/13 : puissance traitement d’eau confirmé,['02-07-2013'],"[12, 13, 14]","[59, 65, 71]",0,DEVRED
 bilan de puissance électrique traitement d’eau environ 70kW (valeur précise à confirmer) + 3 pompes de relevage depuis le TGBT. 01/10/13 : puissance traitement d’eau confirmé. 22/10/13 : puissance traitement d’eau ramenée à 50kVa,['02-07-2013'],[15],[76],0,DEVRED
" compte tenu du nombre de fourreaux débouchant dans le local TGBT, BC réalisera un caniveau dans la dalle (entre les semelles), prévoir un chemin de câble en pied d’armoire pour la remontée des câbles",['15-10-2013'],"[14, 15, 16, 17, 18, 19, 20, 21]","[71, 76, 82, 88, 95, 101, 107, 113]",3,DEVRED
 confirmer date prévisible de passage bureau de contrôle pour établissement DRE,['23-09-2014'],"[60, 61, 62]","[322, 328, 334]",10,DEVRED
 confirmer date prévisible de passage bureau de contrôle pour établissement DRE. 14/10/14 : RAPPEL,['23-09-2014'],"[63, 64, 65, 66, 67, 68]","[341, 348, 355, 360, 367, 372]",7,DEVRED
 confirmer date prévisible de passage bureau de contrôle pour établissement DRE. 14/10/14 : RAPPEL. 25/11/14 : programmé le 28/11/14,['23-09-2014'],[69],[378],3,DEVRED
 confirmer dimensions goulotte électrique dans banque d’accueil,['16-09-2014'],"[59, 60]","[316, 322]",9,DEVRED
 confirmer dimensions goulotte électrique dans banque d’accueil. 30/09/14 : 130x50,['16-09-2014'],"[61, 62, 63, 64, 65, 66, 67, 68, 69, 71, 72, 73, 74]","[328, 334, 341, 348, 355, 360, 367, 372, 378, 384, 389, 395, 401]",6,DEVRED
 confirmer la prise en compte des réservations pour le contrôle d’accès,['22-10-2013'],"[15, 17, 18]","[76, 88, 95]",4,DEVRED
 confirmer la prise en compte des réservations pour le contrôle d’accès Mairie d’AUBY – Réhabilitation et extension de la piscine municipale – CR 16 291013.doc 5 Pour action Observations,['22-10-2013'],[16],[82],3,DEVRED
 contrôle d’accès locaux personnel par organigramme de clés. Poste électronique à supprimer,['08-07-2014'],"[49, 50, 51, 52, 53, 54, 55, 56, 57, 58, 59, 60]","[245, 251, 258, 265, 273, 281, 288, 295, 302, 309, 316, 322]",7,DEVRED
 dans administration accord pour supportage chemin de câble en galva pour minimiser l’emprise,['24-06-2014'],"[47, 48]","[233, 239]",7,DEVRED
" dernier rappel, nettoyer sous-sol avec BC, MQB et EAS",['16-12-2014'],"[72, 73, 74, 75]","[389, 395, 401, 406]",3,DEVRED
 dernière note de calcul d’éclairement du hall bassin à transmettre à BERIM,['14-10-2014'],"[64, 65]","[348, 355]",9,DEVRED
 dernière note de calcul d’éclairement du hall bassin à transmettre à BERIM Mairie d’AUBY – Réhabilitation et extension de la piscine municipale – CR 63 141014.doc 6 Pour action Observations,['14-10-2014'],[63],[341],11,DEVRED
 déplacer « proprement » l’interrupteur du local traitement d’eau,['09-09-2014'],"[58, 59, 60, 61, 62, 63]","[309, 316, 322, 328, 334, 341]",10,DEVRED
 faire nettoyage galeries techniques,['15-07-2014'],"[50, 51, 52, 53]","[251, 258, 265, 273]",11,DEVRED
 faire nettoyage sous-sol,['19-08-2014'],"[55, 56, 57, 58]","[288, 295, 302, 309]",9,DEVRED
 faire nettoyage sous-sol le 19/09/14 avec MQB et DEVRED,['16-09-2014'],[59],[316],8,DEVRED
" faire plan modifié des cheminements de câbles entre TGBT et divers points de des- serte dans le bâtiment, à valider par BERIM",['03-06-2014'],[44],[221],8,DEVRED
 faire proposition d’appareils d’éclairage pour le sauna et le hammam,['11-03-2014'],"[32, 33, 34]","[179, 185, 191]",2,DEVRED
 faire reprise placo dans les bureaux administration,['09-12-2014'],[71],[384],4,DEVRED
 faire retour sur VISA DR dossier matériel,['14-01-2014'],"[28, 29, 30, 31]","[155, 161, 167, 173]",2,DEVRED
 faire retour sur VISA DR dossier matériel + F8 SOCOTEC,['14-01-2014'],"[25, 26, 27]","[137, 143, 149]",2,DEVRED
 faire silicone au droit des traversées de zinc en façade sur accès groupe,['28-10-2014'],[65],[355],10,DEVRED
 faire silicone au droit des traversées de zinc en façade sur accès groupe. 04/11/14 : rappel urgent,['28-10-2014'],"[66, 67, 68, 69]","[360, 367, 372, 378]",9,DEVRED
 faire traversée du local produits en PVC ∅100. Le CF sera établi par un encoffrement,['10-06-2014'],[46],[227],7,DEVRED
 faire un essai pour validation de pose DM hall bassins,['15-07-2014'],"[50, 51, 52, 53]","[251, 258, 265, 273]",9,DEVRED
 faire un essai pour validation de pose DM hall bassins. 12/08/14 : à positionner sur intérieur ta- bleau,['15-07-2014'],[54],[281],8,DEVRED
 faire un essai pour validation de pose DM hall bassins. 12/08/14 : à positionner sur intérieur tableau. 19/08/14 : avec percement perpendiculairement au béton,['15-07-2014'],[55],[288],6,DEVRED
 faire étude d’éclairement sur parvis pour respect norme accessibilité PMR,['12-08-2014'],"[55, 56, 57, 58, 59, 60, 61]","[288, 295, 302, 309, 316, 322, 328]",8,DEVRED
 faire étude d’éclairement sur parvis pour respect norme accessibilité PMR Mairie d’AUBY – Réhabilitation et extension de la piscine municipale – CR 54 120814.doc 6 Pour action Observations,['12-08-2014'],[54],[281],11,DEVRED
 luminaires dans vestiaires à poser en sous face de poutre LC,['01-07-2014'],"[48, 49, 50, 51, 52, 53, 54, 55, 56, 57, 58]","[239, 245, 251, 258, 265, 273, 281, 288, 295, 302, 309]",7,DEVRED
 mettre un fourreau entre TGBT et futur station de relevage du drain,['08-10-2013'],[13],[65],4,DEVRED
 modifier alimentation éclairage bacs tampon (hors emprise trappes d’accès),['21-10-2014'],"[64, 65]","[348, 355]",11,DEVRED
 modifier alimentation éclairage bacs tampon (hors emprise trappes d’accès). 04/11/14 : supprimer l’éclairage et remplacer l’interrupteur par un prise de courant,['21-10-2014'],"[66, 67, 68]","[360, 367, 372]",8,DEVRED
 nettoyer inscriptions sur voiles béton,['15-07-2014'],"[50, 51, 52, 53, 54]","[251, 258, 265, 273, 281]",10,DEVRED
 passer câble d’alimentation de la potence et de l’armoire traitement d’eau,['04-11-2014'],"[66, 67]","[360, 367]",12,DEVRED
 plan électricité chemin de câble sur plan de synthèse CVC-Plomberie-TE pour le 31/07/13,['17-07-2013'],[4],[16],5,DEVRED
 poser luminaires dans hall bassins,['28-10-2014'],"[66, 67, 68]","[360, 367, 372]",10,DEVRED
" proposition de supportage des éclairages du hall bassin non acceptée, à reprendre",['14-10-2014'],"[63, 64, 65, 66, 67]","[341, 348, 355, 360, 367]",10,DEVRED
" proposition de supportage des éclairages du hall bassin non acceptée, à reprendre. 18/11/14 : propo- sition de ce jour validée",['14-10-2014'],[68],[372],5,DEVRED
 préciser si des sorties en toiture sont à prévoir,['01-10-2013'],[12],[59],3,DEVRED
 préciser si des sorties en toiture sont à prévoir. 08/10/13 : faire plan de sorties en toiture sur base plan MQB,['01-10-2013'],[13],[65],3,DEVRED
 prévoir le tarif jaune dans le local TGBT,['01-10-2013'],"[12, 13, 14, 15, 16, 17, 18, 19, 20, 21, 22, 23, 24, 25, 26, 27, 28, 29, 30, 31, 32, 33, 34, 35, 36, 43, 44, 46, 47, 48, 49, 50, 51, 52, 53, 54, 55, 56, 57, 58, 59, 60, 61, 62, 63, 64, 65, 66, 67, 68, 69, 71]","[59, 65, 71, 76, 82, 88, 95, 101, 107, 113, 119, 125, 131, 137, 143, 149, 155, 161, 167, 173, 179, 185, 191, 197, 203, 215, 221, 227, 233, 239, 245, 251, 258, 265, 273, 281, 288, 295, 302, 309, 316, 322, 328, 334, 341, 348, 355, 360, 367, 372, 378, 384]",1,DEVRED
 prévoir raccordement du bâtiment avec fibre optique,['15-04-2014'],"[43, 44]","[215, 221]",5,DEVRED
 prévoir un boitier de commande de désenfumage des vestiaires,['12-11-2014'],"[67, 68, 69]","[367, 372, 378]",12,DEVRED
 prévoir un fourreau PVC pour traverser le local produits au sous-sol,['20-05-2014'],"[43, 44, 46]","[215, 221, 227]",7,DEVRED
 quid de l’attente pour le rideau d’air chaud,['18-03-2014'],"[33, 34]","[185, 191]",3,DEVRED
" quid de l’attente pour le rideau d’air chaud. 01/04/14 : incorporation oubliée, prévoir passage dans le bardage zinc",['18-03-2014'],"[35, 36]","[197, 203]",2,DEVRED
" quid de l’attente pour le rideau d’air chaud. 01/04/14 : incorporation oubliée, prévoir passage dans le bardage zinc. 27/05/14 : dans le plafond de revers du parvis",['18-03-2014'],"[43, 44, 46, 47, 48, 49, 50, 51, 52, 53]","[215, 221, 227, 233, 239, 245, 251, 258, 265, 273]",2,DEVRED
" quid de l’attente pour le rideau d’air chaud. 01/04/14 : incorporation oubliée, prévoir passage dans le bardage zinc. 27/05/14 : dans le plafond de revers du parvis. 12/08/14 : à redescendre dans l’habillage CTBX de l’intérieur façade parvis",['18-03-2014'],"[54, 55, 56, 57, 58, 59, 60]","[281, 288, 295, 302, 309, 316, 322]",2,DEVRED
" reprendre intervention, attention à la pose du plafond de revers en cours",['09-09-2014'],[58],[309],9,DEVRED
 reprendre la pose des chemins de câbles dans zone administration + poser luminaires dans hall bassins,['28-10-2014'],[65],[355],11,DEVRED
 reprendre sur la centrale incendie une info pour la commande de désenfumage,['20-01-2015'],[75],[406],3,DEVRED
 revoir finition des goulottes électriques,['04-11-2014'],"[66, 67, 68, 69]","[360, 367, 372, 378]",11,DEVRED
 réservations RDC pour le 24/09/13,['10-09-2013'],[9],[42],12,DEVRED
 réunion de synthèse le 31/07/13 avec diffusion réservation sous-sol,['17-07-2013'],[4],[16],6,DEVRED
 spots dans plafonds de revers selon descriptif marché et non encastré au sol,['06-05-2014'],"[43, 44, 46, 47]","[215, 221, 227, 233]",6,DEVRED
 transmettre plan de réservations sous-sol pour le 11/09/13 à DR et BERIM pour synthèse,['10-09-2013'],"[9, 10]","[42, 47]",10,DEVRED
 un transfo de projecteur subaquatique du bassin sportif non raccordé,['18-11-2014'],"[68, 71]","[372, 384]",13,DEVRED
 un transfo de projecteur subaquatique du bassin sportif non raccordé Mairie d’AUBY – Réhabilitation et extension de la piscine municipale – CR 69 251114.doc 5 Pour action Observations,['18-11-2014'],[69],[378],8,DEVRED
 voir avec DRD et BC le rebouchage des trous de fixation de chemin de câble en zone vestiaires,['10-06-2014'],[46],[227],8,DEVRED
 voir pour remonter les fourreaux en attente,['08-04-2014'],[36],[203],3,DEVRED
" voir pour remonter les fourreaux en attente. 15/04/14 : pénétration à recréer dans le local TGBT à -0,80m sous dalle haute",['08-04-2014'],"[43, 44, 46, 47, 48, 49, 50, 51, 52, 53]","[215, 221, 227, 233, 239, 245, 251, 258, 265, 273]",3,DEVRED
 vérifier la qualité des visseries de fixation des luminaires,['08-07-2014'],"[49, 50, 51]","[245, 251, 258]",8,DEVRED
 vérifier la qualité des visseries de fixation des luminaires RAPPEL,['08-07-2014'],"[52, 53, 54]","[265, 273, 281]",8,DEVRED
" à la demande de SLC, pas de bondes aspiration en paroi car buses de refoulement déjà en paroi. Prévoir d’agrandir le regard existant pour être aux dimensions nécessaires (105x105)",['31-07-2013'],[6],[27],5,MYRTHA
accord des 2 ets sur les débits de chaque équipement.,['31-07-2013'],[6],[27],6,MYRTHA
" URGENT, tracer niveau fini voirie sur façade ouest pour calage altimétrique escalier is- sue de secours",['26-08-2014'],"[56, 58]","[295, 309]",7,Ent Jean LEFEBVRE
" optimiser le dimensionnement des réseaux d’assainissement et faire balance finan- cière, en concertation avec BERIM",['21-08-2013'],"[6, 7, 8, 9]","[29, 34, 39, 44]",1,Ent Jean LEFEBVRE
 prévoir 2∅25 alimentation en eau (froide et chaude) + 2 fourreaux ∅90 électricité + 1 attente EU pour futur bu- vette selon indications portés sur plan entreprise ce jour,['15-07-2014'],"[51, 52, 53, 54, 55, 56, 57, 58, 59]","[258, 265, 274, 282, 288, 295, 302, 309, 316]",5,Ent Jean LEFEBVRE
" prévoir station de relevage pour le drain (sortie drain à -4,30). 22/10/13 : confirmer la puissance élec- trique de la station de relevage",['01-10-2013'],"[15, 16]","[77, 83]",1,Ent Jean LEFEBVRE
 réalisation à venir de la plage extérieure. Transmettre les essais de plaques. 14/10/14 : RAPPEL en at- tente rapport essais de plaque et passage caméra,['29-07-2014'],"[63, 64, 65]","[342, 348, 355]",4,Ent Jean LEFEBVRE
 solarium béton acidé refusé en l’état. 25/11/14 : constat le 02/12/14. 02/12/14 : refus confirmé en l’état actuel. 09/12/14 : refus maintenu compte tenu de l’hétérogénéité de l’état de surface et des finitions en rive Mairie d’AUBY – Réhabilitation et extension de la piscine municipale – CR 71 091214.doc 5 Pour action Observations,['18-11-2014'],"[71, 72, 73]","[384, 389, 395]",2,Ent Jean LEFEBVRE
" vu sur site le 19/08/13, en façade est et sud, le réseau d’assainissement sera im- planté à 5m de la façade, la Ville ayant confirmé être propriétaire du terrain correspondant",['21-08-2013'],"[6, 7, 8, 9, 10, 11]","[29, 34, 39, 44, 49, 54]",0,Ent Jean LEFEBVRE
 vérifier les divers raccordements et réseau pour raccordement EU. A valider avec,['15-07-2014'],"[50, 51, 52, 53]","[251, 258, 265, 274]",4,Ent Jean LEFEBVRE
"  Le sablage des réseaux divers est à la charge du lot VRD (CCTP article 8.1, 9.1, 10.1)",['22-07-2014'],"[51, 52, 53]","[258, 265, 274]",6,Ent Jean LEFEBVRE
" Relancer NOREADE pour la réalisation du regard EU 22/07/14 : transmettre les actes de vos sous-traitants 29/07/14 : Intervention de NOREADE prochainement pour modifier les raccordements des regards sur le réseau EU. 29/07/14 : Réalisation à venir de la plage extérieure. Transmettre les essais de plaques. 05/08/14 : Etre présent le 08/08/2014 à 9h, sur site, pour la rencontre avec ERDF. 05/08/2014 : Terminer les raccordements des EP, transmettre les essais d’étanchéité et essais de plaque, localisés dessous les plages extérieures. Mairie d’AUBY – Réhabilitation et extension de la piscine municipale – CR 53 050814 8 Pour action Observations",['22-07-2014'],[53],[274],7,Ent Jean LEFEBVRE
 Relancer NOREADE pour la réalisation du regard EU 22/07/14 : transmettre les actes de vos sous-traitants 29/07/14 : Intervention de NOREADE prochainement pour modifier les raccordements des regards sur le réseau EU. 29/07/14 : Réalisation à venir de la plage extérieure. Transmettre les essais de plaques. Mairie d’AUBY – Réhabilitation et extension de la piscine municipale – CR 52 290714 6 Pour action Observations,['22-07-2014'],[52],[265],7,Ent Jean LEFEBVRE
 Relancer NOREADE pour la réalisation du regard EU 22/07/14 : transmettre les actes de vos sous-traitants Mairie d’AUBY – Réhabilitation et extension de la piscine municipale – CR 51 220714-1 6 Pour action Observations,['22-07-2014'],[51],[258],7,Ent Jean LEFEBVRE
" URGENT, tracer niveau fini voirie sur façade ouest pour calage altimétrique escalier issue de secours Mairie d’AUBY – Réhabilitation et extension de la piscine municipale – CR 57 020914.doc 6 Pour action Observations",['26-08-2014'],[57],[302],7,Ent Jean LEFEBVRE
" dès le début de votre intervention le 23/09/13, réaliser fosse de compteur d’eau avec fond béton, 2,30m long x 1,00m larg x 1,30m prof",['17-09-2013'],"[10, 11]","[49, 54]",1,Ent Jean LEFEBVRE
 faire passer hydrocureuse pour dégorger le siphon de la cour de service,['18-11-2014'],"[68, 69, 71]","[373, 379, 384]",6,Ent Jean LEFEBVRE
" la MOA confirme avoir commandé 2 branchements EU sur collecteur, branchements qui seront réalisés pour fin juin 2014",['20-05-2014'],"[43, 44]","[215, 221]",3,Ent Jean LEFEBVRE
 matérialiser niveau fini voirie,['15-07-2014'],"[50, 51, 52, 53, 54]","[251, 258, 265, 274, 282]",3,Ent Jean LEFEBVRE
 mettre protection sur chambre maçonnée de comptage d’eau créée,['22-10-2013'],"[27, 28, 29, 30, 31, 32, 33, 34, 35, 36]","[149, 155, 161, 167, 173, 179, 185, 191, 197, 203]",1,Ent Jean LEFEBVRE
 mettre protection sur chambre maçonnée de comptage d’eau créée DOCUMENTS REMIS EN REUNION,['22-10-2013'],"[15, 16, 17, 18, 19, 20, 21, 22, 23, 25, 26]","[77, 83, 89, 95, 101, 107, 113, 119, 125, 137, 143]",2,Ent Jean LEFEBVRE
 mettre protection sur chambre maçonnée de comptage d’eau créée DOCUMENTS REMIS EN REUNION De BC Nord à DR + AGI2D :,['22-10-2013'],[24],[131],1,Ent Jean LEFEBVRE
 mettre protection sur chambre maçonnée de comptage d’eau créée. 29/04/14 : sceller le cadre des trappes d’accès à la chambre,['22-10-2013'],"[43, 44, 46, 47, 48, 49, 50, 54, 55, 56, 57, 58, 59, 60, 61, 62, 63, 64, 65, 66, 67, 68]","[215, 221, 227, 233, 239, 245, 251, 282, 288, 295, 302, 309, 316, 322, 328, 334, 342, 348, 355, 361, 367, 373]",1,Ent Jean LEFEBVRE
 passer furet pour dégorger le siphon de la cour de service,['12-11-2014'],[67],[367],6,Ent Jean LEFEBVRE
 plan attentes électriques éclairage pour le 25/09/13,['24-09-2013'],"[11, 12, 13, 14, 15, 16, 17, 18, 19, 20, 21, 22, 23, 24, 25, 26, 27, 28, 29, 30, 31, 32, 33, 34, 35, 36, 43, 44, 46, 47, 48, 49, 50, 51, 52, 53, 54, 55, 56, 57, 58, 59, 60, 61, 62, 63, 64, 65, 66, 67, 68]","[54, 59, 65, 71, 77, 83, 89, 95, 101, 107, 113, 119, 125, 131, 137, 143, 149, 155, 161, 167, 173, 179, 185, 191, 197, 203, 215, 221, 227, 233, 239, 245, 251, 258, 265, 274, 282, 288, 295, 302, 309, 316, 322, 328, 334, 342, 348, 355, 361, 367, 373]",2,Ent Jean LEFEBVRE
 portillon sur rue pour accès espaces verts en façade bord,['04-11-2014'],"[66, 67, 68, 69, 71, 72, 73, 74, 75]","[361, 367, 373, 379, 384, 389, 395, 401, 406]",5,Ent Jean LEFEBVRE
 poser fourreau 1∅63 pour téléreport gaz entre armoire gaz en limite de propriété et cour de service (pour MQB),['12-08-2014'],[54],[282],9,Ent Jean LEFEBVRE
 prolonger les fourreaux ∅160 et 63 allant au TGBT,['14-10-2014'],"[63, 65]","[342, 355]",6,Ent Jean LEFEBVRE
 prolonger les fourreaux ∅160 et 63 allant au TGBT Mairie d’AUBY – Réhabilitation et extension de la piscine municipale – CR 64 211014.doc 6 Pour action Observations,['14-10-2014'],[64],[348],6,Ent Jean LEFEBVRE
 prévoir de récupérer les DEP selon le plan transmis par BC,['28-01-2014'],"[28, 29, 30, 31, 32, 33, 34, 35]","[155, 161, 167, 173, 179, 185, 191, 197]",2,Ent Jean LEFEBVRE
 prévoir de récupérer les DEP selon le plan transmis par BC DOCUMENTS REMIS EN REUNION,['28-01-2014'],[27],[149],2,Ent Jean LEFEBVRE
 prévoir fourreaux 1∅160 + 1∅63 entre transfo (contre mur côté poteau EDF) et local TGBT (carottage à réaliser par DEVRED),['12-08-2014'],[54],[282],8,Ent Jean LEFEBVRE
" prévoir station de relevage pour le drain (sortie drain à -4,30)",['01-10-2013'],"[17, 18, 19, 20, 21, 22, 23]","[89, 95, 101, 107, 113, 119, 125]",1,Ent Jean LEFEBVRE
" prévoir station de relevage pour le drain (sortie drain à -4,30) DOCUMENTS REMIS EN REUNION",['01-10-2013'],"[13, 14]","[65, 71]",1,Ent Jean LEFEBVRE
" prévoir station de relevage pour le drain (sortie drain à -4,30) DOCUMENTS REMIS EN REUNION De BC à DR:",['01-10-2013'],[12],[59],1,Ent Jean LEFEBVRE
 ressortir fourreau électrique du coffret gaz,['04-11-2014'],"[66, 67, 68]","[361, 367, 373]",4,Ent Jean LEFEBVRE
 réalisation à venir de la plage extérieure. Transmettre les essais de plaques,['29-07-2014'],"[54, 55, 57, 58, 59, 60, 61, 62]","[282, 288, 302, 309, 316, 322, 328, 334]",6,Ent Jean LEFEBVRE
 réalisation à venir de la plage extérieure. Transmettre les essais de plaques Mairie d’AUBY – Réhabilitation et extension de la piscine municipale – CR 56 260814.doc 6 Pour action Observations,['29-07-2014'],[56],[295],5,Ent Jean LEFEBVRE
 solarium béton acidé refusé en l’état,['18-11-2014'],[68],[373],7,Ent Jean LEFEBVRE
 solarium béton acidé refusé en l’état. 25/11/14 : constat le 02/12/14,['18-11-2014'],[69],[379],2,Ent Jean LEFEBVRE
 solarium béton acidé refusé en l’état. 25/11/14 : constat le 02/12/14. 02/12/14 : refus confirmé en l’état actuel. 09/12/14 : refus maintenu compte tenu de l’hétérogénéité de l’état de surface et des finitions en rive,['18-11-2014'],[74],[401],1,Ent Jean LEFEBVRE
" terminer les raccordements des EP, transmettre les essais d’étanchéité et essais de plaque, localisés dessous les plages extérieures",['05-08-2014'],"[54, 55, 56, 57, 58, 59]","[282, 288, 295, 302, 309, 316]",7,Ent Jean LEFEBVRE
 terminer l’apport de terre végétale,['14-10-2014'],"[63, 64, 65]","[342, 348, 355]",5,Ent Jean LEFEBVRE
 transmettre les actes de vos sous-traitants,['22-07-2014'],"[54, 55, 56, 57, 58, 59, 60, 61, 62, 63, 64, 65, 66, 67, 68]","[282, 288, 295, 302, 309, 316, 322, 328, 334, 342, 348, 355, 361, 367, 373]",5,Ent Jean LEFEBVRE
 voir pour remblayer façade sud pour protéger réseau d’assainissement avant pose des vitrages,['25-03-2014'],"[34, 35, 36]","[191, 197, 203]",3,Ent Jean LEFEBVRE
 confirmation à charge fourniture grilles de ventilation sauf BV chaufferie et grilles dans hall bassins,['29-04-2014'],"[43, 44, 46, 47, 48, 49, 50, 51, 52, 53, 54, 55, 56, 57, 58, 59, 60, 61, 62, 63, 64, 65, 66, 67]","[214, 220, 226, 232, 238, 244, 250, 257, 264, 272, 280, 287, 294, 301, 308, 315, 321, 327, 333, 340, 347, 353, 359, 365]",2,Architecture Aluminium
" trappes accès bacs tampon à charge du lot traitement d’eau. A déduire du marché. 24/09/13 : après revérification les trappes sont bien à prévoir par le lot serrurerie, non prévues au lot trai- tement d’eau",['17-09-2013'],"[11, 12, 13, 14, 15, 16, 17, 18, 19, 20]","[53, 58, 64, 70, 76, 82, 88, 94, 100, 106]",0,Architecture Aluminium
 bloc porte local poubelle à poser en tunnel et condamner la porte,['10-06-2014'],"[46, 47, 48]","[226, 232, 238]",8,Architecture Aluminium
 confirmer date d’intervention pour pose escalier à BC pour organisation utilisation grue,['18-02-2014'],[29],[160],2,Architecture Aluminium
 faire réponse sur fiche d’observation du bureau de contrôle,['09-12-2014'],"[72, 73, 74]","[388, 394, 400]",4,Architecture Aluminium
 fournir la cage d’ancrage du palan,['01-10-2013'],"[12, 13, 14, 15, 16]","[58, 64, 70, 76, 82]",1,Architecture Aluminium
" fournir pour le 06/09/13 les charges à reprendre par le GO pour le palan, les réser- vations des divers BP, les grilles de ventilation, les trappes de bacs tampon et le poids propre des divers escaliers",['03-09-2013'],[8],[38],0,Architecture Aluminium
" fournir pour le 06/09/13 les charges à reprendre par le GO pour le palan, les réservations des divers BP, les grilles de ventilation, les trappes de bacs tampon et le poids propre des divers escaliers. 10/09/13 : fournir de manière urgente les charges du palan et des escaliers",['03-09-2013'],[9],[43],0,Architecture Aluminium
 fournir pour le 16/09/14 la liste des portes avec les longueurs de cylindres à DRD pour finalisation de l’organigramme,['09-09-2014'],"[58, 59]","[308, 315]",6,Architecture Aluminium
 fournir solde des plans EXE,['29-04-2014'],"[43, 44, 46, 47, 48, 49, 50, 51, 52, 53, 54, 55, 56, 57]","[214, 220, 226, 232, 238, 244, 250, 257, 264, 272, 280, 287, 294, 301]",1,Architecture Aluminium
 garde corps escalier accès galeries techniques en peinture et garde corps en maille finition galvanisé,['10-06-2014'],"[46, 47, 48, 49, 50, 51, 52, 53, 54, 55, 56, 57, 58, 59, 60, 61, 62, 63, 64, 65, 66, 67, 68, 69]","[226, 232, 238, 244, 250, 257, 264, 272, 280, 287, 294, 301, 308, 315, 321, 327, 333, 340, 347, 353, 359, 365, 371, 377]",6,Architecture Aluminium
" les fixations en sous-sol seront réalisées chimiquement (cuvelage sur 0,50m)",['11-02-2014'],"[28, 29, 30]","[154, 160, 166]",0,Architecture Aluminium
 main courante escalier hélicoïdal en tube ∅42 et non tube 50x10,['10-06-2014'],"[46, 47, 48, 49, 50, 51, 52, 53, 54, 55, 56, 57, 58, 59, 60, 61, 62, 63, 64, 65, 66, 67, 68, 69]","[226, 232, 238, 244, 250, 257, 264, 272, 280, 287, 294, 301, 308, 315, 321, 327, 333, 340, 347, 353, 359, 365, 371, 377]",5,Architecture Aluminium
 mettre caillebotis sur les 2 cours anglaises façade ouest,['09-12-2014'],"[72, 73]","[388, 394]",3,Architecture Aluminium
 mettre caillebotis sur les 2 cours anglaises façade ouest. 13/01/15 : condamner la cour anglaise au pied de l’issue de secours vestiaires avec un caillebotis et une tôlerie avec retour vertical,['09-12-2014'],"[74, 75]","[400, 405]",0,Architecture Aluminium
 passage crémone porte local technique posé en perçant le cuvelage. Voir avec BC la reprise à effectuer,['04-03-2014'],"[31, 32, 33, 34, 35, 36, 43, 44, 46, 47, 48, 49, 50, 51, 52, 53, 54, 55, 56, 57, 58, 59, 60, 61, 62, 63, 64, 65, 66, 67]","[172, 178, 184, 190, 196, 202, 214, 220, 226, 232, 238, 244, 250, 257, 264, 272, 280, 287, 294, 301, 308, 315, 321, 327, 333, 340, 347, 353, 359, 365]",1,Architecture Aluminium
 plan attentes électriques potence pour le 25/09/13,['24-09-2013'],[11],[53],1,Architecture Aluminium
 plan escalier issue de secours vestiaires à fournir URGENT,['30-09-2014'],[61],[327],6,Architecture Aluminium
 plan escalier issue de secours vestiaires à fournir URGENT. 07/10/14 : URGENT,['30-09-2014'],"[62, 63, 64]","[333, 340, 347]",6,Architecture Aluminium
" porte accès local technique sous-sol, grille sur la largeur totale de l’imposte",['11-02-2014'],"[28, 29, 30]","[154, 160, 166]",1,Architecture Aluminium
 poser 2 grilles 30x30cm sur VB des locaux produits,['09-12-2014'],"[72, 73]","[388, 394]",2,Architecture Aluminium
 poser rapidement portes RDC,['20-05-2014'],"[43, 44, 46, 47, 48]","[214, 220, 226, 232, 238]",3,Architecture Aluminium
 prendre cote pour mise en fabrication bloc portes sous sol + escalier cour de service + garde corps cour de service,['07-01-2014'],[24],[130],0,Architecture Aluminium
 prévoir amenée d’air réglable dans trappe de visite bac tampon,['03-06-2014'],"[44, 46, 47, 48, 49, 50, 51, 52, 53, 54, 55, 56, 57, 58, 59, 60, 61, 62, 63, 64, 65, 66, 67, 68, 69, 72, 73]","[220, 226, 232, 238, 244, 250, 257, 264, 272, 280, 287, 294, 301, 308, 315, 321, 327, 333, 340, 347, 353, 359, 365, 371, 377, 388, 394]",5,Architecture Aluminium
 prévoir mise en place butoir de porte provisoire sur porte local poubelles,['03-06-2014'],[44],[220],4,Architecture Aluminium
 prévoir seuil sur porte local matériel pédagogique et porte local poubelles,['07-10-2014'],"[62, 63, 64, 65, 66, 67]","[333, 340, 347, 353, 359, 365]",7,Architecture Aluminium
 prévoir seuil sur porte porte local poubelles,['07-10-2014'],"[68, 69, 72, 73]","[371, 377, 388, 394]",3,Architecture Aluminium
 réunion organigramme le 09/09/14 à 14h00. Présence obligatoire,['12-08-2014'],"[54, 55, 56, 57]","[280, 287, 294, 301]",7,Architecture Aluminium
 séparatif vestiaires / hall bassins à poser au nu côté vestiaires,['10-06-2014'],"[46, 47, 48, 49, 50, 51, 52, 53, 54, 55, 56, 57, 58, 59, 60, 61, 62, 63, 64, 65, 66, 67]","[226, 232, 238, 244, 250, 257, 264, 272, 280, 287, 294, 301, 308, 315, 321, 327, 333, 340, 347, 353, 359, 365]",7,Architecture Aluminium
" terminer pose portes sous-sol, reprise des cueillies faites",['04-03-2014'],"[31, 32, 33, 34, 35, 36]","[172, 178, 184, 190, 196, 202]",0,Architecture Aluminium
 transmettre dossier EXE à SOCOTEC,['21-10-2014'],"[64, 66]","[347, 359]",9,Architecture Aluminium
 transmettre dossier EXE à SOCOTEC Mairie d’AUBY – Réhabilitation et extension de la piscine municipale – CR 65 281014.doc 4 Pour action Observations,['21-10-2014'],[65],[353],8,Architecture Aluminium
 trappes accès bacs tampon à charge du lot traitement d’eau. A déduire du marché,['17-09-2013'],[10],[48],0,Architecture Aluminium
 confirmer type de gâche électrique sur accès remise en forme Mairie d’AUBY – Réhabilitation et extension de la piscine municipale – CR 59 160914.doc 5 Pour action Observations,['08-07-2014'],"[59, 61]","[315, 327]",2,APPLICAM
 fournir carnet de câblage Mairie d’AUBY – Réhabilitation et extension de la piscine municipale – CR 32 110314.doc 5 Pour action Observations,['11-02-2014'],"[32, 43]","[178, 214]",1,APPLICAM
 fournir carnet de câblage. 24/06/14 : reprendre contact avec DEVRED pour finaliser le câ- blage,['11-02-2014'],"[47, 48, 49, 50, 51, 52, 53, 54, 55, 56, 57, 58, 59]","[233, 239, 245, 251, 258, 265, 273, 281, 288, 295, 302, 309, 315]",1,APPLICAM
 fournir dossier EXE pour le 01/10/13 Mairie d’AUBY – Réhabilitation et extension de la piscine municipale – CR 10 170913.doc 5 Pour action Observations,['17-09-2013'],"[10, 11]","[48, 53]",0,APPLICAM
 confirmer type de gâche électrique sur accès remise en forme,['08-07-2014'],"[49, 50, 51, 52, 53, 54, 55, 56, 57, 58, 60, 62, 63, 64, 65, 66, 67, 68, 69, 71, 72, 73, 74]","[245, 251, 258, 265, 273, 281, 288, 295, 302, 309, 321, 334, 341, 348, 354, 360, 366, 372, 378, 384, 389, 395, 401]",2,APPLICAM
 fournir carnet de câblage,['11-02-2014'],"[28, 29, 30, 31, 33, 34, 35, 36, 44, 46]","[154, 161, 167, 173, 184, 190, 196, 202, 220, 227]",1,APPLICAM
 fournir cote de réservation pour tiroir caisse et autres appareillages du contrôle d’accès à intégrer dans la banque d’accueil,['10-06-2014'],"[46, 47, 48]","[227, 233, 239]",2,APPLICAM
" rappel, fournir les dimensions des appareils à installer dans la banque d’accueil",['23-09-2014'],[60],[321],1,APPLICAM
" suppression du lecteur de carte MOZAIK extérieur entrée scolaire (doublon avec visio- phone du lot électricité), suppression de la borne FMI (déclaration directement auprès de l’hôtesse de caisse qui ouvrira la porte)",['20-01-2015'],[75],[406],0,APPLICAM
" terminer raccordement lecteur de carte accès remise en forme, installation et paramé- trage poste caisse",['20-01-2015'],[75],[406],1,APPLICAM
 valider plan de fourreaux DEVRED,['26-11-2013'],"[20, 21, 22, 24, 25, 26, 27, 28, 29, 30, 31, 32, 33, 34, 35, 36, 43, 44, 46, 47, 48, 49, 50, 51, 52, 53, 54, 55, 56, 57, 58, 59]","[106, 112, 118, 131, 136, 142, 148, 154, 161, 167, 173, 178, 184, 190, 196, 202, 214, 220, 227, 233, 239, 245, 251, 258, 265, 273, 281, 288, 295, 302, 309, 315]",0,APPLICAM
 valider plan de fourreaux DEVRED Mairie d’AUBY – Réhabilitation et extension de la piscine municipale – CR 23 171213.doc 5 Pour action Observations,['26-11-2013'],[23],[124],0,APPLICAM
" BC signale avoir découvert un câble traversant le parking, qui semble être une alimentation d’éclairage public. Réfection à prévoir avant la fin de chantier ASSISTANT MAITRISE D’OUVRAGE",['17-09-2013'],"[12, 13]","[57, 63]",1,"NOREADE sur site ce jour, devis à valider sans délai. 24"
" suite à mise au point avec EJL, il est urgent de commander le raccordement du nouveau réseau d’assainissement de la maison voisine depuis la limite de propriété jusqu’au collecteur (intervention concessionnaire à programmer). 24/09/13 : voir avec NOREADE pour reprise au plus tôt",['17-08-2013'],"[12, 13]","[57, 63]",0,"NOREADE sur site ce jour, devis à valider sans délai. 24"
" BC signale avoir découvert un câble traversant le parking, qui semble être une alimentation d’éclairage public. Réfection à prévoir avant la fin de chantier ASSISTANT MAITRISE D’OUVRAGE",['17-09-2013'],"[12, 12, 13, 13]","[57, 57, 63, 63]",1,09
" suite à mise au point avec EJL, il est urgent de commander le raccordement du nouveau réseau d’assainissement de la maison voisine depuis la limite de propriété jusqu’au collecteur (intervention concessionnaire à programmer). 24/09/13 : voir avec NOREADE pour reprise au plus tôt",['17-08-2013'],"[12, 12, 13, 13]","[57, 57, 63, 63]",0,09
" BC signale avoir découvert un câble traversant le parking, qui semble être une alimentation d’éclairage public. Réfection à prévoir avant la fin de chantier ASSISTANT MAITRISE D’OUVRAGE",['17-09-2013'],"[12, 13]","[57, 63]",1,13 : devis validé le 20
" suite à mise au point avec EJL, il est urgent de commander le raccordement du nouveau réseau d’assainissement de la maison voisine depuis la limite de propriété jusqu’au collecteur (intervention concessionnaire à programmer). 24/09/13 : voir avec NOREADE pour reprise au plus tôt",['17-08-2013'],"[12, 13]","[57, 63]",0,13 : devis validé le 20
" BC signale avoir découvert un câble traversant le parking, qui semble être une alimentation d’éclairage public. Réfection à prévoir avant la fin de chantier ASSISTANT MAITRISE D’OUVRAGE",['17-09-2013'],"[12, 13]","[57, 63]",1,13. 01
" suite à mise au point avec EJL, il est urgent de commander le raccordement du nouveau réseau d’assainissement de la maison voisine depuis la limite de propriété jusqu’au collecteur (intervention concessionnaire à programmer). 24/09/13 : voir avec NOREADE pour reprise au plus tôt",['17-08-2013'],"[12, 13]","[57, 63]",0,13. 01
" BC signale avoir découvert un câble traversant le parking, qui semble être une alimentation d’éclairage public. Réfection à prévoir avant la fin de chantier ASSISTANT MAITRISE D’OUVRAGE",['17-09-2013'],"[12, 13]","[57, 63]",1,10
" suite à mise au point avec EJL, il est urgent de commander le raccordement du nouveau réseau d’assainissement de la maison voisine depuis la limite de propriété jusqu’au collecteur (intervention concessionnaire à programmer). 24/09/13 : voir avec NOREADE pour reprise au plus tôt",['17-08-2013'],"[12, 13]","[57, 63]",0,10
" BC signale avoir découvert un câble traversant le parking, qui semble être une alimentation d’éclairage public. Réfection à prévoir avant la fin de chantier ASSISTANT MAITRISE D’OUVRAGE",['17-09-2013'],"[12, 13]","[57, 63]",1,13 : intervention
" suite à mise au point avec EJL, il est urgent de commander le raccordement du nouveau réseau d’assainissement de la maison voisine depuis la limite de propriété jusqu’au collecteur (intervention concessionnaire à programmer). 24/09/13 : voir avec NOREADE pour reprise au plus tôt",['17-08-2013'],"[12, 13]","[57, 63]",0,13 : intervention
" BC signale avoir découvert un câble traversant le parking, qui semble être une alimentation d’éclairage public. Réfection à prévoir avant la fin de chantier ASSISTANT MAITRISE D’OUVRAGE",['17-09-2013'],[13],[63],1,13 : intervention pro-
" suite à mise au point avec EJL, il est urgent de commander le raccordement du nouveau réseau d’assainissement de la maison voisine depuis la limite de propriété jusqu’au collecteur (intervention concessionnaire à programmer). 24/09/13 : voir avec NOREADE pour reprise au plus tôt",['17-08-2013'],[13],[63],0,13 : intervention pro-
 prochaine réunion le 07/01/14 à 14h00,['26-11-2013'],"[20, 21, 22, 23]","[105, 111, 117, 123]",0,Agi2d
" L’entreprise DEVRED constate, une nouvelle fois, des dégradations sur des luminaires et des chemins de câbles en sous sol. Merci à chacune des entreprises intervenant en sous-sol, de signaler toutes dégradations accidentelles qu’elle pourrait causer sur toutes les installations ne lui appartenant pas. Il est rappelé également de fermer correctement le chan- tier chaque soir.",['29-07-2014'],[53],[270],7,DRD
 confirmer dimensions des trappes à COEXIA,['21-10-2014'],"[64, 65, 66, 67, 68, 69, 72, 73]","[346, 353, 359, 365, 371, 377, 388, 394]",5,DRD
 confirmer le sens de pose des dalles de fibre de bois,['09-09-2014'],[58],[307],5,DRD
 confirmer teinte porte local C7 et panneau plein sur semi-fixe porte infirmerie et plages,['16-09-2014'],[59],[314],4,DRD
" essais de lasure béton faits, à valider",['03-06-2014'],[44],[219],5,DRD
 faire choix couleur caisse : gris anthracite ou blanc,['30-09-2014'],[61],[326],3,DRD
 faire choix des stratifiés,['08-07-2014'],"[49, 50, 52, 53]","[243, 249, 263, 270]",6,DRD
 faire détail sauna (assise),['16-09-2014'],[59],[314],5,DRD
 faire proposition à la Ville d’implantation d’un portillon d’accès pour entretien espaces verts entre parvis entrée et logement ville,['14-10-2014'],"[63, 64, 65]","[339, 346, 353]",4,DRD
 finaliser bilan financier,['03-06-2014'],"[44, 47, 48, 49, 50, 52, 53, 54, 55, 56, 57]","[219, 231, 237, 243, 249, 263, 270, 279, 286, 293, 300]",6,DRD
 fournir éléments sur poignée de tirage des portes vitrées des sauna et hammam,['08-07-2014'],"[49, 50, 52, 53, 54, 55, 56, 57, 58]","[243, 249, 263, 270, 279, 286, 293, 300, 307]",5,DRD
 préciser le souhait de la longueur des surbots,['11-02-2014'],"[28, 29]","[153, 159]",9,DRD
 préparer avenant de prolongation de délai,['28-10-2014'],[65],[353],3,DRD
 transmettre croquis de reprise de l’escalier extérieur accès scolaire,['14-10-2014'],[63],[339],3,DRD
 transmettre croquis de reprise de l’escalier extérieur accès scolaire. 21/10/14 : URGENT,['14-10-2014'],[64],[346],3,DRD
 transmettre docs station de relevage à DEVRED,['06-05-2014'],"[43, 44, 47, 48, 49, 50, 54, 55, 56, 57, 58, 59, 60, 61, 62, 63, 64]","[213, 219, 231, 237, 243, 249, 279, 286, 293, 300, 307, 314, 320, 326, 332, 339, 346]",3,DRD
 transmettre à SDI plan RDC en dwg + dimensions rideau d’air chaud,['26-08-2014'],[56],[293],7,DRD
 visite pré OPR façades et toiture le 16/09/14 à 10h00,['26-08-2014'],"[56, 57]","[293, 300]",6,DRD
 visite pré OPR façades et toiture le 16/09/14 à 10h00. 09/09/14 : reportée au 23/09/14,['26-08-2014'],"[58, 59]","[307, 314]",4,DRD
 voir avec CERGNUL principe de grille de soufflage de sol,['08-04-2014'],[36],[201],10,DRD
 voir finition poutres LC/béton vers accès zone déchausse,['25-03-2014'],[35],[195],8,DRD
 voir intégration poteau béton dans banque d’accueil,['23-09-2014'],[60],[320],3,DRD
 voir pour intégrer regard de pied de chute EP en façade nord (jardinière ?),['11-02-2014'],"[28, 29]","[153, 159]",8,DRD
 voir problème implantation porte local hammam,['08-04-2014'],[36],[201],9,DRD
 voir teinte des grilles de ventilation,['27-05-2014'],[44],[219],4,DRD
 vérifier avis sur banque d’accueil,['16-09-2014'],[59],[314],6,DRD
 établir plan de repérage des rebouchements de trous de banches,['25-02-2014'],"[30, 31, 32, 33, 35, 36]","[165, 171, 177, 183, 195, 201]",8,DRD
 établir plan et définir reprise des bétons selon relevé de ce jour,['25-02-2014'],"[30, 31, 32, 33, 35, 36]","[165, 171, 177, 183, 195, 201]",7,DRD
 visite de riverains encadrée par DRD et BC. Faire remarques sur organisation. 25/02/14 : réunion en mai- rie le 10/03/14 à 10h00 pour organisation. Date prévisionnelle de la manifestation : avril 14,['18-02-2014'],"[30, 31]","[165, 171]",0,LEFEVRE
 visite de riverains encadrée par DRD et BC. Faire remarques sur organisation,['18-02-2014'],[29],[159],0,LEFEVRE
 mettre en peinture le couvre JD sur banquette carrelée entre douches et hall bassin (teinte verte dito car- relage),['21-10-2014'],"[64, 65]","[348, 354]",0,CABRE SA
 réception support avec BC effectué ce jour. La réception est le plan de finition BC an- noté ce jour et affiché en salle de réunion,['03-06-2014'],"[44, 49, 54, 55, 56, 57, 58]","[220, 245, 281, 288, 295, 302, 308]",0,CABRE SA
 réception support avec BC effectué ce jour. La réception est le plan de finition BC annoté ce jour et affi- ché en salle de réunion Mairie d’AUBY – Réhabilitation et extension de la piscine municipale – CR 46 170614.doc 5 Pour action Observations,['03-06-2014'],"[46, 47, 48, 50, 51, 52, 53]","[226, 232, 238, 250, 257, 264, 272]",0,CABRE SA
 voir problème de cloquage de peinture sur CTBX qui se généralise. 09/12/14 : intervention fournis- seur pour diagnostic,['02-12-2014'],"[71, 72, 73, 74, 75]","[384, 389, 395, 401, 406]",1,CABRE SA
 Le vernis sera appliqué après la réalisation de joint de plâtre au pourtour des dormants. (intervenir semaine 32),['22-07-2014'],"[51, 52, 53]","[257, 264, 273]",2,CABRE SA
 attention à respecter les ouvrages béton du parvis : échafaudage posé sur banc béton,['04-11-2014'],"[66, 67, 68]","[360, 366, 372]",2,CABRE SA
 dallette béton au-dessus banque d’accueil à peindre en blanc,['21-10-2014'],[64],[348],2,CABRE SA
" dans sanitaires publics, faire peinture au-dessus faïence dito faïence",['21-10-2014'],[64],[348],1,CABRE SA
 débuter le nettoyage (premier temps dépoussiérage du hall bassins),['28-10-2014'],"[65, 66, 67]","[354, 360, 366]",1,CABRE SA
 débuter le nettoyage (premier temps dépoussiérage du hall bassins). 18/11/14 : RAPPEL URGENT,['28-10-2014'],[68],[372],0,CABRE SA
" faire nettoyer et évacuer tous les déchets de chantier dans et aux abords du bâtiment, à charge compte inter-entreprise",['16-12-2014'],"[72, 73, 74]","[389, 395, 401]",4,CABRE SA
 fournir nuancier de lasures de béton,['25-03-2014'],"[34, 35, 36]","[190, 196, 202]",0,CABRE SA
 fournir surchaussures pour éviter de salir les zones nettoyées,['02-12-2014'],"[71, 72, 73, 74, 75]","[384, 389, 395, 401, 406]",2,CABRE SA
 mettre en peinture habillage bois sur alcove espace bébés (gris dito maçonnerie),['09-12-2014'],"[71, 72, 73, 74]","[384, 389, 395, 401]",3,CABRE SA
 mettre en peinture les canalisations d’alimentation et d’évacuation des appareils sani- taires,['12-11-2014'],[67],[366],4,CABRE SA
 mur local chlore côté vestiaires à peindre en blanc,['23-09-2014'],[60],[321],1,CABRE SA
" préparer 2 échantillons de lasure sur voile BA entre vestiaires individuels et vestiaires collectifs, côté individuels, limités à 1,20m de hauteur",['27-05-2014'],[43],[214],1,CABRE SA
 reprendre nettoyage de réception,['20-01-2015'],[75],[406],2,CABRE SA
" reste diverses finitions de peinture notamment sur canalisations, sous face linteau dans remise en forme",['02-12-2014'],"[71, 72]","[384, 389]",0,CABRE SA
 retour béton sur accès espace déchaussage à peindre en vert,['04-11-2014'],"[66, 67]","[360, 366]",1,CABRE SA
 réception support avec BC Nord le 03/06/14 à 11h00,['13-05-2014'],[43],[214],0,CABRE SA
 réception support avec BC effectué ce jour. La réception est le plan de finition BC annoté ce jour et affi- ché en salle de réunion. 16/09/14 : validé,['03-06-2014'],[59],[315],0,CABRE SA
 terminer la 2 ème couche dans les bureaux pour le 10/10/14,['07-10-2014'],"[62, 63]","[333, 341]",2,CABRE SA
 un élément béton du parvis non peint,['04-11-2014'],"[66, 67]","[360, 366]",3,CABRE SA
" effectuer nettoyage extérieur pour le 17/10/14, chacun pour ce qui vous concerne. A défaut, une entreprise spécialisée sera mandatée par la Maîtrise d’Ouvrage",['14-10-2014'],[63],[339],0,LMP. 19
 veiller à la fermeture du chantier chaque soir Mairie d’AUBY – Réhabilitation et extension de la piscine municipale – CR 63 141014.doc 4 Pour action Observations,['14-10-2014'],[63],[339],1,LMP. 19
" à partir du 15/07/14, portail EJL et BC, base vie CERGNUL et EAS, RDC CERGNUL, sous-sol MQB et",['08-07-2014'],"[55, 56, 58]","[286, 293, 307]",0,LMP. 19
" effectuer nettoyage extérieur pour le 17/10/14, chacun pour ce qui vous concerne. A défaut, une entreprise spécialisée sera mandatée par la Maîtrise d’Ouvrage",['14-10-2014'],"[63, 63, 63]","[339, 339, 339]",0,08
 veiller à la fermeture du chantier chaque soir Mairie d’AUBY – Réhabilitation et extension de la piscine municipale – CR 63 141014.doc 4 Pour action Observations,['14-10-2014'],"[63, 63, 63]","[339, 339, 339]",1,08
" à partir du 15/07/14, portail EJL et BC, base vie CERGNUL et EAS, RDC CERGNUL, sous-sol MQB et",['08-07-2014'],"[55, 55, 56, 56, 56, 58, 58, 58]","[286, 286, 293, 293, 293, 307, 307, 307]",0,08
" effectuer nettoyage extérieur pour le 17/10/14, chacun pour ce qui vous concerne. A défaut, une entreprise spécialisée sera mandatée par la Maîtrise d’Ouvrage",['14-10-2014'],[63],[339],0,"14 : LMP non présent, non signé et convoqué le 26"
 veiller à la fermeture du chantier chaque soir Mairie d’AUBY – Réhabilitation et extension de la piscine municipale – CR 63 141014.doc 4 Pour action Observations,['14-10-2014'],[63],[339],1,"14 : LMP non présent, non signé et convoqué le 26"
" à partir du 15/07/14, portail EJL et BC, base vie CERGNUL et EAS, RDC CERGNUL, sous-sol MQB et",['08-07-2014'],"[55, 56, 58]","[286, 293, 307]",0,"14 : LMP non présent, non signé et convoqué le 26"
" effectuer nettoyage extérieur pour le 17/10/14, chacun pour ce qui vous concerne. A défaut, une entreprise spécialisée sera mandatée par la Maîtrise d’Ouvrage",['14-10-2014'],"[63, 63, 63]","[339, 339, 339]",0,14 : LMP
 veiller à la fermeture du chantier chaque soir Mairie d’AUBY – Réhabilitation et extension de la piscine municipale – CR 63 141014.doc 4 Pour action Observations,['14-10-2014'],"[63, 63, 63]","[339, 339, 339]",1,14 : LMP
" à partir du 15/07/14, portail EJL et BC, base vie CERGNUL et EAS, RDC CERGNUL, sous-sol MQB et",['08-07-2014'],"[55, 55, 56, 56, 56, 58, 58, 58]","[286, 286, 293, 293, 293, 307, 307, 307]",0,14 : LMP
" effectuer nettoyage extérieur pour le 17/10/14, chacun pour ce qui vous concerne. A défaut, une entreprise spécialisée sera mandatée par la Maîtrise d’Ouvrage",['14-10-2014'],[63],[339],0,14 : LMP. 26
 veiller à la fermeture du chantier chaque soir Mairie d’AUBY – Réhabilitation et extension de la piscine municipale – CR 63 141014.doc 4 Pour action Observations,['14-10-2014'],[63],[339],1,14 : LMP. 26
" à partir du 15/07/14, portail EJL et BC, base vie CERGNUL et EAS, RDC CERGNUL, sous-sol MQB et",['08-07-2014'],"[56, 58]","[293, 307]",0,14 : LMP. 26
" effectuer nettoyage extérieur pour le 17/10/14, chacun pour ce qui vous concerne. A défaut, une entreprise spécialisée sera mandatée par la Maîtrise d’Ouvrage",['14-10-2014'],[63],[339],0,"14 : LMP non présent, non si-"
 veiller à la fermeture du chantier chaque soir Mairie d’AUBY – Réhabilitation et extension de la piscine municipale – CR 63 141014.doc 4 Pour action Observations,['14-10-2014'],[63],[339],1,"14 : LMP non présent, non si-"
" à partir du 15/07/14, portail EJL et BC, base vie CERGNUL et EAS, RDC CERGNUL, sous-sol MQB et",['08-07-2014'],"[56, 58]","[293, 307]",0,"14 : LMP non présent, non si-"
 menuiseries alu intérieures RAL7012,['24-06-2014'],[56],[296],4,SRCM
" store bambou 50mm référence 50-202. Les largeurs supérieures à 2,40m seront recoupées en fonction des menuiseries alu extérieures",['24-06-2014'],[56],[296],3,SRCM
 clôture RAL7012. 26/08/14 : validé en RAL7016,['08-07-2014'],[56],[296],6,EJL
" effectuer nettoyage extérieur pour le 17/10/14, chacun pour ce qui vous concerne. A défaut, une entreprise spécialisée sera mandatée par la Maîtrise d’Ouvrage",['14-10-2014'],"[63, 63, 63, 63]","[339, 339, 339, 339]",0,LMP
 veiller à la fermeture du chantier chaque soir Mairie d’AUBY – Réhabilitation et extension de la piscine municipale – CR 63 141014.doc 4 Pour action Observations,['14-10-2014'],"[63, 63, 63, 63]","[339, 339, 339, 339]",1,LMP
" à partir du 15/07/14, portail EJL et BC, base vie CERGNUL et EAS, RDC CERGNUL, sous-sol MQB et",['08-07-2014'],"[55, 55, 55, 56, 56, 56, 56, 57, 58, 58, 58, 58]","[286, 286, 286, 293, 293, 293, 293, 300, 307, 307, 307, 307]",0,LMP
