cell,dates,nums_cr,pages_table_start,line_order,title
"SNEF signale que les réservations demandées n’ont pas été prises en compte en RDC et R+1.
04/12/13 : pris en compte sur plans remis ce jour
Contrôle réservations en sous sol du 18/12/13
- Déboucher toutes les réservations
- Locaux TE / TA :
. 2 ventilations de bac tampon fosse de plongée à carotter
. 3 pièces à sceller bac tampon plongée à carotter : plan précis à fournir par EAS
. manque 4 réservations en PH pour COEXIA : plan précis à fournir par COEXIA
. manque 1 réservation COEXIA en voile cour anglaise
. vérifier si robinet de puisage dans socle casiers piscine
. vérifier siphon + évacuation sanitaires entrée et sanitaires douches piscine : confirmer nature des réseaux à pas-
ser par COEXIA
- Galeries techniques :
. voile à proximité local technique ludique à vérifier
. manque 1 réservation SNEF à proximité du local technique ludique
. manque 1 réservation COEXIA en voile infrastructure à côté du bassin d’apprentissage
. manque 3 réservations COEXIA à côté des bacs tampon
. vérifier possibilité de descendre réseau EU plages sous poutres autour du bassin d’activités (AI poutre à – 0.58
sauf une poutre à – 0.63)
. prévoir un gabarit pour vérification réservation grille de soufflage au sol
Contrôle réservations en RDC du 22/01/14
- manque 1∅200 dans local stockage univers petite enfance
- manque 1 réservation 20x40ht au droit douches à jets
- reprendre alignement 3 réservations rectangulaires dans salle fitness
- vérifier 2 réservations dans sanitaires publics
- vérifier 1 réservation dans local entretien vestiaires
- manque 1 réservation 35x35 en dalle haute du TGBT",['27-11-2013'],"[40, 41, 42]","[296, 305, 314]",42,BERIM
"SNEF signale que les réservations demandées n’ont pas été prises en compte en RDC et R+1.
04/12/13 : pris en compte sur plans remis ce jour
Contrôle réservations en sous sol du 18/12/13
- Linteau entrée sous-sol à recouper
- Déboucher toutes les réservations
- Locaux TE / TA :
. 2 ventilations de bac tampon fosse de plongée à carotter
. 3 pièces à sceller bac tampon plongée à carotter : plan précis à fournir par EAS
. manque 4 réservations en PH pour COEXIA : plan précis à fournir par COEXIA
. manque 1 réservation COEXIA en voile cour anglaise
. vérifier si robinet de puisage dans socle casiers piscine
. vérifier siphon + évacuation sanitaires entrée et sanitaires douches piscine : confirmer nature des réseaux à pas-
ser par COEXIA
- Galeries techniques :
. voile à proximité local technique ludique à vérifier
. manque 1 réservation SNEF à proximité du local technique ludique
. manque 1 réservation COEXIA en voile infrastructure à côté du bassin d’apprentissage
. vérifier ∅200 manquant en voile bac tampon. 15/01/14 : pas nécessaire
. manque 3 réservations COEXIA à côté des bacs tampon
. vérifier possibilité de descendre réseau EU plages sous poutres autour du bassin d’activités (AI poutre à – 0.58
sauf une poutre à – 0.63)
. prévoir un gabarit pour vérification réservation grille de soufflage au sol",['27-11-2013'],"[36, 37, 38, 39]","[261, 269, 278, 287]",39,BERIM
"SOGEA informe qu’il n’est pas possible d’avoir de vitrage teinté vert en triple vi-
trage. A vérifier et donner instruction",['06-03-2013'],"[1, 2, 3]","[10, 15, 20]",9,BERIM
"Z1 à Z8 par SOGEA. Idem pour la Z11, Z12, Z15 à Z21 à charge SOGEA. Les Z9 et Z23 sont
à charge COEXIA
Synthèse",['17-04-2013'],"[22, 23, 24, 25, 26, 27, 28, 29, 30, 31, 32, 33, 34, 35, 36, 37, 38, 39, 40, 41, 42, 43, 44, 45, 46, 47, 48, 49, 49, 51]","[154, 161, 168, 176, 183, 191, 198, 206, 213, 221, 229, 237, 245, 253, 261, 269, 278, 287, 296, 305, 314, 323, 332, 341, 350, 359, 368, 377, 388, 406]",16,BERIM
"Z13 et 14, pénétration dans bâtiment en point haut + attente au sol par SOGEA, descente
intérieure entre les 2 attentes par COEXIA. Il en va de même pour la Z10+Z24",['17-04-2013'],"[22, 23, 24, 25, 26, 27, 28, 29, 30, 31, 32, 33, 34, 35, 36, 37, 38, 39, 40, 41, 42, 43, 44, 45, 46, 47, 48, 49, 49, 51, 52, 53, 54, 55, 56]","[154, 161, 168, 176, 183, 191, 198, 206, 213, 221, 229, 237, 245, 253, 261, 269, 278, 287, 296, 305, 314, 323, 332, 341, 350, 359, 368, 377, 388, 406, 422, 431, 440, 449, 458]",13,BERIM
"confirmer la finition des pédiluves extérieurs en tenant compte de la nécessité d’une
étanchéité sur le support béton",['26-08-2015'],"[83, 84, 85]","[728, 738, 748]",20,BERIM
"confirmer la hauteur de la retombée du pan incliné au droit verrière tipi pour incor-
poration bouche d’aspiration ventilation",['11-03-2015'],"[63, 64, 65, 66, 67, 68, 69, 70, 71, 72, 73, 74, 75, 76, 77, 78, 79, 81, 82, 83, 84, 85, 86, 87, 88, 90, 91, 92]","[519, 527, 535, 544, 553, 562, 571, 583, 598, 610, 625, 637, 652, 662, 671, 680, 689, 708, 718, 728, 738, 748, 758, 768, 778, 798, 809, 825]",19,BERIM
"confirmer le principe de fonctionnement des pédiluves souhaité : alimentation, trop
plein, évacuation",['22-01-2014'],"[39, 40, 41, 43, 44, 45, 46, 47, 48, 49, 49, 51]","[288, 297, 306, 324, 333, 342, 351, 360, 369, 378, 390, 408]",19,BERIM
"confirmer que l’éclairage public au droit des quais bus (hors limite de prestation)
est dans le marché travaux",['22-07-2015'],"[81, 82, 83, 84, 85, 86, 87]","[708, 718, 728, 738, 748, 758, 768]",18,BERIM
"contacter EAU et FORCE pour confirmer que le compteur d’eau est de type à impulsion.
18/06/14 : transmettre besoin en eau à EAU et FORCE. 08/04/15 : organiser réunion concessionnaires",['23-04-2014'],"[67, 68, 69, 70]","[553, 562, 571, 583]",7,BERIM
"contacter EAU et FORCE pour confirmer que le compteur d’eau est de type à impulsion.
18/06/14 : transmettre besoin en eau à EAU et FORCE. 08/04/15 : organiser réunion concessionnaires.
06/05/15 : URGENT",['23-04-2014'],"[71, 72]","[598, 610]",8,BERIM
"contacter EAU et FORCE pour confirmer que le compteur d’eau est de type à impulsion.
18/06/14 : transmettre besoin en eau à EAU et FORCE. 08/04/15 : organiser réunion concessionnaires.
06/05/15 : URGENT ; 13/05/15 : Organisera une réunion des concessionnaires première quinzaine de
juin 2015. 20/05/15 : réunion le 03/06/15 à 14h00",['23-04-2014'],"[73, 74]","[625, 637]",9,BERIM
"diffuser plan de socles sur terrasse technique. 06/11/13 : tenir compte épaisseur complexe
isolant/étanchéité 100mm
Réservations en phase réalisation",['30-10-2013'],"[30, 31, 32, 33]","[213, 221, 229, 237]",19,BERIM
"diffuser plan siphon et réseaux plages extérieurs à MONTARON pour le 20/09/13
Contrôle réservations en sous sol du 18/12/13
- Locaux TE / TA :
. vérifier si robinet de puisage dans socle casiers piscine
Contrôle réservations en RDC du 22/01/14
- valider VH local TGBT dans la porte du local
- vérifier alignement des réservations dans gradins
- vérifier alignement des réservations des trappes de lignes de nage
- manque toutes les réservations pour siphons de sol et caniveaux de la zone vestiaires sanitaires plon-
gée (plan non fourni)
Contrôle réservations de serrurerie du 22/01/14
- repères 4 et 6 : piochage si nécessaire lors de la pose
- repères 5 et 18 : reprise
- repère 8, 11 et 20 : vérification avec trait de niveau
- repère 10 : calfeutrement mortier après pose si nécessaire
Contrôle réservations en R+1 du 19/02/14
- vérifier alignement réservations sur coursive
- 2 réservations 300x300 à déplacer en hauteur sur coursive bassin ludique (soufflage canons de lu-
mière)
- vérifier alignement réservations au niveau terrasse technique zone plongée",['18-09-2013'],"[49, 49, 51]","[377, 388, 406]",29,BERIM
"dû au lot VRD environ 4 450m3 en apport et environ 32 100m3 en réemploi. Dû au
lot GO 16 000m3 (estimé en phase chantier 5 000m3)",['11-09-2013'],"[22, 23, 24, 25, 26, 27, 28, 29, 30, 31, 32, 33, 34, 35, 36, 37, 38, 39, 40, 42, 44]","[158, 165, 172, 180, 187, 195, 202, 209, 217, 225, 233, 241, 249, 257, 265, 273, 283, 292, 301, 320, 338]",13,BERIM
faire VISA sur fiche produit bâche bentonitique du bassin EP,['25-09-2013'],"[24, 25, 26, 27, 28, 29, 30, 31, 32, 33, 34, 35, 36, 37, 38, 39, 40, 41, 42, 43, 44, 45, 46, 47, 48, 49, 49, 51]","[169, 177, 184, 192, 199, 207, 214, 222, 230, 238, 246, 254, 262, 270, 279, 288, 297, 306, 315, 324, 333, 342, 351, 360, 369, 378, 390, 408]",21,BERIM
"faire choix de la perforation des panneaux stratifiés dus par le lot menuiserie intérieur dans
la hall bassin sportif (∅8mm, entraxe multiple 32mm)",['08-07-2015'],"[81, 82, 83, 84, 85, 86, 87, 88, 90, 91, 92]","[708, 718, 728, 738, 748, 758, 768, 778, 798, 809, 825]",16,BERIM
"faire coupe sur bassin intermédiaire rivière à bouées en précisant le niveau haut de
ce bassin et le raccordement souhaité sur les 2 parties de rivière (amont et aval)",['15-05-2013'],"[10, 11, 12, 13, 14, 15, 16]","[67, 74, 81, 88, 95, 102, 110]",24,BERIM
"faire levé topo et définition des besoins réels pour le 25/09/13. 26/09/13 : en m3
remblais périphériques : 6400 pour 4000 marché
trottoir : 700 pour 2251 marché
voirie : 3529 pour 3651 marché
solarium : 735 pour 642 marché
espaces verts : 1210 pour 1320 marché
merlon paysager : 24600 pour 13000 marché (avec 0,20m de terre végétale et nivellement plat)
soit ≈ 37100 m3 pour 24700 m3 marché. Manque ≈ 10000m3",['11-09-2013'],"[24, 25, 26, 27, 29, 39, 40]","[172, 180, 187, 195, 209, 292, 301]",20,BERIM
"faire levé topo et définition des besoins réels pour le 25/09/13. 26/09/13 : en m3
remblais périphériques : 6400 pour 4000 marché
trottoir : 700 pour 2251 marché
voirie : 3529 pour 3651 marché
solarium : 735 pour 642 marché
espaces verts : 1210 pour 1320 marché
merlon paysager : 24600 pour 13000 marché (avec 0,20m de terre végétale et nivellement plat)
soit ≈ 37100 m3 pour 24700 m3 marché. Manque ≈ 10000m3
AVANCEMENT – PLANIFICATION
Intempéries :
26 jours
1 jour (le 03/07/13 : pluie), 1 jour (le 18/09/13 : pluie), 1 jour (le 10/10/13 : pluie), 1 jour (le 23/10/13 : vent), 1 jour
(le 25/10/13 : vent), 2 jours (les 28 et 29/10/13), 3 jours (le 04/11/13 : vent, le 05/11/13 : pluie, le 06/11/13 : pluie +
vent), 2 jours (les 07 et 08/11/13 : pluie et vent), 1 jour (le 14/11/13 : vent), 1 jour (le 19/11/13 : pluie), 1 jour (le
21/11/13 : neige), 1 jour (le 03/12/13 : gel), 1 jour (le 11/12/13 : gel), 2 jours (les 12 et 13/12/13 : gel), 1 jour (le
06/01/14 : pluie), 3 jours (les 14, 15 et 16/01/14 : pluie), 1 jour (le 20/01/14 : pluie), 1 jour (le 27/01/14 : pluie et
vent), 1 jour (le 07/02/14 : vent)
Effectif :",['11-09-2013'],"[41, 42, 43, 44]","[311, 320, 329, 338]",17,BERIM
"faire levé topo et définition des besoins réels pour le 25/09/13. 26/09/13 : en m3
remblais périphériques : 6400 pour 4000 marché
trottoir : 700 pour 2251 marché
voirie : 3529 pour 3651 marché
solarium : 735 pour 642 marché
espaces verts : 1210 pour 1320 marché
merlon paysager : 24600 pour 13000 marché (avec 0,20m de terre végétale et nivellement plat)
soit ≈ 37100 m3 pour 24700 m3 marché. Manque ≈ 10000m3
VRD
23/10/13 :
- L’entreprise a remis au BERIM ce jour le plan indice A Projet de Murs de soutènement. Il sera
complété par les coupes et détail suivants :
- Coupe AA sur le talus de l’espace vert
- Coupe BB sur le profil n°13
- Détail de la constitution du sol sous mur préfabriqué.
- Fiche technique des murs préfabriqués, accompagné de la note de calcul de dimensionnement
- L’ensemble de ses documents devra être transmis au contrôleur technique en format papier
pour visa.
- BERIM contactera le paysagiste pour un visa de ses prestations.
TCE",['11-09-2013'],"[28, 30, 31, 32, 33, 34, 35, 36, 38]","[202, 217, 225, 233, 241, 249, 257, 265, 283]",25,BERIM
"faire plan avec niveaux des remblais en pied de bâtiment dus par SOGEA (en fonc-
tion des finitions extérieures",['17-04-2013'],"[6, 7, 8, 9, 10]","[39, 46, 53, 60, 67]",7,BERIM
"faire plan de repérage des contre cloisons à réaliser dans vestiaires remise en
forme",['20-05-2015'],"[73, 75, 76]","[625, 652, 662]",20,BERIM
"faire proposition de complément de contrôle d’accès sur la zone remise en forme
humide",['19-03-2014'],"[46, 47, 48, 49, 52, 53, 54, 55, 56, 57, 58, 59, 60, 61, 62, 63, 64, 65, 66, 67, 68, 69, 70, 71, 72, 73, 74, 75, 76, 77, 78, 79, 81, 82, 83, 84, 85, 86, 87, 88, 90, 91, 92, 98, 99]","[351, 360, 369, 378, 422, 431, 440, 449, 458, 467, 476, 485, 494, 503, 511, 519, 527, 535, 544, 553, 562, 571, 583, 598, 610, 625, 637, 652, 662, 671, 680, 689, 708, 718, 728, 738, 748, 758, 768, 778, 798, 809, 825, 843, 852]",23,BERIM
faire un point sur les pores équipées de gâches électriques,['16-09-2015'],"[86, 87, 88, 90, 91, 92, 98, 99]","[758, 768, 778, 798, 810, 825, 843, 852]",17,BERIM
"fournir un détail de raccordement avec le textile ajouré. 19/06/13 : faire le détail sur la jonction
membrane/ossature/isolation thermique",['13-06-2013'],"[15, 16]","[102, 110]",17,BERIM
"fournir un détail de raccordement avec le textile ajouré. 19/06/13 : faire le détail sur la jonction mem-
brane/ossature/isolation thermique. 03/07/13 : vue en réunion de synthèse le 02/07/13, contre bardage intérieur
isolé nécessaire sur hauteur du R+2 et couvertine à la jonction membrane/textile ajouré et pipeco autour de chaque
épine",['13-06-2013'],"[17, 18, 19, 22, 23, 24, 25, 26, 27, 28, 29, 30, 31, 32, 33, 35, 36]","[118, 126, 133, 155, 162, 169, 177, 184, 192, 199, 207, 214, 222, 229, 238, 254, 262]",18,BERIM
"le planning TCE a été diffusé pour analyse à toutes les entreprises avec retour pour
le 04/10/13. Réunion de signature du planning le 16/10/13 à 14h00 : toutes les entreprises sont
convoquées
Intempéries :
2 jours
1 jour (le 03/07/13 : pluie), 1 jour (le 18/09/13 : pluie)
Effectif :",['25-09-2013'],"[24, 25, 26]","[172, 180, 187]",32,BERIM
"le planning TCE a été diffusé pour analyse à toutes les entreprises avec retour pour le 04/10/13. Réu-
nion de signature du planning le 16/10/13 à 14h00 : toutes les entreprises sont convoquées. 18/12/13 : non pré-
sents, non signés et convoqués le 08/01/14 : SAM+, SUEDE SAUNA
Intempéries :
23 jours
1 jour (le 03/07/13 : pluie), 1 jour (le 18/09/13 : pluie), 1 jour (le 10/10/13 : pluie), 1 jour (le 23/10/13 : vent), 1 jour
(le 25/10/13 : vent), 2 jours (les 28 et 29/10/13), 3 jours (le 04/11/13 : vent, le 05/11/13 : pluie, le 06/11/13 : pluie +
vent), 2 jours (les 07 et 08/11/13 : pluie et vent), 1 jour (le 14/11/13 : vent), 1 jour (le 19/11/13 : pluie), 1 jour (le
21/11/13 : neige), 1 jour (le 03/12/13 : gel), 1 jour (le 11/12/13 : gel), 2 jours (les 12 et 13/12/13 : gel), 1 jour (le
06/01/14 : pluie), 2 jours (les 14 et 15/01/14 : pluie), 1 jour (le 20/01/14 : pluie)
Effectif :",['25-09-2013'],"[39, 40]","[292, 301]",30,BERIM
"manque 4 réservations en PH sous-sol pour siphon de sol dans sanitaires/douches
individuels
ASSISTANT MAITRISE D’OUVRAGE",['26-03-2014'],"[47, 48, 49]","[359, 368, 377]",41,BERIM
"manque deux réservations dans voile file 10 (sans recherche de responsabilité) de
2000x1000mm + ∅250mm. Utilisation de deux réservations 1000x1000mm de part et d’autre
dudit voile pour dédoubler la gaine initiale. Un carottage est à prévoir pour le ∅250mm man-
quant
ASSISTANT MAITRISE D’OUVRAGE",['16-10-2013'],"[27, 28, 29, 30, 32]","[191, 198, 206, 213, 229]",23,BERIM
problème du nombre d’évacuation des EP de toiture à étudier selon plan remis par,['30-10-2013'],"[29, 30, 31, 32, 33]","[207, 214, 222, 230, 238]",18,BERIM
"problème imposte manquante sas ascenseur (x2) + infirmerie plongée (hauteur
châssis 2,10m)",['11-06-2014'],"[58, 59, 60, 62, 63, 64, 65, 66, 67]","[476, 485, 494, 511, 519, 527, 535, 544, 553]",20,BERIM
"préciser la finition des ébrasements et sous face de plancher haut au droit de
chaque accès extérieur de la zone plongée",['15-01-2014'],"[38, 39, 40, 41]","[279, 288, 297, 306]",18,BERIM
"préciser le niveau bas des canons de lumière pour définition des niveaux de toile
tendue et faire détail de finition toile/CTBX/ossature canon de lumière",['11-09-2013'],"[22, 23, 24]","[155, 162, 169]",19,BERIM
"quantité disponible à l’origine 21 343m3, dont environ 4 000m3 ont été utilisés pour
le fond de forme du parking. Reste environ 17 300m3 théorique, 15 000m3 selon le relevé géo-
mètre missionné par SOGEA début mars (12 000m3 en 0/40, 2 000m3 en 0/80, 1 000m3 en
terre)",['11-09-2013'],"[22, 23, 24, 25, 26, 27, 28, 29, 30, 31, 32, 33, 35, 36, 37, 38, 39, 40, 44]","[158, 165, 172, 180, 187, 195, 202, 209, 217, 225, 233, 241, 257, 265, 273, 283, 292, 301, 338]",11,BERIM
"relancer le responsable structure qui a modélisé la charpente métallique pour finali-
ser l’étude avec SOGEA",['20-03-2013'],"[2, 3]","[15, 20]",11,BERIM
"rotation du caniveau de fond de fosse plongée, déplacement du bac tampon de la
fosse et création d’un local stockage produit. Extrait de plan à mettre à jour pour diffusion",['06-03-2013'],"[1, 2]","[10, 15]",5,BERIM
"réservation au droit coursive au-dessus local MNS à scier pour hauteur fini de
500mm en alignant les deux réservations
Réception support par CRI du 12/03/14
- effectuer enduit sur maçonnerie recouverte de faïence
- fosse de plongée, reprendre désaffleur entre les deux levées de coulage des bajoyers. Reste à vérifier la dimen-
sion en plan (∅ constant à vérifier sur la hauteur)",['09-04-2014'],"[49, 49, 51]","[377, 388, 406]",34,BERIM
"synthèse RDC, R+1 et toiture le 10/09/13. Diffusion plan de réservations pour le 13/09/13. 18/09/13 :
plan présenté validé à compléter avec réservation pour bain chaud pour le 20/09/13. 25/09/13 : diffuser plan
de synthèse réservations RDC et R+1 y compris gradins sans délai",['05-09-2013'],"[24, 25, 26]","[168, 176, 183]",16,BERIM
"voir avec BERIM et MONTARON plan de profilage des espaces verts en fonction des
matériaux disponibles en remblais",['02-10-2013'],"[25, 26, 27, 28, 29, 30, 31]","[177, 184, 192, 199, 207, 214, 222]",15,BERIM
"voir avec BERIM et MONTARON plan de profilage des espaces verts en fonction des matériaux dispo-
nibles en remblais. 20/11/13 : établir plan d’aménagement paysager avec cote de niveaux pour le
04/12/13",['02-10-2013'],"[32, 33, 34, 35, 36]","[230, 238, 246, 254, 262]",9,BERIM
"voir avec BERIM et MONTARON plan de profilage des espaces verts en fonction des matériaux dispo-
nibles en remblais. 20/11/13 : établir plan d’aménagement paysager avec cote de niveaux pour le 04/12/13.
08/01/14 : URGENT pour le 15/01/14 dernier délai. 22/01/14 : présence en réunion le 22/01/14 obliga-
toire",['02-10-2013'],"[39, 40, 41, 42, 43, 44]","[288, 297, 306, 315, 324, 333]",10,BERIM
"voir le problème de l’étanchéité à l’air entre l’arrière de la membrane et les locaux
intérieurs",['30-10-2013'],"[29, 30, 31, 32, 33, 34, 35, 36, 37, 38, 39, 40, 41, 43, 44, 45, 46, 47, 48]","[207, 214, 222, 230, 238, 246, 254, 262, 270, 279, 288, 297, 306, 324, 333, 342, 351, 360, 369]",18,BERIM
"voir pour cristallisation des carneaux de ventilation et nécessité des cuvettes
d’ascenseurs",['20-03-2013'],"[2, 4, 5, 6, 7, 8, 9, 10, 11, 12, 13, 14, 15, 16]","[15, 26, 32, 38, 46, 53, 60, 67, 74, 81, 88, 95, 102, 110]",18,BERIM
"voir problème de fermeture coupe feu de part et d’autre de l’escalier au droit du
TGBT",['30-04-2013'],"[8, 9, 10, 11, 12]","[53, 60, 67, 74, 81]",22,BERIM
"voir remarques DEKRA sur les évacuations des EP de toiture. Notamment sur la
zone Z22 représentant 1270m2 et évacuée par 5 trop pleins",['18-09-2013'],"[23, 24, 25, 26, 27, 28, 29, 30, 31, 32, 33]","[162, 169, 177, 184, 192, 199, 207, 214, 222, 230, 238]",19,BERIM
"vérifier attendus du permis de construire sur les demandes du SDIS. 07/05/13 : défense incendie
(à charge MOA)",['24-03-2014'],"[9, 10, 11, 12]","[60, 67, 74, 81]",19,BERIM
"vérifier et confirmer la limite de prestation entre SNEF et MONTARON pour la pose
du transfo électrique",['29-07-2015'],"[82, 83]","[718, 728]",18,BERIM
"vérifier la problématique soulevé par SOGEA de sas sur palier intermédiaire de
l’escalier hélicoïdal",['20-03-2013'],"[2, 4]","[15, 26]",16,BERIM
CAMVS demande une proposition d’organigramme,['04-11-2015'],"[98, 99]","[843, 852]",16,BERIM
RDV choix luminaires le 24/06/14 à 10h00 chez BERIM,['11-06-2014'],"[58, 59]","[476, 485]",22,BERIM
RDV fixé le 25/09/13 à 10h00 chez DEKRA pour relecture RICT,['11-09-2013'],"[22, 23, 24]","[155, 162, 169]",18,BERIM
"SNEF signale que les réservations demandées n’ont pas été prises en compte en
RDC et R+1
ASSISTANT MAITRISE D’OUVRAGE",['27-11-2013'],[33],[237],24,BERIM
"SNEF signale que les réservations demandées n’ont pas été prises en compte en RDC et R+1.
04/12/13 : pris en compte sur plans remis ce jour
ASSISTANT MAITRISE D’OUVRAGE",['27-11-2013'],"[34, 35]","[245, 253]",18,BERIM
URGENT faire VISA sur plans EXE SOGEA,['19-06-2013'],"[15, 16, 17, 18, 19]","[102, 110, 118, 126, 133]",17,BERIM
URGENT finaliser le projet vidéosurveillance,['22-07-2015'],"[81, 82, 83, 84, 85, 86, 87, 88, 90, 91, 92]","[708, 718, 728, 738, 748, 758, 768, 778, 798, 809, 825]",17,BERIM
URGENT finaliser le projet vidéosurveillance. 04/11/15 : RAPPEL,['22-07-2015'],"[98, 99]","[843, 852]",9,BERIM
"Z1 à Z8 par SOGEA. Idem pour la Z11, Z12, Z15 à Z21 à charge SOGEA. Les Z9 et Z23 sont à
charge COEXIA
Contrôle réservations en RDC du 22/01/14
- valider VH local TGBT dans la porte du local
- manque toutes les réservations pour siphons de sol et caniveaux de la zone vestiaires sanitaires plongée (plan
non fourni)
Contrôle réservations en R+1 du 19/02/14
- 2 réservations 300x300 à déplacer en hauteur sur coursive bassin ludique (soufflage canons de lumière)
- vérifier alignement réservations au niveau terrasse technique zone plongée",['17-04-2013'],"[54, 55]","[440, 449]",15,BERIM
"Z1 à Z8 par SOGEA. Idem pour la Z11, Z12, Z15 à Z21 à charge SOGEA. Les Z9 et Z23 sont à
charge COEXIA
Contrôle réservations en RDC du 22/01/14
- valider VH local TGBT dans la porte du local
- manque toutes les réservations pour siphons de sol et caniveaux de la zone vestiaires sanitaires plongée (plan
non fourni)
Contrôle réservations en R+1 du 19/02/14
- 2 réservations 300x300 à déplacer en hauteur sur coursive bassin ludique (soufflage canons de lumière)
- vérifier alignement réservations au niveau terrasse technique zone plongée
Réception support par CRI du 12/03/14
- fosse de plongée, reprendre désaffleur entre les deux levées de coulage des bajoyers. Reste à vérifier la dimen-
sion en plan (∅ constant à vérifier sur la hauteur)
ASSISTANT MAITRISE D’OUVRAGE",['17-04-2013'],[56],[458],18,BERIM
"Z1 à Z8 par SOGEA. Idem pour la Z11, Z12, Z15 à Z21 à charge SOGEA. Les Z9 et Z23 sont à
charge COEXIA
Contrôle réservations en sous sol du 18/12/13
- Locaux TE / TA :
. vérifier si robinet de puisage dans socle casiers piscine
Contrôle réservations en RDC du 22/01/14
- valider VH local TGBT dans la porte du local
- manque toutes les réservations pour siphons de sol et caniveaux de la zone vestiaires sanitaires plongée (plan
non fourni)
Contrôle réservations en R+1 du 19/02/14
- 2 réservations 300x300 à déplacer en hauteur sur coursive bassin ludique (soufflage canons de lumière)
- vérifier alignement réservations au niveau terrasse technique zone plongée",['17-04-2013'],"[52, 53]","[422, 431]",18,BERIM
"Z11, regard en pied de chute à confirmer",['17-04-2013'],"[22, 23, 24, 25, 26, 27, 28, 29, 30, 31, 32, 33, 34, 35, 36, 37, 38, 39, 40, 41, 42, 43, 44, 45, 46, 47, 48, 49, 49, 51, 52, 53, 54, 55, 56]","[154, 161, 168, 176, 183, 191, 198, 206, 213, 221, 229, 237, 245, 253, 261, 269, 278, 287, 296, 305, 314, 323, 332, 341, 350, 359, 368, 377, 388, 406, 422, 431, 440, 449, 458]",10,BERIM
choix des teintes de la toile tendue 6 mois au plus tard avant la pose,['11-09-2013'],"[22, 23, 24, 25, 26, 29]","[158, 165, 172, 180, 187, 209]",5,BERIM
"choix des teintes de la toile tendue 6 mois au plus tard avant la pose. 06/11/13 : choix pour 01/12/13
Matériaux de remblais du site",['11-09-2013'],[33],[241],5,BERIM
confirmer choix carrelages sanitaires homme remise en forme,['15-04-2015'],[68],[562],18,BERIM
confirmer classe du bois pour bardage clin extérieur,['11-06-2014'],"[58, 59, 60, 62, 63, 64]","[476, 485, 494, 512, 519, 527]",22,BERIM
confirmer la nécessité des panneaux perforés en zone plongée (CTBX 22mm),['08-07-2015'],"[81, 82, 83, 84, 85, 86, 87, 88, 90, 91, 92, 98, 99]","[708, 718, 728, 738, 748, 758, 768, 778, 798, 809, 825, 843, 852]",14,BERIM
"confirmer le RAL des menuiseries alu
Matériaux de remblais du site",['11-09-2013'],"[22, 23, 24, 25, 26]","[158, 165, 172, 180, 187]",7,BERIM
"confirmer le type de finition souhaitée sur les maçonnerie : enduite ou joints tirés au
fer",['06-11-2013'],[30],[214],20,BERIM
confirmer les hauteurs sous faux plafonds,['01-04-2015'],"[66, 67, 68]","[544, 553, 562]",17,BERIM
confirmer les plafonds CF à prévoir,['22-04-2015'],"[69, 71, 72, 73, 74]","[571, 598, 610, 625, 637]",15,BERIM
"confirmer les plafonds CF à prévoir
-29/04/15 : SOGEA souhaite connaître savoir à quel moment est prévue la pose des douces
courbes, avant ou après la réalisation de la chape. En zone bains chaud, faire une synthèse avec",['22-04-2015'],[70],[583],17,BERIM
confirmer les teintes des DEP,['11-03-2015'],[63],[519],17,BERIM
confirmer l’option triple vitrage également sur les verrières,['06-03-2013'],"[1, 2, 3, 4, 5, 6, 7, 8, 9, 10, 11, 12, 13, 14, 15, 16, 17, 18, 19, 20, 21, 22, 23, 24]","[10, 15, 20, 26, 32, 38, 46, 53, 60, 67, 74, 81, 88, 95, 102, 110, 118, 126, 133, 141, 148, 155, 162, 169]",8,BERIM
"confirmer teint des poteaux bois intérieurs + clin dans murs rideaux
Matériaux de remblais du site",['30-10-2013'],[29],[209],6,BERIM
confirmer à CRI les hauteurs de coffres GEBERIT pour définition arrêt des faïences,['30-09-2015'],[88],[778],18,BERIM
confirmer à MQB le % de vide dans barrage bois sur coursive,['05-03-2014'],"[44, 45, 46]","[333, 342, 351]",19,BERIM
contacter EAU et FORCE pour confirmer que le compteur d’eau est de type à impulsion,['23-04-2014'],"[54, 55, 56, 57, 58]","[440, 449, 458, 467, 476]",9,BERIM
"contacter EAU et FORCE pour confirmer que le compteur d’eau est de type à impulsion. 18/06/14 :
transmettre besoin en eau à EAU et FORCE",['23-04-2014'],"[59, 60, 61, 62, 63, 64, 65, 66]","[485, 494, 503, 511, 519, 527, 535, 544]",9,BERIM
demander les fluides pour fin novembre pour débuter les essais,['30-09-2015'],[88],[778],17,BERIM
diffuser CR réunion avec ARS,['07-05-2014'],"[53, 54, 55, 56, 57, 58, 59, 60, 61, 62, 63, 64, 65, 66, 67, 68, 69, 70, 71, 72, 73, 74, 75, 76, 77, 78, 79, 81, 82, 83, 84, 85, 86, 87, 88, 90, 91, 92, 98]","[431, 440, 449, 458, 467, 476, 485, 494, 503, 511, 519, 527, 535, 544, 553, 562, 571, 583, 598, 610, 625, 637, 652, 662, 671, 680, 689, 708, 718, 728, 738, 748, 758, 768, 778, 798, 809, 825, 843]",11,BERIM
diffuser plan RDC à MONTARON,['11-06-2014'],[58],[476],18,BERIM
diffuser plan VRD à GrDF avec implantation souhaitée du coffret de détente,['15-05-2013'],"[10, 11]","[67, 74]",24,BERIM
diffuser plan de modification accès chantier à partir du 20/04/15,['01-04-2015'],[66],[544],18,BERIM
"diffuser plan de socles sur terrasse technique
Charpente LC / Faux plafonds
- 24/04/13  prévoir une structure à souder en pied de charpente métallique des verrières
Réservations en phase réalisation",['30-10-2013'],[29],[206],20,BERIM
diffuser plan réseaux enterrés à MONTARON pour le 20/09/13,['18-09-2013'],"[23, 24]","[161, 168]",16,BERIM
diffuser plan siphon et réseaux plages extérieurs à MONTARON pour le 20/09/13,['18-09-2013'],"[23, 24, 25, 26, 27, 28, 29, 30, 31, 32, 33]","[161, 168, 176, 183, 191, 198, 206, 213, 221, 229, 237]",17,BERIM
"diffuser plan siphon et réseaux plages extérieurs à MONTARON pour le 20/09/13
Contrôle réservations en sous sol du 18/12/13
- Déboucher toutes les réservations
- Locaux TE / TA :
. 2 ventilations de bac tampon fosse de plongée à carotter
. 3 pièces à sceller bac tampon plongée à carotter : plan précis à fournir par EAS
. manque 4 réservations en PH pour COEXIA : plan précis à fournir par COEXIA
. manque 1 réservation COEXIA en voile cour anglaise
. vérifier si robinet de puisage dans socle casiers piscine
. vérifier siphon + évacuation sanitaires entrée et sanitaires douches piscine : confirmer nature des réseaux à pas-
ser par COEXIA
- Galeries techniques :
. voile à proximité local technique ludique à vérifier
. manque 1 réservation SNEF à proximité du local technique ludique
. manque 1 réservation COEXIA en voile infrastructure à côté du bassin d’apprentissage
. manque 3 réservations COEXIA à côté des bacs tampon
. vérifier possibilité de descendre réseau EU plages sous poutres autour du bassin d’activités (AI poutre à – 0.58
sauf une poutre à – 0.63)
. prévoir un gabarit pour vérification réservation grille de soufflage au sol
Contrôle réservations en RDC du 22/01/14
- manque 1∅200 dans local stockage univers petite enfance
- manque 1 réservation 20x40ht au droit douches à jets
- reprendre alignement 3 réservations rectangulaires dans salle fitness
- vérifier 2 réservations dans sanitaires publics
- vérifier 1 réservation dans local entretien vestiaires
- manque 1 réservation 35x35 en dalle haute du TGBT
- valider VH local TGBT dans la porte du local
- réservation à déboucher dans local compresseur
- réservation à déboucher dans local déchetterie
- 2 réservations à déboucher dans local espaces verts
- manque 1 réservation + 1 réservation à reprendre dans local technique plongée
- 2 réservations à déboucher dans local musculation
- manque 3 réservations dans chaufferie
- vérifier alignement des réservations dans gradins
- vérifier alignement des réservations des trappes de lignes de nage
- fournir gabarit pour vérification des réservations pour grille de sol sur plages
- manque toutes les réservations pour siphons de sol et caniveaux de la zone vestiaires sanitaires plongée (plan
non fourni)",['18-09-2013'],"[43, 44, 45]","[323, 332, 341]",47,BERIM
"diffuser plan siphon et réseaux plages extérieurs à MONTARON pour le 20/09/13
Contrôle réservations en sous sol du 18/12/13
- Locaux TE / TA :
. 3 pièces à sceller bac tampon plongée à carotter : plan précis à fournir par EAS
. vérifier si robinet de puisage dans socle casiers piscine
- Galeries techniques :
. voile à proximité local technique ludique à vérifier
. manque 1 réservation SNEF à proximité du local technique ludique
. prévoir un gabarit pour vérification réservation grille de soufflage au sol
Contrôle réservations en RDC du 22/01/14
- manque 1∅200 dans local stockage univers petite enfance
- manque 1 réservation 20x40ht au droit douches à jets
- reprendre alignement 3 réservations rectangulaires dans salle fitness
- vérifier 2 réservations dans sanitaires publics
- vérifier 1 réservation dans local entretien vestiaires
- manque 1 réservation 35x35 en dalle haute du TGBT
- valider VH local TGBT dans la porte du local
- réservation à déboucher dans local compresseur
- réservation à déboucher dans local déchetterie
- 2 réservations à déboucher dans local espaces verts
- manque 1 réservation + 1 réservation à reprendre dans local technique plongée
- 2 réservations à déboucher dans local musculation
- manque 3 réservations dans chaufferie
- vérifier alignement des réservations dans gradins
- vérifier alignement des réservations des trappes de lignes de nage
- fournir gabarit pour vérification des réservations pour grille de sol sur plages
- manque toutes les réservations pour siphons de sol et caniveaux de la zone vestiaires sanitaires plongée (plan
non fourni)
Contrôle réservations de serrurerie du 22/01/14
- repères 4 et 6 : piochage si nécessaire lors de la pose
- repères 5 et 18 : reprise
- repère 8, 11 et 20 : vérification avec trait de niveau
- repère 10 : calfeutrement mortier après pose si nécessaire
Contrôle bassins ludique et apprentissage du 22/01/14
- piochage si nécessaire lors de la pose des panneaux verticaux
Contrôle bassin sportif et rivière du 03/02/14
- piochage si nécessaire lors de la pose des panneaux verticaux du bassin sportif.19/03/14 : fait par A&T
- fond de goulotte bassin sportif à rehausser. 19/03/14 : compenser par pièces métalliques par A&T",['18-09-2013'],[46],[350],47,BERIM
"diffuser plan siphon et réseaux plages extérieurs à MONTARON pour le 20/09/13
Contrôle réservations en sous sol du 18/12/13
- Locaux TE / TA :
. vérifier si robinet de puisage dans socle casiers piscine
- Galeries techniques :
. prévoir un gabarit pour vérification réservation grille de soufflage au sol
Contrôle réservations en RDC du 22/01/14
- valider VH local TGBT dans la porte du local
- vérifier alignement des réservations dans gradins
- vérifier alignement des réservations des trappes de lignes de nage
- manque toutes les réservations pour siphons de sol et caniveaux de la zone vestiaires sanitaires plongée (plan
non fourni)
Contrôle réservations de serrurerie du 22/01/14
- repères 4 et 6 : piochage si nécessaire lors de la pose
- repères 5 et 18 : reprise
- repère 8, 11 et 20 : vérification avec trait de niveau
- repère 10 : calfeutrement mortier après pose si nécessaire
Contrôle bassins ludique et apprentissage du 22/01/14
- piochage si nécessaire lors de la pose des panneaux verticaux
Contrôle bassin sportif et rivière du 03/02/14
- quais à prolonger du bassin sportif. 26/03/14 : trop large, à recouper
Contrôle réservations en R+1 du 19/02/14
- vérifier alignement réservations sur coursive
- 2 réservations 300x300 à déplacer en hauteur sur coursive bassin ludique (soufflage canons de lumière)
- vérifier alignement réservations au niveau terrasse technique zone plongée
Réception support par CRI du 12/03/14
- effectuer enduit sur maçonnerie recouverte de faïence
- fosse de plongée, reprendre désaffleur entre les deux levées de coulage des bajoyers. Reste à vérifier la dimen-
sion en plan (∅ constant à vérifier sur la hauteur)",['18-09-2013'],[47],[359],39,BERIM
"diffuser plan siphon et réseaux plages extérieurs à MONTARON pour le 20/09/13
Contrôle réservations en sous sol du 18/12/13
- Locaux TE / TA :
. vérifier si robinet de puisage dans socle casiers piscine
Contrôle réservations en RDC du 22/01/14
- valider VH local TGBT dans la porte du local
- vérifier alignement des réservations dans gradins
- vérifier alignement des réservations des trappes de lignes de nage
- manque toutes les réservations pour siphons de sol et caniveaux de la zone vestiaires sanitaires plongée (plan
non fourni)
Contrôle réservations de serrurerie du 22/01/14
- repères 4 et 6 : piochage si nécessaire lors de la pose
- repères 5 et 18 : reprise
- repère 8, 11 et 20 : vérification avec trait de niveau
- repère 10 : calfeutrement mortier après pose si nécessaire
Contrôle bassin sportif et rivière du 03/02/14
- quais à prolonger du bassin sportif. 26/03/14 : trop large, à recouper
Contrôle réservations en R+1 du 19/02/14
- vérifier alignement réservations sur coursive
- 2 réservations 300x300 à déplacer en hauteur sur coursive bassin ludique (soufflage canons de lumière)
- vérifier alignement réservations au niveau terrasse technique zone plongée
Réception support par CRI du 12/03/14
- effectuer enduit sur maçonnerie recouverte de faïence
- fosse de plongée, reprendre désaffleur entre les deux levées de coulage des bajoyers. Reste à vérifier la dimen-
sion en plan (∅ constant à vérifier sur la hauteur)",['18-09-2013'],[48],[368],34,BERIM
"diffuser plan siphon et réseaux plages extérieurs à MONTARON pour le 20/09/13
Réservations en phase réalisation",['18-09-2013'],"[34, 35, 36, 37, 38, 39, 40, 41, 42]","[245, 253, 261, 269, 278, 287, 296, 305, 314]",13,BERIM
diffuser plan sorties bâtiment à MONTARON pour le 20/09/13,['18-09-2013'],"[23, 24, 25, 26, 27, 28, 29, 30, 31, 32, 33]","[161, 168, 176, 183, 191, 198, 206, 213, 221, 229, 237]",18,BERIM
diffuser plans toile tendue à SNEF,['08-04-2015'],"[67, 68]","[553, 562]",19,BERIM
diffuser polychromie,['21-05-2014'],"[55, 56, 57, 58, 59, 60]","[449, 458, 467, 476, 485, 494]",12,BERIM
diffuser polychromie. 18/02/15 : pour le lots sols durs reste le hall d’entrée,['21-05-2014'],[61],[503],10,BERIM
diffuser à COEXIA plan CRI,['05-03-2014'],"[44, 45]","[333, 342]",20,BERIM
diffuser à SOGEA plan de repérage menuiseries bois,['05-03-2014'],"[44, 45]","[333, 342]",20,BERIM
donner la correspondance pour pate de verre du VITREO 109,['22-04-2015'],"[69, 70]","[571, 583]",15,BERIM
décaissé de sol ascenseur 30mm maxi,['10-07-2013'],"[18, 19, 22, 23, 24, 25, 26, 27, 28, 29, 30, 31, 32, 33, 34, 35, 36, 37, 38, 39, 40, 41, 42, 43, 44, 45, 46, 47, 48, 49, 49, 51, 52, 53, 54, 55, 56, 57, 58, 59, 60, 61, 62, 63, 64, 65, 66, 67, 68, 69, 70, 71, 72, 73, 74, 75, 76, 77, 78, 79, 81]","[126, 133, 155, 162, 169, 177, 184, 192, 199, 207, 214, 222, 230, 238, 246, 254, 262, 270, 279, 288, 297, 306, 315, 324, 333, 342, 351, 360, 369, 378, 390, 408, 422, 431, 440, 449, 458, 467, 476, 485, 494, 503, 511, 519, 527, 535, 544, 553, 562, 571, 583, 598, 610, 625, 637, 652, 662, 671, 680, 689, 708]",19,BERIM
définir finition et reprise sur façades béton,['11-06-2014'],"[58, 59, 60, 61, 62, 63, 64, 65, 66, 67]","[476, 485, 494, 503, 511, 519, 527, 535, 544, 553]",16,BERIM
définir niveau traverses dans mur rideau façade sud pour limiter enrochement,['08-01-2014'],"[37, 38, 39, 40, 41]","[270, 279, 288, 297, 306]",18,BERIM
"détail 43 à reprendre, incohérence des niveaux indiqués",['20-03-2013'],"[2, 4, 5, 6, 7, 8, 9, 10, 11, 12]","[15, 26, 32, 38, 46, 53, 60, 67, 74, 81]",13,BERIM
"expliciter le mode de pose attendu pour la membrane PVC (pose horizontale ou ver-
ticale, le traitement des joints, calepinage, … ) et fournir un détail de raccordement avec le tex-
tile ajouré",['13-06-2013'],[14],[95],17,BERIM
faire choix carrelage de profondeur selon document remis par CRI,['28-10-2015'],[92],[825],29,BERIM
faire coupes sur local musculation,['30-04-2013'],"[8, 9, 10, 11, 12]","[53, 60, 67, 74, 81]",21,BERIM
faire croquis principe de douche + siphon des pédiluves extérieurs,['17-04-2013'],"[6, 7, 8, 9, 10, 11, 12, 13, 14, 15, 16, 17, 18, 19, 20, 21, 22, 23, 24, 27, 28, 29, 30]","[39, 46, 53, 60, 67, 74, 81, 88, 95, 102, 110, 118, 126, 133, 141, 148, 155, 162, 169, 191, 198, 206, 213]",4,BERIM
faire détail banc bassin d’activités et banc hammam,['12-03-2014'],"[45, 46]","[342, 351]",16,BERIM
faire détail de finition toile/CTBX/ossature canon de lumière,['11-09-2013'],"[25, 26, 27, 28, 29, 30, 31, 32, 33, 34, 35, 36, 37, 38, 39, 40, 41, 42, 43, 44, 45, 46, 47, 48, 49, 49, 51, 52, 53, 54, 55, 56, 57, 58, 59, 60]","[177, 184, 192, 199, 207, 214, 222, 230, 238, 246, 254, 262, 270, 279, 288, 297, 306, 315, 324, 333, 342, 351, 360, 369, 378, 390, 408, 422, 431, 440, 449, 458, 467, 476, 485, 494]",10,BERIM
faire détail des distributeurs de cintres et de jetons,['08-07-2015'],"[81, 82, 83, 84, 85, 86, 87, 88, 90, 91, 92, 98, 99]","[708, 718, 728, 738, 748, 758, 768, 778, 798, 809, 825, 843, 852]",11,BERIM
faire détail finition châssis façade nord avec courbe du voile,['09-10-2013'],"[26, 27, 28]","[184, 192, 199]",18,BERIM
faire détail sur bain chaud avec banquette de soufflage,['05-09-2013'],[22],[155],17,BERIM
faire extrait de plan de pente de la zone pataugeoire,['02-04-2014'],[48],[369],15,BERIM
faire fermer le local TGBT au droit de l’escalier menant au R+1,['30-09-2015'],"[88, 90, 91, 92, 98, 99]","[778, 798, 810, 825, 843, 852]",19,BERIM
faire fiche VISA VRD,['24-04-2013'],"[7, 8, 9, 10, 11, 12, 13, 14, 15, 16, 17, 18, 19, 20, 21, 22, 23, 24, 25, 26, 27, 28, 29, 30, 31, 32, 33]","[46, 53, 60, 67, 74, 81, 88, 95, 102, 110, 118, 126, 133, 141, 148, 155, 162, 169, 177, 184, 191, 198, 206, 213, 221, 229, 238]",16,BERIM
faire implantation de la cascade de la rivière pour EAS,['02-04-2014'],[48],[369],15,BERIM
faire implantation des cônes acoustiques,['08-01-2014'],"[37, 38, 39, 40, 41]","[270, 279, 288, 297, 306]",18,BERIM
faire implantation des robinets de puisage,['20-03-2013'],[2],[15],12,BERIM
faire implantation des siphons de sol avec CRI,['27-03-2013'],[4],[26],9,BERIM
faire levé topo et définition des besoins réels pour le 25/09/13,['11-09-2013'],"[22, 23]","[158, 165]",14,BERIM
"faire levé topo et définition des besoins réels pour le 25/09/13. 26/09/13 : en m3
remblais périphériques : 6400 pour 4000 marché",['11-09-2013'],[37],[273],10,BERIM
faire mise au point sur l’arrêt d’urgence CVC,['28-10-2015'],"[92, 98, 99]","[825, 843, 852]",29,BERIM
"faire plan de repérage des contre cloisons à réaliser dans vestiaires remise en forme
- 27/05/2015 : confirmer à l’entreprise Michel assainissement canalisation supplémentaire pour
sortie bain chaud et bain froid au niveau du solarium.
- 27/05/2015 : porte intérieur N°54 du local technique confirmer sens d’ouverture.",['20-05-2015'],[74],[637],22,BERIM
faire plan de repérage des locaux coupe feu avec plafond coupe feu,['06-05-2015'],"[71, 73, 74, 75, 76]","[598, 625, 637, 652, 662]",17,BERIM
"faire plan de repérage des locaux coupe feu avec plafond coupe feu
-13/05/15 : Organisera une réunion des concessionnaires première quinzaine de juin 2015",['06-05-2015'],[72],[610],18,BERIM
faire plan de repérage des échelles à crinoline,['26-02-2014'],"[43, 44, 45, 46, 47, 48, 49, 49, 51, 52, 53, 54, 55, 56, 57, 58, 59, 60, 61, 62, 63, 64, 65, 66, 67, 68, 69, 70, 71, 72, 73, 74, 75, 76]","[324, 333, 342, 351, 360, 369, 378, 390, 408, 422, 431, 440, 449, 458, 467, 476, 485, 494, 503, 511, 519, 527, 535, 544, 553, 562, 571, 583, 598, 610, 625, 637, 652, 662]",17,BERIM
faire plan modification du parking,['18-03-2015'],"[64, 65, 66, 67, 68, 69, 70, 71, 72, 73, 74, 75, 76, 77, 78, 79, 81, 82, 83]","[527, 535, 544, 553, 562, 571, 583, 598, 610, 625, 637, 652, 662, 671, 680, 689, 708, 718, 728]",18,BERIM
faire point sur devis SAMNORD,['28-10-2015'],"[92, 98, 99]","[825, 843, 852]",27,BERIM
faire point sur modifications réservation bloc porte,['04-12-2013'],"[34, 35, 36, 37, 38, 39, 40, 41, 43, 44, 45]","[246, 254, 262, 270, 279, 288, 297, 306, 324, 333, 342]",11,BERIM
faire point une complément GTB,['16-12-2015'],[99],[852],15,BERIM
"faire proposition de complément de contrôle d’accès sur la zone remise en forme humide
-16/04/14 : Réunion pour les éclairages extérieurs, nivellement des espaces verts, plan et coupe
sur réseaux divers le 23/04/14 à 14h",['19-03-2014'],[49],[390],14,BERIM
"faire proposition de complément de contrôle d’accès sur la zone remise en forme humide
-16/04/14 : Réunion pour les éclairages extérieurs, nivellement des espaces verts, plan et coupe sur ré-
seaux divers le 23/04/14 à 14h.
-23/04/14 : Transmettre le plan gaz de GRDF à Montaron. Transmettre une proposition des PI au
SDIS pour validation. Contacter EAU et FORCE pour confirmer que le compteur d’eau est de type
à impulsion.
-23/04/14 : Transmettre au lot enrochement la réponse aux questions suivantes :
Date de la pose de la passerelle, date de la pose du petit escalier situé au bout de la rivière et la
date de la pose des gaines verticales à l’arrière de la rivière.",['19-03-2014'],[51],[408],20,BERIM
faire proposition d’une menuiserie alu vitrée sur accueil plongée,['19-03-2014'],"[46, 47]","[351, 360]",18,BERIM
faire proposition pour sas escalier hélicoïdal à DEKRA,['27-03-2013'],"[3, 4]","[21, 26]",4,BERIM
faire synthèse contre bardage hall bassin sportif entre SOGEA et VICTOIRE,['14-10-2015'],"[90, 91, 92, 98]","[798, 810, 825, 843]",18,BERIM
faire synthèse des attentes demandés par SUEDE Sauna,['03-07-2013'],"[17, 18, 19, 22, 23, 24, 25, 26, 27, 28, 29, 30, 31, 32, 33, 34, 35, 36, 37, 38, 39, 40, 41, 42, 43]","[118, 126, 133, 155, 162, 169, 177, 184, 192, 199, 207, 214, 222, 230, 238, 246, 254, 262, 270, 279, 288, 297, 306, 315, 324]",19,BERIM
faire synthèse des avis avec DEKRA,['11-12-2013'],"[35, 36, 37, 38]","[254, 262, 270, 279]",17,BERIM
faire synthèse des matériaux disponibles en fonction des relevés géomètres,['24-04-2013'],[7],[46],16,BERIM
"faire synthèse des matériaux disponibles en fonction des relevés géomètres SOGEA, MONTARON et
DOE BREZILLON",['24-04-2013'],"[8, 9, 10, 11, 12, 13, 14, 15, 16, 17, 18]","[53, 60, 67, 74, 81, 88, 95, 102, 110, 118, 126]",17,BERIM
"faire synthèse des matériaux disponibles en fonction des relevés géomètres SOGEA, MONTARON et
DOE BREZILLON. 17/07/13 : URGENT, FAIRE SYNTHESE SUR LE REEMPLOI DES MATERIAUX DU
SITE ENTRE SOGEA ET MONTARON",['24-04-2013'],[19],[133],11,BERIM
"faire synthèse des matériaux disponibles en fonction des relevés géomètres SOGEA, MONTARON et
DOE BREZILLON. 17/07/13 : URGENT, FAIRE SYNTHESE SUR LE REEMPLOI DES MATERIAUX DU SITE ENTRE",['24-04-2013'],"[20, 21]","[141, 148]",9,BERIM
faire vérification plan de recollement des réseaux enterrés au droit de la fosse de plongée,['02-12-2015'],[98],[843],16,BERIM
fermer plan coté des 2 espaces de plages humides de la pataugeoire,['18-06-2014'],[59],[485],17,BERIM
finaliser avec MONTARON les disponibilités de matériaux du site pour SOGEA,['27-03-2013'],"[3, 4, 5]","[21, 26, 32]",1,BERIM
finaliser choix animation bruine de la pataugeoire,['19-03-2014'],"[46, 47]","[351, 360]",21,BERIM
finaliser le choix des câbles électriques entre transfo et TGBT et confirmer à SNEF,['21-05-2014'],[55],[449],12,BERIM
finaliser les sorties de bâtiments pour VRD,['17-04-2013'],"[22, 23, 24, 25, 26, 27, 28, 29, 30, 31, 32, 33, 34, 35, 36, 37, 38, 39, 40, 41, 42, 43, 44, 45, 46, 47]","[154, 161, 168, 176, 183, 191, 198, 206, 213, 221, 229, 237, 245, 253, 261, 269, 278, 287, 296, 305, 314, 323, 332, 341, 350, 359]",17,BERIM
finaliser études sur économie avec principe de bâche de lavage filtre,['29-05-2013'],"[12, 13, 14, 15]","[81, 88, 95, 102]",22,BERIM
finaliser études sur économie avec principe de bâche de lavage filtre. 26/06/13 : RAPPEL,['29-05-2013'],"[16, 17, 18, 19, 22, 23, 24, 25, 26, 27, 28, 29, 30, 31, 32, 33, 36, 37]","[110, 118, 126, 133, 155, 162, 169, 177, 184, 191, 199, 206, 213, 221, 229, 238, 262, 270]",15,BERIM
formuler avis sur note d’hypothèses générales de SOGEA,['03-04-2013'],[4],[26],17,BERIM
formuler avis sur proposition SNEF de matériel de détection incendie,['15-04-2015'],"[68, 69, 70, 71, 72, 73, 74, 75, 76, 77, 78, 79, 81, 82, 83, 84, 85, 86, 87, 88, 90, 91, 92, 98, 99]","[562, 571, 583, 598, 610, 625, 637, 652, 662, 671, 680, 689, 708, 718, 728, 738, 748, 758, 768, 778, 798, 809, 825, 843, 852]",18,BERIM
formuler avis sur proposition de modification toile tendue,['11-03-2015'],[63],[519],19,BERIM
"formuler pré avis sur le 1
er projet de charpente métallique en 3D",['05-06-2013'],[13],[88],18,BERIM
fournir RAL main courante sur rampe accès sous-sol,['28-10-2015'],[92],[825],28,BERIM
fournir le RAL de la clôture + RAL de la peinture de façade orange,['23-09-2015'],[87],[768],19,BERIM
fournir référence RAL des portes grillagées intérieures,['16-09-2015'],[86],[758],18,BERIM
fournir référence RAL des portes grillagées intérieures. 23/09/15 : URGENT,['16-09-2015'],[87],[768],18,BERIM
fournir typologie de la signalétique,['08-07-2015'],"[81, 82, 83, 84, 85, 86, 87]","[708, 718, 728, 738, 748, 758, 768]",12,BERIM
"fournir un extrait de plan coté de la zone administration et remise en forme pour
implantation des cloisonnements",['26-03-2014'],[47],[360],18,BERIM
fournir à DRD les éléments pour établir avenant technique traitement d’eau,['19-02-2014'],"[43, 44, 45, 46, 47, 48, 49, 49, 51, 52, 53, 54, 55, 56, 57, 58, 59, 60]","[324, 333, 342, 351, 360, 369, 378, 390, 408, 422, 431, 440, 449, 458, 467, 476, 485, 494]",16,BERIM
fournir à EAS implantation fontaine dans rivière à bouées,['19-02-2014'],[43],[324],17,BERIM
fournir à SOGEA les hypothèses de calcul de l’étude thermique,['06-03-2013'],[1],[10],7,BERIM
"fournir à SOGEA plans des faux plafonds avec indication des HSFP + plans des re-
levés carrelés",['29-01-2014'],[40],[297],19,BERIM
fournir échantillon de charpente et plafonds de revers teinté chêne clair,['13-06-2013'],"[22, 23, 24, 25, 26]","[158, 165, 172, 180, 187]",4,BERIM
fournir éléments à SOGEA pour créer amenée d’air dans zone vestiaires individuels,['19-03-2014'],[46],[351],20,BERIM
"le planning TCE a été diffusé pour analyse à toutes les entreprises avec retour pour le 04/10/13. Réu-
nion de signature du planning le 16/10/13 à 14h00 : toutes les entreprises sont convoquées. 16/10/13 : non
présents, non signés et convoqués le 23/10/13 : SI21, SAM+, CRI, MODULE, SAE, LMP, SUEDE
SAUNA, ELISATH, POSEIDON
Intempéries :
3 jours
1 jour (le 03/07/13 : pluie), 1 jour (le 18/09/13 : pluie), 1 jour (le 10/10/13 : pluie)
Effectif :",['25-09-2013'],[27],[195],23,BERIM
"le planning TCE a été diffusé pour analyse à toutes les entreprises avec retour pour le 04/10/13. Réu-
nion de signature du planning le 16/10/13 à 14h00 : toutes les entreprises sont convoquées. 18/12/13 : non
présents, non signés et convoqués le 08/01/14 : SAM+, SUEDE SAUNA",['25-09-2013'],[36],[265],30,BERIM
les ferrures de charpente seront galva,['06-03-2013'],"[22, 23, 24, 25, 26, 29, 33, 35]","[158, 165, 172, 180, 187, 209, 241, 257]",3,BERIM
local compresseur considéré comme local à risque moyen CF1h. A vérifier dans notice de sécurité,['24-04-2013'],"[8, 9, 10, 11, 12, 13]","[53, 60, 67, 74, 81, 88]",18,BERIM
manque 4 réservations en PH sous-sol pour siphon de sol dans sanitaires/douches indivi-,['26-03-2014'],"[49, 51]","[388, 406]",35,BERIM
"manque deux réservations dans voile file 10 (sans recherche de responsabilité) de 2000x1000mm +
∅250mm. Utilisation de deux réservations 1000x1000mm de part et d’autre dudit voile pour dédoubler la gaine ini-
tiale. Un carottage est à prévoir pour le ∅250mm manquant",['16-10-2013'],"[31, 33, 34, 35, 36, 37, 38, 39, 40, 41, 42]","[221, 237, 245, 253, 261, 269, 278, 287, 296, 305, 314]",22,BERIM
mettre à jour détail sur bain chaud,['06-05-2015'],"[71, 72, 73, 74]","[598, 610, 625, 637]",17,BERIM
mettre à jour plan architecte à diffuser et afficher sur chantier,['10-07-2013'],"[18, 19]","[126, 133]",19,BERIM
"mettre à jour plan de ventilation de la terrasse technique de la zone plongée en po-
sitionnant les grilles de reprise pour création de chevêtres métalliques
Charpente LC / Faux plafonds
- 24/04/13  prévoir une structure à souder en pied de charpente métallique des verrières
Réservations en phase réalisation",['23-10-2013'],[28],[198],21,BERIM
"nécessité de créer 2 appuis : ajout de 2 poutres, à dimensionner en béton et en
acier, à proposer à DR
INSTALLATION DE CHANTIER
- Plan d'installation de chantier à mettre à jour",['06-03-2013'],[1],[10],7,BERIM
"nécessité de créer 2 appuis : ajout de 2 poutres, à dimensionner en béton et en acier, à proposer à",['06-03-2013'],"[2, 3, 4, 5, 6, 7, 8, 9, 10, 11, 12, 13, 14, 15, 16, 17, 18, 19, 20, 21]","[15, 20, 26, 32, 38, 45, 52, 59, 66, 73, 80, 87, 94, 101, 109, 117, 125, 132, 140, 147]",4,BERIM
organiser nouvelle réunion concessionnaires,['08-01-2014'],"[37, 38]","[270, 279]",17,BERIM
pb pour poser bâti support WC homme individuel,['27-03-2013'],"[4, 5, 6, 7, 8, 9, 10, 11, 12]","[26, 32, 38, 46, 53, 60, 67, 74, 81]",10,BERIM
"plan GO PH sous sol diffusé vers le 15/05/13
Charpente métallique",['24-04-2013'],"[7, 8, 9, 10]","[45, 52, 59, 66]",9,BERIM
plan GO fondation basse diffusé le 26/04/13,['24-04-2013'],[7],[45],7,BERIM
"planning échafaudage MODULE à diffuser à SOGEA, CRI, MQB, SNEF",['25-06-2014'],[60],[494],17,BERIM
"plans architectes en cours de mise à jour pour mise en conformité avec accessibili-
té
Carrelages",['11-09-2013'],[22],[154],6,BERIM
"plans architectes en cours de mise à jour pour mise en conformité avec accessibilité
Descentes EP",['11-09-2013'],"[23, 24, 25]","[161, 168, 176]",5,BERIM
poste 1.12 du lot menuiserie intérieure à localiser,['08-07-2015'],"[81, 82, 83, 84, 85, 86, 87, 88, 90, 91, 92, 98, 99]","[708, 718, 728, 738, 748, 758, 768, 778, 798, 809, 825, 843, 852]",13,BERIM
"pour information, mise en gaz du poste pour le 02/11/15",['21-10-2015'],[92],[825],24,BERIM
"pour information, réalisation du génie civil d’ERDF pour l’alimentation du transformateur les 22 et
23/10/15",['21-10-2015'],[92],[825],26,BERIM
"pour l’entreprise SUEDE SAUNA, gérer la prestation de la voûte et de la ventilation du Hammam.",['21-10-2015'],[92],[825],23,BERIM
"pour l’entreprise Victoire, l’informer des choix concernant les marches de l’escalier et des panneaux
d’habillage de la coursive.",['21-10-2015'],[92],[825],21,BERIM
"pour l’entreprise Victoire, transmettre la teinte du panneau trespa perforé du hall grand bassin.",['21-10-2015'],[92],[825],22,BERIM
préciser la référence du parquet choisi car trois choix possibles,['30-09-2015'],[88],[778],19,BERIM
préciser le principe de pose des pavés de verre notamment avec l’isolant,['27-03-2013'],"[3, 4, 5, 6, 7, 8, 9, 10, 11, 12, 13, 14, 15, 16, 17, 18, 19, 20, 21, 22, 23, 24]","[21, 26, 32, 39, 46, 53, 60, 67, 74, 81, 88, 95, 102, 110, 118, 126, 133, 141, 148, 155, 162, 169]",3,BERIM
préciser les cotes des ouvertures dans façades,['27-03-2013'],"[3, 4, 5, 6, 7, 8]","[21, 26, 32, 39, 46, 53]",4,BERIM
préciser par une coupe la cloison vitrée au R+1 zone fosse sur dalle entrée,['09-10-2013'],"[26, 27, 28]","[184, 192, 199]",19,BERIM
préciser prestation sur bac de réception des chaines de trop plein EP,['11-12-2013'],"[35, 36]","[254, 262]",16,BERIM
préparer dossier de consultation lot 17 relancé,['25-02-2015'],"[62, 63, 64]","[512, 519, 527]",3,BERIM
prévoir complément d’isolant au droit des menuiseries extérieures remise en forme,['09-10-2013'],"[26, 27, 28, 29, 30, 31, 32, 33, 34, 35, 36, 37, 38, 39, 40, 41, 42, 43, 44, 45, 46, 47, 48, 49, 49, 51, 52, 53, 54, 55, 56, 57, 58]","[184, 192, 199, 207, 214, 222, 230, 238, 246, 254, 262, 270, 279, 288, 297, 306, 315, 324, 333, 342, 351, 360, 369, 378, 390, 408, 422, 431, 440, 449, 458, 467, 476]",19,BERIM
prévoir réseaux EU/EP avant réalisation rampe accès,['17-04-2013'],"[22, 23, 24, 25, 26, 27, 28, 29, 30, 31, 32, 33, 34, 35, 36, 37, 38, 39, 40, 41, 42, 43, 44, 45, 46, 47, 48, 49, 49, 51, 52, 53, 54, 55, 56]","[154, 161, 168, 176, 183, 191, 198, 206, 213, 221, 229, 237, 245, 253, 261, 269, 278, 287, 296, 305, 314, 323, 332, 341, 350, 359, 368, 377, 388, 406, 422, 431, 440, 449, 458]",11,BERIM
"prévoir un VTP (CF1h, porte CF1/2h avec occulus)",['14-10-2015'],"[90, 92]","[798, 825]",18,BERIM
"prévoir un VTP (CF1h, porte CF1/2h avec occulus)
-21/10/15 : Pour l’entreprise Victoire, l’ informer des choix concernant les marches de
l’escalier et des panneaux d’habillage de la coursive.
-21/10/15 : Pour l’entreprise Victoire, transmettre la teinte du panneau trespa perforé du hall
grand bassin.
-21/10/15 : Pour l’entreprise SUEDE SAUNA, gérer la prestation de la voûte et de la ventilation
du Hammam.
-21/10/15 : Pour information, mise en gaz du poste pour le 02/11/15
-21/10/15 : Pour information, réalisation du génie civil d’ERDF pour l’alimentation du trans-
formateur les 22 et 23/10/15.",['14-10-2015'],[91],[810],14,BERIM
prévoir un coffre CF autour DEP fitness + relaxation,['01-04-2015'],"[66, 67, 68, 69, 70, 71, 72, 73, 74]","[544, 553, 562, 571, 583, 598, 610, 625, 637]",16,BERIM
qui doit la tranchée pour les réseaux solaires,['07-05-2014'],[53],[431],12,BERIM
redessiner châssis 14,['09-04-2015'],"[67, 68]","[553, 562]",19,BERIM
redessiner rond point + dépose minute sur parking,['11-06-2014'],[58],[476],17,BERIM
rediffuser à SOGEA détail des pieds de chute EP façade sud,['12-03-2014'],"[45, 46]","[342, 351]",17,BERIM
relancer AMVS pour validation rejet assainissement,['05-03-2014'],[44],[333],18,BERIM
"remblais périphériques du bâtiment avec les matériaux du site. S’il manque des ma-
tériaux sur la globalité, les apports seront pour les prochains ouvrages
AVANCEMENT – PLANIFICATION
Intempéries :
1 jour
1 jour (le 03/07/13 : pluie),
Effectif :",['11-09-2013'],[22],[158],22,BERIM
"remblais périphériques du bâtiment avec les matériaux du site. S’il manque des matériaux sur la glo-
balité, les apports seront pour les prochains ouvrages
AVANCEMENT – PLANIFICATION
Intempéries :
2 jours
1 jour (le 03/07/13 : pluie), 1 jour (le 18/09/13 : pluie)
Effectif :",['11-09-2013'],[23],[165],21,BERIM
"remblais périphériques du bâtiment avec les matériaux du site. S’il manque des matériaux sur la glo-
balité, les apports seront pour les prochains ouvrages
TCE
AVANCEMENT – PLANIFICATION",['11-09-2013'],[24],[172],26,BERIM
rendez-vous avec DEKRA pour relecture RICT le 15/05/13 à 10h30 chez DEKRA,['24-04-2013'],"[8, 9]","[53, 60]",20,BERIM
"reprise sur hall bassin ludique, réservation de grille à prévoir 1700x700mm entre
files 6 et 7, 8et 9 et 10 et 11
Charpente LC / Faux plafonds
- 24/04/13  prévoir une structure à souder en pied de charpente métallique des verrières
Réservations en phase réalisation",['16-10-2013'],[27],[191],19,BERIM
"reprise sur hall bassin ludique, réservation de grille à prévoir 1700x700mm entre files 6 et 7, 8 et 9 et
10 et 11",['16-10-2013'],"[28, 29, 30, 31, 32, 33]","[198, 206, 213, 221, 229, 237]",16,BERIM
revoir aménagement zone relaxation remise en forme,['25-06-2014'],"[60, 62, 63, 64, 65, 66, 67, 68, 69, 70, 71, 72, 73, 74, 75, 76, 77, 78, 79, 81, 82, 83, 84, 85, 86, 87, 88, 90, 91, 92, 98, 99]","[494, 512, 519, 527, 535, 544, 553, 562, 571, 583, 598, 610, 625, 637, 652, 662, 671, 680, 689, 708, 718, 728, 738, 748, 758, 768, 778, 798, 809, 825, 843, 852]",17,BERIM
revoir les nombres de marche et développer d’escaliers,['20-03-2013'],"[2, 4, 5, 6, 7, 8, 9, 10, 11, 12, 13, 14, 15, 16, 17, 18, 19, 20]","[15, 26, 32, 38, 46, 53, 60, 67, 74, 81, 88, 95, 102, 110, 118, 126, 133, 141]",17,BERIM
revoir l’implantation des siphons de sol des plages extérieures,['27-03-2013'],"[4, 5, 6, 7, 8, 9, 10, 11, 12, 13, 14, 15, 16, 17, 18, 19, 20, 21, 22, 23, 24, 27, 28, 29, 30, 31, 32, 33, 36, 37, 38, 39, 40, 41, 42, 43, 44, 45, 46, 47, 48]","[26, 32, 38, 46, 53, 60, 67, 74, 81, 88, 95, 102, 110, 118, 126, 133, 141, 148, 155, 162, 169, 191, 198, 206, 213, 221, 229, 238, 262, 270, 279, 288, 297, 306, 315, 324, 333, 342, 351, 360, 369]",11,BERIM
revoir plan des pédiluves extérieurs avec implantation douche et siphon,['06-11-2013'],[30],[214],21,BERIM
réponse SOGEA fob15 : réservation 10x10x5 demandée par LMP. A voir,['07-05-2013'],"[9, 10, 11, 12, 13, 14, 15, 16, 17, 18, 19, 22, 23, 24, 25, 26, 27, 28]","[60, 67, 74, 81, 88, 95, 102, 110, 118, 126, 133, 155, 162, 169, 177, 184, 191, 198]",22,BERIM
"réservation au droit coursive au-dessus local MNS à scier pour hauteur fini de 500mm en alignant les
deux réservations
Réception support par CRI du 12/03/14
- fosse de plongée, reprendre désaffleur entre les deux levées de coulage des bajoyers. Reste à vérifier la dimen-
sion en plan (∅ constant à vérifier sur la hauteur)
ASSISTANT MAITRISE D’OUVRAGE",['09-04-2014'],"[52, 53, 54, 55]","[422, 431, 440, 449]",23,BERIM
"réservation au droit des pédiluve 160mm
Descentes EP",['19-06-2013'],[22],[154],9,BERIM
réservation de dalle plages 120mm et reste du bâtiment 70mm,['10-04-2013'],[22],[154],7,BERIM
réunion GTC le 30/04/14 à 11h00,['12-03-2014'],"[45, 46, 47, 48, 49, 49, 51]","[342, 351, 360, 369, 378, 390, 408]",19,BERIM
réunion SSI le 14/10/15 à 10h30,['30-09-2015'],[88],[778],16,BERIM
réunion Traitement d’Eau le 30/04/14 à 9h00,['12-03-2014'],"[45, 46, 47, 48, 49, 49, 51]","[342, 351, 360, 369, 378, 390, 408]",19,BERIM
réunion avec AMVS et CG59 le 16/10/13 à 10h00 sur site,['09-10-2013'],[26],[184],17,BERIM
"réunion de mise au point des diverses sorties bâtiment à reprendre par le VRD le
20/11/13 à 14h00
ASSISTANT MAITRISE D’OUVRAGE",['13-11-2013'],[31],[221],24,BERIM
"suite au déplacement du bac tempon de la fosse de plongée, agrandissement de la
salle de musculation
Charpente métallique",['27-03-2013'],[3],[20],7,BERIM
"synthèse RDC, R+1 et toiture le 10/09/13. Diffusion plan de réservations pour le 13/09/13
Charpente LC / Faux plafonds
- 24/04/13  prévoir une structure à souder en pied de charpente métallique des verrières
ASSISTANT MAITRISE D’OUVRAGE",['05-09-2013'],[22],[154],20,BERIM
"synthèse RDC, R+1 et toiture le 10/09/13. Diffusion plan de réservations pour le 13/09/13.
18/09/13 : plan présenté validé à compléter avec réservation pour bain chaud pour le 20/09/13",['05-09-2013'],[23],[161],15,BERIM
transmettre DEP façade sud à Montaron,['07-05-2014'],[53],[431],13,BERIM
transmettre coupe goulotte fosse plongée à EAS,['07-05-2014'],[53],[431],13,BERIM
transmettre coupe sur plancher chauffant à SOGEA,['05-06-2013'],[13],[88],17,BERIM
transmettre dwg R+1 à CRI,['11-06-2014'],[58],[476],15,BERIM
transmettre le choix du RAL du mobilier urbain et des mâts d’éclairage public,['28-05-2014'],"[56, 57, 58]","[458, 467, 476]",13,BERIM
"transmettre le plan gaz de GRDF à Montaron. Transmettre une proposition des PI au SDIS pour vali-
dation. Contacter EAU et FORCE pour confirmer que le compteur d’eau est de type à impulsion",['23-04-2014'],[52],[422],9,BERIM
transmettre plan CRI des siphons de sol à COEXIA,['18-09-2013'],"[27, 28, 29, 30, 31, 32, 33]","[191, 198, 206, 213, 221, 229, 237]",14,BERIM
"transmettre plan CRI des siphons de sol à COEXIA
Charpente LC / Faux plafonds
- 24/04/13  prévoir une structure à souder en pied de charpente métallique des verrières
ASSISTANT MAITRISE D’OUVRAGE",['18-09-2013'],"[23, 24, 25, 26]","[161, 168, 176, 183]",21,BERIM
transmettre plans LMP des portillons à SNEF pour implantation contrôle d’accès,['24-06-2015'],"[78, 79]","[680, 689]",10,BERIM
"transmettre une proposition des PI au SDIS pour validation. Contacter EAU et FORCE pour confirmer
que le compteur d’eau est de type à impulsion",['23-04-2014'],[53],[431],10,BERIM
transmettre à SOGEA la réservation du châssis bois entre remise en forme et hall bassins,['19-02-2014'],[43],[324],15,BERIM
"validation siphon de sol PVC 20x20 pour solarium, couleur sable
Matériaux de remblais du site",['22-01-2014'],"[39, 40]","[292, 301]",5,BERIM
valider les animations de la zone pataugeoire avec AMVS,['12-02-2014'],"[45, 46]","[342, 351]",18,BERIM
verrière RAL9010,['11-12-2013'],"[39, 40]","[292, 301]",3,BERIM
"verrière RAL9010
Matériaux de remblais du site",['11-12-2013'],"[35, 36, 37]","[257, 265, 273]",5,BERIM
"voile dans local TA maintenu dito plans marché
Charpente métallique",['10-04-2013'],"[5, 6, 16, 17, 18, 19, 20, 21]","[32, 38, 109, 117, 125, 132, 140, 147]",6,BERIM
"voile dans local TA maintenu dito plans marché
Gros Œuvre",['10-04-2013'],"[7, 8, 9, 10]","[45, 52, 59, 66]",6,BERIM
"voile dans local TA maintenu dito plans marché
Gros Œuvre
Charpente métallique",['10-04-2013'],"[11, 12, 13, 14, 15]","[73, 80, 87, 94, 101]",6,BERIM
"voile galerie technique sous hall d’entrée à décaler de 1,70m dans le terre plein
(décalé initialement de 1,20m)
Charpente métallique",['03-04-2013'],[4],[26],7,BERIM
"voir avec BERIM et MONTARON plan de profilage des espaces verts en fonction des matériaux dispo-
nibles en remblais. 20/11/13 : établir plan d’aménagement paysager avec cote de niveaux pour le 04/12/13.
08/01/14 : URGENT pour le 15/01/14 dernier délai",['02-10-2013'],"[37, 38]","[270, 279]",10,BERIM
voir avec COEXIA le principe des échangeurs,['14-05-2014'],"[54, 55, 56, 57, 58, 59, 60, 61, 62, 63, 64]","[440, 449, 458, 467, 476, 485, 494, 503, 511, 519, 527]",11,BERIM
"voir avec concessionnaires débit et pression pour alimentation poteaux incendie
(2unités = 120m3/h pendant 2h)",['05-03-2014'],[44],[333],17,BERIM
voir finition verrière et habillage intérieur selon principe remis par SOGEA ce jour,['18-09-2013'],"[23, 24]","[162, 169]",18,BERIM
voir le problème de fonctionnement de l’alligator dans l’aire de jeux pataugeoire,['03-04-2013'],[4],[26],17,BERIM
voir possibilité de réduire goulottes sur pataugeoire pour allonger muret,['30-10-2013'],"[29, 30, 31, 32, 33, 34, 35, 36, 37]","[207, 214, 222, 230, 238, 246, 254, 262, 270]",16,BERIM
voir pour choix bruine pataugeoire,['28-05-2014'],"[56, 57, 58]","[458, 467, 476]",13,BERIM
"voir pour cristallisation des carneaux de ventilation et nécessité des cuvettes d’ascenseurs.
03/07/13 : devis SOGEA reçu, avis à formuler",['20-03-2013'],[17],[118],6,BERIM
voir pour modifier espace beauté pour recréer alège et non liinteau,['11-12-2013'],"[35, 36]","[254, 262]",17,BERIM
voir principe VB conduit de fumées,['16-12-2015'],[99],[852],15,BERIM
voir problème DEP sur façade nord,['19-03-2014'],[46],[351],19,BERIM
"voir problème de décalage entre plan structure et plan architecte au droit du PH
R+1 fosse de plongée",['17-04-2013'],[6],[39],6,BERIM
voir problème forme coursive avec console,['25-09-2013'],"[24, 25, 26]","[169, 177, 184]",21,BERIM
voir problème évacuation des siphons de sol locaux techniques remise en forme,['06-03-2013'],[1],[10],6,BERIM
voir regard en pied de bâtiment zone fosse à ≈-7m,['19-03-2014'],"[46, 47]","[351, 360]",22,BERIM
vérifier attendus du permis de construire sur les demandes du SDIS,['24-03-2014'],[8],[53],19,BERIM
vérifier et valider les plans de socles de casiers mis à jour par NAVIC,['23-10-2013'],"[28, 29, 30, 31]","[199, 207, 214, 222]",17,BERIM
vérifier la finition des pédiluves et douches extérieurs,['06-11-2013'],"[30, 31, 32, 33, 34]","[214, 222, 230, 238, 246]",21,BERIM
vérifier le type de cloison des douches des salles prestataires,['14-10-2015'],"[90, 91, 92]","[798, 810, 825]",17,BERIM
"vérifier les plans de socles fournis par NAVIC pour les casiers. 05/09/13 : recalage des plans archi-
tecte en cours",['24-07-2013'],[22],[155],16,BERIM
vérifier plans OTIS sur dimensions cuvettes + tête de GO irréalisable,['27-03-2013'],"[3, 4, 5, 6, 7, 8, 9, 10, 11, 12]","[21, 26, 32, 39, 46, 53, 60, 67, 74, 81]",2,BERIM
vérifier qui doit isolation locaux musculation et clubs,['11-06-2014'],"[58, 59, 60, 62, 63, 64, 65, 66, 67]","[476, 485, 494, 511, 519, 527, 535, 544, 553]",21,BERIM
vérifier qui doit la fourniture du compresseur bouteille de plongée,['06-03-2013'],"[1, 2, 3, 4, 5, 6, 7, 8, 9, 10, 11, 12, 13, 14, 15, 16, 17, 18, 19, 20]","[10, 15, 20, 26, 32, 38, 46, 53, 60, 67, 74, 81, 88, 95, 102, 110, 118, 126, 133, 141]",3,BERIM
vérifier qui doit les diverses grilles de ventilation,['23-10-2013'],"[28, 29, 30, 31, 32, 33, 34, 35, 36, 37, 38, 39, 40, 41, 42, 43, 44, 45, 46, 47, 48, 49, 49, 51, 52, 53, 54, 55, 56, 57, 58, 59, 60, 61, 62, 63, 64, 65, 66, 67, 68, 69, 70, 71, 72, 73, 74, 75, 76, 77, 78, 79, 81]","[199, 207, 214, 222, 230, 238, 246, 254, 262, 270, 279, 288, 297, 306, 315, 324, 333, 342, 351, 360, 369, 378, 390, 408, 422, 431, 440, 449, 458, 467, 476, 485, 494, 503, 511, 519, 527, 535, 544, 553, 562, 571, 583, 598, 610, 625, 637, 652, 662, 671, 680, 689, 708]",17,BERIM
vérifier qui doit les grilles à ventelles en façades du local CTA remise en forme,['16-09-2015'],"[86, 87, 88, 90, 91, 92, 98, 99]","[758, 768, 778, 798, 810, 825, 843, 852]",18,BERIM
vérifier qui doit les réseaux sous plages extérieures,['20-03-2013'],[2],[15],14,BERIM
vérifier réservation en dalle dans local clubs sur plan de synthèse,['01-04-2015'],"[66, 67, 68]","[544, 553, 562]",18,BERIM
"vérifier si doublon entre les lots VRD et GO pour les remblais périphériques en pied
de bâtiment",['11-09-2013'],[22],[158],16,BERIM
"vérifier si doublon entre les lots VRD et GO pour les remblais périphériques en pied de bâtiment.
18/09/13 : remblais à réaliser par MONTARON",['11-09-2013'],"[23, 24]","[165, 172]",15,BERIM
"à ce jour SOGEA a pris en compte toutes les demandes de réservations oubliées ou complémen-
taires. Plus aucune ne sera prise en compte. Une campagne de carottages est programmée. DRD et SOGEA fe-
ront une synthèse entre les réservations oubliées ou mal positionnées et les demandes complémentaires. A
compter de ce jour, toute demande sera à charge de l’entreprise requérante
Réception support par CRI du 12/03/14
- fosse de plongée, reprendre désaffleur entre les deux levées de coulage des bajoyers. Reste à vérifier la dimen-
sion en plan (∅ constant à vérifier sur la hauteur)
Synthèse Toile tendue / Surveillance des baignades / Electricité du 18/02/15
- réservation pour caméras Poséidon 65x55cm, découpée in situ
- caméras en milieu de bassin à régler juste après pose de la toile
ASSISTANT MAITRISE D’OUVRAGE",['22-04-2015'],[71],[598],14,BERIM
établir CR de la réunion VRD du 06/03/13,['20-03-2013'],[2],[15],9,BERIM
établir et diffuser plan des accès au bâtiment en phase chantier,['14-05-2014'],[54],[440],11,BERIM
étudier vidéosurveillance,['25-02-2015'],"[62, 63, 64]","[512, 519, 527]",3,BERIM
"Carrelage Hall d'entrée: GRANITOGRE SERIE MARTE -  référence GRIGIO MAGGIA 30X30 finition
Matt",['25-02-2015'],"[87, 88, 89, 90, 91, 92]","[773, 783, 793, 803, 819, 830]",7,SOGEA
"HEA en renfort linteau accès sous sol posé sur console. 22/01/14 : console dans l’épaisseur
du fer",['08-01-2014'],"[39, 40, 41, 42, 43, 44]","[289, 298, 307, 316, 325, 334]",34,SOGEA
"SNEF signale que les réservations demandées n’ont pas été prises en compte en RDC et R+1.
04/12/13 : pris en compte sur plans remis ce jour
Contrôle réservations en sous sol du 18/12/13
- Déboucher toutes les réservations
- Locaux TE / TA :
. 2 ventilations de bac tampon fosse de plongée à carotter
. 3 pièces à sceller bac tampon plongée à carotter : plan précis à fournir par EAS
. manque 4 réservations en PH pour COEXIA : plan précis à fournir par COEXIA
. manque 1 réservation COEXIA en voile cour anglaise
. vérifier si robinet de puisage dans socle casiers piscine
. vérifier siphon + évacuation sanitaires entrée et sanitaires douches piscine : confirmer nature des réseaux à pas-
ser par COEXIA
- Galeries techniques :
. voile à proximité local technique ludique à vérifier
. manque 1 réservation SNEF à proximité du local technique ludique
. manque 1 réservation COEXIA en voile infrastructure à côté du bassin d’apprentissage
. manque 3 réservations COEXIA à côté des bacs tampon
. vérifier possibilité de descendre réseau EU plages sous poutres autour du bassin d’activités (AI poutre à – 0.58
sauf une poutre à – 0.63)
. prévoir un gabarit pour vérification réservation grille de soufflage au sol
Contrôle réservations en RDC du 22/01/14
- manque 1∅200 dans local stockage univers petite enfance
- manque 1 réservation 20x40ht au droit douches à jets
- reprendre alignement 3 réservations rectangulaires dans salle fitness
- vérifier 2 réservations dans sanitaires publics
- vérifier 1 réservation dans local entretien vestiaires
- manque 1 réservation 35x35 en dalle haute du TGBT",['27-11-2013'],"[40, 41, 42]","[296, 305, 314]",42,SOGEA
"SNEF signale que les réservations demandées n’ont pas été prises en compte en RDC et R+1.
04/12/13 : pris en compte sur plans remis ce jour
Contrôle réservations en sous sol du 18/12/13
- Linteau entrée sous-sol à recouper
- Déboucher toutes les réservations
- Locaux TE / TA :
. 2 ventilations de bac tampon fosse de plongée à carotter
. 3 pièces à sceller bac tampon plongée à carotter : plan précis à fournir par EAS
. manque 4 réservations en PH pour COEXIA : plan précis à fournir par COEXIA
. manque 1 réservation COEXIA en voile cour anglaise
. vérifier si robinet de puisage dans socle casiers piscine
. vérifier siphon + évacuation sanitaires entrée et sanitaires douches piscine : confirmer nature des réseaux à pas-
ser par COEXIA
- Galeries techniques :
. voile à proximité local technique ludique à vérifier
. manque 1 réservation SNEF à proximité du local technique ludique
. manque 1 réservation COEXIA en voile infrastructure à côté du bassin d’apprentissage
. vérifier ∅200 manquant en voile bac tampon. 15/01/14 : pas nécessaire
. manque 3 réservations COEXIA à côté des bacs tampon
. vérifier possibilité de descendre réseau EU plages sous poutres autour du bassin d’activités (AI poutre à – 0.58
sauf une poutre à – 0.63)
. prévoir un gabarit pour vérification réservation grille de soufflage au sol",['27-11-2013'],"[36, 37, 38, 39]","[261, 269, 278, 287]",39,SOGEA
"URGENT poser les blocs portes des saunas. 16/09/15 : DERNIER RAPPEL, conséquence re-
tard sur carrelage",['09-09-2015'],"[86, 87, 88, 89]","[759, 769, 779, 789]",31,SOGEA
"Z1 à Z8 par SOGEA. Idem pour la Z11, Z12, Z15 à Z21 à charge SOGEA. Les Z9 et Z23 sont
à charge COEXIA
Synthèse",['17-04-2013'],"[22, 23, 24, 25, 26, 27, 28, 29, 30, 31, 32, 33, 34, 35, 36, 37, 38, 39, 40, 41, 42, 43, 44, 45, 46, 47, 48, 49, 49, 51]","[154, 161, 168, 176, 183, 191, 198, 206, 213, 221, 229, 237, 245, 253, 261, 269, 278, 287, 296, 305, 314, 323, 332, 341, 350, 359, 368, 377, 388, 406]",16,SOGEA
"Z13 et 14, pénétration dans bâtiment en point haut + attente au sol par SOGEA, descente
intérieure entre les 2 attentes par COEXIA. Il en va de même pour la Z10+Z24",['17-04-2013'],"[22, 23, 24, 25, 26, 27, 28, 29, 30, 31, 32, 33, 34, 35, 36, 37, 38, 39, 40, 41, 42, 43, 44, 45, 46, 47, 48, 49, 49, 51, 52, 53, 54, 55, 56]","[154, 161, 168, 176, 183, 191, 198, 206, 213, 221, 229, 237, 245, 253, 261, 269, 278, 287, 296, 305, 314, 323, 332, 341, 350, 359, 368, 377, 388, 406, 422, 431, 440, 449, 458]",13,SOGEA
"accord DR pour simplifier coffrage de modifier trémie escalier hélicoïdal en section
carrée (perpendiculaire) et modifier voile en « S » en voile droit sous les gradins avec un biais au
droit du raccordement sur le passage sous la rivière à bouée",['27-03-2013'],"[3, 5, 6, 8, 9]","[21, 33, 39, 53, 60]",22,SOGEA
"accord DR pour élargir cour anglaise de ventilation de la galerie du bassin sportif de
0,30m pour permettre passage banche",['27-03-2013'],"[3, 4, 5, 6, 8]","[21, 27, 33, 39, 53]",17,SOGEA
"accord des membres du comité de gestion du compte prorata pour ajout caméras
de surveillance y compris au droit des containers",['17-06-2015'],"[77, 78, 79, 80]","[672, 681, 690, 699]",52,SOGEA
"arrêter le gardiennage à partir du 09/03/15 au matin, date de reprise effective du
chantier",['18-02-2015'],"[61, 62]","[503, 511]",5,SOGEA
"bloc porte sauna blanc
AVANCEMENT –  PLANIFICATION
Intempéries :
35 jours
Voir détail sur CR 76.
Effectif :",['23-09-2015'],"[87, 88, 89, 90, 91]","[773, 783, 793, 803, 819]",12,SOGEA
"choix des teintes de la toile tendue 6 mois au plus tard avant la pose. 06/11/13 : choix pour
01/12/13",['11-09-2013'],"[30, 31, 32]","[216, 224, 232]",5,SOGEA
compléter enduit sur maçonnerie pour pose relevé de carrelage. A voir sur site avec,['09-09-2015'],"[85, 86, 87]","[749, 759, 769]",25,SOGEA
"compléter enduit sur maçonnerie pour pose relevé de carrelage. A voir sur site avec CRI.
30/09/15 : à solder dès le 05/10/15",['09-09-2015'],"[88, 89, 90, 91]","[779, 789, 799, 811]",24,SOGEA
"dans dalle formant plénum de soufflage derrière bain chaud, prévoir feuillure pour
pose des grilles de ventilation de 20x20mm",['24-06-2015'],"[78, 80, 81, 82, 83, 84, 85, 86, 87]","[681, 699, 709, 719, 729, 739, 749, 759, 769]",55,SOGEA
"date de limite pour terminer la terrasse technique (dalles sur plots et contre bar-
dage, couvertines, …) le 25/09/15. Ensuite MQB mettra en place ses gaines",['16-09-2015'],"[86, 87]","[759, 769]",43,SOGEA
"date de limite pour terminer la terrasse technique (dalles sur plots et contre bardage, couvertines, …)
le 25/09/15. Ensuite MQB mettra en place ses gaines. 30/09/15 : non terminé. 14/10/15 : contre bardage
non terminé",['16-09-2015'],"[90, 92, 98, 99]","[799, 826, 844, 853]",35,SOGEA
"diffuser plan de socles sur terrasse technique. 06/11/13 : tenir compte épaisseur complexe
isolant/étanchéité 100mm
Réservations en phase réalisation",['30-10-2013'],"[30, 31, 32, 33]","[213, 221, 229, 237]",19,SOGEA
"diffuser plan siphon et réseaux plages extérieurs à MONTARON pour le 20/09/13
Contrôle réservations en sous sol du 18/12/13
- Locaux TE / TA :
. vérifier si robinet de puisage dans socle casiers piscine
Contrôle réservations en RDC du 22/01/14
- valider VH local TGBT dans la porte du local
- vérifier alignement des réservations dans gradins
- vérifier alignement des réservations des trappes de lignes de nage
- manque toutes les réservations pour siphons de sol et caniveaux de la zone vestiaires sanitaires plon-
gée (plan non fourni)
Contrôle réservations de serrurerie du 22/01/14
- repères 4 et 6 : piochage si nécessaire lors de la pose
- repères 5 et 18 : reprise
- repère 8, 11 et 20 : vérification avec trait de niveau
- repère 10 : calfeutrement mortier après pose si nécessaire
Contrôle réservations en R+1 du 19/02/14
- vérifier alignement réservations sur coursive
- 2 réservations 300x300 à déplacer en hauteur sur coursive bassin ludique (soufflage canons de lu-
mière)
- vérifier alignement réservations au niveau terrasse technique zone plongée",['18-09-2013'],"[49, 49, 51]","[377, 388, 406]",29,SOGEA
"décaissé dans plancher bas local technique supprimé mais agrandi dans la galerie
technique (suivant plan MQB-EAS)",['06-03-2013'],"[1, 2, 3, 4, 5, 6, 7]","[10, 16, 21, 27, 33, 39, 46]",5,SOGEA
"dû au lot VRD environ 4 450m3 en apport et environ 32 100m3 en réemploi. Dû au
lot GO 16 000m3 (estimé en phase chantier 5 000m3)",['11-09-2013'],"[22, 23, 24, 25, 26, 29, 33, 35, 36, 37, 39, 40, 41, 43]","[158, 165, 172, 180, 187, 209, 241, 257, 265, 273, 292, 301, 310, 328]",13,SOGEA
"faire levé topo et définition des besoins réels pour le 25/09/13. 26/09/13 : en m3
remblais périphériques : 6400 pour 4000 marché
trottoir : 700 pour 2251 marché
voirie : 3529 pour 3651 marché
solarium : 735 pour 642 marché
espaces verts : 1210 pour 1320 marché
merlon paysager : 24600 pour 13000 marché (avec 0,20m de terre végétale et nivellement plat)
soit ≈ 37100 m3 pour 24700 m3 marché. Manque ≈ 10000m3",['11-09-2013'],"[24, 25, 26, 29, 39, 40]","[172, 180, 187, 209, 292, 301]",20,SOGEA
"faire levé topo et définition des besoins réels pour le 25/09/13. 26/09/13 : en m3
remblais périphériques : 6400 pour 4000 marché
trottoir : 700 pour 2251 marché
voirie : 3529 pour 3651 marché
solarium : 735 pour 642 marché
espaces verts : 1210 pour 1320 marché
merlon paysager : 24600 pour 13000 marché (avec 0,20m de terre végétale et nivellement plat)
soit ≈ 37100 m3 pour 24700 m3 marché. Manque ≈ 10000m3
VRD
23/10/13 :
- L’entreprise a remis au BERIM ce jour le plan indice A Projet de Murs de soutènement. Il sera complété par les
coupes et détail suivants :
- Coupe AA sur le talus de l’espace vert
- Coupe BB sur le profil n°13
- Détail de la constitution du sol sous mur préfabriqué.
- Fiche technique des murs préfabriqués, accompagné de la note de calcul de dimensionnement
- L’ensemble de ses documents devra être transmis au contrôleur technique en format papier pour visa.
TCE",['11-09-2013'],"[33, 35, 36]","[241, 257, 265]",27,SOGEA
"faire nettoyage de la charpente et contrôle des diverses quincailleries et serrage.
12/03/14 : RAPPEL nettoyage charpente. 26/03/14 : nettoyage refusée",['29-01-2014'],"[49, 51, 52, 53]","[378, 409, 423, 432]",18,SOGEA
"faire nettoyage de la charpente et contrôle des diverses quincailleries et serrage.
12/03/14 : RAPPEL nettoyage charpente. 26/03/14 : nettoyage refusée. 14/05/14 : nettoyage program-
mée en même temps que pose toile tendue. 11/03/15 : toute hauteur de poutre",['29-01-2014'],"[63, 64, 65, 66, 67, 68, 69, 70, 71, 72]","[520, 528, 536, 545, 554, 563, 572, 584, 599, 611]",5,SOGEA
"faire nettoyage de la charpente et contrôle des diverses quincailleries et serrage.
12/03/14 : RAPPEL nettoyage charpente. 26/03/14 : nettoyage refusée. 14/05/14 : nettoyage program-
mée en même temps que pose toile tendue. 11/03/15 : toute hauteur de poutre. 20/05/15 : nettoyage
sous face des poutre au droit des lacage de la toile tendue + remontée sur 50cm mini",['29-01-2014'],"[73, 74, 75, 76, 77]","[626, 638, 653, 663, 672]",5,SOGEA
"faire nettoyage de la charpente et contrôle des diverses quincailleries et serrage. 12/03/14 :
RAPPEL nettoyage charpente",['29-01-2014'],"[45, 46]","[343, 352]",32,SOGEA
"faire nettoyage de la charpente et contrôle des diverses quincailleries et serrage. 12/03/14 : RAPPEL
nettoyage charpente. 26/03/14 : nettoyage refusée. 14/05/14 : nettoyage programmée en même temps
que pose toile tendue",['29-01-2014'],"[54, 55, 56, 57, 58, 59, 60, 61, 62]","[441, 450, 459, 468, 477, 486, 495, 504, 512]",17,SOGEA
"faire proposition de gardes corps lestés en périphérie des bassins sportif et activi-
tés",['16-09-2015'],"[86, 87]","[759, 769]",37,SOGEA
"faire proposition d’habillage sous face d’entrée zone plongée en panneaux type Ema-
lith. Les ébrasements seront en toile tendue",['19-02-2014'],"[43, 44, 45, 46, 49, 51, 52, 53, 54, 55, 56, 57, 58, 59, 60, 61, 62, 63, 64]","[325, 334, 343, 352, 378, 409, 423, 432, 441, 450, 459, 468, 477, 486, 495, 504, 512, 520, 528]",46,SOGEA
"faire proposition d’habillage sous face d’entrée zone plongée en panneaux type Ema-
lith. Les ébrasements seront en toile tendue. 25/03/15 : validé en alucobom, faire un échantillon",['19-02-2014'],"[65, 66, 67, 68, 69, 70, 71, 72]","[536, 545, 554, 563, 572, 584, 599, 611]",8,SOGEA
"faire proposition d’habillage sous face d’entrée zone plongée en panneaux type Ema-
lith. Les ébrasements seront en toile tendue. 25/03/15 : validé en alucobom, faire un échantillon.
20/05/15 : alucobond en butée sur poutre BA, habillage latéraux en membrane. Comme proposé,
faire relevé et retombée d’étanchéité sur béton en périphérie et retour",['19-02-2014'],"[73, 74, 75]","[626, 638, 653]",10,SOGEA
"faire proposition d’habillage sous face d’entrée zone plongée en panneaux type Ema-
lith. Les ébrasements seront en toile tendue. 25/03/15 : validé en alucobom, faire un échantillon.
20/05/15 : alucobond en butée sur poutre BA, habillage latéraux en membrane. Comme proposé, faire
relevé et retombée d’étanchéité sur béton en périphérie et retour. 10/06/15 : confirmer date
d’intervention. 14/10/15 : à partir du 19/10/15",['19-02-2014'],"[76, 77, 78, 79, 80, 81, 82, 83, 84, 85, 86, 87, 88, 89, 90, 91, 92, 98]","[663, 672, 681, 690, 699, 709, 719, 729, 739, 749, 759, 769, 779, 789, 799, 811, 826, 844]",9,SOGEA
"faire vérification mise en place de tous les closoirs + calfeutrement coupe feu sous
bacs aciers de couverture",['25-03-2015'],"[65, 67, 68, 69, 71, 73, 75]","[536, 554, 563, 572, 599, 626, 653]",39,SOGEA
"faire vérification mise en place de tous les closoirs + calfeutrement coupe feu sous bacs aciers de
couverture. 10/06/15 : à terminer rapidement avant intervention faux plafonds. 01/07/15 : diffuser plan de repérage
validé par DEKRA. 08/07/15 : fait. Se conformer également à la fiche 73 de DEKRA. 26/08/15 : Fait, dossier
pour validation DEKRA en cours",['25-03-2015'],"[83, 84]","[729, 739]",20,SOGEA
"faire vérification étanchéité verrière petit canon de lumière. 16/09/15 : faire vérification et re-
prise sans délai des verrières plongée et petit canon, conséquence néfaste et retard sur autres
corps d’état. A solutionner définitivement",['09-09-2015'],"[86, 87, 88]","[759, 769, 779]",35,SOGEA
"faire vérification étanchéité verrière petit canon de lumière. 16/09/15 : faire vérification et reprise sans
délai des verrières plongée et petit canon, conséquence néfaste et retard sur autres corps d’état. A solutionner dé-
finitivement. 07/10/15 : toujours des infiltrations au droit de la verrière fosse de plongée ayant
pour conséquence le décollement de l’étanchéité",['09-09-2015'],"[89, 90]","[789, 799]",34,SOGEA
"faire vérification étanchéité verrière petit canon de lumière. 16/09/15 : faire vérification et reprise sans
délai des verrières plongée et petit canon, conséquence néfaste et retard sur autres corps d’état. A solutionner dé-
finitivement. 07/10/15 : toujours des infiltrations au droit de la verrière fosse de plongée ayant pour conséquence le
décollement de l’étanchéité. 28/10/15 : fuite persistante au niveau de la verrière de la fosse de plon-
gée, ayant pour conséquence l’impossibilité de terminer le carrelage en fond de fosse",['09-09-2015'],"[92, 98]","[826, 844]",27,SOGEA
"fournir échantillon de charpente et plafonds de revers teinté chêne clair
DOCUMENTS REMIS EN REUNION
Néant
VALIDATION PLANS
Voir tableau SOGEA en annexe au présent CR",['13-06-2013'],"[14, 16]","[97, 112]",7,SOGEA
"hauteur sous bassin apprentissage 1,87m et sous bassin loisirs 1,40m (coupes ar-
chitecte)",['06-03-2013'],"[1, 2, 3, 4, 5, 6, 7, 8, 9]","[10, 16, 21, 27, 33, 39, 46, 53, 60]",8,SOGEA
"la DIRECCTE demande un PPSPS et une VIC pour le personnel RAMERY en conven-
tion de prêt assimilé à de la sous-traitance",['22-04-2015'],"[69, 71, 73, 75]","[572, 599, 626, 653]",42,SOGEA
"le planning TCE a été diffusé pour analyse à toutes les entreprises avec retour pour
le 04/10/13. Réunion de signature du planning le 16/10/13 à 14h00 : toutes les entreprises sont
convoquées
Intempéries :
2 jours
1 jour (le 03/07/13 : pluie), 1 jour (le 18/09/13 : pluie)
Effectif :",['25-09-2013'],"[24, 25, 26]","[172, 180, 187]",32,SOGEA
"le planning TCE a été diffusé pour analyse à toutes les entreprises avec retour pour le 04/10/13. Réu-
nion de signature du planning le 16/10/13 à 14h00 : toutes les entreprises sont convoquées. 18/12/13 : non pré-
sents, non signés et convoqués le 08/01/14 : SAM+, SUEDE SAUNA
Intempéries :
23 jours
1 jour (le 03/07/13 : pluie), 1 jour (le 18/09/13 : pluie), 1 jour (le 10/10/13 : pluie), 1 jour (le 23/10/13 : vent), 1 jour
(le 25/10/13 : vent), 2 jours (les 28 et 29/10/13), 3 jours (le 04/11/13 : vent, le 05/11/13 : pluie, le 06/11/13 : pluie +
vent), 2 jours (les 07 et 08/11/13 : pluie et vent), 1 jour (le 14/11/13 : vent), 1 jour (le 19/11/13 : pluie), 1 jour (le
21/11/13 : neige), 1 jour (le 03/12/13 : gel), 1 jour (le 11/12/13 : gel), 2 jours (les 12 et 13/12/13 : gel), 1 jour (le
06/01/14 : pluie), 2 jours (les 14 et 15/01/14 : pluie), 1 jour (le 20/01/14 : pluie)
Effectif :",['25-09-2013'],"[39, 40]","[292, 301]",30,SOGEA
"manque 2 crosses en terrasse technique pour passage câbles électriques depuis le
R+1 au droit du lanterneau de désenfumage",['22-04-2015'],"[69, 71, 73, 75, 76, 77, 78, 79, 80, 81, 82]","[572, 599, 626, 653, 663, 672, 681, 690, 699, 709, 719]",41,SOGEA
"manque 4 réservations en PH sous-sol pour siphon de sol dans sanitaires/douches
individuels
ASSISTANT MAITRISE D’OUVRAGE",['26-03-2014'],"[47, 48, 49]","[359, 368, 377]",41,SOGEA
"manque des réservations pour SNEF dans vestiaires collectifs, bureau directeur et
TGBT",['25-06-2014'],"[60, 61, 62, 63, 64, 65, 66, 67, 68]","[495, 504, 512, 520, 528, 536, 545, 554, 563]",30,SOGEA
"manque deux réservations dans voile file 10 (sans recherche de responsabilité) de
2000x1000mm + ∅250mm. Utilisation de deux réservations 1000x1000mm de part et d’autre
dudit voile pour dédoubler la gaine initiale. Un carottage est à prévoir pour le ∅250mm man-
quant
ASSISTANT MAITRISE D’OUVRAGE",['16-10-2013'],"[27, 28, 29, 30, 32]","[191, 198, 206, 213, 229]",23,SOGEA
"manque sortie toiture pour hammam (costière fournie par MQB) : Doit contacter MQB
pour son implantation. 10/06/15 : MQB fournira la costière",['06-05-2015'],"[76, 77, 78, 79, 80, 81, 82, 83, 84, 85, 86, 87, 88, 89, 90, 91, 92, 98]","[663, 672, 681, 690, 699, 709, 719, 729, 739, 749, 759, 769, 779, 789, 799, 811, 826, 844]",39,SOGEA
"manque évacuations douches et pédiluves extérieurs. 17/06/15 : réalisation en même temps
que le GO",['10-06-2015'],"[77, 78, 79, 80, 81]","[672, 681, 690, 699, 709]",47,SOGEA
"membrane du tipi à poser verticalement (soudure verticale), par lé trapézoïdal. Faire plan
de calepinage sur la base d’un développé. 18/09/13 : suite à la visite de ce jour de la piscine de Laon,
réaliser un prototype pour validation de l’équivalent d’une trame. 30/10/13 : prototype prêt à partir
du 13/11/13. 13/11/13 : visite le 27/11/13 à 11h00. 04/12/13 : nouvelle date à caler. 18/12/13 : début
janvier 2014. 08/01/14 : visite le 15/01/14 à 10h30. 15/01/14 : nouvelle visite le 29/01/14à 10h30.
29/01/14 : à recaler au 05/02/14 à 10h30. 12/02/14 : terminer le prototype et confirmer une date pos-
sible de visite. Faire proposition de bouchon en extrémité des épines du tipi",['19-06-2013'],"[41, 42, 43, 44, 45, 46, 47, 48, 49, 51, 52, 53, 54]","[307, 316, 325, 334, 343, 352, 360, 369, 378, 409, 423, 432, 441]",24,SOGEA
"membrane du tipi à poser verticalement (soudure verticale), par lé trapézoïdal. Faire plan de calepinage
sur la base d’un développé. 18/09/13 : suite à la visite de ce jour de la piscine de Laon, réaliser un prototype pour
validation de l’équivalent d’une trame. 30/10/13 : prototype prêt à partir du 13/11/13. 13/11/13 : visite le
27/11/13 à 11h00",['19-06-2013'],"[31, 32, 33, 34, 35]","[222, 230, 238, 246, 254]",20,SOGEA
"membrane du tipi à poser verticalement (soudure verticale), par lé trapézoïdal. Faire plan de calepinage
sur la base d’un développé. 18/09/13 : suite à la visite de ce jour de la piscine de Laon, réaliser un prototype pour
validation de l’équivalent d’une trame. 30/10/13 : prototype prêt à partir du 13/11/13. 13/11/13 : visite le 27/11/13
à 11h00. 04/12/13 : nouvelle date à caler. 18/12/13 : début janvier 2014. 08/01/14 : visite le 15/01/14 à 10h30.
15/01/14 : nouvelle visite le 29/01/14à 10h30",['19-06-2013'],"[39, 40]","[289, 298]",22,SOGEA
"membrane du tipi à poser verticalement (soudure verticale), par lé trapézoïdal. Faire plan de calepinage
sur la base d’un développé. 18/09/13 : suite à la visite de ce jour de la piscine de Laon, réaliser un prototype pour
validation de l’équivalent d’une trame. 30/10/13 : prototype prêt à partir du 13/11/13. 13/11/13 : visite le 27/11/13
à 11h00. 04/12/13 : nouvelle date à caler. 18/12/13 : début janvier 2014. 08/01/14 : visite le 15/01/14 à 10h30.
15/01/14 : nouvelle visite le 29/01/14à 10h30. 29/01/14 : à recaler au 05/02/14 à 10h30. 12/02/14 : terminer le
prototype et confirmer une date possible de visite. Faire proposition de bouchon en extrémité des épines du tipi.
21/05/14 : attention à ne pas créer de décalage entre membrane et toile perforée, continuité à
assurer entre les deux",['19-06-2013'],"[55, 56, 57]","[450, 459, 468]",14,SOGEA
"nettoyer les coulures de bitume en divers endroits principalement au droit accès local es-
paces verts / panneaux solaires. 04/06/14 : nettoyage en fin d’intervention couverture étanchéité.
25/06/14 : programmé le 27/06/14",['28-05-2014'],"[60, 61, 62, 63, 64, 65, 66, 67, 68, 69, 70, 71, 72, 73, 74, 75, 76, 77, 78, 79, 80, 81, 82, 83, 84, 85, 86, 87, 88, 89, 90, 91, 92, 98, 99]","[495, 504, 512, 520, 528, 536, 545, 554, 563, 572, 584, 599, 611, 626, 638, 653, 663, 672, 681, 690, 699, 709, 719, 729, 739, 749, 759, 769, 779, 789, 799, 811, 826, 844, 853]",19,SOGEA
"piocher seuil de porte entre remise en forme et salle fitness + baie salle cardio. 29/07/15 : faire fi-
nitions",['10-06-2015'],"[82, 83, 84]","[719, 729, 739]",37,SOGEA
"poser les plots des DEP façade sud après réalisation des solarium en béton acidé.
14/10/15 : solarium terminé",['26-08-2015'],"[90, 91]","[799, 811]",21,SOGEA
"problème de décalage entre les châssis vestiaires et l’isolation (largeur de tapée ?).
02/04/14 : faire un essai de reprise de finition. 09/04/14 : essai validé, à réaliser en blanc RAL9010",['26-03-2014'],"[52, 54, 55, 56, 57, 58, 59, 60, 61, 62, 63, 64, 65, 66, 67, 68, 69, 70, 71, 72, 73, 74, 75]","[423, 441, 450, 459, 468, 477, 486, 495, 504, 512, 520, 528, 536, 545, 554, 563, 572, 584, 599, 611, 626, 638, 653]",26,SOGEA
"profil d’angle de carrelages blanc pour carrelage blanc et gris pour carrelage bleu
AVANCEMENT – PLANIFICATION
Intempéries :
31 jours
1 jour (le 03/07/13 : pluie), 1 jour (le 18/09/13 : pluie), 1 jour (le 10/10/13 : pluie), 1 jour (le 23/10/13 : vent), 1 jour
(le 25/10/13 : vent), 2 jours (les 28 et 29/10/13), 3 jours (le 04/11/13 : vent, le 05/11/13 : pluie, le 06/11/13 : pluie +
vent), 2 jours (les 07 et 08/11/13 : pluie et vent), 1 jour (le 14/11/13 : vent), 1 jour (le 19/11/13 : pluie), 1 jour (le
21/11/13 : neige), 1 jour (le 03/12/13 : gel), 1 jour (le 11/12/13 : gel), 2 jours (les 12 et 13/12/13 : gel), 1 jour (le
06/01/14 : pluie), 3 jours (les 14, 15 et 16/01/14 : pluie), 1 jour (le 20/01/14 : pluie), 1 jour (le 27/01/14 : pluie et
vent), 1 jour (le 07/02/14 : vent), 1 jour (le 13/02/14 : pluie et vent), 3 jours (les 27, 28/02/14 et 03/03/14 : pluie), 1
jour (le 21/03/14 : pluie)
Effectif :","['22-01-2014', '30-04-2014']","[46, 47, 48, 49, 49, 52]","[356, 364, 373, 382, 398, 427]",13,SOGEA
"prévoir isolant avec tôle alu au droit portes et châssis vestiaires personnel femmes, circula-
tion personnel et déchaussage groupe",['09-10-2013'],"[32, 34, 39, 40, 41, 42, 43, 44, 45, 46, 49, 51, 52, 53, 54, 55, 56, 57, 58]","[230, 246, 289, 298, 307, 316, 325, 334, 343, 352, 378, 409, 423, 432, 441, 450, 459, 468, 477]",31,SOGEA
"prévoir remise en place coffrets électriques (environ 10 répartis dans l’ensemble du
bâtiment). Prévoir également le branchement électrique du bungalow de EAS",['18-02-2015'],"[61, 62]","[503, 511]",4,SOGEA
"prévoir sur commande de désenfumage vestiaires individuels la reprise de l’amenée
d’air frais (volets fournis posés par MQB). Toutes les commandes de désenfumage comportant
une cartouche pour l’ouverture et une pour la fermeture",['25-03-2015'],"[65, 66, 67]","[536, 545, 554]",36,SOGEA
"prévoir sur commande de désenfumage vestiaires individuels la reprise de l’amenée
d’air frais (volets fournis posés par MQB). Toutes les commandes de désenfumage comportant une
cartouche pour l’ouverture et une pour la fermeture. 15/04/15 : prévoir bobine à émission sur les cof-
frets de commande du hall d’entrée et des 2 vestiaires. 14/10/15 : bobine 48V continu à émission,
faire valider le matériel à NAMIXIS",['25-03-2015'],"[90, 91, 92, 98, 99]","[799, 811, 826, 844, 853]",12,SOGEA
"prévoir sur commande de désenfumage vestiaires individuels la reprise de l’amenée d’air frais (volets
fournis posés par MQB). Toutes les commandes de désenfumage comportant une cartouche pour l’ouverture et
une pour la fermeture. 15/04/15 : prévoir bobine à émission sur les coffrets de commande du hall
d’entrée et des 2 vestiaires",['25-03-2015'],"[68, 69, 71, 73, 75, 76, 77, 78, 79, 80, 81, 82, 83, 84, 85, 86, 87, 88, 89]","[563, 572, 599, 626, 653, 663, 672, 681, 690, 699, 709, 719, 729, 739, 749, 759, 769, 779, 789]",25,SOGEA
"prévoir un relevé de 0,15m par rapport au niveau galeries techniques en périphérie
des trémies du carneau de ventilation",['03-04-2013'],"[4, 5, 6, 9]","[27, 33, 39, 60]",24,SOGEA
"prévoir vidange du carneau de ventilation en sous-sol. 19/03/14 : vidanger carneaux de
ventilation + décaissé pour gaines en galerie technique du bassin d’activité",['12-02-2014'],"[49, 51]","[378, 409]",21,SOGEA
"quantité disponible à l’origine 21 343m3, dont environ 4 000m3 ont été utilisés pour
le fond de forme du parking. Reste environ 17 300m3 théorique, 15 000m3 selon le relevé géo-
mètre missionné par SOGEA début mars (12 000m3 en 0/40, 2 000m3 en 0/80, 1 000m3 en
terre)",['11-09-2013'],"[22, 23, 24, 25, 26, 29, 33, 34, 35, 36, 37, 39, 40, 41, 43]","[158, 165, 172, 180, 187, 209, 241, 248, 257, 265, 273, 292, 301, 310, 328]",11,SOGEA
recréer un regard manquant dans chaufferie par fixation d’un regard en sous-face de,['11-06-2014'],"[59, 60, 61, 62, 63, 64, 65, 66, 67, 68, 69, 70, 71, 72, 73, 74, 75]","[486, 495, 504, 512, 520, 528, 536, 545, 554, 563, 572, 584, 599, 611, 626, 638, 653]",27,SOGEA
"recréer un regard manquant dans chaufferie par fixation d’un regard en sous-face de dalle.
10/06/15 : devant bac tampon fosse à poser, température des rejet environ 80°C",['11-06-2014'],"[76, 77]","[663, 672]",17,SOGEA
"refaire note de calcul charpente en tenant compte de la charge de neige zone C. 03/06/15 :
URGENT afin de lever avis DEKRA. Les ouvrages de finitions sont en cours notamment toile ten-
due. Si renfort de charpente nécessaire, il y a urgence à intervenir",['06-05-2015'],"[75, 76, 77, 78, 79]","[653, 663, 672, 681, 690]",46,SOGEA
"reprendre alignement du bandeau sur façade ouest (décalage à la jonction de 2 éléments).
28/05/14 : attention pose des couvertines en cours",['19-03-2014'],"[56, 57, 58, 59]","[459, 468, 477, 486]",21,SOGEA
"reprendre limons béton passerelle bassin ludique dans alignement des limons mé-
talliques",['23-09-2015'],"[87, 88, 89, 90, 92, 98]","[769, 779, 789, 799, 826, 844]",41,SOGEA
"reprendre réservations siphons de sol vestiaires. 01/07/15 : URGENT. 08/07/15 : reprendre en ur-
gence dans les zones en prédalles et faire valider par BET SOGEA en urgence les zones en dalles alvéolaires.
22/07/15 : dans circulation vestiaires collectifs et dans vestiaires individuels, carottage jusqu’au
ras de la costière maxi",['10-06-2015'],"[81, 82]","[709, 719]",37,SOGEA
"reprise des fonds de bassins à définir avec A&T et DRD. 09/09/15 : les fonds doivent être lisse
sans trous ni bosses. Pas de ponçage ni balayage. A finaliser pour le 05/10/15",['18-03-2015'],"[85, 86, 87, 88]","[749, 759, 769, 779]",10,SOGEA
"réception support avec SAE le 08/04/15 à 9h00. 18/03/15 : reportée à 10h00. 01/04/15 : reportée
au 15/04/15 à 10h00 pour cause de CISSCT le 08/04/15",['11-03-2015'],"[66, 67]","[545, 554]",25,SOGEA
"réservation au droit coursive au-dessus local MNS à scier pour hauteur fini de
500mm en alignant les deux réservations
Réception support par CRI du 12/03/14
- effectuer enduit sur maçonnerie recouverte de faïence
- fosse de plongée, reprendre désaffleur entre les deux levées de coulage des bajoyers. Reste à vérifier la dimen-
sion en plan (∅ constant à vérifier sur la hauteur)",['09-04-2014'],"[49, 49, 51]","[377, 388, 406]",34,SOGEA
"réunion le 26/02/14 à 9h00 pour réception supports avec CRI. 26/02/14 : compte tenu de
l’absence de CRI, la réunion est reportée au 12/03/14 à 9h00",['22-01-2014'],"[43, 44]","[325, 334]",33,SOGEA
"simplification de la structure GO en sous sol à voir + réduire hauteur de poutres en
PH sous sol sous pataugeoire",['03-04-2013'],"[4, 5, 6]","[27, 33, 39]",27,SOGEA
"suppression des dalles de plages extérieures (sauf pédiluve), prévoir un fond de
forme compacté avec pré-pentes. Le dallage des plages extérieures ayant une épaisseur de
0,15m",['27-03-2013'],"[3, 4, 5, 6, 7, 8, 9, 10, 11, 12, 13, 14, 15, 16, 17, 18, 19, 20, 21, 22, 23, 24, 25, 26, 27, 28, 29, 30, 31, 32, 33, 34]","[21, 27, 33, 39, 46, 53, 60, 67, 74, 81, 88, 95, 102, 110, 118, 126, 133, 141, 148, 155, 162, 169, 177, 184, 192, 199, 207, 214, 222, 230, 238, 246]",14,SOGEA
"suppression des dalles de plages extérieures (sauf pédiluve), prévoir un fond de forme compacté avec
pré-pentes. Le dallage des plages extérieures ayant une épaisseur de 0,15m. 11/12/13 : voir avec SI21 pour
traitement des douches extérieures e béton acidé en lieu et place du béton désactivé prévu au
marché, ce qui induirait une simplification du gros œuvre",['27-03-2013'],"[35, 36, 37, 38, 39, 40, 41, 42, 43, 44, 45, 46]","[254, 262, 270, 279, 289, 298, 307, 316, 325, 334, 343, 352]",5,SOGEA
"sur accès local technique plongée, fermer la membrane en retour de ce qui est po-
sé, faire une finition sur escalier et rampant, terminer DEP et trop plein",['25-03-2015'],"[65, 66, 67]","[536, 545, 554]",38,SOGEA
"sur accès local technique plongée, fermer la membrane en retour de ce qui est posé, faire
une finition sur escalier et rampant, terminer DEP et trop plein. 15/04/15 : voir pour passer DEP au droit
du caniveau à travers la membrane. 10/06/15 : confirmer date d’intervention",['25-03-2015'],"[76, 77, 78, 79, 80, 81, 82, 83, 84, 85, 86, 87, 88, 89, 90, 91, 92]","[663, 672, 681, 690, 699, 709, 719, 729, 739, 749, 759, 769, 779, 789, 799, 811, 826]",25,SOGEA
"sur accès local technique plongée, fermer la membrane en retour de ce qui est posé, faire une finition
sur escalier et rampant, terminer DEP et trop plein. 15/04/15 : voir pour passer DEP au droit du caniveau
à travers la membrane",['25-03-2015'],"[68, 69, 71, 73, 75]","[563, 572, 599, 626, 653]",28,SOGEA
"sur accès locaux technique tipi, faire complément ossature métallique pour support cou-
verture membrane",['01-04-2015'],"[68, 69, 71, 73, 75, 76, 77, 78, 79, 80, 81, 82, 83, 84, 85, 86, 87, 88, 89, 90, 91, 92]","[563, 572, 599, 626, 653, 663, 672, 681, 690, 699, 709, 719, 729, 739, 749, 759, 769, 779, 789, 799, 811, 826]",34,SOGEA
"sur palier R+1, problème d’étanchéité autour DEP en traversée de PH. 03/06/15 : refaire étan-
chéité avant réalisation des plafonds en sous face",['20-05-2015'],"[75, 76, 77, 78, 79, 80, 81, 82]","[653, 663, 672, 681, 690, 699, 709, 719]",54,SOGEA
"surbots sanitaires hauteur +0,07 :0,00",['22-01-2014'],"[39, 40, 41]","[289, 298, 307]",36,SOGEA
"synthèse RDC, R+1 et toiture le 10/09/13. Diffusion plan de réservations pour le 13/09/13. 18/09/13 :
plan présenté validé à compléter avec réservation pour bain chaud pour le 20/09/13. 25/09/13 : diffuser plan
de synthèse réservations RDC et R+1 y compris gradins sans délai",['05-09-2013'],"[24, 25, 26]","[168, 176, 183]",16,SOGEA
"terminer reprise béton pour libérer voile béton pour le peintre (au droit de la patau-
geoire)",['14-10-2015'],"[90, 92]","[799, 826]",42,SOGEA
"terminer toutes les reprises de béton avant réception de support. 14/05/14 : réception support faite
avec SAE et DRD sauf zone plongée et façade. Reprise à terminer pour le 04/06/14. 21/05/14 : en cours.
28/05/14 : réception reportée au 11/06/14 à 9h30. 11/06/14 : reprise finitions non terminées à finaliser
pour la réception reportée au 02/07/14 à 9h30",['07-05-2014'],"[58, 59, 60, 61, 62]","[477, 486, 495, 504, 512]",19,SOGEA
"une réservation au droit terrasse technique sur fosse plongée à décalée hors em-
prise charpente métallique",['11-03-2015'],"[63, 64, 65, 66, 67, 68, 69, 71, 72, 73, 75]","[520, 528, 536, 545, 554, 563, 572, 599, 611, 626, 653]",32,SOGEA
"une réservation à décaler, implanter dans la charpente métallique
Réception support par CRI du 12/03/14
- fosse de plongée, reprendre désaffleur entre les deux levées de coulage des bajoyers. Reste à vérifier la dimen-
sion en plan (∅ constant à vérifier sur la hauteur)
Synthèse Toile tendue / Surveillance des baignades / Electricité du 18/02/15
- réservation pour caméras Poséidon 65x55cm, découpée in situ
- sur plan de calepinage toile tendue, faire implantation des caméras et des réservations pour le
27/02/15
- caméras en milieu de bassin à régler juste après pose de la toile
ASSISTANT MAITRISE D’OUVRAGE",['25-06-2014'],"[61, 62]","[503, 511]",17,SOGEA
veiller à la bonne planimétrie et jonction entre éléments de foamglas. 26/02/14 : pose arrêtée par,['19-02-2014'],"[43, 44]","[325, 334]",48,SOGEA
"vider et nettoyer fosse de plongée après pose verrière
-11/06/14 : mettre DEP provisoires en façade nord pour évacuer les EP qui coulent dans le pla-
fonds de revers actuellement",['11-06-2014'],"[58, 59]","[477, 486]",29,SOGEA
"vider et nettoyer fosse de plongée après pose verrière. 25/06/14 : terminer en aspirant le
résiduel",['11-06-2014'],"[61, 62, 63, 64, 65, 66, 67, 68, 69, 70, 71, 72, 73, 74, 75, 76]","[504, 512, 520, 528, 536, 545, 554, 563, 572, 584, 599, 611, 626, 638, 653, 663]",23,SOGEA
"visite de validation des reprises de finitions béton le 19/03/14 à 9h00. 19/03/14 : vu ce jour les re-
prises, à effectuer zone par zone pour validation chaque semaine en 4 zones. 09/04/14 : visite le 29/04/14 à
10h00. 30/04/14 : recalée au 07/05/14 à 9h00, avec SAE pour réception de support",['19-02-2013'],"[52, 53]","[423, 432]",22,SOGEA
"vu ce jour avec CSPS, pas de prescription particulière entre ancrage et ligne de vie. Si ligne
de vie retenue, prévoir 1 ancrage au droit de chaque accès. Dans tous les cas, support potelet prévu au
marché à poser. Accès depuis porte en façade mezzanine local CTA remise en forme et depuis lanter-
neau désenfumage escalier hélicoïdal file 15",['29-05-2013'],"[13, 16, 22, 23, 24, 25, 26, 27, 28, 29, 30, 31, 32, 33, 34, 35, 39, 40, 41, 42, 43, 44, 45, 46, 47, 48, 49, 51, 52, 53, 54, 55]","[88, 110, 155, 162, 169, 177, 184, 192, 199, 207, 214, 222, 230, 238, 246, 254, 289, 298, 307, 316, 325, 334, 343, 352, 360, 369, 378, 409, 423, 432, 441, 450]",29,SOGEA
"vérifier le coefficient d’absorption solaire du triple vitrage et fournir un échantillon. 17/04/13 : échantil-
lon remis ce jour, coefficient d’absorption solaire de 20. 24/04/13 : attention, il doit y avoir un vitrage stadip",['27-03-2013'],"[8, 9, 12, 13, 14, 15, 16, 17, 18, 19, 20, 21, 22, 23, 24, 25, 26, 27, 28]","[53, 60, 81, 88, 95, 102, 110, 118, 126, 133, 141, 148, 155, 162, 169, 177, 184, 192, 199]",15,SOGEA
"à ce jour SOGEA a pris en compte toutes les demandes de réservations oubliées ou
complémentaires. Plus aucune ne sera prise en compte. Une campagne de carottages est pro-
grammée. DRD et SOGEA feront une synthèse entre les réservations oubliées ou mal position-
nées et les demandes complémentaires. A compter de ce jour, toute demande sera à charge de
l’entreprise requérante
Réception support par CRI du 12/03/14
- fosse de plongée, reprendre désaffleur entre les deux levées de coulage des bajoyers. Reste à vérifier la dimen-
sion en plan (∅ constant à vérifier sur la hauteur)
Synthèse Toile tendue / Surveillance des baignades / Electricité du 18/02/15
- réservation pour caméras Poséidon 65x55cm, découpée in situ
- caméras en milieu de bassin à régler juste après pose de la toile
ASSISTANT MAITRISE D’OUVRAGE",['22-04-2015'],"[69, 71, 73]","[571, 598, 625]",13,SOGEA
"à priori pas d’observation pour avoir un renfort dans une traverse de menuiserie alu
de mur rideau. A transcrire sur un plan de détail",['27-03-2013'],"[3, 4, 5, 6, 8, 9, 11, 12, 13, 14, 15, 16, 17, 18, 19, 20, 21, 22, 23, 24, 25, 26, 27, 28]","[21, 27, 33, 39, 53, 60, 74, 81, 88, 95, 102, 110, 118, 126, 133, 141, 148, 155, 162, 169, 177, 184, 192, 199]",19,SOGEA
2 réservations à reprendre sur coursive au droit gradins,['11-03-2015'],"[63, 64, 65, 66]","[520, 528, 536, 545]",32,SOGEA
"2 échelles perroquet + échelle accès maintenance avec crosse amovible confirmées dans fosse de
plongée",['07-05-2014'],[64],[530],5,SOGEA
"AS radier bac tampon à -3,00m",['20-03-2013'],"[2, 3, 4]","[16, 21, 27]",9,SOGEA
"BERIM confirme que les niveaux de remblais en périphérie de bâtiment dus par SOGEA sont le TN,
hors emprise des solariums dus au niveau – 0,13",['22-05-2013'],"[13, 15, 16, 22, 23]","[88, 102, 110, 155, 162]",24,SOGEA
DAC du sas d’entrée collectif à déplacer dans espace déchaussage,['14-10-2015'],"[90, 92, 98, 99]","[799, 826, 844, 853]",42,SOGEA
"SNEF signale que les réservations demandées n’ont pas été prises en compte en
RDC et R+1
ASSISTANT MAITRISE D’OUVRAGE",['27-11-2013'],[33],[237],24,SOGEA
"SNEF signale que les réservations demandées n’ont pas été prises en compte en RDC et R+1.
04/12/13 : pris en compte sur plans remis ce jour
ASSISTANT MAITRISE D’OUVRAGE",['27-11-2013'],"[34, 35]","[245, 253]",18,SOGEA
Transmettre au BERIM la fiche technique de la chape,['23-04-2014'],[52],[423],34,SOGEA
URGENT faire VISA sur plans EXE SOGEA,['19-06-2013'],[20],[141],8,SOGEA
"URGENT poser les blocs portes des saunas. 16/09/15 : DERNIER RAPPEL, conséquence retard sur
carrelage. 14/10/15 : à partir du 02/11/15",['09-09-2015'],"[90, 92]","[799, 826]",26,SOGEA
"Z1 à Z8 par SOGEA. Idem pour la Z11, Z12, Z15 à Z21 à charge SOGEA. Les Z9 et Z23 sont à
charge COEXIA
Contrôle réservations en RDC du 22/01/14
- valider VH local TGBT dans la porte du local
- manque toutes les réservations pour siphons de sol et caniveaux de la zone vestiaires sanitaires plongée (plan
non fourni)
Contrôle réservations en R+1 du 19/02/14
- 2 réservations 300x300 à déplacer en hauteur sur coursive bassin ludique (soufflage canons de lumière)
- vérifier alignement réservations au niveau terrasse technique zone plongée",['17-04-2013'],"[54, 55]","[440, 449]",15,SOGEA
"Z1 à Z8 par SOGEA. Idem pour la Z11, Z12, Z15 à Z21 à charge SOGEA. Les Z9 et Z23 sont à
charge COEXIA
Contrôle réservations en RDC du 22/01/14
- valider VH local TGBT dans la porte du local
- manque toutes les réservations pour siphons de sol et caniveaux de la zone vestiaires sanitaires plongée (plan
non fourni)
Contrôle réservations en R+1 du 19/02/14
- 2 réservations 300x300 à déplacer en hauteur sur coursive bassin ludique (soufflage canons de lumière)
- vérifier alignement réservations au niveau terrasse technique zone plongée
Réception support par CRI du 12/03/14
- fosse de plongée, reprendre désaffleur entre les deux levées de coulage des bajoyers. Reste à vérifier la dimen-
sion en plan (∅ constant à vérifier sur la hauteur)
ASSISTANT MAITRISE D’OUVRAGE",['17-04-2013'],[56],[458],18,SOGEA
"Z1 à Z8 par SOGEA. Idem pour la Z11, Z12, Z15 à Z21 à charge SOGEA. Les Z9 et Z23 sont à
charge COEXIA
Contrôle réservations en sous sol du 18/12/13
- Locaux TE / TA :
. vérifier si robinet de puisage dans socle casiers piscine
Contrôle réservations en RDC du 22/01/14
- valider VH local TGBT dans la porte du local
- manque toutes les réservations pour siphons de sol et caniveaux de la zone vestiaires sanitaires plongée (plan
non fourni)
Contrôle réservations en R+1 du 19/02/14
- 2 réservations 300x300 à déplacer en hauteur sur coursive bassin ludique (soufflage canons de lumière)
- vérifier alignement réservations au niveau terrasse technique zone plongée",['17-04-2013'],"[52, 53]","[422, 431]",18,SOGEA
"Z11, regard en pied de chute à confirmer",['17-04-2013'],"[22, 23, 24, 25, 26, 27, 28, 29, 30, 31, 32, 33, 34, 35, 36, 37, 38, 39, 40, 41, 42, 43, 44, 45, 46, 47, 48, 49, 49, 51, 52, 53, 54, 55, 56]","[154, 161, 168, 176, 183, 191, 198, 206, 213, 221, 229, 237, 245, 253, 261, 269, 278, 287, 296, 305, 314, 323, 332, 341, 350, 359, 368, 377, 388, 406, 422, 431, 440, 449, 458]",10,SOGEA
"accord AMVS pour tranchée commune eau et électricité pour alimentation chantier
depuis le carrefour du château d’eau",['17-04-2013'],[6],[39],27,SOGEA
"accord DR pour modifier voile en « S » en voile droit sous les gradins avec un biais au droit du raccor-
dement sur le passage sous la rivière à bouée",['27-03-2013'],"[12, 13, 14, 15, 16, 17, 18, 19, 20, 21, 22, 23]","[81, 88, 95, 102, 110, 118, 126, 133, 141, 148, 155, 162]",13,SOGEA
"accord DR pour simplifier coffrage de modifier trémie escalier hélicoïdal en section carrée (perpendicu-
laire) et modifier voile en « S » en voile droit sous les gradins avec un biais au droit du raccordement sur le passage
sous la rivière à bouée
- Isolation sous-dalle, à réaliser toute la zone sur VS et terre plein de la remise en forme et en-
trée administration + local compresseur. Mettre à jour plan de repérage pour soumettre à DEKRA",['27-03-2013'],[4],[27],22,SOGEA
"accord DR sur modification faux plafonds au droit de la poutre métallique de 20ml ajoutée (décalage
en pied de l’ordre de 50cm)",['05-09-2013'],"[27, 29, 30, 31, 32, 34, 35, 39, 40]","[192, 207, 214, 222, 230, 246, 254, 289, 298]",31,SOGEA
"accord DR sur verrière à 6 trames au lieu de 8 avec une double ossature dans la longueur. Vitrage 1,8
x 1,5m environ",['10-07-2013'],[25],[177],30,SOGEA
accès plateforme zone rivière validé,['17-06-2015'],"[77, 78]","[672, 681]",49,SOGEA
agrandir le passage de dalle des évacuations de goulottes des bains chaud et froid,['24-06-2015'],[78],[681],53,SOGEA
approvisionner sable pour calage des bondes de fond du bassin d’activités,['07-05-2014'],[55],[450],34,SOGEA
araser le seuil de la porte TGBT au niveau de la dalle intérieure,['07-10-2015'],[89],[789],41,SOGEA
"ascenseur plongée : gaine profondeur 1760mm, largeur dito plan architecte",['29-05-2013'],"[13, 15, 16, 22, 23, 24, 25, 26, 27]","[88, 102, 110, 155, 162, 169, 177, 184, 192]",25,SOGEA
assurer le calfeutrement coupe feu entre la zone vestiaires et la zone sanitaires/douches,['26-03-2014'],"[52, 54, 55]","[423, 441, 450]",27,SOGEA
"attention lors des interventions pour carottages : prendre toutes les mesures pour
que les carottes en dalle ne tombent pas directement au niveau inférieur (des carottes sont tom-
bées sur la CTA et des gaines lors de l’intervention du 27/01/14)",['29-01-2014'],[40],[298],42,SOGEA
"attention pour les douches extérieures, 1 fourreau par douche nécessaire",['22-01-2014'],"[39, 40, 41, 43, 44, 45, 46]","[289, 298, 307, 325, 334, 343, 352]",38,SOGEA
"attention à la pose de l’isolant FOAMGLAS sur le tipi de la fosse de plongée : des
vides importants entre panneau d’où création de pont thermique + tubes de garde corps de
chantier non coupé et incorporés à l’isolant. A reprendre avant surfaçage et collage étanchéité",['28-05-2014'],[56],[459],39,SOGEA
"attention à la pose de l’isolant FOAMGLAS sur le tipi de la fosse de plongée : des vides importants
entre panneau d’où création de pont thermique + tubes de garde corps de chantier non coupé et incorporés à
l’isolant. A reprendre avant surfaçage et collage étanchéité. 04/06/14 : reprise annoncée par l’entreprise",['28-05-2014'],[57],[468],37,SOGEA
"attention à la qualité des rendus béton (réapparition de ségrégation). Faire essai de reprise dans la
zone douche. 20/11/13 : validé",['13-11-2013'],[34],[246],34,SOGEA
"au droit du bassin ludique, réaliser double voile pour JD",['29-05-2013'],[13],[88],29,SOGEA
"au droit fosse de plongée, deux réservations à reprendre pour passage de gaines
(réservations dans charpente métallique",['18-06-2014'],[59],[486],32,SOGEA
bloc porte sauna blanc,['23-09-2015'],[92],[830],4,SOGEA
bruine LOTUS 10 couleur bleu,['18-06-2014'],"[87, 88, 89, 90, 91, 92]","[773, 783, 793, 803, 819, 830]",5,SOGEA
"calfeutrement CF à faire entre linteaux béton et châssis bois hall d’entrée sur hall bassins (linteaux bé-
ton ayant une flèche en sous face)",['03-06-2015'],"[76, 77, 78, 79, 80]","[663, 672, 681, 690, 699]",47,SOGEA
"chaque entreprise doit remettre en place les protections collectives chaque fois qu’elles sont dépo-
sées pour une intervention",['19-03-2014'],"[55, 56]","[450, 459]",8,SOGEA
"charpente métallique/verrière : produire un plan d’ossature de verrière pour étudier la reprise du porte
à faux par la charpente. 03/07/13 : vu en réunion de synthèse le 02/03/13 pour mise en place de 3 HEA400 dans
le sens de la largeur de la verrière sur lesquels celle-ci devra se poser : 1 à l’axe et les 2 autres au 2/3 de part et
d’autre. Un de ces HEA servant à stabiliser la charpente métallique",['19-06-2013'],"[25, 26]","[177, 184]",28,SOGEA
choix des teintes de la toile tendue 6 mois au plus tard avant la pose,['11-09-2013'],"[22, 23, 24, 25, 26, 27, 28, 29]","[158, 165, 172, 180, 187, 194, 201, 209]",5,SOGEA
"choix des teintes de la toile tendue 6 mois au plus tard avant la pose. 06/11/13 : choix pour 01/12/13
Matériaux de remblais du site",['11-09-2013'],"[33, 34]","[241, 248]",5,SOGEA
"choix teintes 1070 Blanc pour les plages, 7035 Gris clair pour les pédiluves",['04-06-2014'],[87],[773],4,SOGEA
clé porte sur façade sud à remettre à A&T,['21-05-2014'],"[55, 56, 57, 58]","[450, 459, 468, 477]",10,SOGEA
clés portes locaux techniques à remettre à MQB,['21-05-2014'],"[55, 56, 57, 58]","[450, 459, 468, 477]",10,SOGEA
"compléter le muret de la jardinière entre la passerelle et l’escalier d’accès au bassin ludique (retour sur
bassin)",['15-04-2015'],"[69, 71, 73, 75]","[572, 599, 626, 653]",38,SOGEA
compléter protections collectives fosse de plongée (plinthe + hauteur de lisse),['08-04-2015'],[67],[554],10,SOGEA
confirmer le RAL des menuiseries alu,['11-09-2013'],[27],[194],5,SOGEA
"confirmer le RAL des menuiseries alu
Matériaux de remblais du site",['11-09-2013'],"[22, 23, 24, 25, 26]","[158, 165, 172, 180, 187]",7,SOGEA
confirmer le débit rejeté sur le puisard en sous-sol,['27-03-2013'],"[3, 4, 5, 6]","[21, 27, 33, 39]",9,SOGEA
"confirmer résistance à l’écrasement du caniveau posé en pied de rampe accès
sous-sol",['17-06-2015'],[77],[672],51,SOGEA
"confirmer teint des poteaux bois intérieurs + clin dans murs rideaux
Matériaux de remblais du site",['30-10-2013'],[29],[209],6,SOGEA
confirmer teinte des poteaux bois intérieurs + clin dans murs rideaux,['30-10-2013'],[30],[216],5,SOGEA
contreventement horizontal de la charpente en bois,['06-03-2013'],"[1, 2, 3, 4, 5, 6, 7, 8, 9, 10, 11, 12, 13, 14, 15]","[10, 16, 21, 27, 33, 39, 46, 53, 60, 67, 74, 81, 88, 95, 102]",8,SOGEA
"cour anglaise de ventilation à araser à -0,02/0,00",['03-04-2013'],"[4, 5, 6]","[27, 33, 39]",27,SOGEA
couronne basse du moyen canon refusée. Gousset en partie basse non acceptable,['12-02-2014'],[43],[325],41,SOGEA
"couronne basse du moyen canon refusée. Gousset en partie basse non acceptable. 05/03/14 :
préciser le principe de reprise en fournissant un détail. Confirmer une date de reprise en inté-
grant le fait que la rivière est en cours de pose ou sera posé (protection à prévoir)",['12-02-2014'],[44],[334],40,SOGEA
"couronne basse du moyen canon refusée. Gousset en partie basse non acceptable. 05/03/14 : préci-
ser le principe de reprise en fournissant un détail. Confirmer une date de reprise en intégrant le fait que la rivière est
en cours de pose ou sera posé (protection à prévoir). 12/03/14 : intervention prévue le 24/03/14",['12-02-2014'],"[45, 46]","[343, 352]",38,SOGEA
"créer les engravures de 50x50 à chaque angle du bassin sportif et du bassin d’activités demandées
par MYRTHA",['25-09-2013'],"[29, 31, 32, 34, 35]","[207, 222, 230, 246, 254]",26,SOGEA
"dalle portée au droit de l’enrochement des plages extérieures AS=-0,20m",['27-03-2013'],"[3, 4, 5, 6]","[21, 27, 33, 39]",15,SOGEA
"dalle portée au droit de l’enrochement des plages extérieures AS=-0,20m. Comme exposé le
17/04/13, simplifier la structure semelles filantes / dalle portée par la réalisation de plots béton sous les poteaux",['27-03-2013'],[36],[262],6,SOGEA
"dalle portée au droit de l’enrochement des plages extérieures AS=-0,20m. Comme exposé le
17/04/13, simplifier la structure semelles filantes / dalle portée par la réalisation de plots béton sous les poteaux
métalliques de la rivière à bouées MYRTHA. Arase supérieure de plot béton à -0.13, dito niveau brut des plages in-
térieures",['27-03-2013'],"[8, 9, 11, 12, 13, 14, 15, 16, 17, 18, 19, 20, 21, 22, 23, 24, 25, 26, 27, 28, 29, 30, 31, 32, 33, 34, 35, 37, 38, 39, 40, 41, 42, 43, 44, 45]","[53, 60, 74, 81, 88, 95, 102, 110, 118, 126, 133, 141, 148, 155, 162, 169, 177, 184, 192, 199, 207, 214, 222, 230, 238, 246, 254, 270, 279, 289, 298, 307, 316, 325, 334, 343]",9,SOGEA
"date de limite pour terminer la terrasse technique (dalles sur plots et contre bardage, couvertines, …)
le 25/09/15. Ensuite MQB mettra en place ses gaines. 30/09/15 : non terminé",['16-09-2015'],"[88, 89]","[779, 789]",34,SOGEA
"diffuser plan de fondation et PH sous sol pour incorporation synthèse réseaux sous-
sol et établissement du plan de réservation",['20-03-2013'],[2],[16],9,SOGEA
"diffuser plan de socles sur terrasse technique
Charpente LC / Faux plafonds
- 24/04/13  prévoir une structure à souder en pied de charpente métallique des verrières
Réservations en phase réalisation",['30-10-2013'],[29],[206],20,SOGEA
diffuser plan réseaux enterrés à MONTARON pour le 20/09/13,['18-09-2013'],"[23, 24]","[161, 168]",16,SOGEA
diffuser plan siphon et réseaux plages extérieurs à MONTARON pour le 20/09/13,['18-09-2013'],"[23, 24, 25, 26, 27, 28, 29, 30, 31, 32, 33]","[161, 168, 176, 183, 191, 198, 206, 213, 221, 229, 237]",17,SOGEA
"diffuser plan siphon et réseaux plages extérieurs à MONTARON pour le 20/09/13
Contrôle réservations en sous sol du 18/12/13
- Déboucher toutes les réservations
- Locaux TE / TA :
. 2 ventilations de bac tampon fosse de plongée à carotter
. 3 pièces à sceller bac tampon plongée à carotter : plan précis à fournir par EAS
. manque 4 réservations en PH pour COEXIA : plan précis à fournir par COEXIA
. manque 1 réservation COEXIA en voile cour anglaise
. vérifier si robinet de puisage dans socle casiers piscine
. vérifier siphon + évacuation sanitaires entrée et sanitaires douches piscine : confirmer nature des réseaux à pas-
ser par COEXIA
- Galeries techniques :
. voile à proximité local technique ludique à vérifier
. manque 1 réservation SNEF à proximité du local technique ludique
. manque 1 réservation COEXIA en voile infrastructure à côté du bassin d’apprentissage
. manque 3 réservations COEXIA à côté des bacs tampon
. vérifier possibilité de descendre réseau EU plages sous poutres autour du bassin d’activités (AI poutre à – 0.58
sauf une poutre à – 0.63)
. prévoir un gabarit pour vérification réservation grille de soufflage au sol
Contrôle réservations en RDC du 22/01/14
- manque 1∅200 dans local stockage univers petite enfance
- manque 1 réservation 20x40ht au droit douches à jets
- reprendre alignement 3 réservations rectangulaires dans salle fitness
- vérifier 2 réservations dans sanitaires publics
- vérifier 1 réservation dans local entretien vestiaires
- manque 1 réservation 35x35 en dalle haute du TGBT
- valider VH local TGBT dans la porte du local
- réservation à déboucher dans local compresseur
- réservation à déboucher dans local déchetterie
- 2 réservations à déboucher dans local espaces verts
- manque 1 réservation + 1 réservation à reprendre dans local technique plongée
- 2 réservations à déboucher dans local musculation
- manque 3 réservations dans chaufferie
- vérifier alignement des réservations dans gradins
- vérifier alignement des réservations des trappes de lignes de nage
- fournir gabarit pour vérification des réservations pour grille de sol sur plages
- manque toutes les réservations pour siphons de sol et caniveaux de la zone vestiaires sanitaires plongée (plan
non fourni)",['18-09-2013'],"[43, 44, 45]","[323, 332, 341]",47,SOGEA
"diffuser plan siphon et réseaux plages extérieurs à MONTARON pour le 20/09/13
Contrôle réservations en sous sol du 18/12/13
- Locaux TE / TA :
. 3 pièces à sceller bac tampon plongée à carotter : plan précis à fournir par EAS
. vérifier si robinet de puisage dans socle casiers piscine
- Galeries techniques :
. voile à proximité local technique ludique à vérifier
. manque 1 réservation SNEF à proximité du local technique ludique
. prévoir un gabarit pour vérification réservation grille de soufflage au sol
Contrôle réservations en RDC du 22/01/14
- manque 1∅200 dans local stockage univers petite enfance
- manque 1 réservation 20x40ht au droit douches à jets
- reprendre alignement 3 réservations rectangulaires dans salle fitness
- vérifier 2 réservations dans sanitaires publics
- vérifier 1 réservation dans local entretien vestiaires
- manque 1 réservation 35x35 en dalle haute du TGBT
- valider VH local TGBT dans la porte du local
- réservation à déboucher dans local compresseur
- réservation à déboucher dans local déchetterie
- 2 réservations à déboucher dans local espaces verts
- manque 1 réservation + 1 réservation à reprendre dans local technique plongée
- 2 réservations à déboucher dans local musculation
- manque 3 réservations dans chaufferie
- vérifier alignement des réservations dans gradins
- vérifier alignement des réservations des trappes de lignes de nage
- fournir gabarit pour vérification des réservations pour grille de sol sur plages
- manque toutes les réservations pour siphons de sol et caniveaux de la zone vestiaires sanitaires plongée (plan
non fourni)
Contrôle réservations de serrurerie du 22/01/14
- repères 4 et 6 : piochage si nécessaire lors de la pose
- repères 5 et 18 : reprise
- repère 8, 11 et 20 : vérification avec trait de niveau
- repère 10 : calfeutrement mortier après pose si nécessaire
Contrôle bassins ludique et apprentissage du 22/01/14
- piochage si nécessaire lors de la pose des panneaux verticaux
Contrôle bassin sportif et rivière du 03/02/14
- piochage si nécessaire lors de la pose des panneaux verticaux du bassin sportif.19/03/14 : fait par A&T
- fond de goulotte bassin sportif à rehausser. 19/03/14 : compenser par pièces métalliques par A&T",['18-09-2013'],[46],[350],47,SOGEA
"diffuser plan siphon et réseaux plages extérieurs à MONTARON pour le 20/09/13
Contrôle réservations en sous sol du 18/12/13
- Locaux TE / TA :
. vérifier si robinet de puisage dans socle casiers piscine
- Galeries techniques :
. prévoir un gabarit pour vérification réservation grille de soufflage au sol
Contrôle réservations en RDC du 22/01/14
- valider VH local TGBT dans la porte du local
- vérifier alignement des réservations dans gradins
- vérifier alignement des réservations des trappes de lignes de nage
- manque toutes les réservations pour siphons de sol et caniveaux de la zone vestiaires sanitaires plongée (plan
non fourni)
Contrôle réservations de serrurerie du 22/01/14
- repères 4 et 6 : piochage si nécessaire lors de la pose
- repères 5 et 18 : reprise
- repère 8, 11 et 20 : vérification avec trait de niveau
- repère 10 : calfeutrement mortier après pose si nécessaire
Contrôle bassins ludique et apprentissage du 22/01/14
- piochage si nécessaire lors de la pose des panneaux verticaux
Contrôle bassin sportif et rivière du 03/02/14
- quais à prolonger du bassin sportif. 26/03/14 : trop large, à recouper
Contrôle réservations en R+1 du 19/02/14
- vérifier alignement réservations sur coursive
- 2 réservations 300x300 à déplacer en hauteur sur coursive bassin ludique (soufflage canons de lumière)
- vérifier alignement réservations au niveau terrasse technique zone plongée
Réception support par CRI du 12/03/14
- effectuer enduit sur maçonnerie recouverte de faïence
- fosse de plongée, reprendre désaffleur entre les deux levées de coulage des bajoyers. Reste à vérifier la dimen-
sion en plan (∅ constant à vérifier sur la hauteur)",['18-09-2013'],[47],[359],39,SOGEA
"diffuser plan siphon et réseaux plages extérieurs à MONTARON pour le 20/09/13
Contrôle réservations en sous sol du 18/12/13
- Locaux TE / TA :
. vérifier si robinet de puisage dans socle casiers piscine
Contrôle réservations en RDC du 22/01/14
- valider VH local TGBT dans la porte du local
- vérifier alignement des réservations dans gradins
- vérifier alignement des réservations des trappes de lignes de nage
- manque toutes les réservations pour siphons de sol et caniveaux de la zone vestiaires sanitaires plongée (plan
non fourni)
Contrôle réservations de serrurerie du 22/01/14
- repères 4 et 6 : piochage si nécessaire lors de la pose
- repères 5 et 18 : reprise
- repère 8, 11 et 20 : vérification avec trait de niveau
- repère 10 : calfeutrement mortier après pose si nécessaire
Contrôle bassin sportif et rivière du 03/02/14
- quais à prolonger du bassin sportif. 26/03/14 : trop large, à recouper
Contrôle réservations en R+1 du 19/02/14
- vérifier alignement réservations sur coursive
- 2 réservations 300x300 à déplacer en hauteur sur coursive bassin ludique (soufflage canons de lumière)
- vérifier alignement réservations au niveau terrasse technique zone plongée
Réception support par CRI du 12/03/14
- effectuer enduit sur maçonnerie recouverte de faïence
- fosse de plongée, reprendre désaffleur entre les deux levées de coulage des bajoyers. Reste à vérifier la dimen-
sion en plan (∅ constant à vérifier sur la hauteur)",['18-09-2013'],[48],[368],34,SOGEA
"diffuser plan siphon et réseaux plages extérieurs à MONTARON pour le 20/09/13
Réservations en phase réalisation",['18-09-2013'],"[34, 35, 36, 37, 38, 39, 40, 41, 42]","[245, 253, 261, 269, 278, 287, 296, 305, 314]",13,SOGEA
diffuser plan sorties bâtiment à MONTARON pour le 20/09/13,['18-09-2013'],"[23, 24, 25, 26, 27, 28, 29, 30, 31, 32, 33]","[161, 168, 176, 183, 191, 198, 206, 213, 221, 229, 237]",18,SOGEA
diffuser rapport de vérification des ouvrages béton,['18-03-2015'],[64],[530],7,SOGEA
déboucher réservations bains chaud et froid pour EAS. 22/04/15 : à finaliser,['15-04-2015'],"[69, 71, 73, 75, 76]","[572, 599, 626, 653, 663]",39,SOGEA
décaissé de sol ascenseur 30mm maxi,['10-07-2013'],"[20, 21]","[141, 148]",10,SOGEA
défaut aplomb voiles BA / menuiseries alu du sas d’entrée : faire proposition d’habillage alu,['14-05-2014'],"[56, 57, 58, 59]","[459, 468, 477, 486]",30,SOGEA
définir protections collectives après intervention carrelages autour des bassins,['08-04-2015'],[67],[554],16,SOGEA
"dégager la trémie du conduit de fumées (bac acier à couper) et recréer le relevé nécessaire (voir plan
architecte). 28/05/14 : URGENT ouvrir le bac acier pour le 06/06/14",['21-05-2014'],"[56, 57]","[459, 468]",32,SOGEA
"dégager réservation grilles de soufflage bain chaud depuis le sous-sol (largeur finie 350mm) Voir MQB
pour la pose de la grille",['06-05-2015'],[75],[653],50,SOGEA
délai d’intervention détaillé sur terrasse technique pour le 27/06/14,['25-06-2014'],"[60, 61]","[495, 504]",28,SOGEA
"déplacer câble d’alimentation électrique au droit hall bassin sportif pour permettre
solde étanchéité de plage",['18-06-2014'],[59],[486],33,SOGEA
"détail 43 à reprendre, incohérence des niveaux indiqués",['20-03-2013'],[3],[20],1,SOGEA
"développé de façade, prendre en compte le plan architecte marché n° 441 + les cotes figurant à la
DPGF du marché",['07-05-2013'],"[13, 14, 15, 16, 18]","[88, 95, 102, 110, 126]",22,SOGEA
faire calfeutrement autour des blocs portes quand vide supérieur à 5mm,['09-09-2015'],[86],[759],32,SOGEA
"faire calfeutrement autour des blocs portes quand vide supérieur à 5mm. 23/09/15 : calfeutre-
ment selon relevé contradictoire avec VICTOIRE de ce jour",['09-09-2015'],[87],[769],31,SOGEA
"faire calfeutrement autour des blocs portes quand vide supérieur à 5mm. 23/09/15 : calfeutrement se-
lon relevé contradictoire avec VICTOIRE de ce jour. 30/09/15 : en cours",['09-09-2015'],"[88, 89, 90]","[779, 789, 799]",29,SOGEA
faire détail sur bain chaud avec banquette de soufflage,['05-09-2013'],[21],[148],11,SOGEA
faire finition sol local produits,['02-12-2015'],"[98, 99]","[844, 853]",34,SOGEA
faire finition sur les massifs des poteaux LC extérieurs,['30-09-2015'],"[88, 89, 90, 92]","[779, 789, 799, 826]",37,SOGEA
faire finition sur les massifs des poteaux LC extérieurs. 02/12/15 : en cours,['30-09-2015'],[98],[844],25,SOGEA
faire implantation des siphons de sol avec CRI,['27-03-2013'],[3],[20],5,SOGEA
faire le tour des diverses menuiseries alu et ôter les cales,['25-11-2015'],"[98, 99]","[844, 853]",30,SOGEA
faire levé topo et définition des besoins réels pour le 25/09/13,['11-09-2013'],"[22, 23]","[158, 165]",14,SOGEA
"faire levé topo et définition des besoins réels pour le 25/09/13. 26/09/13 : en m3
remblais périphériques : 6400 pour 4000 marché",['11-09-2013'],[37],[273],10,SOGEA
faire nettoyage de la charpente et contrôle des diverses quincailleries et serrage,['29-01-2014'],"[40, 41, 43, 44]","[298, 307, 325, 334]",45,SOGEA
faire nettoyage des abords avec MONTARON,['11-03-2015'],"[63, 64, 65, 66, 67, 68]","[520, 528, 536, 545, 554, 563]",30,SOGEA
"faire point sur décaissé de dalle / épaisseur de chape
ASSISTANT MAITRISE D’OUVRAGE",['03-06-2015'],"[75, 76]","[652, 662]",10,SOGEA
"faire point sur décaissé de dalle / épaisseur de chape. 17/06/15 : + 3cm moyen dans hall
d’entrée et vestiaires public
ASSISTANT MAITRISE D’OUVRAGE",['03-06-2015'],[77],[671],7,SOGEA
"faire proposition à DEKRA d’insertion d’un isolant entre les 2 éléments de chaque épines métallique du
tipi",['02-12-2015'],[98],[844],36,SOGEA
"faire proposition à DEKRA d’insertion d’un isolant entre les 2 éléments de chaque épines métallique du
tipi. 16/12/15 : faire proposition isolation type VIPAC sur 0,50m de hauteur",['02-12-2015'],[99],[853],27,SOGEA
faire recharge fond bassin ludique au droit rabottage,['25-03-2015'],"[65, 66, 67, 68, 69, 71, 73, 75]","[536, 545, 554, 563, 572, 599, 626, 653]",33,SOGEA
"faire reprendre plans LUX ELEMENTS pour les douches courbes et les bains chaud et froid.
28/05/14 : vu ce jour, à diffuser avec les corrections signalées",['14-05-2014'],"[56, 57]","[459, 468]",29,SOGEA
faire reprise fosse de plongée selon constat établi avec CRI le 22/06/15,['24-06-2015'],[78],[681],54,SOGEA
faire reprise fosse de plongée selon constat établi avec CRI le 22/06/15. 08/07/15 : voir BET,['24-06-2015'],[80],[699],45,SOGEA
"faire reprise fosse de plongée selon constat établi avec CRI le 22/06/15. 08/07/15 : voir BET SOGEA
par rapport aux aciers mis à nu",['24-06-2015'],[81],[709],43,SOGEA
"faire saignée dans béton pédiluve extérieur est pour reprise fourreau d’alimentation
douche écrasé",['09-12-2015'],[98],[844],44,SOGEA
"faire saignée dans béton pédiluve extérieur est pour reprise fourreau d’alimentation douche écrasé.
16/12/15 : implantation par COEXIA",['09-12-2015'],[99],[853],33,SOGEA
faire sortie toiture au droit douches à jets remise en forme,['30-04-2014'],"[52, 54, 55]","[423, 441, 450]",35,SOGEA
faire synthèse des attentes demandés par SUEDE Sauna,['03-07-2013'],"[20, 21]","[141, 148]",9,SOGEA
faire trait de scie dans béton rampe accès sous-sol,['09-12-2015'],"[98, 99]","[844, 853]",43,SOGEA
"faire vérification altimétries des couronnes basses des charpentes métalliques des canons de lumière.
30/04/14 : vérification faite, conforme plan EXE",['02-04-2014'],[52],[423],29,SOGEA
"faire vérification mise en place de tous les closoirs + calfeutrement coupe feu sous bacs aciers de
couverture. 10/06/15 : à terminer rapidement avant intervention faux plafonds",['25-03-2015'],"[76, 77, 78]","[663, 672, 681]",27,SOGEA
"faire vérification mise en place de tous les closoirs + calfeutrement coupe feu sous bacs aciers de
couverture. 10/06/15 : à terminer rapidement avant intervention faux plafonds. 01/07/15 : diffuser plan de re-
pérage validé par DEKRA",['25-03-2015'],[79],[690],21,SOGEA
"faire vérification mise en place de tous les closoirs + calfeutrement coupe feu sous bacs aciers de
couverture. 10/06/15 : à terminer rapidement avant intervention faux plafonds. 01/07/15 : diffuser plan de repérage
validé par DEKRA. 08/07/15 : fait. Se conformer également à la fiche 73 de DEKRA",['25-03-2015'],"[80, 81, 82]","[699, 709, 719]",21,SOGEA
faire vérification serrage écrous charpente métallique,['24-06-2015'],[78],[681],49,SOGEA
faire étanchéité sur dalle béton sur entrée zone fosse,['10-06-2015'],"[76, 77, 78, 79, 80, 81, 82]","[663, 672, 681, 690, 699, 709, 719]",50,SOGEA
"fermer toutes les portes extérieures et remettre les barrières au droit des accès des sanitaires douches
vestiaires",['07-05-2014'],[54],[441],36,SOGEA
finaliser les sorties de bâtiments pour VRD,['17-04-2013'],"[22, 23, 24, 25, 26, 27, 28, 29, 30, 31, 32, 33, 34, 35, 36, 37, 38, 39, 40, 41, 42, 43, 44, 45, 46, 47]","[154, 161, 168, 176, 183, 191, 198, 206, 213, 221, 229, 237, 245, 253, 261, 269, 278, 287, 296, 305, 314, 323, 332, 341, 350, 359]",17,SOGEA
"finaliser remontée de la membrane sur béton au droit de l’accès aux locaux technique (local espaces
verts, production ECS, atelier)",['04-11-2015'],"[98, 99]","[844, 853]",29,SOGEA
finaliser études sur économie avec principe de bâche de lavage filtre. 26/06/13 : RAPPEL,['29-05-2013'],"[20, 21]","[141, 148]",3,SOGEA
"foamglas confirmé en 120mm sur toiture, 60mm en débord sauf entre file 1 à 9 sur terrasse haute cô-
té sud (120mm), 100mm sur les canons",['18-12-2013'],"[39, 40, 41, 42, 43, 44, 45]","[289, 298, 307, 316, 325, 334, 343]",31,SOGEA
fournir compte rendu de relevés des socles,['18-03-2015'],[64],[530],9,SOGEA
"fournir un détail de raccordement avec le textile ajouré. 19/06/13 : faire le détail sur la jonction mem-
brane/ossature/isolation thermique. 03/07/13 : vue ne réunion de synthèse le 02/07/13, contre bardage intérieur
isolé nécessaire sur hauteur du R+2 et couvertine à la jonction membrane/textile ajouré et pipeco autour de chaque
épine",['13-06-2013'],"[20, 21]","[141, 148]",7,SOGEA
fournir échantillon de charpente et plafonds de revers teinté chêne clair,['13-06-2013'],"[22, 23, 24, 25, 26, 27, 28]","[158, 165, 172, 180, 187, 194, 201]",4,SOGEA
"fournir échantillon de charpente et plafonds de revers teinté chêne clair
DOCUMENTS REMIS EN REUNION
De CRI à DR
- plan 1E, carnet de détails",['13-06-2013'],[15],[104],6,SOGEA
"fournir échantillon de charpente et plafonds de revers teinté chêne clair
DOCUMENTS REMIS EN REUNION
VALIDATION PLANS
AVANCEMENT – PLANIFICATION
Chantier arrêté et fermé du vendredi 02 août 2013 au soir jusqu’au lundi 26 août 2013 au matin
Intempéries :
1 jour
1 jour (le 03/07/13 : pluie),
Effectif :",['13-06-2013'],[20],[144],11,SOGEA
"fournir échantillon de charpente et plafonds de revers teinté chêne clair
DOCUMENTS REMIS EN REUNION
VALIDATION PLANS
AVANCEMENT – PLANIFICATION
Intempéries :
1 jour
1 jour (le 03/07/13 : pluie),
Effectif :",['13-06-2013'],[21],[151],10,SOGEA
"fournir échantillon de charpente et plafonds de revers teinté chêne clair
DOCUMENTS REMIS EN REUNION
VALIDATION PLANS
Voir tableau SOGEA en annexe au présent CR
AVANCEMENT – PLANIFICATION
Chantier arrêté et fermé du vendredi 02 août 2013 au soir jusqu’au lundi 26 août 2013 au matin
Intempéries :
1 jour
1 jour (le 03/07/13 : pluie),
Effectif :",['13-06-2013'],"[17, 18, 19]","[121, 129, 136]",12,SOGEA
fuite sur verrière rivière et bassin ludique,['24-06-2015'],[78],[681],48,SOGEA
gratter le sol du R+1 pour permettre pose plancher chauffant,['25-06-2014'],"[60, 61, 62, 63, 64, 65, 66]","[495, 504, 512, 520, 528, 536, 545]",33,SOGEA
"isolation sous-dalle, à réaliser toute la zone sur VS et terre plein de la remise en forme et entrée admi-
nistration + local compresseur. Mettre à jour plan de repérage pour soumettre à DEKRA",['03-04-2013'],"[5, 6, 8, 9]","[33, 39, 53, 60]",21,SOGEA
joint de maçonnerie à reprendre sur maçonnerie refaite dans vestiaires collectif,['25-06-2014'],"[60, 61, 62, 63, 64, 65]","[495, 504, 512, 520, 528, 536]",31,SOGEA
la porte d’accès à la zone plongée sera axée (dito plan RDC architecte indice D),['12-02-2014'],"[43, 44]","[325, 334]",44,SOGEA
lamelle ajoutée en sous face de bandeau refusée. Aligner le plafond de revers sur l’AI du bandeau,['26-02-2014'],[46],[352],38,SOGEA
"le bandeau LC filant s’arrête à 2cm de la membrane PVC du tipi avec un retour sur la largeur de la toi-
ture en porte à faux. La membrane est filante sur toute la hauteur du tipi",['05-06-2013'],"[25, 26, 27, 28, 29, 30, 31, 32, 33, 34, 35, 39, 40, 41, 42, 43, 44, 45]","[177, 184, 192, 199, 207, 214, 222, 230, 238, 246, 254, 289, 298, 307, 316, 325, 334, 343]",21,SOGEA
"le démarrage de la couverture du grand canon commencera, au plus tard, le 12/05/14. (après finalisa-
tion de la pose des murs de soutènements et de la pose de l’assainissement) délai de cette prestation 5 semaines
Les couvertures, hors grand canon seront terminées le 18/04/14",['16-04-2014'],[54],[441],29,SOGEA
"le planning TCE a été diffusé pour analyse à toutes les entreprises avec retour pour le 04/10/13. Réu-
nion de signature du planning le 16/10/13 à 14h00 : toutes les entreprises sont convoquées. 18/12/13 : non
présents, non signés et convoqués le 08/01/14 : SAM+, SUEDE SAUNA",['25-09-2013'],[36],[265],30,SOGEA
"le trait de niveau a été matérialisé sur le chantier en divers endroits A LA CRAIE BLANCHE, seul repé-
rage valable. AUCUN AUTRE MARQUAGE NE DOIT ETRE EFFECTUE SUR LES BETONS. 19/03/14 : RAPPEL. Le
cas échéant, un enduit global sur béton sera à réaliser aux frais des responsables ou du compte prorata",['29-01-2014'],"[55, 56, 57, 58, 67]","[450, 459, 468, 477, 554]",6,SOGEA
les EP façade sud passeront derrière les poteaux BA,['25-09-2013'],"[32, 34, 39, 40, 41, 42, 43, 44, 45, 46, 47, 49, 51]","[230, 246, 289, 298, 307, 316, 325, 334, 343, 352, 360, 378, 409]",29,SOGEA
"les bacs tampon sont confirmés carrelés, l’imperméabilisation est supprimée du marché",['22-04-2015'],"[71, 75]","[599, 653]",43,SOGEA
les ferrures de charpente seront galva,['06-03-2013'],"[14, 15, 16, 17, 18, 19, 20, 21, 22, 23, 24, 25, 26, 27, 28, 29, 30, 31, 32, 33, 34, 35]","[97, 104, 112, 121, 129, 136, 144, 151, 158, 165, 172, 180, 187, 194, 201, 209, 216, 224, 232, 241, 248, 257]",3,SOGEA
"les poteaux bois seront posés sur massifs béton dito plans architecte à +11,5cm à l’extérieur, au ni-
veau des différents quais d’appui à l’intérieur et à +11,5cm pour celui situé entre la pataugeoire et le bassin ludique",['24-07-2013'],"[27, 28, 29, 30, 31, 32, 34]","[192, 199, 207, 214, 222, 230, 246]",30,SOGEA
les pédiluves extérieurs seront étanchés carrelés par CRI,['16-09-2015'],[86],[759],40,SOGEA
les trous de banches seront rebouchés en creux,['10-07-2013'],[27],[192],27,SOGEA
les véhicules de société doivent être stationnés sur le parking et non aux abords du bâtiment,['01-04-2015'],[67],[554],7,SOGEA
"local compresseur considéré comme local à risque moyen CF1h. A vérifier dans no-
tice de sécurité",['24-04-2013'],[7],[46],3,SOGEA
main courante à retourner sur poteau,['18-03-2015'],[64],[530],9,SOGEA
manque 4 réservations en PH sous-sol pour siphon de sol dans sanitaires/douches indivi-,['26-03-2014'],"[49, 51]","[388, 406]",35,SOGEA
manque banc bassin d’activités + banc hammam,['12-03-2014'],[46],[352],41,SOGEA
manque carottage pour évacuations pédiluve remise en forme,['09-09-2015'],"[86, 87]","[759, 769]",28,SOGEA
"manque deux réservations dans voile file 10 (sans recherche de responsabilité) de 2000x1000mm +
∅250mm. Utilisation de deux réservations 1000x1000mm de part et d’autre dudit voile pour dédoubler la gaine ini-
tiale. Un carottage est à prévoir pour le ∅250mm manquant",['16-10-2013'],"[31, 33, 34, 35, 36, 37, 38, 39, 40, 41, 42]","[221, 237, 245, 253, 261, 269, 278, 287, 296, 305, 314]",22,SOGEA
manque socle autour canalisations dans infirmerie (+ 8/9cm),['22-07-2015'],"[81, 82, 83]","[709, 719, 729]",46,SOGEA
"manque sortie toiture pour hammam (costière fournie par MQB) : Doit contacter MQB pour son im-
plantation",['06-05-2015'],[75],[653],48,SOGEA
"manque sortie toiture pour hammam (costière fournie par MQB) : Doit contacter MQB pour son im-
plantation. 10/06/15 : MQB fournira la costière. 16/12/15 : au plus tard pour le 04/01/16",['06-05-2015'],[99],[853],10,SOGEA
manque surbots dans vestiaires zone fosse de plongée,['16-12-2015'],[99],[853],33,SOGEA
manque évacuations douches et pédiluves extérieurs,['10-06-2015'],[76],[663],50,SOGEA
"maçonnerie massage, hammam, saunas et local technique à 2,70 mini",['09-10-2013'],[34],[246],33,SOGEA
"membrane du tipi à poser verticalement (soudure verticale), par lé trapézoïdal. Faire plan de calepinage
sur la base d’un développé. 18/09/13 : suite à la visite de ce jour de la piscine de Laon, réaliser un prototype pour
validation de l’équivalent d’une trame",['19-06-2013'],"[25, 26, 27, 28]","[177, 184, 192, 199]",24,SOGEA
"membrane du tipi à poser verticalement (soudure verticale), par lé trapézoïdal. Faire plan de calepinage
sur la base d’un développé. 18/09/13 : suite à la visite de ce jour de la piscine de Laon, réaliser un prototype pour
validation de l’équivalent d’une trame. 30/10/13 : prototype prêt à partir du 13/11/13",['19-06-2013'],"[29, 30]","[207, 214]",19,SOGEA
"mettre en place cadenas à codes sur les coffrets électriques de chantier. Commu-
niquer les codes à SNEF uniquement",['24-06-2015'],[78],[681],47,SOGEA
mettre en place cadenas à codes sur les coffrets électriques de chantier. Communiquer les codes à,['24-06-2015'],[79],[690],45,SOGEA
"mettre un accès au caniveau technique en galeries techniques
- Prévoir platelage ponctuel amovible en périphérie du bassin d’apprentissage, à déplacer à
l’avancement + remettre barrière HERAS sur plots sur plages après carrelage + mettre échafau-
dage dans bassins sportif et d’activité pour empêcher chute dans le bassin à déplacer à
l’avancement. Mettre PPSPS à jour",['08-04-2015'],[67],[554],15,SOGEA
mettre une série de plan architecte dernier indice à disposition dans la salle de réunion,['26-02-2014'],[45],[343],43,SOGEA
mettre à jour plan architecte à diffuser et afficher sur chantier,['10-07-2013'],[20],[141],11,SOGEA
"mettre à jour plan de ventilation de la terrasse technique de la zone plongée en po-
sitionnant les grilles de reprise pour création de chevêtres métalliques
Charpente LC / Faux plafonds
- 24/04/13  prévoir une structure à souder en pied de charpente métallique des verrières
Réservations en phase réalisation",['23-10-2013'],[28],[198],21,SOGEA
mettre à la cote les regards dans l’emprise des solariums extérieurs,['16-09-2015'],[86],[759],39,SOGEA
modification mur rideau façade sud au droit enrochement : panneau pleins sous enrochement,['08-01-2014'],"[39, 40, 41, 42]","[289, 298, 307, 316]",32,SOGEA
"même si pas d’intervention immédiate dans la fosse de plongée, la DIRECCTE demande la mise en
place de garde corps fixe sur palier à -6,00m contre chute à -10,00m",['22-04-2015'],"[71, 73]","[599, 626]",43,SOGEA
nettoyage sous-sol le 13/04/15,['08-04-2015'],[67],[554],16,SOGEA
nettoyer et désinfecter les gaines maçonnées de ventilation avant mise en service,['09-12-2015'],"[98, 99]","[844, 853]",40,SOGEA
"nettoyer galeries techniques (gravats issus de carottages + carottes, …)",['09-12-2015'],[98],[844],39,SOGEA
"nettoyer galeries techniques (gravats issus de carottages + carottes, …). 16/12/15 : semaine 52",['09-12-2015'],[99],[853],28,SOGEA
"nettoyer les coulures de bitume en divers endroits principalement au droit accès lo-
cal espaces verts / panneaux solaires",['28-05-2014'],[56],[459],40,SOGEA
"nettoyer les coulures de bitume en divers endroits principalement au droit accès local espaces verts /
panneaux solaires. 04/06/14 : nettoyage en fin d’intervention couverture étanchéité",['28-05-2014'],"[57, 58, 59]","[468, 477, 486]",39,SOGEA
"nécessité de créer 2 appuis : ajout de 2 poutres, à dimensionner en béton et en
acier, à proposer à DR
INSTALLATION DE CHANTIER
- Plan d'installation de chantier à mettre à jour",['06-03-2013'],[1],[10],7,SOGEA
"nécessité de créer 2 appuis : ajout de 2 poutres, à dimensionner en béton et en acier, à proposer à",['06-03-2013'],"[2, 3, 4, 5, 6, 7, 8, 9, 10, 11, 12, 13, 14, 15, 16, 17, 18, 19, 20, 21]","[15, 20, 26, 32, 38, 45, 52, 59, 66, 73, 80, 87, 94, 101, 109, 117, 125, 132, 140, 147]",4,SOGEA
passer les cuivres de désenfumage en plafonds,['25-02-2015'],"[62, 63, 64, 65, 66, 67]","[512, 520, 528, 536, 545, 554]",31,SOGEA
pb pour poser bâti support WC homme individuel,['27-03-2013'],[3],[20],6,SOGEA
piocher bèche béton pour permettre réalisation béton acidé,['26-08-2015'],"[83, 84, 85]","[729, 739, 749]",36,SOGEA
"piocher bèche béton pour permettre réalisation béton acidé. 16/09/15 : impossibilité technique,
faire finition au niveau du béton acidé",['26-08-2015'],[86],[759],26,SOGEA
piocher seuil de porte entre remise en forme et salle fitness + baie salle cardio,['10-06-2015'],"[76, 77, 78, 79, 80, 81]","[663, 672, 681, 690, 699, 709]",49,SOGEA
"plan GO PH sous sol diffusé vers le 15/05/13
Charpente métallique",['24-04-2013'],"[7, 8, 9, 10]","[45, 52, 59, 66]",9,SOGEA
plan GO fondation basse diffusé le 26/04/13,['24-04-2013'],[7],[45],7,SOGEA
"plan base vie compagnons validé par DRD ce jour, à diffuser au CSPS",['18-02-2015'],"[61, 62]","[503, 511]",2,SOGEA
"plan des traverses intermédiaires dans mur rideau au droit de l’enrochement remis
ce jour par DRD",['29-01-2014'],[40],[298],46,SOGEA
"plans architectes en cours de mise à jour pour mise en conformité avec accessibili-
té
Carrelages",['11-09-2013'],[22],[154],6,SOGEA
"plans architectes en cours de mise à jour pour mise en conformité avec accessibilité
Descentes EP",['11-09-2013'],"[23, 24, 25]","[161, 168, 176]",5,SOGEA
poser les costières pour permettre à MQB de réaliser les sorties toiture,['07-05-2014'],"[54, 55]","[441, 450]",37,SOGEA
poser les plots des DEP façade sud après réalisation des solarium en béton acidé,['26-08-2015'],"[83, 84, 85, 86, 87, 88, 89]","[729, 739, 749, 759, 769, 779, 789]",36,SOGEA
"poser les projecteurs de la fosse de plongée avant pose carneau de fumées, après
accès difficile",['28-05-2014'],[56],[462],2,SOGEA
"poser « à blanc » pour le 12/03/14 le bandeau sur l’entrée. 12/03/14 : reporté au 19/03/14.
19/03/14 : pose affleurante à l’édicule béton en corrigeant la coupe d’onglet",['26-02-2014'],[46],[352],40,SOGEA
poteau au droit du pédiluve principal (sortie des vestiaires) à prévoir toute hauteur,['30-04-2013'],"[13, 14, 15, 16, 17, 18, 19, 21, 22, 23, 24, 25, 26, 27, 28, 29, 30, 31, 32, 33, 34, 35]","[88, 95, 102, 110, 118, 126, 133, 148, 155, 162, 169, 177, 184, 192, 199, 207, 214, 222, 230, 238, 246, 254]",17,SOGEA
"pour pose vitrages manquants, pas de circulation de nacelle ou autre engin sur les solariums en béton
acidé. Si nécessaire remise en état des bétons acidés et des modelages de terre à charge financière de SOGEA",['25-11-2015'],"[98, 99]","[844, 853]",32,SOGEA
poutre 59 supprimée,['27-03-2013'],"[3, 4, 5]","[21, 27, 33]",11,SOGEA
prendre en compte la réservation du bloc porte sous-sol escalier file 15 : 1030x2100ht,['07-05-2013'],"[13, 14, 15, 16, 17, 18]","[88, 95, 102, 110, 118, 126]",20,SOGEA
"problème canalisations plancher chauffant affleurant à la chape dans vestiaires indi-
viduels. Réunion le 11/06/14 à 11h00",['04-06-2014'],[57],[468],41,SOGEA
"problème de cotes des châssis de la remise en forme (pb non présent sauf 2 unités
le 29/01/14)",['12-02-2014'],[41],[307],42,SOGEA
"problème de décalage entre les châssis vestiaires et l’isolation (largeur de tapée ?). 02/04/14 : faire un
essai de reprise de finition. 09/04/14 : essai validé, à réaliser en blanc RAL9010. 10/06/15 : URGENT",['26-03-2014'],"[76, 77, 78, 79, 80, 81]","[663, 672, 681, 690, 699, 709]",11,SOGEA
problème de plats débordants des épines verticales dans l’emprise du canon de lumière de la rivière,['02-04-2014'],[54],[441],26,SOGEA
"problème de plats débordants des épines verticales dans l’emprise du canon de lumière de la rivière
-16/04/14 : le démarrage de la couverture du grand canon commencera, au plus tard, le 12/05/14. (après finalisa-
tion de la pose des murs de soutènements et de la pose de l’assainissement) délai de cette prestation 5 semaines
Les couvertures, hors grand canon seront terminées le 18/04/14",['02-04-2014'],[52],[423],33,SOGEA
problème d’arase supérieur relevé sur coursive et plage fosse plongée. 28/05/14 : à voir par DRD,['07-05-2014'],[56],[459],27,SOGEA
"problème d’infiltration d’eau dans le bâtiment : calfeutrement, raccordement des DEP, …. La réalisa-
tion du plancher chauffant ne peut pas être effectuée",['07-05-2014'],"[54, 55]","[441, 450]",34,SOGEA
profil d’angle de carrelages blanc pour carrelage blanc et gris pour carrelage bleu,['30-04-2014'],[87],[773],3,SOGEA
protéger les menuiseries alu posées,['12-02-2013'],"[43, 44, 45, 46, 49, 51, 52, 53, 54, 55, 56, 57, 58, 59, 60, 61, 62, 63, 64, 65, 66, 67, 68, 69, 70, 71, 72, 73, 74, 75]","[325, 334, 343, 352, 378, 409, 423, 432, 441, 450, 459, 468, 477, 486, 495, 504, 512, 520, 528, 536, 545, 554, 563, 572, 584, 599, 611, 626, 638, 653]",40,SOGEA
"préparer les dossiers de demandes d’agrément de sous-traitants : original au MOA, copie par mail à",['30-08-2012'],"[4, 5, 6, 7, 9, 10]","[26, 32, 38, 45, 59, 66]",4,SOGEA
préparer plots béton pour support enrochement extérieur (40 unités de 40x40x20),['30-04-2014'],[52],[423],35,SOGEA
"préparer plots béton pour support enrochement extérieur (40 unités de 40x40x20). 14/05/14 : vu
ce jour pour fourniture de parpaings pleins",['30-04-2014'],[54],[441],32,SOGEA
"prévoir de recouper longueur des éléments LUX ELEMENT des bains chaud et froid pour intégrer la
pièce céramique formant goulotte",['06-05-2015'],[75],[653],53,SOGEA
"prévoir de recouper longueur des éléments LUX ELEMENT des bains chaud et froid pour intégrer la
pièce céramique formant goulotte. 10/06/15 : recouper de 223mm",['06-05-2015'],[76],[663],42,SOGEA
"prévoir finition zone fosse de plongée (trou de banche, reprise de coulage, …)",['25-11-2015'],[98],[844],33,SOGEA
"prévoir finition zone fosse de plongée (trou de banche, reprise de coulage, …). 16/12/15 : défini-
tion des reprises le 06/01/16",['25-11-2015'],[99],[853],24,SOGEA
prévoir réseaux EU/EP avant réalisation rampe accès,['17-04-2013'],"[22, 23, 24, 25, 26, 27, 28, 29, 30, 31, 32, 33, 34, 35, 36, 37, 38, 39, 40, 41, 42, 43, 44, 45, 46, 47, 48, 49, 49, 51, 52, 53, 54, 55, 56]","[154, 161, 168, 176, 183, 191, 198, 206, 213, 221, 229, 237, 245, 253, 261, 269, 278, 287, 296, 305, 314, 323, 332, 341, 350, 359, 368, 377, 388, 406, 422, 431, 440, 449, 458]",11,SOGEA
prévoir réservation 150x150 au droit des siphons de sol et évacuation de caniveau,['30-04-2013'],"[13, 14, 15, 16, 17, 18, 19]","[88, 95, 102, 110, 118, 126, 133]",18,SOGEA
prévoir un PVC∅100 en fond de trémie IS galerie technique,['03-04-2013'],"[4, 5, 6, 9, 13, 14, 15, 16, 17, 18, 19, 20, 21, 22, 23, 24, 25, 26, 27, 28, 29, 30, 31, 32, 33, 34, 35, 37, 38, 39, 40, 41, 42, 43, 44, 45, 46, 47, 48, 49, 51]","[27, 33, 39, 60, 88, 95, 102, 110, 118, 126, 133, 141, 148, 155, 162, 169, 177, 184, 192, 199, 207, 214, 222, 230, 238, 246, 254, 270, 279, 289, 298, 307, 316, 325, 334, 343, 352, 360, 369, 378, 409]",25,SOGEA
prévoir un chéneau avec DEP pour évacuation de la verrière de la fosse de plongée,['24-04-2013'],"[13, 14, 15, 16, 17, 18, 19, 21, 22, 23, 24, 25, 26, 27, 28, 29, 30, 31, 32, 33, 34, 35, 37, 38, 39, 40, 41, 42, 43, 44, 45, 46, 47, 48, 49, 51, 52, 53, 54, 55, 56, 57, 58, 59, 60, 61, 62, 63, 64, 65]","[88, 95, 102, 110, 118, 126, 133, 148, 155, 162, 169, 177, 184, 192, 199, 207, 214, 222, 230, 238, 246, 254, 270, 279, 289, 298, 307, 316, 325, 334, 343, 352, 360, 369, 378, 409, 423, 432, 441, 450, 459, 468, 477, 486, 495, 504, 512, 520, 528, 536]",16,SOGEA
prévoir un plan de calepinage du plafonds de revers,['17-07-2013'],"[27, 28, 29, 30, 31, 32, 33, 34, 35, 39, 40]","[192, 199, 207, 214, 222, 230, 238, 246, 254, 289, 298]",28,SOGEA
prévoir une barre de préhension de chaque côté des portes accessibles au PMR,['04-06-2014'],[64],[530],6,SOGEA
prévoir vidange du carneau de ventilation en sous-sol,['12-02-2014'],"[43, 44, 45]","[325, 334, 343]",43,SOGEA
"prévoir vidange du carneau de ventilation en sous-sol. 19/03/14 : vidanger gaines maçonnées
+ décaissé pour gaines en galerie technique du bassin d’activité",['12-02-2014'],[46],[352],31,SOGEA
"pédiluve sortie groupe, dalle à tronçonner de 5cm",['07-05-2014'],[55],[450],31,SOGEA
"pédiluve sortie groupe, dalle à tronçonner de 5cm + manque les 2 murets",['07-05-2014'],[54],[441],37,SOGEA
"pénétration rivière dans les menuiseries alu, axe aller = + 2.74, axe retour = + 1.90 hors tout",['25-09-2013'],"[29, 31, 32, 34, 35, 39, 40, 41, 42, 43]","[207, 222, 230, 246, 254, 289, 298, 307, 316, 325]",26,SOGEA
"quantité disponible à l’origine 21 343m3, dont environ 4 000m3 ont été utilisés pour le fond de forme
du parking. Reste environ 17 300m3 théorique, 15 000m3 selon le relevé géomètre missionné par SOGEA début",['11-09-2013'],[42],[319],6,SOGEA
quelques fissures à traiter dans l’enrochement,['18-02-2015'],[73],[628],2,SOGEA
"quid des défauts d’alignements mur rideau/longrine béton ? Attention à l’appui pour assurer
l’étanchéité",['26-02-2014'],[46],[352],37,SOGEA
raccorder les DEP façade nord. URGENT,['16-09-2015'],[86],[759],43,SOGEA
raccorder les DEP façade nord. URGENT. 23/09/15 : URGENT A REALISER SANS DELAI,['16-09-2015'],"[87, 88, 89]","[769, 779, 789]",39,SOGEA
"raccorder les DEP façade nord. URGENT. 23/09/15 : URGENT A REALISER SANS DELAI.
14/10/15 : annoncé terminé pour le 16/10/15",['16-09-2015'],[90],[799],37,SOGEA
reboucher les réservations créées inutilement sur le bandeau de rive LC façade nord,['12-02-2014'],"[43, 44, 45]","[325, 334, 343]",42,SOGEA
recaler planning selon les dates de mise hors d’eau hors d’air,['18-12-2013'],[36],[266],1,SOGEA
recouper socle BA limon passerelle rivière + finition à faire sur tous les socles BA,['25-06-2014'],"[60, 61, 62, 63, 64]","[495, 504, 512, 520, 528]",33,SOGEA
"recréer un regard manquant dans chaufferie par carottage et fixation d’un regard en
sous-face de dalle",['11-06-2014'],[58],[477],31,SOGEA
rediffuser plan sortie toiture,['28-05-2014'],[56],[462],1,SOGEA
refaire carottages pour refoulement bain chaud dans l’axe du fond du bassin,['24-06-2015'],"[78, 80]","[681, 699]",52,SOGEA
refaire cimentage maçonnerie intérieure hammam,['09-09-2015'],"[86, 87, 88, 89, 90, 91, 92, 98]","[759, 769, 779, 789, 799, 811, 826, 844]",29,SOGEA
rehausser muret bain chaud pour créer plénum de soufflage contre vitrage de façade,['06-05-2015'],"[75, 76, 77, 78, 79, 80, 81, 82, 83, 84]","[653, 663, 672, 681, 690, 699, 709, 719, 729, 739]",51,SOGEA
"remblais périphériques du bâtiment avec les matériaux du site. S’il manque des ma-
tériaux sur la globalité, les apports seront pour les prochains ouvrages
AVANCEMENT – PLANIFICATION
Intempéries :
1 jour
1 jour (le 03/07/13 : pluie),
Effectif :",['11-09-2013'],[22],[158],22,SOGEA
"remblais périphériques du bâtiment avec les matériaux du site. S’il manque des matériaux sur la glo-
balité, les apports seront pour les prochains ouvrages
AVANCEMENT – PLANIFICATION
Intempéries :
2 jours
1 jour (le 03/07/13 : pluie), 1 jour (le 18/09/13 : pluie)
Effectif :",['11-09-2013'],[23],[165],21,SOGEA
"remblais périphériques du bâtiment avec les matériaux du site. S’il manque des matériaux sur la glo-
balité, les apports seront pour les prochains ouvrages
TCE
AVANCEMENT – PLANIFICATION",['11-09-2013'],[24],[172],26,SOGEA
remettre barrières 1mht autour bassins,['18-03-2015'],"[64, 65, 66]","[528, 536, 545]",35,SOGEA
remettre en place benne,['18-03-2015'],[64],[528],34,SOGEA
"remettre en place nettoyage base vie et tous les consommables nécessaires à
l’hygiène",['18-03-2015'],[64],[528],33,SOGEA
remettre en état les sanitaires douches de la base vie compagnons,['16-09-2015'],"[86, 87]","[759, 769]",38,SOGEA
remettre un accès aux galeries techniques,['23-09-2015'],"[87, 88]","[769, 779]",41,SOGEA
remettre un accès aux galeries techniques. 07/10/15 : URGENT,['23-09-2015'],"[89, 90]","[789, 799]",39,SOGEA
rendez-vous avec DEKRA pour relecture RICT le 15/05/13 à 10h30 chez DEKRA,['24-04-2013'],[7],[46],4,SOGEA
reprendre alignement du bandeau sur façade ouest (décalage à la jonction de 2 éléments),['19-03-2014'],"[52, 54, 55]","[423, 441, 450]",24,SOGEA
"reprendre les quais du bassin sportif URGENT. 28/10/15 : définition avec CRI revu ce jour.
Bassins sportif et d’activité pour le 30/10/15",['21-10-2015'],[92],[826],35,SOGEA
"reprendre les socles des limons de passerelles. Vérifier la présence réelle de ferraillage dans ces mas-
sifs",['15-04-2015'],"[69, 71, 73, 75, 76, 77, 78, 79, 80, 81, 82]","[572, 599, 626, 653, 663, 672, 681, 690, 699, 709, 719]",36,SOGEA
"reprendre limons béton passerelle bassin ludique dans alignement des limons métalliques.
16/12/15 : au plus tard du 04/01/16 au 08/01/16",['23-09-2015'],[99],[853],15,SOGEA
"reprendre pose des couvertines de la zone tipi (pose refusée en l’état pour cause esthétique et étan-
chéité)",['02-12-2015'],[98],[844],38,SOGEA
reprendre pose membrane sur canons + 2 soudures en section courante sur tipi,['11-06-2014'],"[58, 59]","[477, 486]",26,SOGEA
"reprendre pose membrane sur canons + 2 soudures en section courante sur tipi. 25/06/14 : pro-
grammé le 26/06/14",['11-06-2014'],"[60, 61, 62, 63]","[495, 504, 512, 520]",22,SOGEA
reprendre réservations siphons de sol vestiaires,['10-06-2015'],"[76, 77, 78]","[663, 672, 681]",48,SOGEA
reprendre réservations siphons de sol vestiaires. 01/07/15 : URGENT,['10-06-2015'],[79],[690],39,SOGEA
"reprendre réservations siphons de sol vestiaires. 01/07/15 : URGENT. 08/07/15 : reprendre en
urgence dans les zones en prédalles et faire valider par BET SOGEA en urgence les zones en
dalles alvéolaires",['10-06-2015'],[80],[699],38,SOGEA
"reprendre réservations siphons de sol vestiaires. 01/07/15 : URGENT. 08/07/15 : reprendre en ur-
gence dans les zones en prédalles et faire valider par BET SOGEA en urgence les zones en dalles alvéolaires.
22/07/15 : dans circulation vestiaires collectifs et dans vestiaires individuels, carottage jusqu’au ras de la costière
maxi. 26/08/15 : fournir coudes PVC à CRI pour modification évacuation au droit des réservations
impossibles à reprendre structurellement",['10-06-2015'],[83],[729],31,SOGEA
"reprendre réservations trappes de ligne de nage URGENT. 14/05/14 : 3 réservations à piocher légè-
rement, 2 à trop large, et reste à vérifier l’implantation à l’axe entre 2 lignes d’eau. 21/05/14 : vérification avec",['07-05-2014'],[55],[450],35,SOGEA
"reprise béton, poncer les coutures de banches + reprise toute surface d’un voile si",['12-02-2014'],[41],[307],42,SOGEA
"reprise béton, poncer les coutures de banches + reprise toute surface d’un voile si trop de petites re-
prises de bullage ou arrachement ou ségrégation sur un voile",['12-02-2014'],"[43, 44, 45, 46]","[325, 334, 343, 352]",39,SOGEA
reprise des fonds de bassins à définir avec A&T et DRD,['18-03-2015'],"[64, 65, 66, 67, 68, 69, 71, 72, 73, 75, 76, 77, 78, 79, 80, 81, 82, 83, 84]","[528, 536, 545, 554, 563, 572, 599, 611, 626, 653, 663, 672, 681, 690, 699, 709, 719, 729, 739]",35,SOGEA
"reprise des fonds de bassins à définir avec A&T et DRD. 09/09/15 : les fonds doivent être lisse sans
trous ni bosses. Pas de ponçage ni balayage. A finaliser pour le 05/10/15. 07/10/15 : bassin d’activités vali-
dé, bassin sportif à terminer de reprendre pour le 09/10/15",['18-03-2015'],[89],[789],11,SOGEA
"reprise sur hall bassin ludique, réservation de grille à prévoir 1700x700mm entre
files 6 et 7, 8et 9 et 10 et 11
Charpente LC / Faux plafonds
- 24/04/13  prévoir une structure à souder en pied de charpente métallique des verrières
Réservations en phase réalisation",['16-10-2013'],[27],[191],19,SOGEA
"reprise sur hall bassin ludique, réservation de grille à prévoir 1700x700mm entre files 6 et 7, 8 et 9 et
10 et 11",['16-10-2013'],"[28, 29, 30, 31, 32, 33]","[198, 206, 213, 221, 229, 237]",16,SOGEA
"reste 2 sorties toiture à réaliser (1 SNEF terrasse technique plongée). 04/06/14 : plan SNEF fourni.
25/06/14 : programmé les 26 et 27/06/14",['28-05-2014'],"[62, 63, 64, 65, 66]","[512, 520, 528, 536, 545]",16,SOGEA
"reste 2 sorties toiture à réaliser (1 SNEF terrasse technique plongée, 1 MQB ham-
mam)",['28-05-2014'],[56],[459],36,SOGEA
"reste 2 sorties toiture à réaliser (1 SNEF terrasse technique plongée, 1 MQB hammam). 04/06/14 :
plan SNEF fourni",['28-05-2014'],"[57, 58]","[468, 477]",34,SOGEA
"reste 2 sorties toiture à réaliser (1 SNEF terrasse technique plongée, 1 MQB hammam). 04/06/14 :
plan SNEF fourni. 18/06/14 : MQB fera un percement pour le repérage d’implantation",['28-05-2014'],[59],[486],19,SOGEA
"reste 2 sorties toiture à réaliser (1 SNEF terrasse technique plongée, 1 MQB hammam). 04/06/14 :
plan SNEF fourni. 25/06/14 : programmé les 26 et 27/06/14",['28-05-2014'],"[60, 61]","[495, 504]",16,SOGEA
retour de quai sur bassin d’apprentissage ? à supprimer,['18-06-2014'],[59],[486],28,SOGEA
"retourner contreventement charpente métallique des canons de lumière pour per-
mettre pose habillage bois",['24-06-2015'],[78],[681],51,SOGEA
"revoir les délais de fabrication des toiles pour revoir le détail de l’intervention. 06/11/13 : 2,5 semaines,
en 3 phases
Intempéries :
19 jours
1 jour (le 03/07/13 : pluie), 1 jour (le 18/09/13 : pluie), 1 jour (le 10/10/13 : pluie), 1 jour (le 23/10/13 : vent), 1 jour
(le 25/10/13 : vent), 2 jours (les 28 et 29/10/13), 3 jours (le 04/11/13 : vent, le 05/11/13 : pluie, le 06/11/13 : pluie +
vent), 2 jours (les 07 et 08/11/13 : pluie et vent), 1 jour (le 14/11/13 : vent), 1 jour (le 19/11/13 : pluie), 1 jour (le
21/11/13 : neige), 1 jour (le 03/12/13 : gel), 1 jour (le 11/12/13 : gel), 2 jours (les 12 et 13/12/13 : gel)
Effectif :",['23-10-2013'],[36],[266],9,SOGEA
revoir les nombres de marche et développer d’escaliers,['20-03-2013'],[3],[20],3,SOGEA
revoir l’implantation des siphons de sol des plages extérieures,['27-03-2013'],[3],[20],6,SOGEA
revoir planimétrie vestiaires MNS + vestiaires étage avant pose plancher chauffant,['18-02-2015'],"[61, 62, 63, 64, 65, 66]","[504, 512, 520, 528, 536, 545]",30,SOGEA
réaliser maçonnerie au droit pédiluves remise en forme,['28-05-2014'],[56],[459],33,SOGEA
réaliser relevé sur la coursive en périphérie de dalle au droit du local MNS,['15-01-2014'],"[39, 40]","[289, 298]",35,SOGEA
réception bâtis de porte / maçonnerie le 23/09/15 à 11h30,['16-09-2015'],[86],[759],41,SOGEA
réception support avec SAE le 08/04/15 à 9h00,['11-03-2015'],[63],[520],29,SOGEA
réception support avec SAE le 08/04/15 à 9h00. 18/03/15 : reportée à 10h00,['11-03-2015'],"[64, 65]","[528, 536]",27,SOGEA
réponse SOGEA fob15 : réservation 10x10x5 demandée par LMP. A voir,['07-05-2013'],"[20, 21]","[141, 148]",2,SOGEA
"réservation au droit coursive au-dessus local MNS à scier pour hauteur fini de 500mm en alignant les
deux réservations
Réception support par CRI du 12/03/14
- fosse de plongée, reprendre désaffleur entre les deux levées de coulage des bajoyers. Reste à vérifier la dimen-
sion en plan (∅ constant à vérifier sur la hauteur)
ASSISTANT MAITRISE D’OUVRAGE",['09-04-2014'],"[52, 53, 54, 55]","[422, 431, 440, 449]",23,SOGEA
"réservation au droit des pédiluve 160mm
Descentes EP",['19-06-2013'],[22],[154],9,SOGEA
réservation de dalle plages 120mm et reste du bâtiment 70mm,['10-04-2013'],[22],[154],7,SOGEA
réservation pour bains chaud et froid 5mm annoncé par CRI,['11-06-2014'],"[58, 59, 60, 61, 62, 63, 64, 65, 66, 67, 68, 69, 70, 71, 72, 73, 74, 75]","[477, 486, 495, 504, 512, 520, 528, 536, 545, 554, 563, 572, 584, 599, 611, 626, 638, 653]",25,SOGEA
"réservations soufflage au sol au droit châssis entre hall bassins et hall d’entrée à
piocher sur la hauteur pour permettre mise en place des boites de soufflage",['18-06-2014'],[59],[486],30,SOGEA
"réunion de coordination le 22/01/14 à 14h
Fin du compte rendu
Frédéric MALO
DUVAL RAYNAL SARL d’Architecture",['08-01-2014'],[37],[275],16,SOGEA
"réunion de mise au point des diverses sorties bâtiment à reprendre par le VRD le
20/11/13 à 14h00
ASSISTANT MAITRISE D’OUVRAGE",['13-11-2013'],[31],[221],24,SOGEA
réunion le 05/02/14 à 9h00 pour point et définition reprise de réservations R+1,['22-01-2014'],[39],[289],38,SOGEA
"réunion le 05/02/14 à 9h00 pour point et définition reprise de réservations R+1. 29/01/14 : réunion
décalée au 19/02/14 à 9h00",['22-01-2014'],"[40, 41]","[298, 307]",39,SOGEA
réunion le 26/02/14 à 9h00 pour réception supports avec CRI,['22-01-2014'],"[39, 40, 41, 42]","[289, 298, 307, 316]",37,SOGEA
"sceller les pièces de refoulement en fond de bains chaud et froid (calé en sous face
de dalle)",['29-07-2015'],[82],[719],44,SOGEA
socle poteau LC sur plage entre pataugeoire et bassin ludique à recouper,['01-04-2015'],[68],[563],34,SOGEA
"socle poteau LC sur plage entre pataugeoire et bassin ludique à recouper. 22/04/15 : découpe
impossible structurellement, massif à uniformiser en dimension pour axer le poteau LC",['01-04-2015'],[69],[572],34,SOGEA
"suite au déplacement du bac tempon de la fosse de plongée, agrandissement de la
salle de musculation
Charpente métallique",['27-03-2013'],[3],[20],7,SOGEA
"suite réunion CISSCT, compléter coffrets électriques + éclairage circulation selon
principe défini avec MQB et SNEF",['08-04-2015'],[67],[554],9,SOGEA
"suite réunion CISSCT, rappel du port obligatoire des EPI par toute personne sur le chantier",['03-07-2013'],"[55, 56, 57, 58, 67]","[450, 459, 468, 477, 554]",3,SOGEA
"suppression des garde corps vitrés en partie haute des gradins et en pieds d’enrochement côté bas-
sin d’activités mai en conservant portillon vitré donnant sous l’enrochement",['08-01-2014'],[64],[530],3,SOGEA
suppression des gravillons sur les zones stériles des toitures végétalisées,['30-04-2013'],"[13, 14, 15, 16, 17, 18]","[88, 95, 102, 110, 118, 126]",19,SOGEA
"sur accès accueil plongée, faire un relevé béton sur l’emprise de l’ossature métallique pour éviter pé-
nétration eau",['01-04-2015'],"[68, 69, 71]","[563, 572, 599]",32,SOGEA
"sur portes accès groupe + personnel, prévoir gâche électrique 12V continu émission ou rupture",['19-03-2014'],"[52, 54, 55, 56, 57, 58]","[423, 441, 450, 459, 468, 477]",23,SOGEA
"surbots sanitaires hauteur +0,07/0,00. 19/02/14 : les surbots seront tracés sur site par DRD",['22-01-2014'],"[42, 43, 44, 45]","[316, 325, 334, 343]",32,SOGEA
surbots à terminer au R+1,['25-06-2014'],"[60, 61, 62, 63, 64, 65, 66]","[495, 504, 512, 520, 528, 536, 545]",32,SOGEA
"synthèse RDC, R+1 et toiture le 10/09/13. Diffusion plan de réservations pour le 13/09/13
Charpente LC / Faux plafonds
- 24/04/13  prévoir une structure à souder en pied de charpente métallique des verrières
ASSISTANT MAITRISE D’OUVRAGE",['05-09-2013'],[22],[154],20,SOGEA
"synthèse RDC, R+1 et toiture le 10/09/13. Diffusion plan de réservations pour le 13/09/13.
18/09/13 : plan présenté validé à compléter avec réservation pour bain chaud pour le 20/09/13",['05-09-2013'],[23],[161],15,SOGEA
tapée menuiserie alu sur vestiaires avec FOAMGLAS à prévoir en 130mm,['10-07-2013'],[25],[177],30,SOGEA
"tapée menuiserie alu sur vestiaires avec FOAMGLAS à prévoir en 130mm. 09/10/13 : tapé à prévoir
en 120mm pour tous les isolants en doublage façade",['10-07-2013'],"[27, 28]","[192, 199]",26,SOGEA
terminer finitions sur béquet coursive,['22-07-2015'],"[81, 82]","[709, 719]",46,SOGEA
terminer quai/jardinière bassin ludique au droit de la sortie pédiluve,['09-12-2015'],[98],[844],41,SOGEA
"terminer reprise béton au droit des préscellements de la charpente métallique : de nombreuses zones
restent à traiter (aciers apparents, écarteurs apparents, béton éclaté)",['12-03-2014'],[46],[352],42,SOGEA
terminer reprise pataugeoire,['07-05-2014'],[55],[450],33,SOGEA
"terminer toutes les reprises de béton avant réception de support. 14/05/14 : réception support faite
avec SAE et DRD sauf zone plongée et façade. Reprise à terminer pour le 04/06/14. 21/05/14 : en cours.
28/05/14 : réception reportée au 11/06/14 à 9h30",['07-05-2014'],"[56, 57]","[459, 468]",26,SOGEA
transmettre plan CRI des siphons de sol à COEXIA,['18-09-2013'],"[27, 28, 29, 30, 31, 32, 33]","[191, 198, 206, 213, 221, 229, 237]",14,SOGEA
"transmettre plan CRI des siphons de sol à COEXIA
Charpente LC / Faux plafonds
- 24/04/13  prévoir une structure à souder en pied de charpente métallique des verrières
ASSISTANT MAITRISE D’OUVRAGE",['18-09-2013'],"[23, 24, 25, 26]","[161, 168, 176, 183]",21,SOGEA
treillis soudés affleurant voire hors dalle sur zone vestiaires,['02-10-2013'],"[32, 34]","[230, 246]",30,SOGEA
"une réservation à décaler, implanter dans la charpente métallique
Réception support par CRI du 12/03/14
- fosse de plongée, reprendre désaffleur entre les deux levées de coulage des bajoyers. Reste à vérifier la dimen-
sion en plan (∅ constant à vérifier sur la hauteur)
ASSISTANT MAITRISE D’OUVRAGE",['25-06-2014'],[60],[494],12,SOGEA
"une réservation à décaler, implanter dans la charpente métallique
Réception support par CRI du 12/03/14
- fosse de plongée, reprendre désaffleur entre les deux levées de coulage des bajoyers. Reste à vérifier la dimen-
sion en plan (∅ constant à vérifier sur la hauteur)
Synthèse Toile tendue / Surveillance des baignades / Electricité du 18/02/15
- réservation pour caméras Poséidon 65x55cm, découpée in situ
- caméras en milieu de bassin à régler juste après pose de la toile
ASSISTANT MAITRISE D’OUVRAGE",['25-06-2014'],"[63, 64, 65, 66, 67]","[519, 527, 535, 544, 553]",15,SOGEA
"validation siphon de sol PVC 20x20 pour solarium, couleur sable",['22-01-2014'],"[44, 45, 52, 63, 65]","[337, 346, 427, 523, 539]",3,SOGEA
"validation siphon de sol PVC 20x20 pour solarium, couleur sable
AVANCEMENT –  PLANIFICATION
Intempéries :
31 jours
1 jour (le 03/07/13 : pluie), 1 jour (le 18/09/13 : pluie), 1 jour (le 10/10/13 : pluie), 1 jour (le 23/10/13 :
vent), 1 jour (le 25/10/13 : vent), 2 jours (les 28 et 29/10/13), 3 jours (le 04/11/13 : vent, le 05/11/13 :",['22-01-2014'],[51],[416],8,SOGEA
"validation siphon de sol PVC 20x20 pour solarium, couleur sable
Matériaux de remblais du site",['22-01-2014'],"[39, 40, 41, 42, 43]","[292, 301, 310, 319, 328]",5,SOGEA
"valider avec SDIS le classement du bâtiment en type X uniquement compte tenu de l’option retenue
remplaçant la salle de réunion par la fosse de plongée",['22-05-2013'],[29],[207],2,SOGEA
"valider la possibilité d’installer pompes nage à contre courant + cascade de la rivière à
bouées dans la galerie technique (puissance maxi = 2x3kW). 26/03/14 : formaliser l’accord par une
fiche visa",['19-03-2014'],[70],[583],3,SOGEA
valider les débits et sections des EP en vue d’une synthèse avec plombier,['27-03-2013'],"[3, 4, 5]","[21, 27, 33]",10,SOGEA
"veiller à la bonne pose et la continuité de la bande kraft sur les trapèzes isolant posés en fond d’onde
de bacs de couverture",['19-02-2014'],"[43, 44]","[325, 334]",48,SOGEA
verrière RAL9010,['11-12-2013'],"[38, 39, 40, 41, 42, 43, 44, 45, 46, 47, 48, 49, 49, 51, 52]","[282, 292, 301, 310, 319, 328, 337, 346, 356, 364, 373, 382, 398, 416, 427]",2,SOGEA
"verrière RAL9010
Matériaux de remblais du site",['11-12-2013'],"[35, 36, 37]","[257, 265, 273]",5,SOGEA
"vider et nettoyer fosse de plongée après pose verrière. 25/06/14 : terminer en aspirant le rési-
duel
-11/06/14 : mettre DEP provisoires en façade nord pour évacuer les EP qui coulent dans le plafonds de revers ac-
tuellement",['11-06-2014'],[60],[495],26,SOGEA
visite de validation des reprises de finitions béton le 19/03/14 à 9h00,['19-02-2013'],[45],[343],43,SOGEA
"visite de validation des reprises de finitions béton le 19/03/14 à 9h00. 19/03/14 : vu ce jour les
reprises, à effectuer zone par zone pour validation chaque semaine en 4 zones",['19-02-2013'],[46],[352],35,SOGEA
"voile dans local TA maintenu dito plans marché
Charpente métallique",['10-04-2013'],"[5, 6, 16, 17, 18, 19, 20, 21]","[32, 38, 109, 117, 125, 132, 140, 147]",6,SOGEA
"voile dans local TA maintenu dito plans marché
Gros Œuvre",['10-04-2013'],"[7, 8, 9, 10]","[45, 52, 59, 66]",6,SOGEA
"voile dans local TA maintenu dito plans marché
Gros Œuvre
Charpente métallique",['10-04-2013'],"[11, 12, 13, 14, 15]","[73, 80, 87, 94, 101]",6,SOGEA
"voile galerie technique sous hall d’entrée à décaler de 1,70m dans le terre plein
(décalé initialement de 1,20m)
Charpente métallique",['03-04-2013'],[4],[26],7,SOGEA
voir CR spécifique sur prestations restant à exécuter,['25-02-2015'],"[62, 63, 64, 65, 66, 67]","[512, 520, 528, 536, 545, 554]",31,SOGEA
voir pour cristallisation des carneaux de ventilation et nécessité des cuvettes d’ascenseurs,['20-03-2013'],[3],[20],4,SOGEA
voir pour déboucher fourreaux débouchant dans le TGBT conjointement avec SNEF,['28-05-2014'],"[56, 57]","[459, 468]",34,SOGEA
voir pour mettre éclairage provisoire dans les circulations en concertation avec SNEF,['04-11-2015'],"[98, 99]","[844, 853]",27,SOGEA
voir proposition technique constructive pour passage gaine dans VS hall d’entrée,['06-03-2013'],[1],[10],6,SOGEA
"voir réservation manquant pour porte accès terrasse basse depuis local CTA remise
en forme",['29-01-2014'],[40],[298],44,SOGEA
"voir réservation manquant pour porte accès terrasse basse depuis local CTA remise en forme.
12/02/14 : voir avec BET possibilité de sciage 2x1m",['29-01-2014'],[41],[307],39,SOGEA
"voir réservation manquant pour porte accès terrasse basse depuis local CTA remise en forme.
12/02/14 : voir avec BET possibilité de sciage 2x1m. 26/02/14 : impossibilité",['29-01-2014'],[43],[325],36,SOGEA
"vor avec sous-traitant charpente métallique la prise en charge de la réfection de la
rivière à bouées. De la limaille de fer due aux découpes de la charpente métallique a dégradé le
revêtement de la rivière",['07-10-2015'],[89],[789],43,SOGEA
vérifier attendus du permis de construire sur les demandes du SDIS,['24-03-2014'],[7],[46],4,SOGEA
vérifier la problématique soulevé par SOGEA de sas sur palier intermédiaire de l’escalier hélicoïdal,['20-03-2013'],[3],[20],2,SOGEA
vérifier le PPSPS de NFC pour la pose de la membrane perforée,['29-07-2015'],[82],[719],43,SOGEA
vérifier le coefficient d’absorption solaire du triple vitrage et fournir un échantillon,['27-03-2013'],"[3, 4, 5]","[21, 27, 33]",20,SOGEA
"vérifier le coefficient d’absorption solaire du triple vitrage et fournir un échantillon. 17/04/13 : échan-
tillon remis ce jour, coefficient d’absorption solaire de 20",['27-03-2013'],[6],[39],15,SOGEA
vérifier les plans de socles fournis par NAVIC pour les casiers,['24-07-2013'],[20],[141],11,SOGEA
"vérifier les plans de socles fournis par NAVIC pour les casiers. 05/09/13 : recalage des plans ar-
chitecte en cours",['24-07-2013'],[21],[148],11,SOGEA
vérifier réservation pour évacuation pédiluve remise en forme,['04-06-2014'],[57],[468],40,SOGEA
"vérifier si doublon entre les lots VRD et GO pour les remblais périphériques en pied
de bâtiment",['11-09-2013'],[22],[158],16,SOGEA
"vérifier si doublon entre les lots VRD et GO pour les remblais périphériques en pied de bâtiment.
18/09/13 : remblais à réaliser par MONTARON",['11-09-2013'],"[23, 24]","[165, 172]",15,SOGEA
"à ce jour SOGEA a pris en compte toutes les demandes de réservations oubliées ou com-
plémentaires. Plus aucune ne sera prise en compte. Une campagne de carottages est programmée.",['22-04-2015'],"[70, 72, 74]","[582, 609, 636]",6,SOGEA
"à ce jour SOGEA a pris en compte toutes les demandes de réservations oubliées ou complémen-
taires. Plus aucune ne sera prise en compte. Une campagne de carottages est programmée. DRD et SOGEA fe-
ront une synthèse entre les réservations oubliées ou mal positionnées et les demandes complémentaires. A
compter de ce jour, toute demande sera à charge de l’entreprise requérante
Réception support par CRI du 12/03/14
- fosse de plongée, reprendre désaffleur entre les deux levées de coulage des bajoyers. Reste à vérifier la dimen-
sion en plan (∅ constant à vérifier sur la hauteur)",['22-04-2015'],[75],[652],9,SOGEA
"à partir du 19/05/14, responsables fermeture bâtiment sont EAS pour le sous-sol et CRI pour le RDC",['14-05-2014'],"[55, 56, 57, 58, 67]","[450, 459, 468, 477, 554]",9,SOGEA
étudier entraxe réservations pour pose garde corps sur limons passerelle,['18-03-2015'],[64],[530],8,SOGEA
évacuer chutes d’isolant de plancher chauffant déversés au droit du local technique plongée,['03-06-2015'],"[76, 77, 78, 79, 80, 81, 82, 83]","[663, 672, 681, 690, 699, 709, 719, 729]",45,SOGEA
évacuer gravats en fond de fosse de plongée en concertation avec CRI,['09-12-2015'],[98],[844],42,SOGEA
évacuer gravats en fond de fosse de plongée en concertation avec CRI. 16/12/15 : semaine 52,['09-12-2015'],[99],[853],30,SOGEA
ôter cale de bois sous prédalle bassin d’activités,['11-06-2014'],[58],[477],31,SOGEA
"DR rappelle que le projet de giratoire pour accès au centre aquatique diffusé par
CG59 ne correspond pas aux conclusions de la réunion du 16/10/13 et surtout remet en cause
tout l’aménagement extérieur du centre aquatique notamment le parking qui doit être redessiné
et toute la structure réalisée en 03/13 est à reprendre",['26-11-2013'],"[33, 34, 35, 36, 37, 38, 39, 40, 41, 42, 43, 44]","[237, 245, 253, 262, 270, 279, 288, 297, 306, 315, 324, 333]",8,AMVS
"DR rappelle que le projet de giratoire pour accès au centre aquatique diffusé par CG59 ne correspond
pas aux conclusions de la réunion du 16/10/13 et surtout remet en cause tout l’aménagement extérieur du centre
aquatique notamment le parking qui doit être redessiné et toute la structure réalisée en 03/13 est à reprendre.
12/03/14 : rdv avec CG59 le 18/03/14. 19/03/14 : en attente CR du CG59, rond point figé sans tenir
compte du projet du parking déjà réalisé",['26-11-2013'],"[46, 47, 48]","[351, 359, 368]",7,AMVS
"MONTARON informe et fait constater qu’un réseau d’assainissement EU existant est
présent sur la parcelle et oblige à décaler les murs de soutènement vers la Sambre. Sur la base
du plan de recollement qui sera fourni par l’entreprise, prévoir une modification du plan parcel-
laire et du titre de propriété",['02-04-2014'],"[48, 49, 49, 51, 52, 53, 54, 55, 56, 57, 58, 59, 60, 61, 62, 63, 64, 65, 66, 67, 68, 69, 70, 71, 72, 73, 74, 75, 76, 77, 78, 79, 80, 81, 82, 83, 84, 85, 86, 87, 88, 89, 90, 91, 92, 98, 99]","[368, 377, 389, 407, 422, 431, 440, 449, 458, 467, 476, 485, 494, 503, 511, 519, 527, 535, 544, 553, 562, 571, 582, 598, 609, 625, 636, 652, 662, 671, 680, 689, 698, 708, 718, 728, 738, 748, 758, 768, 778, 788, 798, 809, 825, 843, 852]",14,AMVS
"SOGEA et on sous-traitant MENARD sont à disposition pour réunion publique avant
réalisation du compactage dynamique. A organiser avant le 29/04/13
ASSISTANT MAITRISE D’OUVRAGE",['27-03-2013'],"[3, 4]","[20, 26]",8,AMVS
"confirmer l’aménagement accès piéton depuis le RD et prévoir accès VL au transfo
EDF",['17-06-2015'],"[77, 78, 79, 80]","[671, 680, 689, 698]",10,AMVS
"la MOE informe que le niveau TN après dépollution est plus bas que le niveau DCE. Cette
différence altimétrique a été relevée par des points géomètre. Ce constat nécessite un volume de rem-
blai supérieur à celui des matériaux disponible sur le site. L’entreprise fera une nouvelle proposition
pour traiter les eaux pluviales de ruissellement des espaces verts sur la parcelle afin de minimiser le vo-
lume de remblai en apport",['02-04-2014'],"[49, 49, 52, 53, 54, 55, 56, 57, 58, 59, 60, 61, 62, 63, 64, 65, 66, 67, 68, 69, 70, 71, 72, 73, 74, 75, 76, 77, 78, 79, 80, 81, 82, 83, 84, 85, 86, 87, 88, 89, 90, 91, 92]","[377, 389, 422, 431, 440, 449, 458, 467, 476, 485, 494, 503, 511, 519, 527, 535, 544, 553, 562, 571, 582, 598, 609, 625, 636, 652, 662, 671, 680, 689, 698, 708, 718, 728, 738, 748, 758, 768, 778, 788, 798, 809, 825]",13,AMVS
"lancer la mission G4 à ACCOTEC. 30/04/13 : rappel, très urgent, note de calcul de conso-
lidation de sol diffusée et en attente de validation",['06-03-2013'],"[8, 9, 10]","[52, 59, 67]",3,AMVS
"présentation de la supervision programmée le 16/09/15 à 10h00 à la CAMVS (an-
nexe, salle Violaine)",['26-08-2015'],"[83, 84, 85, 86]","[728, 738, 748, 758]",10,AMVS
"présentation de la supervision programmée le 16/09/15 à 10h00 à la CAMVS (annexe, salle
Violaine). 23/09/15 : reportée au 28/10/15 à 10h00",['26-08-2015'],"[87, 88, 89, 90, 91, 92]","[768, 778, 788, 798, 809, 825]",11,AMVS
"relancer département pour la création du futur accès au centre aquatique depuis le RD. 07/05/13 :
en cours de demande",['24-04-2013'],"[9, 10, 11]","[59, 67, 73]",6,AMVS
"relancer département pour la création du futur accès au centre aquatique depuis le RD. 07/05/13 : en
cours de demande. 29/05/13 programmer réunion pour étude desserte zone complète y compris
phase chantier centre aquatique",['24-04-2013'],"[12, 13, 14, 15]","[80, 87, 94, 101]",5,AMVS
"relancer département pour la création du futur accès au centre aquatique depuis le RD. 07/05/13 : en
cours de demande. 29/05/13 programmer réunion pour étude desserte zone complète y compris phase chantier
centre aquatique. 26/06/13 : voir le problème de la piste d’accès au chantier",['24-04-2013'],"[16, 17, 18, 19, 20, 21]","[109, 117, 125, 132, 140, 147]",5,AMVS
"relancer département pour la création du futur accès au centre aquatique depuis le RD. 07/05/13 : en
cours de demande. 29/05/13 programmer réunion pour étude desserte zone complète y compris phase chantier
centre aquatique. 26/06/13 : voir le problème de la piste d’accès au chantier. 03/07/13 : RAPPEL URGENT.
11/09/13 : plan de principe du giratoire remis à DR pour insertion sur plan masse projet et ana-
lyse des contraintes",['24-04-2013'],"[22, 23, 24, 25]","[154, 161, 168, 176]",7,AMVS
"une ou des entreprises étrangères au chantier déversent des camions de terre aux
abords la structure du futur parking, tas qui risquent de gêner pour les futurs aménagements
d’accès et qui risquent également de générer des discussions en fin de chantier. Eclaircir ce
point",['11-12-2013'],"[35, 36, 37, 38, 39, 40, 41, 42, 43, 44, 45, 46, 47, 48, 49, 49, 51, 52, 53, 54, 55, 56, 57, 58, 59, 60, 61, 62, 63, 64, 65, 66, 67]","[253, 262, 270, 279, 288, 297, 306, 315, 324, 333, 342, 351, 359, 368, 377, 389, 407, 422, 431, 440, 449, 458, 467, 476, 485, 494, 503, 511, 519, 527, 535, 544, 553]",11,AMVS
"valider ou faire observations sur proposition d’implantation de robinets de puisage
transmise par DR",['27-03-2013'],"[3, 4, 5]","[20, 26, 32]",5,AMVS
"voir problématique accès chantier en intégrant les travaux de voiries du CG (rond
point + bretelle d’accès au centre aquatique)",['18-03-2015'],"[64, 65]","[527, 535]",13,AMVS
"DR rappelle que le projet de giratoire pour accès au centre aquatique diffusé par CG59 ne correspond
pas aux conclusions de la réunion du 16/10/13 et surtout remet en cause tout l’aménagement extérieur du centre
aquatique notamment le parking qui doit être redessiné et toute la structure réalisée en 03/13 est à reprendre.
12/03/14 : rdv avec CG59 le 18/03/14",['26-11-2013'],[45],[342],6,AMVS
"SOGEA et son sous-traitant MENARD sont à disposition pour réunion publique avant réalisation du
compactage dynamique. A organiser avant le 29/04/13",['27-03-2013'],"[5, 6, 7]","[32, 38, 46]",7,AMVS
"confirmer si la clôture doit suivre le plan parcellaire auquel cas faire réaliser un bor-
nage ou si elle suit le plan masse architecte",['02-09-2015'],[84],[738],12,AMVS
dossier Loi sur l’Eau ?,['17-04-2013'],"[7, 8]","[46, 52]",9,AMVS
"dossier Loi sur l’Eau ?
ASSISTANT MAITRISE D’OUVRAGE",['17-04-2013'],[6],[38],12,AMVS
dossier Loi sur l’Eau ? 07/05/13 : courrier du 10/06/10 : pas d’opposition de la MISE,['17-04-2013'],"[9, 10, 11]","[59, 67, 73]",5,AMVS
faire demande de raccordement électrique auprès de ErDF pour qu’un chargé d’affaires soit nommé,['22-05-2013'],"[16, 17, 18, 19, 20, 21]","[109, 117, 125, 132, 140, 147]",8,AMVS
"faire demande de raccordement électrique auprès de ErDF pour qu’un chargé d’affaires soit nommé
ASSISTANT MAITRISE D’OUVRAGE",['22-05-2013'],[13],[87],9,AMVS
"formuler avis sur proposition de remplacement du plongeoir prévu au droit de la fosse de plongée par
une plateforme de mise à l’eau avec bouteilles",['04-11-2015'],"[98, 99]","[843, 852]",9,AMVS
fournir analyse d’eau de ville et pression d’alimentation,['27-03-2013'],"[3, 4, 5, 6, 7, 8, 9, 10, 11, 12, 13, 14, 15, 16, 17, 18, 19, 20, 21, 22, 23, 24, 25, 26, 27, 28, 29, 30, 31, 32, 33, 34, 35, 36, 37, 38, 39, 40, 41, 42, 43, 44, 45, 46, 47, 48, 49, 49, 51, 52, 53, 54, 55, 56, 57, 58, 59, 60, 61, 62, 63, 64, 65, 66, 67, 68, 69, 70, 71, 72, 73, 74, 75, 76, 77, 78, 79, 80, 81, 82, 83, 84, 85, 86, 87, 88, 89, 90, 91, 92, 98, 99]","[20, 26, 32, 38, 46, 52, 59, 67, 73, 80, 87, 94, 101, 109, 117, 125, 132, 140, 147, 154, 161, 168, 176, 183, 191, 198, 206, 213, 221, 229, 237, 245, 253, 262, 270, 279, 288, 297, 306, 315, 324, 333, 342, 351, 359, 368, 377, 389, 407, 422, 431, 440, 449, 458, 467, 476, 485, 494, 503, 511, 519, 527, 535, 544, 553, 562, 571, 582, 598, 609, 625, 636, 652, 662, 671, 680, 689, 698, 708, 718, 728, 738, 748, 758, 768, 778, 788, 798, 809, 825, 843, 852]",6,AMVS
fournir implantation des TV et sonorisation,['16-09-2015'],"[86, 87, 88, 89, 90, 91, 92, 98, 99]","[758, 768, 778, 788, 798, 809, 825, 843, 852]",11,AMVS
fournir les caractéristiques du compresseur de gonflage des bouteilles de plongée,['05-09-2013'],[21],[147],11,AMVS
"fournir les caractéristiques du compresseur de gonflage des bouteilles de plongée. 11/09/13 : de-
mande faite à DR de proposer un dimensionnement d’installation sur lequel AMVS se calera pour
la fourniture du matériel",['05-09-2013'],[22],[154],15,AMVS
fournir organigramme des clés,['14-10-2015'],"[90, 91, 92]","[798, 809, 825]",12,AMVS
la MOE informe que le niveau TN après dépollution est plus bas que le niveau DCE.,['02-04-2014'],[48],[368],14,AMVS
"la MOE informe que le niveau TN après dépollution est plus bas que le niveau DCE. Cette
différence altimétrique a été relevée par des points géomètre. Ce constat nécessite un volume de rem-
blai supérieur à celui des matériaux disponible sur le site. L’entreprise fera une nouvelle proposition
pour traiter les eaux pluviales de ruissellement des espaces verts sur la parcelle afin de minimiser le vo-
lume de remblai en apport
-23/04/14 :  Transmettre le choix du Ral du mobilier urbain et des mâts d’éclairage public",['02-04-2014'],[51],[407],14,AMVS
lancer la mission G4 à ACCOTEC,['06-03-2013'],"[2, 3, 4, 5, 6, 7]","[15, 20, 26, 32, 38, 46]",2,AMVS
"lancer la mission G4 à ACCOTEC
ASSISTANT MAITRISE D’OUVRAGE",['06-03-2013'],[1],[10],2,AMVS
lancer mission pour référent pollution + travaux de dépollution complémentaire,['20-03-2013'],"[3, 4, 5]","[20, 26, 32]",3,AMVS
"lancer mission pour référent pollution + travaux de dépollution complémentaire
ASSISTANT MAITRISE D’OUVRAGE",['20-03-2013'],[2],[15],3,AMVS
notifier les avenants validés en CAO,['28-10-2015'],[92],[825],15,AMVS
"problème sur réseau d’assainissement existant dans l’emprise du projet : réseau
cassé et engorgé après la passerelle. Débordement dans la Sambre et sur la parcelle du projet
lors de phénomènes pluvieux
ASSISTANT MAITRISE D’OUVRAGE",['15-05-2013'],[10],[67],10,AMVS
"problème sur réseau d’assainissement existant dans l’emprise du projet : réseau cassé et engorgé
après la passerelle. Débordement dans la Sambre et sur la parcelle du projet lors de phénomènes pluvieux.
29/05/13 : travaux programmés en fin 2013",['15-05-2013'],"[12, 13, 15, 16, 17, 18, 19, 20, 21, 22, 23, 24, 25, 26, 27, 28, 29, 30, 31, 32, 33, 34, 35, 36]","[80, 87, 101, 109, 117, 125, 132, 140, 147, 154, 161, 168, 176, 183, 191, 198, 206, 213, 221, 229, 237, 245, 253, 262]",7,AMVS
préciser ce qui est souhaité par la MOA : séparateur à hydrocarbures ou filtres ?,['02-09-2015'],"[84, 85, 86, 87]","[738, 748, 758, 768]",11,AMVS
"préparer les dossiers de demandes d’agrément de sous-traitants : original au MOA, copie par mail à",['30-08-2012'],"[9, 10]","[59, 66]",5,AMVS
"préparer ordre de service pour notification réduction fosse de plongée de 20 à 10m
de profondeur
SOUS TRAITANCE",['13-06-2013'],[14],[94],8,AMVS
"préparer ordre de service pour notification réduction fosse de plongée de 20 à 10m de profondeur.
19/06/13 : fait en attente signature MOA
SOUS TRAITANCE",['13-06-2013'],"[15, 16, 17]","[101, 109, 117]",8,AMVS
"prévoir contrat de fourniture des produits de traitement d’eau, notamment chlore
gazeux",['28-10-2015'],[92],[825],15,AMVS
"prévoir contrat de fourniture des produits de traitement d’eau, notamment chlore gazeux. 25/11/15 :
quid de la mise à disposition des fluides ?",['28-10-2015'],"[98, 99]","[843, 852]",8,AMVS
"relancer département pour la création du futur accès au centre aquatique depuis le
RD
ASSISTANT MAITRISE D’OUVRAGE",['24-04-2013'],[7],[46],11,AMVS
relancer département pour la création du futur accès au centre aquatique depuis le RD,['24-04-2013'],[8],[52],6,AMVS
"relancer département pour la création du futur accès au centre aquatique depuis le RD. 07/05/13 : en
cours de demande. 29/05/13 programmer réunion pour étude desserte zone complète y compris phase chantier
centre aquatique. 26/06/13 : voir le problème de la piste d’accès au chantier. 03/07/13 : RAPPEL URGENT.
11/09/13 : plan de principe du giratoire remis à DR pour insertion sur plan masse projet et analyse des contraintes.
09/10/13 : réunion avec CG59 et DR le 16/10/13 à 10h00 sur site",['24-04-2013'],[26],[183],7,AMVS
régulariser le marché de OTIS (ajouter l’option comme pour tous les autres lots),['10-07-2013'],"[18, 19, 20, 21]","[125, 132, 140, 147]",10,AMVS
"régulariser le marché de OTIS (ajouter l’option comme pour tous les autres lots). 11/09/13 : de-
mande faite à DR de préparer l’avenant correspondant",['10-07-2013'],[22],[154],12,AMVS
s’assurer que le devis de raccordement ErDF à été signé et retourné à ErDF,['29-01-2014'],"[40, 41, 42, 43, 44, 45, 46]","[297, 306, 315, 324, 333, 342, 351]",8,AMVS
transmettre le choix du RAL du mobilier urbain et des mâts d’éclairage public,['23-04-2014'],"[52, 53, 54, 55]","[422, 431, 440, 449]",12,AMVS
travaux de dépollution complémentaire,['20-03-2013'],"[6, 7, 8]","[38, 46, 52]",3,AMVS
"valider la possibilité de réaliser pour alimenter le chantier les réseaux électrique et
eau en enterrés depuis le carrefour du château d’eau. Confirmer qu’il n’est pas prévu de travaux
autres que le centre aquatique sur l’ensemble du terrain entre le RD et la Sambre
ASSISTANT MAITRISE D’OUVRAGE",['10-04-2013'],[5],[32],10,AMVS
"valider la possibilité de réaliser pour alimenter le chantier les réseaux électrique et eau en enterrés de-
puis le carrefour du château d’eau. Confirmer qu’il n’est pas prévu de travaux autres que le centre aquatique sur
l’ensemble du terrain entre le RD et la Sambre. 17/04/13 : validé",['10-04-2013'],[6],[38],11,AMVS
"valider ou faire observations sur proposition d’implantation de robinets de puisage transmise par DR.
17/04/13 : vu ce jour, validé avec un robinet supplémentaire au droit du bain froid",['27-03-2013'],"[6, 7]","[38, 46]",5,AMVS
voir avec ACCOTEC pour VISA sur DOE renforcement de sol,['10-07-2013'],"[19, 20, 21, 22]","[132, 140, 147, 154]",10,AMVS
"voir avec ACCOTEC pour VISA sur DOE renforcement de sol
ASSISTANT MAITRISE D’OUVRAGE",['10-07-2013'],[18],[125],11,AMVS
"voir avec service marchés publics AMVS l’attestation de non cession et de non nantissement.
15/05/13 : en attente retour AMVS",['07-05-2013'],"[14, 15, 16, 17]","[94, 101, 109, 117]",6,AMVS
"voir avec service marchés publics AMVS l’attestation de non cession et de non nantissement.
15/05/13 : en attente retour AMVS
SOUS TRAITANCE",['07-05-2013'],"[11, 12, 13]","[73, 80, 87]",6,AMVS
"confirmer le principe de fonctionnement des pédiluves souhaité : alimentation, trop plein,
évacuation",['22-01-2014'],"[45, 46, 47, 48, 49, 49, 51]","[342, 351, 360, 369, 378, 390, 408]",10,CTH
faire VISA sur fiche produit bâche bentonitique du bassin EP,['25-09-2013'],"[45, 46, 47, 48, 49, 49, 51]","[342, 351, 360, 369, 378, 390, 408]",5,CTH
"faire proposition de complément de contrôle d’accès sur la zone remise en forme
humide",['19-03-2014'],"[46, 47, 48, 49, 99]","[351, 360, 369, 378, 852]",23,CTH
CAMVS demande une proposition d’organigramme,['04-11-2015'],[99],[852],14,CTH
"SOGEA informe qu’il n’est pas possible d’avoir de vitrage teinté vert en triple vi-
trage. A vérifier et donner instruction",['06-03-2013'],[1],[10],9,CTH
URGENT finaliser le projet vidéosurveillance. 04/11/15 : RAPPEL,['22-07-2015'],[99],[852],8,CTH
confirmer la nécessité des panneaux perforés en zone plongée (CTBX 22mm),['08-07-2015'],[99],[852],7,CTH
confirmer l’option triple vitrage également sur les verrières,['06-03-2013'],[1],[10],8,CTH
confirmer à MQB le % de vide dans barrage bois sur coursive,['05-03-2014'],"[45, 46]","[342, 351]",13,CTH
diffuser à COEXIA plan CRI,['05-03-2014'],[45],[342],15,CTH
diffuser à SOGEA plan de repérage menuiseries bois,['05-03-2014'],[45],[342],14,CTH
décaissé de sol ascenseur 30mm maxi,['10-07-2013'],"[45, 46, 47, 48, 49, 49, 51]","[342, 351, 360, 369, 378, 390, 408]",3,CTH
faire détail banc bassin d’activités et banc hammam,['12-03-2014'],"[45, 46]","[342, 351]",16,CTH
faire détail de finition toile/CTBX/ossature canon de lumière,['11-09-2013'],"[45, 46, 47, 48, 49, 49, 51]","[342, 351, 360, 369, 378, 390, 408]",4,CTH
faire détail des distributeurs de cintres et de jetons,['08-07-2015'],[99],[852],5,CTH
faire extrait de plan de pente de la zone pataugeoire,['02-04-2014'],[48],[369],15,CTH
faire fermer le local TGBT au droit de l’escalier menant au R+1,['30-09-2015'],[99],[852],11,CTH
faire implantation de la cascade de la rivière pour EAS,['02-04-2014'],[48],[369],15,CTH
faire mise au point sur l’arrêt d’urgence CVC,['28-10-2015'],[99],[852],13,CTH
faire plan de repérage des échelles à crinoline,['26-02-2014'],"[45, 46, 47, 48, 49, 49, 51]","[342, 351, 360, 369, 378, 390, 408]",12,CTH
faire point sur devis SAMNORD,['28-10-2015'],[99],[852],12,CTH
faire point sur modifications réservation bloc porte,['04-12-2013'],[45],[342],9,CTH
faire point une complément GTB,['16-12-2015'],[99],[852],15,CTH
"faire proposition de complément de contrôle d’accès sur la zone remise en forme humide
-16/04/14 : Réunion pour les éclairages extérieurs, nivellement des espaces verts, plan et coupe
sur réseaux divers le 23/04/14 à 14h",['19-03-2014'],[49],[390],14,CTH
"faire proposition de complément de contrôle d’accès sur la zone remise en forme humide
-16/04/14 : Réunion pour les éclairages extérieurs, nivellement des espaces verts, plan et coupe sur ré-
seaux divers le 23/04/14 à 14h.
-23/04/14 : Transmettre le plan gaz de GRDF à Montaron. Transmettre une proposition des PI au
SDIS pour validation. Contacter EAU et FORCE pour confirmer que le compteur d’eau est de type
à impulsion.
-23/04/14 : Transmettre au lot enrochement la réponse aux questions suivantes :
Date de la pose de la passerelle, date de la pose du petit escalier situé au bout de la rivière et la
date de la pose des gaines verticales à l’arrière de la rivière.",['19-03-2014'],[51],[408],20,CTH
faire proposition d’une menuiserie alu vitrée sur accueil plongée,['19-03-2014'],"[46, 47]","[351, 360]",18,CTH
faire un point sur les portes équipées de gâches électriques,['16-09-2015'],[99],[852],9,CTH
finaliser choix animation bruine de la pataugeoire,['19-03-2014'],"[46, 47]","[351, 360]",21,CTH
formuler avis sur proposition SNEF de matériel de détection incendie,['15-04-2015'],[99],[852],4,CTH
"fournir un extrait de plan coté de la zone administration et remise en forme pour
implantation des cloisonnements",['26-03-2014'],[47],[360],18,CTH
fournir à DRD les éléments pour établir avenant technique traitement d’eau,['19-02-2014'],"[45, 46, 47, 48, 49, 49, 51]","[342, 351, 360, 369, 378, 390, 408]",11,CTH
fournir à SOGEA les hypothèses de calcul de l’étude thermique,['06-03-2013'],[1],[10],7,CTH
fournir éléments à SOGEA pour créer amenée d’air dans zone vestiaires individuels,['19-03-2014'],[46],[351],20,CTH
poste 1.12 du lot menuiserie intérieure à localiser,['08-07-2015'],[99],[852],6,CTH
prévoir complément d’isolant au droit des menuiseries extérieures remise en forme,['09-10-2013'],"[45, 46, 47, 48, 49, 49, 51]","[342, 351, 360, 369, 378, 390, 408]",6,CTH
rediffuser à SOGEA détail des pieds de chute EP façade sud,['12-03-2014'],"[45, 46]","[342, 351]",17,CTH
revoir aménagement zone relaxation remise en forme,['25-06-2014'],[99],[852],3,CTH
revoir l’implantation des siphons de sol des plages extérieures,['27-03-2013'],"[45, 46, 47, 48]","[342, 351, 360, 369]",2,CTH
"rotation du caniveau de fond de fosse plongée, déplacement du bac tampon de la
fosse et création d’un local stockage produit. Extrait de plan à mettre à jour pour diffusion",['06-03-2013'],[1],[10],5,CTH
réunion GTC le 30/04/14 à 11h00,['12-03-2014'],"[45, 46, 47, 48, 49, 49, 51]","[342, 351, 360, 369, 378, 390, 408]",19,CTH
réunion Traitement d’Eau le 30/04/14 à 9h00,['12-03-2014'],"[45, 46, 47, 48, 49, 49, 51]","[342, 351, 360, 369, 378, 390, 408]",19,CTH
valider les animations de la zone pataugeoire avec AMVS,['12-02-2014'],"[45, 46]","[342, 351]",18,CTH
voir le problème de l’étanchéité à l’air entre l’arrière de la membrane et les locaux intérieurs,['30-10-2013'],"[45, 46, 47, 48]","[342, 351, 360, 369]",8,CTH
voir principe VB conduit de fumées,['16-12-2015'],[99],[852],15,CTH
voir problème DEP sur façade nord,['19-03-2014'],[46],[351],19,CTH
voir problème évacuation des siphons de sol locaux techniques remise en forme,['06-03-2013'],[1],[10],6,CTH
voir regard en pied de bâtiment zone fosse à ≈-7m,['19-03-2014'],"[46, 47]","[351, 360]",22,CTH
vérifier qui doit la fourniture du compresseur bouteille de plongée,['06-03-2013'],[1],[10],3,CTH
vérifier qui doit les diverses grilles de ventilation,['23-10-2013'],"[45, 46, 47, 48, 49, 49, 51]","[342, 351, 360, 369, 378, 390, 408]",7,CTH
vérifier qui doit les grilles à ventelles en façades du local CTA remise en forme,['16-09-2015'],[99],[852],10,CTH
"SNEF signale que les réservations demandées n’ont pas été prises en compte en RDC et R+1.
04/12/13 : pris en compte sur plans remis ce jour
Contrôle réservations en sous sol du 18/12/13
- Déboucher toutes les réservations
- Locaux TE / TA :
. 2 ventilations de bac tampon fosse de plongée à carotter
. 3 pièces à sceller bac tampon plongée à carotter : plan précis à fournir par EAS
. manque 4 réservations en PH pour COEXIA : plan précis à fournir par COEXIA
. manque 1 réservation COEXIA en voile cour anglaise
. vérifier si robinet de puisage dans socle casiers piscine
. vérifier siphon + évacuation sanitaires entrée et sanitaires douches piscine : confirmer nature des réseaux à pas-
ser par COEXIA
- Galeries techniques :
. voile à proximité local technique ludique à vérifier
. manque 1 réservation SNEF à proximité du local technique ludique
. manque 1 réservation COEXIA en voile infrastructure à côté du bassin d’apprentissage
. manque 3 réservations COEXIA à côté des bacs tampon
. vérifier possibilité de descendre réseau EU plages sous poutres autour du bassin d’activités (AI poutre à – 0.58
sauf une poutre à – 0.63)
. prévoir un gabarit pour vérification réservation grille de soufflage au sol
Contrôle réservations en RDC du 22/01/14
- manque 1∅200 dans local stockage univers petite enfance
- manque 1 réservation 20x40ht au droit douches à jets
- reprendre alignement 3 réservations rectangulaires dans salle fitness
- vérifier 2 réservations dans sanitaires publics
- vérifier 1 réservation dans local entretien vestiaires
- manque 1 réservation 35x35 en dalle haute du TGBT",['27-11-2013'],"[40, 41, 42]","[296, 305, 314]",42,DR
"SNEF signale que les réservations demandées n’ont pas été prises en compte en RDC et R+1.
04/12/13 : pris en compte sur plans remis ce jour
Contrôle réservations en sous sol du 18/12/13
- Linteau entrée sous-sol à recouper
- Déboucher toutes les réservations
- Locaux TE / TA :
. 2 ventilations de bac tampon fosse de plongée à carotter
. 3 pièces à sceller bac tampon plongée à carotter : plan précis à fournir par EAS
. manque 4 réservations en PH pour COEXIA : plan précis à fournir par COEXIA
. manque 1 réservation COEXIA en voile cour anglaise
. vérifier si robinet de puisage dans socle casiers piscine
. vérifier siphon + évacuation sanitaires entrée et sanitaires douches piscine : confirmer nature des réseaux à pas-
ser par COEXIA
- Galeries techniques :
. voile à proximité local technique ludique à vérifier
. manque 1 réservation SNEF à proximité du local technique ludique
. manque 1 réservation COEXIA en voile infrastructure à côté du bassin d’apprentissage
. vérifier ∅200 manquant en voile bac tampon. 15/01/14 : pas nécessaire
. manque 3 réservations COEXIA à côté des bacs tampon
. vérifier possibilité de descendre réseau EU plages sous poutres autour du bassin d’activités (AI poutre à – 0.58
sauf une poutre à – 0.63)
. prévoir un gabarit pour vérification réservation grille de soufflage au sol",['27-11-2013'],"[36, 37, 38, 39]","[261, 269, 278, 287]",39,DR
"SOGEA informe qu’il n’est pas possible d’avoir de vitrage teinté vert en triple vi-
trage. A vérifier et donner instruction",['06-03-2013'],"[1, 2, 3]","[10, 15, 20]",9,DR
"Z1 à Z8 par SOGEA. Idem pour la Z11, Z12, Z15 à Z21 à charge SOGEA. Les Z9 et Z23 sont
à charge COEXIA
Synthèse",['17-04-2013'],"[8, 9, 10, 11, 12, 13, 14, 15, 16, 17, 18, 19, 20, 21, 22, 23, 24, 25, 26, 27, 28, 29, 30, 31, 32, 33, 34, 35, 36, 37, 38, 39, 40, 41, 42, 43, 44, 45, 46, 47, 48, 49, 49, 51]","[52, 59, 66, 73, 80, 87, 94, 101, 109, 117, 125, 132, 140, 147, 154, 161, 168, 176, 183, 191, 198, 206, 213, 221, 229, 237, 245, 253, 261, 269, 278, 287, 296, 305, 314, 323, 332, 341, 350, 359, 368, 377, 388, 406]",14,DR
"Z13 et 14, pénétration dans bâtiment en point haut + attente au sol par SOGEA,
descente intérieure entre les 2 attentes par COEXIA",['17-04-2013'],"[6, 7]","[38, 45]",13,DR
"Z13 et 14, pénétration dans bâtiment en point haut + attente au sol par SOGEA, descente
intérieure entre les 2 attentes par COEXIA. Il en va de même pour la Z10+Z24",['17-04-2013'],"[8, 9, 10, 11, 12, 13, 14, 15, 16, 17, 18, 19, 20, 21, 22, 23, 24, 25, 26, 27, 28, 29, 30, 31, 32, 33, 34, 35, 36, 37, 38, 39, 40, 41, 42, 43, 44, 45, 46, 47, 48, 49, 49, 51, 52, 53, 54, 55, 56]","[52, 59, 66, 73, 80, 87, 94, 101, 109, 117, 125, 132, 140, 147, 154, 161, 168, 176, 183, 191, 198, 206, 213, 221, 229, 237, 245, 253, 261, 269, 278, 287, 296, 305, 314, 323, 332, 341, 350, 359, 368, 377, 388, 406, 422, 431, 440, 449, 458]",11,DR
"bac tampon rivière à bouée intégré dans l’emprise initial des bacs tampon (sous les
gradins)
Synthèse",['03-04-2013'],"[4, 5, 6]","[26, 32, 38]",7,DR
"choix des teintes de la toile tendue 6 mois au plus tard avant la pose. 06/11/13 : choix pour
01/12/13",['11-09-2013'],"[30, 31, 32]","[216, 224, 232]",5,DR
"choix teintes 1070 Blanc pour les plages, 7035 Gris clair pour les pédiluves
AVANCEMENT – PLANIFICATION
Intempéries :
34 jours
1 jour (le 03/07/13 : pluie), 1 jour (le 18/09/13 : pluie), 1 jour (le 10/10/13 : pluie), 1 jour (le 23/10/13 : vent), 1 jour
(le 25/10/13 : vent), 2 jours (les 28 et 29/10/13), 3 jours (le 04/11/13 : vent, le 05/11/13 : pluie, le 06/11/13 : pluie +
vent), 2 jours (les 07 et 08/11/13 : pluie et vent), 1 jour (le 14/11/13 : vent), 1 jour (le 19/11/13 : pluie), 1 jour (le
21/11/13 : neige), 1 jour (le 03/12/13 : gel), 1 jour (le 11/12/13 : gel), 2 jours (les 12 et 13/12/13 : gel), 1 jour (le
06/01/14 : pluie), 3 jours (les 14, 15 et 16/01/14 : pluie), 1 jour (le 20/01/14 : pluie), 1 jour (le 27/01/14 : pluie et
vent), 1 jour (le 07/02/14 : vent), 1 jour (le 13/02/14 : pluie et vent), 3 jours (les 27, 28/02/14 et 03/03/14 : pluie), 1
jour (le 21/03/14 : pluie), 2 jours (les 12 et 13/05/14 : pluie), 1 jour (le 04/06/14 : pluie)
Effectif :",['04-06-2014'],"[57, 58]","[472, 481]",18,DR
"confirmer la finition des pédiluves extérieurs en tenant compte de la nécessité d’une
étanchéité sur le support béton",['26-08-2015'],"[83, 84, 85]","[728, 738, 748]",21,DR
"confirmer la hauteur de la retombée du pan incliné au droit verrière tipi pour incor-
poration bouche d’aspiration ventilation",['11-03-2015'],"[63, 63, 64, 64, 65, 65, 66, 66, 67, 67, 68, 68, 69, 69, 70, 70, 71, 71, 72, 72, 73, 73, 74, 74, 75, 75, 76, 76, 77, 77, 78, 78, 79, 79, 80, 81, 82, 83, 84, 85, 86, 87, 88, 89, 90, 91, 92]","[519, 519, 527, 527, 535, 535, 544, 544, 553, 553, 562, 562, 571, 571, 583, 583, 598, 598, 610, 610, 625, 625, 637, 637, 652, 652, 662, 662, 671, 671, 680, 680, 689, 689, 698, 708, 718, 728, 738, 748, 758, 768, 778, 788, 798, 809, 825]",19,DR
"confirmer le principe de fonctionnement des pédiluves souhaité : alimentation, trop
plein, évacuation",['22-01-2014'],"[39, 40, 40, 41, 42, 42, 43, 43, 44, 44, 45, 45, 46, 46, 47, 47, 48, 48, 49, 49, 49, 49, 51, 51]","[288, 297, 297, 306, 316, 316, 324, 324, 333, 333, 342, 342, 351, 351, 360, 360, 369, 369, 378, 378, 390, 390, 408, 408]",19,DR
"confirmer que l’éclairage public au droit des quais bus (hors limite de prestation)
est dans le marché travaux",['22-07-2015'],"[81, 82, 83, 84, 85, 86, 87]","[708, 718, 728, 738, 748, 758, 768]",19,DR
"contacter EAU et FORCE pour confirmer que le compteur d’eau est de type à impulsion.
18/06/14 : transmettre besoin en eau à EAU et FORCE. 08/04/15 : organiser réunion concessionnaires",['23-04-2014'],"[67, 67, 68, 68, 69, 69, 70, 70]","[553, 553, 562, 562, 571, 571, 583, 583]",7,DR
"contacter EAU et FORCE pour confirmer que le compteur d’eau est de type à impulsion.
18/06/14 : transmettre besoin en eau à EAU et FORCE. 08/04/15 : organiser réunion concessionnaires.
06/05/15 : URGENT",['23-04-2014'],"[71, 71, 72, 72]","[598, 598, 610, 610]",8,DR
"contacter EAU et FORCE pour confirmer que le compteur d’eau est de type à impulsion.
18/06/14 : transmettre besoin en eau à EAU et FORCE. 08/04/15 : organiser réunion concessionnaires.
06/05/15 : URGENT ; 13/05/15 : Organisera une réunion des concessionnaires première quinzaine de
juin 2015. 20/05/15 : réunion le 03/06/15 à 14h00",['23-04-2014'],"[73, 73, 74, 74]","[625, 625, 637, 637]",9,DR
"diffuser plan de socles sur terrasse technique. 06/11/13 : tenir compte épaisseur complexe
isolant/étanchéité 100mm
Réservations en phase réalisation",['30-10-2013'],"[30, 31, 32, 33]","[213, 221, 229, 237]",19,DR
"diffuser plan siphon et réseaux plages extérieurs à MONTARON pour le 20/09/13
Contrôle réservations en sous sol du 18/12/13
- Locaux TE / TA :
. vérifier si robinet de puisage dans socle casiers piscine
Contrôle réservations en RDC du 22/01/14
- valider VH local TGBT dans la porte du local
- vérifier alignement des réservations dans gradins
- vérifier alignement des réservations des trappes de lignes de nage
- manque toutes les réservations pour siphons de sol et caniveaux de la zone vestiaires sanitaires plon-
gée (plan non fourni)
Contrôle réservations de serrurerie du 22/01/14
- repères 4 et 6 : piochage si nécessaire lors de la pose
- repères 5 et 18 : reprise
- repère 8, 11 et 20 : vérification avec trait de niveau
- repère 10 : calfeutrement mortier après pose si nécessaire
Contrôle réservations en R+1 du 19/02/14
- vérifier alignement réservations sur coursive
- 2 réservations 300x300 à déplacer en hauteur sur coursive bassin ludique (soufflage canons de lu-
mière)
- vérifier alignement réservations au niveau terrasse technique zone plongée",['18-09-2013'],"[49, 49, 51]","[377, 388, 406]",29,DR
"dû au lot VRD environ 4 450m3 en apport et environ 32 100m3 en réemploi. Dû au
lot GO 16 000m3 (estimé en phase chantier 5 000m3)",['11-09-2013'],"[22, 23, 24, 25, 26, 29, 33, 35]","[158, 165, 172, 180, 187, 209, 241, 257]",13,DR
"effort horizontal à prendre en compte lors de la tension de la toile 45 daN/ml. At-
tention files 1é et 13, décalage de hauteur de toile de part et d’autre de la poutre, donc les ef-
forts ne s’annulent pas
- 24/04/13  prévoir une structure à souder en pied de charpente métallique des verrières",['24-04-2013'],"[7, 8, 9, 10, 11, 12, 13, 14, 15, 16, 17, 18, 19, 20, 21]","[45, 52, 59, 66, 73, 80, 87, 94, 101, 109, 117, 125, 132, 140, 147]",24,DR
faire VISA sur fiche produit bâche bentonitique du bassin EP,['25-09-2013'],"[24, 25, 26, 27, 28, 29, 30, 31, 32, 33, 34, 35, 36, 37, 38, 39, 40, 40, 41, 42, 43, 43, 44, 44, 45, 45, 46, 46, 47, 47, 48, 48, 49, 49, 49, 49, 51, 51]","[169, 177, 184, 192, 199, 207, 214, 222, 230, 238, 246, 254, 262, 270, 279, 288, 297, 297, 306, 315, 324, 324, 333, 333, 342, 342, 351, 351, 360, 360, 369, 369, 378, 378, 390, 390, 408, 408]",21,DR
"faire choix de la perforation des panneaux stratifiés dus par le lot menuiserie inté-
rieur dans la hall bassin sportif (∅8mm, entraxe multiple 32mm)",['08-07-2015'],"[80, 81, 82, 83, 84, 85, 86, 87, 88, 89, 90, 91, 92]","[698, 708, 718, 728, 738, 748, 758, 768, 778, 788, 798, 809, 825]",18,DR
"faire coupe sur bassin intermédiaire rivière à bouées en précisant le niveau haut de
ce bassin et le raccordement souhaité sur les 2 parties de rivière (amont et aval)",['15-05-2013'],"[10, 11, 12, 13, 14, 15, 16]","[67, 74, 81, 88, 95, 102, 110]",24,DR
"faire levé topo et définition des besoins réels pour le 25/09/13. 26/09/13 : en m3
remblais périphériques : 6400 pour 4000 marché
trottoir : 700 pour 2251 marché
voirie : 3529 pour 3651 marché
solarium : 735 pour 642 marché
espaces verts : 1210 pour 1320 marché
merlon paysager : 24600 pour 13000 marché (avec 0,20m de terre végétale et nivellement plat)
soit ≈ 37100 m3 pour 24700 m3 marché. Manque ≈ 10000m3",['11-09-2013'],"[24, 25, 26, 29]","[172, 180, 187, 209]",20,DR
"faire plan avec niveaux des remblais en pied de bâtiment dus par SOGEA (en fonc-
tion des finitions extérieures",['17-04-2013'],"[6, 7, 8, 9, 10]","[39, 46, 53, 60, 67]",7,DR
"faire plan de repérage des contre cloisons à réaliser dans vestiaires remise en
forme",['20-05-2015'],"[73, 73, 75, 75, 76, 76]","[625, 625, 652, 652, 662, 662]",20,DR
"faire proposition de complément de contrôle d’accès sur la zone remise en forme
humide",['19-03-2014'],"[46, 46, 47, 47, 48, 48, 49, 49, 52, 52, 53, 53, 54, 54, 55, 55, 56, 56, 57, 57, 58, 58, 59, 59, 60, 60, 61, 61, 62, 62, 63, 63, 64, 64, 65, 65, 66, 66, 67, 67, 68, 68, 69, 69, 70, 70, 71, 71, 72, 72, 73, 73, 74, 74, 75, 75, 76, 76, 77, 77, 78, 78, 79, 79, 80, 81, 82, 83, 84, 85, 86, 87, 88, 89, 90, 91, 92, 98, 99]","[351, 351, 360, 360, 369, 369, 378, 378, 422, 422, 431, 431, 440, 440, 449, 449, 458, 458, 467, 467, 476, 476, 485, 485, 494, 494, 503, 503, 511, 511, 519, 519, 527, 527, 535, 535, 544, 544, 553, 553, 562, 562, 571, 571, 583, 583, 598, 598, 610, 610, 625, 625, 637, 637, 652, 652, 662, 662, 671, 671, 680, 680, 689, 689, 698, 708, 718, 728, 738, 748, 758, 768, 778, 788, 798, 809, 825, 843, 852]",23,DR
faire un point sur les pores équipées de gâches électriques,['16-09-2015'],"[86, 87, 88, 89, 90, 91, 92, 98, 99]","[758, 768, 778, 788, 798, 810, 825, 843, 852]",18,DR
"fournir un détail de raccordement avec le textile ajouré. 19/06/13 : faire le détail sur la jonction
membrane/ossature/isolation thermique",['13-06-2013'],"[15, 16]","[102, 110]",17,DR
"fournir un détail de raccordement avec le textile ajouré. 19/06/13 : faire le détail sur la jonction mem-
brane/ossature/isolation thermique. 03/07/13 : vue en réunion de synthèse le 02/07/13, contre bardage intérieur
isolé nécessaire sur hauteur du R+2 et couvertine à la jonction membrane/textile ajouré et pipeco autour de chaque
épine",['13-06-2013'],"[17, 18, 19, 22, 23, 24, 25, 26, 27, 28, 29, 30, 31, 32, 33, 34, 35, 36]","[118, 126, 133, 155, 162, 169, 177, 184, 192, 199, 207, 214, 222, 229, 238, 245, 254, 262]",18,DR
"le planning TCE a été diffusé pour analyse à toutes les entreprises avec retour pour
le 04/10/13. Réunion de signature du planning le 16/10/13 à 14h00 : toutes les entreprises sont
convoquées
Intempéries :
2 jours
1 jour (le 03/07/13 : pluie), 1 jour (le 18/09/13 : pluie)
Effectif :",['25-09-2013'],"[24, 25, 26]","[172, 180, 187]",32,DR
"manque 4 réservations en PH sous-sol pour siphon de sol dans sanitaires/douches
individuels
ASSISTANT MAITRISE D’OUVRAGE",['26-03-2014'],"[47, 48, 49]","[359, 368, 377]",41,DR
"manque choix faïence 10/10, pate de verre, bain chaud, bain froid, bande avertis-
seur, pédiluve extérieur (béton acidé à confirmé), hall d’entrée + coursive
AVANCEMENT – PLANIFICATION
Intempéries :
31 jours
1 jour (le 03/07/13 : pluie), 1 jour (le 18/09/13 : pluie), 1 jour (le 10/10/13 : pluie), 1 jour (le 23/10/13 : vent), 1 jour
(le 25/10/13 : vent), 2 jours (les 28 et 29/10/13), 3 jours (le 04/11/13 : vent, le 05/11/13 : pluie, le 06/11/13 : pluie +
vent), 2 jours (les 07 et 08/11/13 : pluie et vent), 1 jour (le 14/11/13 : vent), 1 jour (le 19/11/13 : pluie), 1 jour (le
21/11/13 : neige), 1 jour (le 03/12/13 : gel), 1 jour (le 11/12/13 : gel), 2 jours (les 12 et 13/12/13 : gel), 1 jour (le
06/01/14 : pluie), 3 jours (les 14, 15 et 16/01/14 : pluie), 1 jour (le 20/01/14 : pluie), 1 jour (le 27/01/14 : pluie et
vent), 1 jour (le 07/02/14 : vent), 1 jour (le 13/02/14 : pluie et vent), 3 jours (les 27, 28/02/14 et 03/03/14 : pluie), 1
jour (le 21/03/14 : pluie)
Effectif :",['07-05-2014'],"[53, 54, 55, 56]","[436, 445, 454, 463]",19,DR
"manque deux réservations dans voile file 10 (sans recherche de responsabilité) de
2000x1000mm + ∅250mm. Utilisation de deux réservations 1000x1000mm de part et d’autre
dudit voile pour dédoubler la gaine initiale. Un carottage est à prévoir pour le ∅250mm man-
quant
ASSISTANT MAITRISE D’OUVRAGE",['16-10-2013'],"[27, 28, 29, 30, 32]","[191, 198, 206, 213, 229]",23,DR
"plan de réservations remis ce jour. 26/06/13 : mettre à jour plan avec reprise des cotes
d’implantation en cohérence avec plan de détail",['19-06-2013'],"[16, 17]","[109, 117]",7,DR
problème du nombre d’évacuation des EP de toiture à étudier selon plan remis par,['30-10-2013'],"[29, 30, 31, 32, 33]","[207, 214, 222, 230, 238]",18,DR
"problème imposte manquante sas ascenseur (x2) + infirmerie plongée (hauteur
châssis 2,10m)",['11-06-2014'],"[58, 58, 59, 59, 60, 60, 61, 62, 62, 63, 63, 64, 64, 65, 65, 66, 66, 67, 67]","[476, 476, 485, 485, 494, 494, 504, 511, 511, 519, 519, 527, 527, 535, 535, 544, 544, 553, 553]",20,DR
"préciser la finition des ébrasements et sous face de plancher haut au droit de
chaque accès extérieur de la zone plongée",['15-01-2014'],"[38, 39, 40, 40, 41, 42, 42]","[279, 288, 297, 297, 306, 316, 316]",18,DR
"préciser le niveau bas des canons de lumière pour définition des niveaux de toile
tendue et faire détail de finition toile/CTBX/ossature canon de lumière",['11-09-2013'],"[22, 23, 24]","[155, 162, 169]",19,DR
"quantité disponible à l’origine 21 343m3, dont environ 4 000m3 ont été utilisés pour
le fond de forme du parking. Reste environ 17 300m3 théorique, 15 000m3 selon le relevé géo-
mètre missionné par SOGEA début mars (12 000m3 en 0/40, 2 000m3 en 0/80, 1 000m3 en
terre)",['11-09-2013'],"[22, 23, 24, 25, 26, 29, 33, 34, 35]","[158, 165, 172, 180, 187, 209, 241, 248, 257]",11,DR
"relancer le responsable structure qui a modélisé la charpente métallique pour finali-
ser l’étude avec SOGEA",['20-03-2013'],"[2, 3]","[15, 20]",11,DR
"rotation du caniveau de fond de fosse plongée, déplacement du bac tampon de la
fosse et création d’un local stockage produit. Extrait de plan à mettre à jour pour diffusion",['06-03-2013'],"[1, 2]","[10, 15]",5,DR
"réservation au droit coursive au-dessus local MNS à scier pour hauteur fini de
500mm en alignant les deux réservations
Réception support par CRI du 12/03/14
- effectuer enduit sur maçonnerie recouverte de faïence
- fosse de plongée, reprendre désaffleur entre les deux levées de coulage des bajoyers. Reste à vérifier la dimen-
sion en plan (∅ constant à vérifier sur la hauteur)",['09-04-2014'],"[49, 49, 51]","[377, 388, 406]",34,DR
"réservations sous-sol pour le 12/04/13 dernier délai. 30/04/13 : diffusion ce jour du plan de
réservation sous-sol, qui sera suivi d’un plan indicé après réception des plans de bassins inox
finalisé",['03-04-2013'],"[8, 9]","[52, 59]",17,DR
réservations voiles sous-sol EAS pour le 05/04/13 – 18h00,['27-03-2013'],"[3, 3]","[20, 20]",13,DR
"sanitaires douches PMR femme fosse plongée, décalé WC pour intégrer DEP dans
coffre derrière bâti support",['17-04-2013'],"[6, 7, 8, 9, 10, 11, 12, 13, 14, 15, 16, 17, 18, 19, 20, 21]","[38, 45, 52, 59, 66, 73, 80, 87, 94, 101, 109, 117, 125, 132, 140, 147]",10,DR
"synthèse RDC, R+1 et toiture le 10/09/13. Diffusion plan de réservations pour le 13/09/13. 18/09/13 :
plan présenté validé à compléter avec réservation pour bain chaud pour le 20/09/13. 25/09/13 : diffuser plan
de synthèse réservations RDC et R+1 y compris gradins sans délai",['05-09-2013'],"[24, 25, 26]","[168, 176, 183]",16,DR
"transmettre à SOGEA la réservation du châssis bois entre remise en forme et hall
bassins",['19-02-2014'],"[42, 42, 43, 43]","[316, 316, 324, 324]",7,DR
"une réservation à décaler, implanter dans la charpente métallique
Réception support par CRI du 12/03/14
- fosse de plongée, reprendre désaffleur entre les deux levées de coulage des bajoyers. Reste à vérifier la dimen-
sion en plan (∅ constant à vérifier sur la hauteur)
Synthèse Toile tendue / Surveillance des baignades / Electricité du 18/02/15
- réservation pour caméras Poséidon 65x55cm, découpée in situ
- sur plan de calepinage toile tendue, faire implantation des caméras et des réservations pour le
27/02/15
- caméras en milieu de bassin à régler juste après pose de la toile
ASSISTANT MAITRISE D’OUVRAGE",['25-06-2014'],"[61, 62]","[503, 511]",17,DR
"voir avec BERIM et MONTARON plan de profilage des espaces verts en fonction des
matériaux disponibles en remblais",['02-10-2013'],"[25, 26, 27, 28, 29, 30, 31]","[177, 184, 192, 199, 207, 214, 222]",15,DR
"voir avec BERIM et MONTARON plan de profilage des espaces verts en fonction des matériaux dispo-
nibles en remblais. 20/11/13 : établir plan d’aménagement paysager avec cote de niveaux pour le
04/12/13",['02-10-2013'],"[32, 33, 34, 35, 36]","[230, 238, 246, 254, 262]",9,DR
"voir avec BERIM et MONTARON plan de profilage des espaces verts en fonction des matériaux dispo-
nibles en remblais. 20/11/13 : établir plan d’aménagement paysager avec cote de niveaux pour le 04/12/13.
08/01/14 : URGENT pour le 15/01/14 dernier délai. 22/01/14 : présence en réunion le 22/01/14 obliga-
toire",['02-10-2013'],"[39, 40, 40, 41, 42, 43, 43, 44, 44]","[288, 297, 297, 306, 315, 324, 324, 333, 333]",10,DR
"voir le problème de l’étanchéité à l’air entre l’arrière de la membrane et les locaux
intérieurs",['30-10-2013'],"[29, 30, 31, 32, 33, 34, 35, 36, 37, 38, 39, 40, 40, 41, 42, 42, 43, 43, 44, 44, 45, 45, 46, 46, 47, 47, 48, 48]","[207, 214, 222, 230, 238, 246, 254, 262, 270, 279, 288, 297, 297, 306, 316, 316, 324, 324, 333, 333, 342, 342, 351, 351, 360, 360, 369, 369]",18,DR
"voir pour cristallisation des carneaux de ventilation et nécessité des cuvettes
d’ascenseurs",['20-03-2013'],"[2, 4, 5, 6, 7, 8, 9, 10, 11, 12, 13, 14, 15, 16]","[15, 26, 32, 38, 46, 53, 60, 67, 74, 81, 88, 95, 102, 110]",18,DR
"voir problème de fermeture coupe feu de part et d’autre de l’escalier au droit du
TGBT",['30-04-2013'],"[8, 9, 10, 11, 12]","[53, 60, 67, 74, 81]",22,DR
"voir remarques DEKRA sur les évacuations des EP de toiture. Notamment sur la
zone Z22 représentant 1270m2 et évacuée par 5 trop pleins",['18-09-2013'],"[23, 24, 25, 26, 27, 28, 29, 30, 31, 32, 33]","[162, 169, 177, 184, 192, 199, 207, 214, 222, 230, 238]",19,DR
"vérifier attendus du permis de construire sur les demandes du SDIS. 07/05/13 : défense incendie
(à charge MOA)",['24-03-2014'],"[9, 10, 11, 12]","[60, 67, 74, 81]",19,DR
"vérifier et confirmer la limite de prestation entre SNEF et MONTARON pour la pose
du transfo électrique",['29-07-2015'],"[82, 83]","[718, 728]",19,DR
"vérifier la problématique soulevé par SOGEA de sas sur palier intermédiaire de
l’escalier hélicoïdal",['20-03-2013'],"[2, 4]","[15, 26]",16,DR
CAMVS demande une proposition d’organigramme,['04-11-2015'],"[98, 99]","[843, 852]",17,DR
"FOURNIR TOUS LES PLANS MIS A JOUR SUIVANT TOUTES LES REMARQUES
FORMULEES PAR DR ET ESEC POUR LE 26/04/13 DERNIER DELAI
Carrelages",['24-04-2013'],[7],[45],7,DR
FOURNIR TOUS LES PLANS MIS A JOUR SUIVANT TOUTES LES REMARQUES FORMULEES PAR,['24-04-2013'],"[8, 9]","[52, 59]",4,DR
"MONTARON informe et fait constater qu’un réseau d’assainissement EU existant est présent sur la
parcelle et oblige à décaler les murs de soutènement vers la Sambre. Sur la base du plan de recollement qui sera
fourni par l’entreprise, prévoir une modification du plan parcellaire et du titre de propriété",['02-04-2014'],"[98, 99]","[843, 852]",6,DR
PV de la commission de sécurité joint en annexe,['07-05-2013'],[9],[59],5,DR
RDV choix luminaires le 24/06/14 à 10h00 chez BERIM,['11-06-2014'],"[58, 58, 59, 59]","[476, 476, 485, 485]",22,DR
RDV fixé le 25/09/13 à 10h00 chez DEKRA pour relecture RICT,['11-09-2013'],"[22, 23, 24]","[155, 162, 169]",18,DR
"SNEF signale que les réservations demandées n’ont pas été prises en compte en
RDC et R+1
ASSISTANT MAITRISE D’OUVRAGE",['27-11-2013'],[33],[237],24,DR
"SNEF signale que les réservations demandées n’ont pas été prises en compte en RDC et R+1.
04/12/13 : pris en compte sur plans remis ce jour
ASSISTANT MAITRISE D’OUVRAGE",['27-11-2013'],"[34, 35]","[245, 253]",18,DR
URGENT faire VISA sur plans EXE SOGEA,['19-06-2013'],"[15, 16, 17, 18, 19]","[102, 110, 118, 126, 133]",17,DR
URGENT finaliser le projet vidéosurveillance,['22-07-2015'],"[81, 82, 83, 84, 85, 86, 87, 88, 89, 90, 91, 92]","[708, 718, 728, 738, 748, 758, 768, 778, 788, 798, 809, 825]",18,DR
URGENT finaliser le projet vidéosurveillance. 04/11/15 : RAPPEL,['22-07-2015'],"[98, 99]","[843, 852]",10,DR
"Z1 à Z8 par SOGEA
Synthèse",['17-04-2013'],"[6, 7]","[38, 45]",15,DR
"Z1 à Z8 par SOGEA. Idem pour la Z11, Z12, Z15 à Z21 à charge SOGEA. Les Z9 et Z23 sont à
charge COEXIA
Contrôle réservations en RDC du 22/01/14
- valider VH local TGBT dans la porte du local
- manque toutes les réservations pour siphons de sol et caniveaux de la zone vestiaires sanitaires plongée (plan
non fourni)
Contrôle réservations en R+1 du 19/02/14
- 2 réservations 300x300 à déplacer en hauteur sur coursive bassin ludique (soufflage canons de lumière)
- vérifier alignement réservations au niveau terrasse technique zone plongée",['17-04-2013'],"[54, 55]","[440, 449]",15,DR
"Z1 à Z8 par SOGEA. Idem pour la Z11, Z12, Z15 à Z21 à charge SOGEA. Les Z9 et Z23 sont à
charge COEXIA
Contrôle réservations en RDC du 22/01/14
- valider VH local TGBT dans la porte du local
- manque toutes les réservations pour siphons de sol et caniveaux de la zone vestiaires sanitaires plongée (plan
non fourni)
Contrôle réservations en R+1 du 19/02/14
- 2 réservations 300x300 à déplacer en hauteur sur coursive bassin ludique (soufflage canons de lumière)
- vérifier alignement réservations au niveau terrasse technique zone plongée
Réception support par CRI du 12/03/14
- fosse de plongée, reprendre désaffleur entre les deux levées de coulage des bajoyers. Reste à vérifier la dimen-
sion en plan (∅ constant à vérifier sur la hauteur)
ASSISTANT MAITRISE D’OUVRAGE",['17-04-2013'],[56],[458],18,DR
"Z1 à Z8 par SOGEA. Idem pour la Z11, Z12, Z15 à Z21 à charge SOGEA. Les Z9 et Z23 sont à
charge COEXIA
Contrôle réservations en sous sol du 18/12/13
- Locaux TE / TA :
. vérifier si robinet de puisage dans socle casiers piscine
Contrôle réservations en RDC du 22/01/14
- valider VH local TGBT dans la porte du local
- manque toutes les réservations pour siphons de sol et caniveaux de la zone vestiaires sanitaires plongée (plan
non fourni)
Contrôle réservations en R+1 du 19/02/14
- 2 réservations 300x300 à déplacer en hauteur sur coursive bassin ludique (soufflage canons de lumière)
- vérifier alignement réservations au niveau terrasse technique zone plongée",['17-04-2013'],"[52, 53]","[422, 431]",18,DR
"Z11, regard en pied de chute à confirmer",['17-04-2013'],"[6, 7, 8, 9, 10, 11, 12, 13, 14, 15, 16, 17, 18, 19, 20, 21, 22, 23, 24, 25, 26, 27, 28, 29, 30, 31, 32, 33, 34, 35, 36, 37, 38, 39, 40, 41, 42, 43, 44, 45, 46, 47, 48, 49, 49, 51, 52, 53, 54, 55, 56]","[38, 45, 52, 59, 66, 73, 80, 87, 94, 101, 109, 117, 125, 132, 140, 147, 154, 161, 168, 176, 183, 191, 198, 206, 213, 221, 229, 237, 245, 253, 261, 269, 278, 287, 296, 305, 314, 323, 332, 341, 350, 359, 368, 377, 388, 406, 422, 431, 440, 449, 458]",8,DR
"accord pour poser tableaux élec dans local MNS/Infirmerie selon plan architecte y compris goulotte
sous plan de travail. 25/11/15 : vu ce jour, alimentation de la dite goulotte par une goulotte verticale le long du
châssis vitré sur pédiluve",['07-10-2015'],[97],[838],8,DR
assurer les calfeutrements coupe feu à l’avancement conformément à la fiche 73 de DEKRA,['08-07-2015'],[97],[838],3,DR
"attention au décalage de recharge au droit de la pataugeoire : au-delà des réservations pour des-
centes de goulottes",['30-10-2013'],[30],[215],2,DR
attention implantation sèche cheveux dans espace beauté. Faire alimentation sous tube inox apparent,['22-07-2015'],[97],[838],4,DR
bac tampon rivière à bouée intégré dans l’emprise initial des bacs tampon (sous les gradins),['03-04-2013'],"[7, 8]","[45, 52]",4,DR
"bac tampon rivière à bouée à l’aplomb des carneaux de ventilation, longueur inté-
rieur 11m, implanté depuis la zone à -4,66m",['27-03-2013'],[3],[20],5,DR
bacs tampon confirmé selon l’envoi du 22/03/13,['27-03-2013'],[3],[20],6,DR
"bain chaud, bain froid, hall d’entrée + coursive",['07-05-2014'],"[57, 58, 60]","[472, 481, 498]",7,DR
choix des teintes de la toile tendue 6 mois au plus tard avant la pose,['11-09-2013'],"[22, 23, 24, 25, 26, 27, 28, 29]","[158, 165, 172, 180, 187, 194, 201, 209]",5,DR
"choix des teintes de la toile tendue 6 mois au plus tard avant la pose. 06/11/13 : choix pour 01/12/13
Matériaux de remblais du site",['11-09-2013'],"[33, 34]","[241, 248]",5,DR
compléter protections collectives fosse de plongée (plinthe + hauteur de lisse),['08-04-2015'],[67],[554],11,DR
confirmation des échelles encastrées en parois du bassin sportif,['20-03-2013'],"[3, 4]","[20, 26]",3,DR
"confirmation des échelles encastrées en parois du bassin sportif
Synthèse",['20-03-2013'],[2],[15],5,DR
confirmer choix carrelages sanitaires homme remise en forme,['15-04-2015'],"[68, 68]","[562, 562]",18,DR
confirmer classe du bois pour bardage clin extérieur,['11-06-2014'],"[58, 58, 59, 59, 60, 60, 61, 62, 63, 63, 64, 64]","[476, 476, 485, 485, 494, 494, 504, 512, 519, 519, 527, 527]",22,DR
confirmer la nécessité des panneaux perforés en zone plongée (CTBX 22mm),['08-07-2015'],"[80, 81, 82, 83, 84, 85, 86, 87, 88, 89, 90, 91, 92, 98, 99]","[698, 708, 718, 728, 738, 748, 758, 768, 778, 788, 798, 809, 825, 843, 852]",16,DR
confirmer le RAL des menuiseries alu,['11-09-2013'],[27],[194],5,DR
"confirmer le RAL des menuiseries alu
Matériaux de remblais du site",['11-09-2013'],"[22, 23, 24, 25, 26]","[158, 165, 172, 180, 187]",7,DR
"confirmer le type de finition souhaitée sur les maçonnerie : enduite ou joints tirés au
fer",['06-11-2013'],[30],[214],20,DR
confirmer les hauteurs sous faux plafonds,['01-04-2015'],"[66, 66, 67, 67, 68, 68]","[544, 544, 553, 553, 562, 562]",17,DR
confirmer les plafonds CF à prévoir,['22-04-2015'],"[69, 69, 71, 71, 72, 72, 73, 73, 74, 74]","[571, 571, 598, 598, 610, 610, 625, 625, 637, 637]",15,DR
"confirmer les plafonds CF à prévoir
-29/04/15 : SOGEA souhaite connaître savoir à quel moment est prévue la pose des douces
courbes, avant ou après la réalisation de la chape. En zone bains chaud, faire une synthèse avec",['22-04-2015'],"[70, 70]","[583, 583]",17,DR
confirmer les teintes des DEP,['11-03-2015'],"[63, 63]","[519, 519]",17,DR
confirmer l’option triple vitrage également sur les verrières,['06-03-2013'],"[1, 2, 3, 4, 5, 6, 7, 8, 9, 10, 11, 12, 13, 14, 15, 16, 17, 18, 19, 20, 21, 22, 23, 24]","[10, 15, 20, 26, 32, 38, 46, 53, 60, 67, 74, 81, 88, 95, 102, 110, 118, 126, 133, 141, 148, 155, 162, 169]",8,DR
"confirmer l’épaisseur du plan de travail du local MNS pour confirmer hauteur gou-
lotte à SNEF",['07-10-2015'],[89],[788],19,DR
"confirmer teint des poteaux bois intérieurs + clin dans murs rideaux
Matériaux de remblais du site",['30-10-2013'],[29],[209],6,DR
confirmer teinte des poteaux bois intérieurs + clin dans murs rideaux,['30-10-2013'],[30],[216],5,DR
confirmer à CRI les hauteurs de coffres GEBERIT pour définition arrêt des faïences,['30-09-2015'],[88],[778],19,DR
confirmer à MQB le % de vide dans barrage bois sur coursive,['05-03-2014'],"[44, 44, 45, 45, 46, 46]","[333, 333, 342, 342, 351, 351]",19,DR
contacter EAU et FORCE pour confirmer que le compteur d’eau est de type à impulsion,['23-04-2014'],"[54, 54, 55, 55, 56, 56, 57, 57, 58, 58]","[440, 440, 449, 449, 458, 458, 467, 467, 476, 476]",9,DR
"contacter EAU et FORCE pour confirmer que le compteur d’eau est de type à impulsion. 18/06/14 :
transmettre besoin en eau à EAU et FORCE",['23-04-2014'],"[59, 59, 60, 60, 61, 61, 62, 62, 63, 63, 64, 64, 65, 65, 66, 66]","[485, 485, 494, 494, 503, 503, 511, 511, 519, 519, 527, 527, 535, 535, 544, 544]",9,DR
courant provisoire demandé pour le 02/01/16,['10-11-2015'],[97],[838],14,DR
dalles de faux plafonds mises à disposition pour incorporation,['14-10-2015'],[97],[838],9,DR
"demande d’agrément de sous-traitant SOGEA (Ménard, Rietsch, Mathis, Renard) en
cours de signature par MOA",['07-05-2013'],[9],[59],5,DR
"demande d’agrément de sous-traitant SOGEA (Ménard, Rietsch, Mathis, Renard) en cours de signa-
ture par MOA
SOUS TRAITANCE",['07-05-2013'],[10],[66],5,DR
demander les fluides pour fin novembre pour débuter les essais,['30-09-2015'],[88],[778],18,DR
diffuser CR réunion avec ARS,['07-05-2014'],"[53, 53, 54, 54, 55, 55, 56, 56, 57, 57, 58, 58, 59, 59, 60, 60, 61, 61, 62, 62, 63, 63, 64, 64, 65, 65, 66, 66, 67, 67, 68, 68, 69, 69, 70, 70, 71, 71, 72, 72, 73, 73, 74, 74, 75, 75, 76, 76, 77, 77, 78, 78, 79, 79, 80, 81, 82, 83, 84, 85, 86, 87, 88, 89, 90, 91, 92, 98]","[431, 431, 440, 440, 449, 449, 458, 458, 467, 467, 476, 476, 485, 485, 494, 494, 503, 503, 511, 511, 519, 519, 527, 527, 535, 535, 544, 544, 553, 553, 562, 562, 571, 571, 583, 583, 598, 598, 610, 610, 625, 625, 637, 637, 652, 652, 662, 662, 671, 671, 680, 680, 689, 689, 698, 708, 718, 728, 738, 748, 758, 768, 778, 788, 798, 809, 825, 843]",11,DR
diffuser plan RDC à MONTARON,['11-06-2014'],"[58, 58]","[476, 476]",18,DR
diffuser plan VRD à GrDF avec implantation souhaitée du coffret de détente,['15-05-2013'],"[10, 11]","[67, 74]",24,DR
diffuser plan de modification accès chantier à partir du 20/04/15,['01-04-2015'],"[66, 66]","[544, 544]",18,DR
diffuser plan de repérage coupe feu,['08-07-2015'],[80],[698],18,DR
"diffuser plan de socles sur terrasse technique
Charpente LC / Faux plafonds
- 24/04/13  prévoir une structure à souder en pied de charpente métallique des verrières
Réservations en phase réalisation",['30-10-2013'],[29],[206],20,DR
diffuser plan réseaux enterrés à MONTARON pour le 20/09/13,['18-09-2013'],"[23, 24]","[161, 168]",16,DR
diffuser plan siphon et réseaux plages extérieurs à MONTARON pour le 20/09/13,['18-09-2013'],"[23, 24, 25, 26, 27, 28, 29, 30, 31, 32, 33]","[161, 168, 176, 183, 191, 198, 206, 213, 221, 229, 237]",17,DR
"diffuser plan siphon et réseaux plages extérieurs à MONTARON pour le 20/09/13
Contrôle réservations en sous sol du 18/12/13
- Déboucher toutes les réservations
- Locaux TE / TA :
. 2 ventilations de bac tampon fosse de plongée à carotter
. 3 pièces à sceller bac tampon plongée à carotter : plan précis à fournir par EAS
. manque 4 réservations en PH pour COEXIA : plan précis à fournir par COEXIA
. manque 1 réservation COEXIA en voile cour anglaise
. vérifier si robinet de puisage dans socle casiers piscine
. vérifier siphon + évacuation sanitaires entrée et sanitaires douches piscine : confirmer nature des réseaux à pas-
ser par COEXIA
- Galeries techniques :
. voile à proximité local technique ludique à vérifier
. manque 1 réservation SNEF à proximité du local technique ludique
. manque 1 réservation COEXIA en voile infrastructure à côté du bassin d’apprentissage
. manque 3 réservations COEXIA à côté des bacs tampon
. vérifier possibilité de descendre réseau EU plages sous poutres autour du bassin d’activités (AI poutre à – 0.58
sauf une poutre à – 0.63)
. prévoir un gabarit pour vérification réservation grille de soufflage au sol
Contrôle réservations en RDC du 22/01/14
- manque 1∅200 dans local stockage univers petite enfance
- manque 1 réservation 20x40ht au droit douches à jets
- reprendre alignement 3 réservations rectangulaires dans salle fitness
- vérifier 2 réservations dans sanitaires publics
- vérifier 1 réservation dans local entretien vestiaires
- manque 1 réservation 35x35 en dalle haute du TGBT
- valider VH local TGBT dans la porte du local
- réservation à déboucher dans local compresseur
- réservation à déboucher dans local déchetterie
- 2 réservations à déboucher dans local espaces verts
- manque 1 réservation + 1 réservation à reprendre dans local technique plongée
- 2 réservations à déboucher dans local musculation
- manque 3 réservations dans chaufferie
- vérifier alignement des réservations dans gradins
- vérifier alignement des réservations des trappes de lignes de nage
- fournir gabarit pour vérification des réservations pour grille de sol sur plages
- manque toutes les réservations pour siphons de sol et caniveaux de la zone vestiaires sanitaires plongée (plan
non fourni)",['18-09-2013'],"[43, 44, 45]","[323, 332, 341]",47,DR
"diffuser plan siphon et réseaux plages extérieurs à MONTARON pour le 20/09/13
Contrôle réservations en sous sol du 18/12/13
- Locaux TE / TA :
. 3 pièces à sceller bac tampon plongée à carotter : plan précis à fournir par EAS
. vérifier si robinet de puisage dans socle casiers piscine
- Galeries techniques :
. voile à proximité local technique ludique à vérifier
. manque 1 réservation SNEF à proximité du local technique ludique
. prévoir un gabarit pour vérification réservation grille de soufflage au sol
Contrôle réservations en RDC du 22/01/14
- manque 1∅200 dans local stockage univers petite enfance
- manque 1 réservation 20x40ht au droit douches à jets
- reprendre alignement 3 réservations rectangulaires dans salle fitness
- vérifier 2 réservations dans sanitaires publics
- vérifier 1 réservation dans local entretien vestiaires
- manque 1 réservation 35x35 en dalle haute du TGBT
- valider VH local TGBT dans la porte du local
- réservation à déboucher dans local compresseur
- réservation à déboucher dans local déchetterie
- 2 réservations à déboucher dans local espaces verts
- manque 1 réservation + 1 réservation à reprendre dans local technique plongée
- 2 réservations à déboucher dans local musculation
- manque 3 réservations dans chaufferie
- vérifier alignement des réservations dans gradins
- vérifier alignement des réservations des trappes de lignes de nage
- fournir gabarit pour vérification des réservations pour grille de sol sur plages
- manque toutes les réservations pour siphons de sol et caniveaux de la zone vestiaires sanitaires plongée (plan
non fourni)
Contrôle réservations de serrurerie du 22/01/14
- repères 4 et 6 : piochage si nécessaire lors de la pose
- repères 5 et 18 : reprise
- repère 8, 11 et 20 : vérification avec trait de niveau
- repère 10 : calfeutrement mortier après pose si nécessaire
Contrôle bassins ludique et apprentissage du 22/01/14
- piochage si nécessaire lors de la pose des panneaux verticaux
Contrôle bassin sportif et rivière du 03/02/14
- piochage si nécessaire lors de la pose des panneaux verticaux du bassin sportif.19/03/14 : fait par A&T
- fond de goulotte bassin sportif à rehausser. 19/03/14 : compenser par pièces métalliques par A&T",['18-09-2013'],[46],[350],47,DR
"diffuser plan siphon et réseaux plages extérieurs à MONTARON pour le 20/09/13
Contrôle réservations en sous sol du 18/12/13
- Locaux TE / TA :
. vérifier si robinet de puisage dans socle casiers piscine
- Galeries techniques :
. prévoir un gabarit pour vérification réservation grille de soufflage au sol
Contrôle réservations en RDC du 22/01/14
- valider VH local TGBT dans la porte du local
- vérifier alignement des réservations dans gradins
- vérifier alignement des réservations des trappes de lignes de nage
- manque toutes les réservations pour siphons de sol et caniveaux de la zone vestiaires sanitaires plongée (plan
non fourni)
Contrôle réservations de serrurerie du 22/01/14
- repères 4 et 6 : piochage si nécessaire lors de la pose
- repères 5 et 18 : reprise
- repère 8, 11 et 20 : vérification avec trait de niveau
- repère 10 : calfeutrement mortier après pose si nécessaire
Contrôle bassins ludique et apprentissage du 22/01/14
- piochage si nécessaire lors de la pose des panneaux verticaux
Contrôle bassin sportif et rivière du 03/02/14
- quais à prolonger du bassin sportif. 26/03/14 : trop large, à recouper
Contrôle réservations en R+1 du 19/02/14
- vérifier alignement réservations sur coursive
- 2 réservations 300x300 à déplacer en hauteur sur coursive bassin ludique (soufflage canons de lumière)
- vérifier alignement réservations au niveau terrasse technique zone plongée
Réception support par CRI du 12/03/14
- effectuer enduit sur maçonnerie recouverte de faïence
- fosse de plongée, reprendre désaffleur entre les deux levées de coulage des bajoyers. Reste à vérifier la dimen-
sion en plan (∅ constant à vérifier sur la hauteur)",['18-09-2013'],[47],[359],39,DR
"diffuser plan siphon et réseaux plages extérieurs à MONTARON pour le 20/09/13
Contrôle réservations en sous sol du 18/12/13
- Locaux TE / TA :
. vérifier si robinet de puisage dans socle casiers piscine
Contrôle réservations en RDC du 22/01/14
- valider VH local TGBT dans la porte du local
- vérifier alignement des réservations dans gradins
- vérifier alignement des réservations des trappes de lignes de nage
- manque toutes les réservations pour siphons de sol et caniveaux de la zone vestiaires sanitaires plongée (plan
non fourni)
Contrôle réservations de serrurerie du 22/01/14
- repères 4 et 6 : piochage si nécessaire lors de la pose
- repères 5 et 18 : reprise
- repère 8, 11 et 20 : vérification avec trait de niveau
- repère 10 : calfeutrement mortier après pose si nécessaire
Contrôle bassin sportif et rivière du 03/02/14
- quais à prolonger du bassin sportif. 26/03/14 : trop large, à recouper
Contrôle réservations en R+1 du 19/02/14
- vérifier alignement réservations sur coursive
- 2 réservations 300x300 à déplacer en hauteur sur coursive bassin ludique (soufflage canons de lumière)
- vérifier alignement réservations au niveau terrasse technique zone plongée
Réception support par CRI du 12/03/14
- effectuer enduit sur maçonnerie recouverte de faïence
- fosse de plongée, reprendre désaffleur entre les deux levées de coulage des bajoyers. Reste à vérifier la dimen-
sion en plan (∅ constant à vérifier sur la hauteur)",['18-09-2013'],[48],[368],34,DR
"diffuser plan siphon et réseaux plages extérieurs à MONTARON pour le 20/09/13
Réservations en phase réalisation",['18-09-2013'],"[34, 35, 36, 37, 38, 39, 40, 41, 42]","[245, 253, 261, 269, 278, 287, 296, 305, 314]",13,DR
diffuser plan sorties bâtiment à MONTARON pour le 20/09/13,['18-09-2013'],"[23, 24, 25, 26, 27, 28, 29, 30, 31, 32, 33]","[161, 168, 176, 183, 191, 198, 206, 213, 221, 229, 237]",18,DR
diffuser plans toile tendue à SNEF,['08-04-2015'],"[67, 67, 68, 68]","[553, 553, 562, 562]",19,DR
diffuser polychromie,['21-05-2014'],"[55, 55, 56, 56, 57, 57, 58, 58, 59, 59, 60, 60]","[449, 449, 458, 458, 467, 467, 476, 476, 485, 485, 494, 494]",12,DR
diffuser polychromie. 18/02/15 : pour le lots sols durs reste le hall d’entrée,['21-05-2014'],"[61, 61]","[503, 503]",10,DR
diffuser à COEXIA plan CRI,['05-03-2014'],"[44, 44, 45, 45]","[333, 333, 342, 342]",20,DR
diffuser à SOGEA plan de repérage menuiseries bois,['05-03-2014'],"[44, 44, 45, 45]","[333, 333, 342, 342]",20,DR
"diffusion fond de plan GO pour le 05/04/13
INSTALLATION DE CHANTIER
- Plan d'installation de chantier à mettre à jour. 20/03/13 : clôture à prévoir en périphérie du chantier et en bordure
du futur parking qui servira de base vie. 27/03/13 : plan présenté ce jour",['03-04-2013'],[4],[26],11,DR
donner la correspondance pour pate de verre du VITREO 109,['22-04-2015'],"[69, 69, 70, 70]","[571, 571, 583, 583]",15,DR
décaissé de sol ascenseur 30mm maxi,['10-07-2013'],"[18, 19, 22, 23, 24, 25, 26, 27, 28, 29, 30, 31, 32, 33, 34, 35, 36, 37, 38, 39, 40, 40, 41, 42, 43, 43, 44, 44, 45, 45, 46, 46, 47, 47, 48, 48, 49, 49, 49, 49, 51, 51, 52, 52, 53, 53, 54, 54, 55, 55, 56, 56, 57, 57, 58, 58, 59, 59, 60, 60, 61, 61, 62, 62, 63, 63, 64, 64, 65, 65, 66, 66, 67, 67, 68, 68, 69, 69, 70, 70, 71, 71, 72, 72, 73, 73, 74, 74, 75, 75, 76, 76, 77, 77, 78, 78, 79, 79, 80, 81]","[126, 133, 155, 162, 169, 177, 184, 192, 199, 207, 214, 222, 230, 238, 246, 254, 262, 270, 279, 288, 297, 297, 306, 315, 324, 324, 333, 333, 342, 342, 351, 351, 360, 360, 369, 369, 378, 378, 390, 390, 408, 408, 422, 422, 431, 431, 440, 440, 449, 449, 458, 458, 467, 467, 476, 476, 485, 485, 494, 494, 503, 503, 511, 511, 519, 519, 527, 527, 535, 535, 544, 544, 553, 553, 562, 562, 571, 571, 583, 583, 598, 598, 610, 610, 625, 625, 637, 637, 652, 652, 662, 662, 671, 671, 680, 680, 689, 689, 698, 708]",19,DR
définir finition et reprise sur façades béton,['11-06-2014'],"[58, 58, 59, 59, 60, 60, 61, 61, 62, 62, 63, 63, 64, 64, 65, 65, 66, 66, 67, 67]","[476, 476, 485, 485, 494, 494, 503, 503, 511, 511, 519, 519, 527, 527, 535, 535, 544, 544, 553, 553]",16,DR
définir niveau traverses dans mur rideau façade sud pour limiter enrochement,['08-01-2014'],"[37, 38, 39, 40, 40, 41]","[270, 279, 288, 297, 297, 306]",18,DR
définir protections collectives après intervention carrelages autour des bassins,['08-04-2015'],[67],[554],17,DR
"détail 43 à reprendre, incohérence des niveaux indiqués",['20-03-2013'],"[2, 4, 5, 6, 7, 8, 9, 10, 11, 12]","[15, 26, 32, 38, 46, 53, 60, 67, 74, 81]",13,DR
"expliciter le mode de pose attendu pour la membrane PVC (pose horizontale ou ver-
ticale, le traitement des joints, calepinage, … ) et fournir un détail de raccordement avec le tex-
tile ajouré",['13-06-2013'],[14],[95],17,DR
faire choix carrelage de profondeur selon document remis par CRI,['28-10-2015'],[92],[825],30,DR
faire coupes sur local musculation,['30-04-2013'],"[8, 9, 10, 11, 12]","[53, 60, 67, 74, 81]",21,DR
faire croquis principe de douche + siphon des pédiluves extérieurs,['17-04-2013'],"[6, 7, 8, 9, 10, 11, 12, 13, 14, 15, 16, 17, 18, 19, 20, 21, 22, 23, 24, 25, 26, 27, 28, 29, 30]","[39, 46, 53, 60, 67, 74, 81, 88, 95, 102, 110, 118, 126, 133, 141, 148, 155, 162, 169, 176, 183, 191, 198, 206, 213]",4,DR
faire détail banc bassin d’activités et banc hammam,['12-03-2014'],"[45, 45, 46, 46]","[342, 342, 351, 351]",16,DR
faire détail de finition toile/CTBX/ossature canon de lumière,['11-09-2013'],"[25, 26, 27, 28, 29, 30, 31, 32, 33, 34, 35, 36, 37, 38, 39, 40, 40, 41, 42, 43, 43, 44, 44, 45, 45, 46, 46, 47, 47, 48, 48, 49, 49, 49, 49, 51, 51, 52, 52, 53, 53, 54, 54, 55, 55, 56, 56, 57, 57, 58, 58, 59, 59, 60, 60]","[177, 184, 192, 199, 207, 214, 222, 230, 238, 246, 254, 262, 270, 279, 288, 297, 297, 306, 315, 324, 324, 333, 333, 342, 342, 351, 351, 360, 360, 369, 369, 378, 378, 390, 390, 408, 408, 422, 422, 431, 431, 440, 440, 449, 449, 458, 458, 467, 467, 476, 476, 485, 485, 494, 494]",10,DR
faire détail des distributeurs de cintres et de jetons,['08-07-2015'],"[80, 81, 82, 83, 84, 85, 86, 87, 88, 89, 90, 91, 92, 98, 99]","[698, 708, 718, 728, 738, 748, 758, 768, 778, 788, 798, 809, 825, 843, 852]",13,DR
faire détail finition châssis façade nord avec courbe du voile,['09-10-2013'],"[26, 27, 28]","[184, 192, 199]",18,DR
faire détail sur bain chaud avec banquette de soufflage,['05-09-2013'],[22],[155],17,DR
faire extrait de plan de pente de la zone pataugeoire,['02-04-2014'],"[48, 48]","[369, 369]",15,DR
faire fermer le local TGBT au droit de l’escalier menant au R+1,['30-09-2015'],"[88, 89, 90, 91, 92, 98, 99]","[778, 788, 798, 810, 825, 843, 852]",20,DR
faire fiche VISA VRD,['24-04-2013'],"[7, 8, 9, 10, 11, 12, 13, 14, 15, 16, 17, 18, 19, 20, 21, 22, 23, 24, 25, 26, 27, 28, 29, 30, 31, 32, 33]","[46, 53, 60, 67, 74, 81, 88, 95, 102, 110, 118, 126, 133, 141, 148, 155, 162, 169, 177, 184, 191, 198, 206, 213, 221, 229, 238]",16,DR
faire implantation de la cascade de la rivière pour EAS,['02-04-2014'],"[48, 48]","[369, 369]",15,DR
faire implantation des cônes acoustiques,['08-01-2014'],"[37, 38, 39, 40, 40, 41]","[270, 279, 288, 297, 297, 306]",18,DR
faire implantation des robinets de puisage,['20-03-2013'],[2],[15],12,DR
faire implantation des siphons de sol avec CRI,['27-03-2013'],[4],[26],9,DR
faire levé topo et définition des besoins réels pour le 25/09/13,['11-09-2013'],"[22, 23]","[158, 165]",14,DR
"faire levé topo et définition des besoins réels pour le 25/09/13. 26/09/13 : en m3
remblais périphériques : 6400 pour 4000 marché
trottoir : 700 pour 2251 marché
voirie : 3529 pour 3651 marché
solarium : 735 pour 642 marché
espaces verts : 1210 pour 1320 marché
merlon paysager : 24600 pour 13000 marché (avec 0,20m de terre végétale et nivellement plat)
soit ≈ 37100 m3 pour 24700 m3 marché. Manque ≈ 10000m3
VRD
23/10/13 :
- L’entreprise a remis au BERIM ce jour le plan indice A Projet de Murs de soutènement. Il sera complété par les
coupes et détail suivants :
- Coupe AA sur le talus de l’espace vert
- Coupe BB sur le profil n°13
- Détail de la constitution du sol sous mur préfabriqué.
- Fiche technique des murs préfabriqués, accompagné de la note de calcul de dimensionnement
- L’ensemble de ses documents devra être transmis au contrôleur technique en format papier pour visa.
TCE",['11-09-2013'],"[33, 35]","[241, 257]",27,DR
faire mise au point sur l’arrêt d’urgence CVC,['28-10-2015'],"[92, 98, 99]","[825, 843, 852]",30,DR
"faire plan de repérage des contre cloisons à réaliser dans vestiaires remise en forme
- 27/05/2015 : confirmer à l’entreprise Michel assainissement canalisation supplémentaire pour
sortie bain chaud et bain froid au niveau du solarium.
- 27/05/2015 : porte intérieur N°54 du local technique confirmer sens d’ouverture.",['20-05-2015'],"[74, 74]","[637, 637]",22,DR
faire plan de repérage des locaux coupe feu avec plafond coupe feu,['06-05-2015'],"[71, 71, 73, 73, 74, 74, 75, 75, 76, 76]","[598, 598, 625, 625, 637, 637, 652, 652, 662, 662]",17,DR
"faire plan de repérage des locaux coupe feu avec plafond coupe feu
-13/05/15 : Organisera une réunion des concessionnaires première quinzaine de juin 2015",['06-05-2015'],"[72, 72]","[610, 610]",18,DR
faire plan de repérage des échelles à crinoline,['26-02-2014'],"[43, 43, 44, 44, 45, 45, 46, 46, 47, 47, 48, 48, 49, 49, 49, 49, 51, 51, 52, 52, 53, 53, 54, 54, 55, 55, 56, 56, 57, 57, 58, 58, 59, 59, 60, 60, 61, 61, 62, 62, 63, 63, 64, 64, 65, 65, 66, 66, 67, 67, 68, 68, 69, 69, 70, 70, 71, 71, 72, 72, 73, 73, 74, 74, 75, 75, 76, 76]","[324, 324, 333, 333, 342, 342, 351, 351, 360, 360, 369, 369, 378, 378, 390, 390, 408, 408, 422, 422, 431, 431, 440, 440, 449, 449, 458, 458, 467, 467, 476, 476, 485, 485, 494, 494, 503, 503, 511, 511, 519, 519, 527, 527, 535, 535, 544, 544, 553, 553, 562, 562, 571, 571, 583, 583, 598, 598, 610, 610, 625, 625, 637, 637, 652, 652, 662, 662]",17,DR
faire plan modification du parking,['18-03-2015'],"[64, 64, 65, 65, 66, 66, 67, 67, 68, 68, 69, 69, 70, 70, 71, 71, 72, 72, 73, 73, 74, 74, 75, 75, 76, 76, 77, 77, 78, 78, 79, 79, 80, 81, 82, 83]","[527, 527, 535, 535, 544, 544, 553, 553, 562, 562, 571, 571, 583, 583, 598, 598, 610, 610, 625, 625, 637, 637, 652, 652, 662, 662, 671, 671, 680, 680, 689, 689, 698, 708, 718, 728]",18,DR
faire point sur devis SAMNORD,['28-10-2015'],"[92, 98, 99]","[825, 843, 852]",28,DR
faire point sur modifications réservation bloc porte,['04-12-2013'],"[34, 35, 36, 37, 38, 39, 40, 40, 41, 42, 42, 43, 43, 44, 44, 45, 45]","[246, 254, 262, 270, 279, 288, 297, 297, 306, 316, 316, 324, 324, 333, 333, 342, 342]",11,DR
faire point une complément GTB,['16-12-2015'],[99],[852],16,DR
"faire proposition de complément de contrôle d’accès sur la zone remise en forme humide
-16/04/14 : Réunion pour les éclairages extérieurs, nivellement des espaces verts, plan et coupe
sur réseaux divers le 23/04/14 à 14h",['19-03-2014'],"[49, 49]","[390, 390]",14,DR
"faire proposition de complément de contrôle d’accès sur la zone remise en forme humide
-16/04/14 : Réunion pour les éclairages extérieurs, nivellement des espaces verts, plan et coupe sur ré-
seaux divers le 23/04/14 à 14h.
-23/04/14 : Transmettre le plan gaz de GRDF à Montaron. Transmettre une proposition des PI au
SDIS pour validation. Contacter EAU et FORCE pour confirmer que le compteur d’eau est de type
à impulsion.
-23/04/14 : Transmettre au lot enrochement la réponse aux questions suivantes :
Date de la pose de la passerelle, date de la pose du petit escalier situé au bout de la rivière et la
date de la pose des gaines verticales à l’arrière de la rivière.",['19-03-2014'],"[51, 51]","[408, 408]",20,DR
faire proposition d’une menuiserie alu vitrée sur accueil plongée,['19-03-2014'],"[46, 46, 47, 47]","[351, 351, 360, 360]",18,DR
faire proposition pour sas escalier hélicoïdal à DEKRA,['27-03-2013'],"[3, 4]","[21, 26]",4,DR
faire synthèse contre bardage hall bassin sportif entre SOGEA et VICTOIRE,['14-10-2015'],"[90, 91, 92, 98]","[798, 810, 825, 843]",19,DR
faire synthèse des attentes demandés par SUEDE Sauna,['03-07-2013'],"[17, 18, 19, 22, 23, 24, 25, 26, 27, 28, 29, 30, 31, 32, 33, 34, 35, 36, 37, 38, 39, 40, 40, 41, 42, 43, 43]","[118, 126, 133, 155, 162, 169, 177, 184, 192, 199, 207, 214, 222, 230, 238, 246, 254, 262, 270, 279, 288, 297, 297, 306, 315, 324, 324]",19,DR
faire synthèse des avis avec DEKRA,['11-12-2013'],"[35, 36, 37, 38]","[254, 262, 270, 279]",17,DR
faire synthèse des matériaux disponibles en fonction des relevés géomètres,['24-04-2013'],[7],[46],16,DR
"faire synthèse des matériaux disponibles en fonction des relevés géomètres SOGEA, MONTARON et
DOE BREZILLON",['24-04-2013'],"[8, 9, 10, 11, 12, 13, 14, 15, 16, 17, 18]","[53, 60, 67, 74, 81, 88, 95, 102, 110, 118, 126]",17,DR
"faire synthèse des matériaux disponibles en fonction des relevés géomètres SOGEA, MONTARON et
DOE BREZILLON. 17/07/13 : URGENT, FAIRE SYNTHESE SUR LE REEMPLOI DES MATERIAUX DU
SITE ENTRE SOGEA ET MONTARON",['24-04-2013'],[19],[133],11,DR
"faire synthèse des matériaux disponibles en fonction des relevés géomètres SOGEA, MONTARON et
DOE BREZILLON. 17/07/13 : URGENT, FAIRE SYNTHESE SUR LE REEMPLOI DES MATERIAUX DU SITE ENTRE",['24-04-2013'],"[20, 21]","[141, 148]",9,DR
"faire synthèse réservation de dalle en intégrant carrelage et plancher chauffant
Synthèse",['10-04-2013'],[5],[32],8,DR
faire vérification plan de recollement des réseaux enterrés au droit de la fosse de plongée,['02-12-2015'],[98],[843],17,DR
fermer plan coté des 2 espaces de plages humides de la pataugeoire,['18-06-2014'],"[59, 59]","[485, 485]",17,DR
finaliser avec MONTARON les disponibilités de matériaux du site pour SOGEA,['27-03-2013'],"[3, 4, 5]","[21, 26, 32]",1,DR
finaliser choix animation bruine de la pataugeoire,['19-03-2014'],"[46, 46, 47, 47]","[351, 351, 360, 360]",21,DR
finaliser le choix des câbles électriques entre transfo et TGBT et confirmer à SNEF,['21-05-2014'],"[55, 55]","[449, 449]",12,DR
finaliser les sorties de bâtiments pour VRD,['17-04-2013'],"[10, 11, 21, 22, 23, 24, 25, 26, 27, 28, 29, 30, 31, 32, 33, 34, 35, 36, 37, 38, 39, 40, 41, 42, 43, 44, 45, 46, 47]","[66, 73, 147, 154, 161, 168, 176, 183, 191, 198, 206, 213, 221, 229, 237, 245, 253, 261, 269, 278, 287, 296, 305, 314, 323, 332, 341, 350, 359]",16,DR
"finaliser les sorties de bâtiments pour VRD
Charpente LC / Faux plafonds",['17-04-2013'],"[7, 8, 9, 12, 13, 14, 15, 16, 17, 18, 19, 20]","[45, 52, 59, 80, 87, 94, 101, 109, 117, 125, 132, 140]",20,DR
"finaliser les sorties de bâtiments pour VRD
INSTALLATION DE CHANTIER
- Plan d'installation de chantier à mettre à jour. 20/03/13 : clôture à prévoir en périphérie du chantier et en bordure
du futur parking qui servira de base vie. 27/03/13 : plan présenté ce jour",['17-04-2013'],[6],[38],19,DR
finaliser études sur économie avec principe de bâche de lavage filtre,['29-05-2013'],"[12, 13, 14, 15]","[81, 88, 95, 102]",22,DR
finaliser études sur économie avec principe de bâche de lavage filtre. 26/06/13 : RAPPEL,['29-05-2013'],"[16, 17, 18, 19, 22, 23, 24, 25, 26, 27, 28, 29, 30, 31, 32, 33, 34, 35, 36, 37]","[110, 118, 126, 133, 155, 162, 169, 177, 184, 191, 199, 206, 213, 221, 229, 238, 245, 253, 262, 270]",15,DR
formuler avis sur note d’hypothèses générales de SOGEA,['03-04-2013'],[4],[26],17,DR
formuler avis sur proposition SNEF de matériel de détection incendie,['15-04-2015'],"[68, 68, 69, 69, 70, 70, 71, 71, 72, 72, 73, 73, 74, 74, 75, 75, 76, 76, 77, 77, 78, 78, 79, 79, 80, 81, 82, 83, 84, 85, 86, 87, 88, 89, 90, 91, 92, 98, 99]","[562, 562, 571, 571, 583, 583, 598, 598, 610, 610, 625, 625, 637, 637, 652, 652, 662, 662, 671, 671, 680, 680, 689, 689, 698, 708, 718, 728, 738, 748, 758, 768, 778, 788, 798, 809, 825, 843, 852]",18,DR
formuler avis sur proposition de modification toile tendue,['11-03-2015'],"[63, 63]","[519, 519]",19,DR
"formuler avis sur proposition de remplacement du plongeoir prévu au droit de la fosse de plongée par
une plateforme de mise à l’eau avec bouteilles",['04-11-2015'],"[98, 99]","[843, 852]",10,DR
"formuler pré avis sur le 1
er projet de charpente métallique en 3D",['05-06-2013'],[13],[88],18,DR
fournir RAL main courante sur rampe accès sous-sol,['28-10-2015'],[92],[825],29,DR
fournir analyse d’eau de ville et pression d’alimentation,['27-03-2013'],"[98, 99]","[843, 852]",3,DR
fournir implantation des TV et sonorisation,['16-09-2015'],"[98, 99]","[843, 852]",7,DR
fournir le RAL de la clôture + RAL de la peinture de façade orange,['23-09-2015'],[87],[768],20,DR
fournir plan des réservations manquantes pour le 24/03/15,['18-03-2015'],[64],[531],1,DR
fournir référence RAL des portes grillagées intérieures,['16-09-2015'],[86],[758],19,DR
fournir référence RAL des portes grillagées intérieures. 23/09/15 : URGENT,['16-09-2015'],[87],[768],19,DR
fournir typologie de la signalétique,['08-07-2015'],"[80, 81, 82, 83, 84, 85, 86, 87]","[698, 708, 718, 728, 738, 748, 758, 768]",14,DR
fournir un devis détaillée de la moins value pour la fosse de plongée,['03-04-2013'],"[4, 5, 6, 7]","[26, 32, 38, 45]",0,DR
"fournir un extrait de plan coté de la zone administration et remise en forme pour
implantation des cloisonnements",['26-03-2014'],"[47, 47]","[360, 360]",18,DR
fournir à DRD les éléments pour établir avenant technique traitement d’eau,['19-02-2014'],"[42, 42, 43, 43, 44, 44, 45, 45, 46, 46, 47, 47, 48, 48, 49, 49, 49, 49, 51, 51, 52, 52, 53, 53, 54, 54, 55, 55, 56, 56, 57, 57, 58, 58, 59, 59, 60, 60]","[316, 316, 324, 324, 333, 333, 342, 342, 351, 351, 360, 360, 369, 369, 378, 378, 390, 390, 408, 408, 422, 422, 431, 431, 440, 440, 449, 449, 458, 458, 467, 467, 476, 476, 485, 485, 494, 494]",8,DR
fournir à EAS implantation fontaine dans rivière à bouées,['19-02-2014'],"[42, 42, 43, 43]","[316, 316, 324, 324]",8,DR
fournir à SOGEA les hypothèses de calcul de l’étude thermique,['06-03-2013'],[1],[10],7,DR
"fournir à SOGEA plans des faux plafonds avec indication des HSFP + plans des re-
levés carrelés",['29-01-2014'],"[40, 40]","[297, 297]",19,DR
fournir échantillon de charpente et plafonds de revers teinté chêne clair,['13-06-2013'],"[22, 23, 24, 25, 26, 27, 28]","[158, 165, 172, 180, 187, 194, 201]",4,DR
fournir éléments à SOGEA pour créer amenée d’air dans zone vestiaires individuels,['19-03-2014'],"[46, 46]","[351, 351]",20,DR
"implantation attentes + puissances élec pour le 29/03/13
INSTALLATION DE CHANTIER
- Plan d'installation de chantier à mettre à jour. 20/03/13 : clôture à prévoir en périphérie du chantier et en bordure
du futur parking qui servira de base vie. 27/03/13 : plan présenté ce jour",['27-03-2013'],[3],[20],17,DR
"le planning TCE a été diffusé pour analyse à toutes les entreprises avec retour pour le 04/10/13. Réu-
nion de signature du planning le 16/10/13 à 14h00 : toutes les entreprises sont convoquées. 18/12/13 : non pré-
sents, non signés et convoqués le 08/01/14 : SAM+, SUEDE SAUNA",['25-09-2013'],"[37, 38]","[274, 283]",5,DR
"le trait de niveau a été matérialisé sur le chantier en divers endroits A LA CRAIE BLANCHE, seul repé-
rage valable. AUCUN AUTRE MARQUAGE NE DOIT ETRE EFFECTUE SUR LES BETONS. 19/03/14 : RAPPEL. Le
cas échéant, un enduit global sur béton sera à réaliser aux frais des responsables ou du compte prorata",['29-01-2014'],[67],[554],6,DR
les ferrures de charpente seront galva,['06-03-2013'],"[22, 23, 24, 25, 26, 27, 28, 29, 30, 31, 32, 33, 34, 35]","[158, 165, 172, 180, 187, 194, 201, 209, 216, 224, 232, 241, 248, 257]",3,DR
les véhicules de société doivent être stationnés sur le parking et non aux abords du bâtiment,['01-04-2015'],[67],[554],8,DR
local compresseur considéré comme local à risque moyen CF1h. A vérifier dans notice de sécurité,['24-04-2013'],"[8, 9, 10, 11, 12, 13]","[53, 60, 67, 74, 81, 88]",18,DR
"local pompes animations à créer contigu à la pataugeoire. Confirmer charges et im-
plantation porte
Synthèse",['27-03-2013'],[3],[20],9,DR
local pompes animations à créer contigu à la pataugeoire. Confirmer charges et implantation porte,['27-03-2013'],"[4, 5, 6, 7, 8, 9, 11]","[26, 32, 38, 45, 52, 59, 73]",4,DR
"local pompes animations à créer contigu à la pataugeoire. Confirmer charges et implantation porte
Carrelages",['27-03-2013'],"[10, 12, 13, 14, 15, 16, 17, 18, 19, 20]","[66, 80, 87, 94, 101, 109, 117, 125, 132, 140]",4,DR
luminaires coursives à remonter au-dessus des grilles de ventilation,['18-11-2015'],[97],[838],15,DR
manque 4 réservations en PH sous-sol pour siphon de sol dans sanitaires/douches indivi-,['26-03-2014'],"[49, 51]","[388, 406]",35,DR
"manque deux réservations dans voile file 10 (sans recherche de responsabilité) de 2000x1000mm +
∅250mm. Utilisation de deux réservations 1000x1000mm de part et d’autre dudit voile pour dédoubler la gaine ini-
tiale. Un carottage est à prévoir pour le ∅250mm manquant",['16-10-2013'],"[31, 33, 34, 35, 36, 37, 38, 39, 40, 41, 42]","[221, 237, 245, 253, 261, 269, 278, 287, 296, 305, 314]",22,DR
"mettre point lumineux dans sanitaires hall d’entrée + bureaux administration sur
alimentation chantier",['02-12-2015'],[97],[838],17,DR
"mettre un accès au caniveau technique en galeries techniques
- Prévoir platelage ponctuel amovible en périphérie du bassin d’apprentissage, à déplacer à
l’avancement + remettre barrière HERAS sur plots sur plages après carrelage + mettre échafau-
dage dans bassins sportif et d’activité pour empêcher chute dans le bassin à déplacer à
l’avancement. Mettre PPSPS à jour",['08-04-2015'],[67],[554],16,DR
"mettre à jour PIC et le diffuser à DR, BERIM, VERITAS et MONTARON",['24-04-2013'],"[7, 8, 9, 10, 11, 12]","[45, 52, 59, 66, 73, 80]",28,DR
mettre à jour détail sur bain chaud,['06-05-2015'],"[71, 71, 72, 72, 73, 73, 74, 74]","[598, 598, 610, 610, 625, 625, 637, 637]",17,DR
mettre à jour plan architecte à diffuser et afficher sur chantier,['10-07-2013'],"[18, 19]","[126, 133]",19,DR
"mettre à jour plan de ventilation de la terrasse technique de la zone plongée en po-
sitionnant les grilles de reprise pour création de chevêtres métalliques
Charpente LC / Faux plafonds
- 24/04/13  prévoir une structure à souder en pied de charpente métallique des verrières
Réservations en phase réalisation",['23-10-2013'],[28],[198],21,DR
nettoyage sous-sol le 13/04/15,['08-04-2015'],[67],[554],17,DR
"nécessité de créer 2 appuis : ajout de 2 poutres, à dimensionner en béton et en acier, à proposer à",['06-03-2013'],"[2, 3, 4, 5, 6, 7, 8, 9, 10, 11, 12, 13, 14, 15, 16, 17, 18, 19, 20, 21]","[15, 20, 26, 32, 38, 45, 52, 59, 66, 73, 80, 87, 94, 101, 109, 117, 125, 132, 140, 147]",4,DR
organiser nouvelle réunion concessionnaires,['08-01-2014'],"[37, 38]","[270, 279]",17,DR
pb pour poser bâti support WC homme individuel,['27-03-2013'],"[4, 5, 6, 7, 8, 9, 10, 11, 12]","[26, 32, 38, 46, 53, 60, 67, 74, 81]",10,DR
"plan GO PH sous sol diffusé vers le 15/05/13
Charpente métallique",['24-04-2013'],"[7, 8, 9, 10]","[45, 52, 59, 66]",9,DR
plan GO fondation basse diffusé le 26/04/13,['24-04-2013'],[7],[45],7,DR
plan de charpente pour fin mai 2013,['24-04-2013'],"[13, 14, 15, 16, 17]","[87, 94, 101, 109, 117]",20,DR
"plan de charpente pour fin mai 2013
INSTALLATION DE CHANTIER",['24-04-2013'],"[10, 11, 12]","[66, 73, 80]",23,DR
"plan de charpente pour fin mai 2013
INSTALLATION DE CHANTIER
- Plan d'installation de chantier à mettre à jour. 20/03/13 : clôture à prévoir en périphérie du chantier et en bordure
du futur parking qui servira de base vie. 27/03/13 : plan présenté ce jour",['24-04-2013'],"[7, 8, 9]","[45, 52, 59]",28,DR
plan de réservations remis ce jour,['19-06-2013'],[15],[101],6,DR
"plan synthèse réservation sous-sol SYN02 indice B à diffuser pour le 21/05/13
Charpente LC / Faux plafonds",['15-05-2013'],"[10, 11]","[66, 73]",18,DR
"planning échafaudage MODULE à diffuser à SOGEA, CRI, MQB, SNEF",['25-06-2014'],"[60, 60]","[494, 494]",17,DR
"plans architectes en cours de mise à jour pour mise en conformité avec accessibili-
té
Carrelages",['11-09-2013'],[22],[154],6,DR
"plans architectes en cours de mise à jour pour mise en conformité avec accessibilité
Descentes EP",['11-09-2013'],"[23, 24, 25]","[161, 168, 176]",5,DR
poste 1.12 du lot menuiserie intérieure à localiser,['08-07-2015'],"[80, 81, 82, 83, 84, 85, 86, 87, 88, 89, 90, 91, 92, 98, 99]","[698, 708, 718, 728, 738, 748, 758, 768, 778, 788, 798, 809, 825, 843, 852]",15,DR
"pour information, mise en gaz du poste pour le 02/11/15",['21-10-2015'],[92],[825],25,DR
"pour information, réalisation du génie civil d’ERDF pour l’alimentation du transformateur les 22 et
23/10/15",['21-10-2015'],[92],[825],27,DR
"pour l’entreprise SUEDE SAUNA, gérer la prestation de la voûte et de la ventilation du Hammam.",['21-10-2015'],[92],[825],24,DR
"pour l’entreprise Victoire, l’informer des choix concernant les marches de l’escalier et des panneaux
d’habillage de la coursive.",['21-10-2015'],[92],[825],22,DR
"pour l’entreprise Victoire, transmettre la teinte du panneau trespa perforé du hall grand bassin.",['21-10-2015'],[92],[825],23,DR
"poutres 9 à 13 du R+1 à revoir en dimensionnement pour obtenir AI≥+5,21",['06-11-2013'],[30],[215],2,DR
profil d’angle de carrelages blanc pour carrelage blanc et gris pour carrelage bleu,['30-04-2014'],"[53, 54, 55, 56, 57, 58, 60]","[436, 445, 454, 463, 472, 481, 498]",6,DR
préciser la référence du parquet choisi car trois choix possibles,['30-09-2015'],[88],[778],20,DR
préciser le principe de pose des pavés de verre notamment avec l’isolant,['27-03-2013'],"[3, 4, 5, 6, 7, 8, 9, 10, 11, 12, 13, 14, 15, 16, 17, 18, 19, 20, 21, 22, 23, 24]","[21, 26, 32, 39, 46, 53, 60, 67, 74, 81, 88, 95, 102, 110, 118, 126, 133, 141, 148, 155, 162, 169]",3,DR
préciser les cotes des ouvertures dans façades,['27-03-2013'],"[3, 4, 5, 6, 7, 8]","[21, 26, 32, 39, 46, 53]",4,DR
préciser par une coupe la cloison vitrée au R+1 zone fosse sur dalle entrée,['09-10-2013'],"[26, 27, 28]","[184, 192, 199]",19,DR
préciser prestation sur bac de réception des chaines de trop plein EP,['11-12-2013'],"[35, 36]","[254, 262]",16,DR
"préparer avenant SOGEA, CRI et OTIS",['11-09-2013'],[26],[183],4,DR
"préparer avenant SOGEA, CRI et OTIS
SOUS TRAITANCE",['11-09-2013'],"[22, 23, 24, 25]","[154, 161, 168, 176]",4,DR
"préparer avenant administratif lot 12 concernant la formule de révision de prix
SOUS TRAITANCE",['09-10-2013'],[26],[183],5,DR
préparer avenant fosse de plongée au marché de travaux SOGEA,['30-04-2013'],"[8, 9, 10]","[52, 59, 66]",0,DR
préparer dossier de consultation lot 17 relancé,['25-02-2015'],"[62, 63, 63, 64, 64]","[512, 519, 519, 527, 527]",4,DR
"préparer les dossiers de demandes d’agrément de sous-traitants : original au MOA, copie par mail à",['30-08-2012'],"[8, 9, 10]","[52, 59, 66]",4,DR
"prévoir 1 DM par local technique en remplacement de 1 au droit du « sas » ouvert en façade est + 1
DM dans le local espaces verts",['14-10-2015'],[97],[838],11,DR
prévoir alimentation décompte seconde depuis l’alimentation de l’horloge,['04-11-2015'],[97],[838],13,DR
prévoir complément d’isolant au droit des menuiseries extérieures remise en forme,['09-10-2013'],"[26, 27, 28, 29, 30, 31, 32, 33, 34, 35, 36, 37, 38, 39, 40, 40, 41, 42, 43, 43, 44, 44, 45, 45, 46, 46, 47, 47, 48, 48, 49, 49, 49, 49, 51, 51, 52, 52, 53, 53, 54, 54, 55, 55, 56, 56, 57, 57, 58, 58]","[184, 192, 199, 207, 214, 222, 230, 238, 246, 254, 262, 270, 279, 288, 297, 297, 306, 315, 324, 324, 333, 333, 342, 342, 351, 351, 360, 360, 369, 369, 378, 378, 390, 390, 408, 408, 422, 422, 431, 431, 440, 440, 449, 449, 458, 458, 467, 467, 476, 476]",19,DR
"prévoir contrat de fourniture des produits de traitement d’eau, notamment chlore gazeux. 25/11/15 :
quid de la mise à disposition des fluides ?",['28-10-2015'],"[98, 99]","[843, 852]",9,DR
prévoir mise en place éclairage dans salle cardio,['07-10-2015'],[97],[838],5,DR
prévoir réseaux EU/EP avant réalisation rampe accès,['17-04-2013'],"[6, 7, 8, 9, 10, 11, 12, 13, 14, 15, 16, 17, 18, 19, 20, 21, 22, 23, 24, 25, 26, 27, 28, 29, 30, 31, 32, 33, 34, 35, 36, 37, 38, 39, 40, 41, 42, 43, 44, 45, 46, 47, 48, 49, 49, 51, 52, 53, 54, 55, 56]","[38, 45, 52, 59, 66, 73, 80, 87, 94, 101, 109, 117, 125, 132, 140, 147, 154, 161, 168, 176, 183, 191, 198, 206, 213, 221, 229, 237, 245, 253, 261, 269, 278, 287, 296, 305, 314, 323, 332, 341, 350, 359, 368, 377, 388, 406, 422, 431, 440, 449, 458]",11,DR
"prévoir un VTP (CF1h, porte CF1/2h avec occulus)",['14-10-2015'],"[90, 92]","[798, 825]",19,DR
"prévoir un VTP (CF1h, porte CF1/2h avec occulus)
-21/10/15 : Pour l’entreprise Victoire, l’ informer des choix concernant les marches de
l’escalier et des panneaux d’habillage de la coursive.
-21/10/15 : Pour l’entreprise Victoire, transmettre la teinte du panneau trespa perforé du hall
grand bassin.
-21/10/15 : Pour l’entreprise SUEDE SAUNA, gérer la prestation de la voûte et de la ventilation
du Hammam.
-21/10/15 : Pour information, mise en gaz du poste pour le 02/11/15
-21/10/15 : Pour information, réalisation du génie civil d’ERDF pour l’alimentation du trans-
formateur les 22 et 23/10/15.",['14-10-2015'],[91],[810],15,DR
prévoir un coffre CF autour DEP fitness + relaxation,['01-04-2015'],"[66, 66, 67, 67, 68, 68, 69, 69, 70, 70, 71, 71, 72, 72, 73, 73, 74, 74]","[544, 544, 553, 553, 562, 562, 571, 571, 583, 583, 598, 598, 610, 610, 625, 625, 637, 637]",16,DR
qui doit la tranchée pour les réseaux solaires,['07-05-2014'],"[53, 53]","[431, 431]",12,DR
recaler planning selon les dates de mise hors d’eau hors d’air,['18-12-2013'],"[36, 37, 38]","[266, 274, 283]",1,DR
redessiner châssis 14,['09-04-2015'],"[67, 67, 68, 68]","[553, 553, 562, 562]",19,DR
redessiner rond point + dépose minute sur parking,['11-06-2014'],"[58, 58]","[476, 476]",17,DR
rediffuser à SOGEA détail des pieds de chute EP façade sud,['12-03-2014'],"[45, 45, 46, 46]","[342, 342, 351, 351]",17,DR
relancer AMVS pour validation rejet assainissement,['05-03-2014'],"[44, 44]","[333, 333]",18,DR
"remblais périphériques du bâtiment avec les matériaux du site. S’il manque des ma-
tériaux sur la globalité, les apports seront pour les prochains ouvrages
AVANCEMENT – PLANIFICATION
Intempéries :
1 jour
1 jour (le 03/07/13 : pluie),
Effectif :",['11-09-2013'],[22],[158],22,DR
"remblais périphériques du bâtiment avec les matériaux du site. S’il manque des matériaux sur la glo-
balité, les apports seront pour les prochains ouvrages
AVANCEMENT – PLANIFICATION
Intempéries :
2 jours
1 jour (le 03/07/13 : pluie), 1 jour (le 18/09/13 : pluie)
Effectif :",['11-09-2013'],[23],[165],21,DR
"remblais périphériques du bâtiment avec les matériaux du site. S’il manque des matériaux sur la glo-
balité, les apports seront pour les prochains ouvrages
TCE
AVANCEMENT – PLANIFICATION",['11-09-2013'],[24],[172],26,DR
rendez-vous avec DEKRA pour relecture RICT le 15/05/13 à 10h30 chez DEKRA,['24-04-2013'],"[8, 9]","[53, 60]",20,DR
"reprise sur hall bassin ludique, réservation de grille à prévoir 1700x700mm entre
files 6 et 7, 8et 9 et 10 et 11
Charpente LC / Faux plafonds
- 24/04/13  prévoir une structure à souder en pied de charpente métallique des verrières
Réservations en phase réalisation",['16-10-2013'],[27],[191],19,DR
"reprise sur hall bassin ludique, réservation de grille à prévoir 1700x700mm entre files 6 et 7, 8 et 9 et
10 et 11",['16-10-2013'],"[28, 29, 30, 31, 32, 33]","[198, 206, 213, 221, 229, 237]",16,DR
revoir aménagement zone relaxation remise en forme,['25-06-2014'],"[60, 60, 61, 62, 63, 63, 64, 64, 65, 65, 66, 66, 67, 67, 68, 68, 69, 69, 70, 70, 71, 71, 72, 72, 73, 73, 74, 74, 75, 75, 76, 76, 77, 77, 78, 78, 79, 79, 80, 81, 82, 83, 84, 85, 86, 87, 88, 89, 90, 91, 92, 98, 99]","[494, 494, 504, 512, 519, 519, 527, 527, 535, 535, 544, 544, 553, 553, 562, 562, 571, 571, 583, 583, 598, 598, 610, 610, 625, 625, 637, 637, 652, 652, 662, 662, 671, 671, 680, 680, 689, 689, 698, 708, 718, 728, 738, 748, 758, 768, 778, 788, 798, 809, 825, 843, 852]",17,DR
"revoir les délais de fabrication des toiles pour revoir le détail de l’intervention. 06/11/13 : 2,5 semaines,
en 3 phases",['23-10-2013'],[37],[274],8,DR
"revoir les délais de fabrication des toiles pour revoir le détail de l’intervention. 06/11/13 : 2,5 semaines,
en 3 phases
Intempéries :
19 jours
1 jour (le 03/07/13 : pluie), 1 jour (le 18/09/13 : pluie), 1 jour (le 10/10/13 : pluie), 1 jour (le 23/10/13 : vent), 1 jour
(le 25/10/13 : vent), 2 jours (les 28 et 29/10/13), 3 jours (le 04/11/13 : vent, le 05/11/13 : pluie, le 06/11/13 : pluie +
vent), 2 jours (les 07 et 08/11/13 : pluie et vent), 1 jour (le 14/11/13 : vent), 1 jour (le 19/11/13 : pluie), 1 jour (le
21/11/13 : neige), 1 jour (le 03/12/13 : gel), 1 jour (le 11/12/13 : gel), 2 jours (les 12 et 13/12/13 : gel)
Effectif :",['23-10-2013'],[36],[266],9,DR
"revoir les délais de fabrication des toiles pour revoir le détail de l’intervention. 06/11/13 : 2,5 semaines,
en 3 phases
Intempéries :
22 jours
1 jour (le 03/07/13 : pluie), 1 jour (le 18/09/13 : pluie), 1 jour (le 10/10/13 : pluie), 1 jour (le 23/10/13 : vent), 1 jour
(le 25/10/13 : vent), 2 jours (les 28 et 29/10/13), 3 jours (le 04/11/13 : vent, le 05/11/13 : pluie, le 06/11/13 : pluie +
vent), 2 jours (les 07 et 08/11/13 : pluie et vent), 1 jour (le 14/11/13 : vent), 1 jour (le 19/11/13 : pluie), 1 jour (le
21/11/13 : neige), 1 jour (le 03/12/13 : gel), 1 jour (le 11/12/13 : gel), 2 jours (les 12 et 13/12/13 : gel), 1 jour (le
06/01/14 : pluie), 2 jours (les 14 et 15/01/14 : pluie)
Effectif :",['23-10-2013'],[38],[283],14,DR
revoir les nombres de marche et développer d’escaliers,['20-03-2013'],"[2, 4, 5, 6, 7, 8, 9, 10, 11, 12, 13, 14, 15, 16, 17, 18, 19, 20]","[15, 26, 32, 38, 46, 53, 60, 67, 74, 81, 88, 95, 102, 110, 118, 126, 133, 141]",17,DR
revoir l’implantation des siphons de sol des plages extérieures,['27-03-2013'],"[4, 5, 6, 7, 8, 9, 10, 11, 12, 13, 14, 15, 16, 17, 18, 19, 20, 21, 22, 23, 24, 25, 26, 27, 28, 29, 30, 31, 32, 33, 34, 35, 36, 37, 38, 39, 40, 40, 41, 42, 43, 43, 44, 44, 45, 45, 46, 46, 47, 47, 48, 48]","[26, 32, 38, 46, 53, 60, 67, 74, 81, 88, 95, 102, 110, 118, 126, 133, 141, 148, 155, 162, 169, 176, 183, 191, 198, 206, 213, 221, 229, 238, 245, 253, 262, 270, 279, 288, 297, 297, 306, 315, 324, 324, 333, 333, 342, 342, 351, 351, 360, 360, 369, 369]",11,DR
revoir plan des pédiluves extérieurs avec implantation douche et siphon,['06-11-2013'],[30],[214],21,DR
réponse SOGEA fob15 : réservation 10x10x5 demandée par LMP. A voir,['07-05-2013'],"[9, 10, 11, 12, 13, 14, 15, 16, 17, 18, 19, 22, 23, 24, 25, 26, 27, 28]","[60, 67, 74, 81, 88, 95, 102, 110, 118, 126, 133, 155, 162, 169, 177, 184, 191, 198]",22,DR
"réservation au droit coursive au-dessus local MNS à scier pour hauteur fini de 500mm en alignant les
deux réservations
Réception support par CRI du 12/03/14
- fosse de plongée, reprendre désaffleur entre les deux levées de coulage des bajoyers. Reste à vérifier la dimen-
sion en plan (∅ constant à vérifier sur la hauteur)
ASSISTANT MAITRISE D’OUVRAGE",['09-04-2014'],"[52, 53, 54, 55]","[422, 431, 440, 449]",23,DR
"réservation au droit des pédiluve 160mm
Descentes EP",['19-06-2013'],"[15, 16, 17, 18, 19, 20, 21, 22]","[101, 109, 117, 125, 132, 140, 147, 154]",8,DR
réservation de dalle plages 120mm et reste du bâtiment 70mm,['10-04-2013'],"[5, 15, 16, 17, 18, 19, 20, 21, 22]","[32, 101, 109, 117, 125, 132, 140, 147, 154]",6,DR
"réservation de dalle plages 120mm et reste du bâtiment 70mm
Descentes EP",['10-04-2013'],"[6, 7, 8, 9, 10, 11, 12, 13, 14]","[38, 45, 52, 59, 66, 73, 80, 87, 94]",7,DR
réservations PH sous-sol COEXIA pour le 05/04/13 – 18h00,['27-03-2013'],[3],[20],11,DR
réservations bâches tampon EAS pour le 29/03/13 – 18h00,['27-03-2013'],[3],[20],12,DR
réservations sous-sol pour le 12/04/13 dernier délai,['03-04-2013'],"[4, 6, 7]","[26, 38, 45]",8,DR
"réservations sous-sol pour le 12/04/13 dernier délai
INSTALLATION DE CHANTIER
- Plan d'installation de chantier à mettre à jour. 20/03/13 : clôture à prévoir en périphérie du chantier et en bordure
du futur parking qui servira de base vie. 27/03/13 : plan présenté ce jour",['03-04-2013'],[5],[32],11,DR
réservations voiles sous-sol COEXIA pour le 02/04/13 – 12h00,['27-03-2013'],[3],[20],10,DR
réunion GTC le 30/04/14 à 11h00,['12-03-2014'],"[45, 45, 46, 46, 47, 47, 48, 48, 49, 49, 49, 49, 51, 51]","[342, 342, 351, 351, 360, 360, 369, 369, 378, 378, 390, 390, 408, 408]",19,DR
réunion SSI le 14/10/15 à 10h30,['30-09-2015'],"[88, 89]","[778, 788]",17,DR
réunion Traitement d’Eau le 30/04/14 à 9h00,['12-03-2014'],"[45, 45, 46, 46, 47, 47, 48, 48, 49, 49, 49, 49, 51, 51]","[342, 342, 351, 351, 360, 360, 369, 369, 378, 378, 390, 390, 408, 408]",19,DR
réunion avec AMVS et CG59 le 16/10/13 à 10h00 sur site,['09-10-2013'],[26],[184],17,DR
"réunion de mise au point des diverses sorties bâtiment à reprendre par le VRD le
20/11/13 à 14h00
ASSISTANT MAITRISE D’OUVRAGE",['13-11-2013'],[31],[221],24,DR
"suite au déplacement du bac tempon de la fosse de plongée, agrandissement de la
salle de musculation
Charpente métallique",['27-03-2013'],[3],[20],7,DR
"suite réunion CISSCT, compléter coffrets électriques + éclairage circulation selon
principe défini avec MQB et SNEF",['08-04-2015'],[67],[554],10,DR
"suite réunion CISSCT, rappel du port obligatoire des EPI par toute personne sur le chantier",['03-07-2013'],[67],[554],3,DR
"synthèse RDC, R+1 et toiture le 10/09/13. Diffusion plan de réservations pour le
13/09/13
Charpente LC / Faux plafonds",['05-09-2013'],[21],[147],18,DR
"synthèse RDC, R+1 et toiture le 10/09/13. Diffusion plan de réservations pour le 13/09/13
Charpente LC / Faux plafonds
- 24/04/13  prévoir une structure à souder en pied de charpente métallique des verrières
ASSISTANT MAITRISE D’OUVRAGE",['05-09-2013'],[22],[154],20,DR
"synthèse RDC, R+1 et toiture le 10/09/13. Diffusion plan de réservations pour le 13/09/13.
18/09/13 : plan présenté validé à compléter avec réservation pour bain chaud pour le 20/09/13",['05-09-2013'],[23],[161],15,DR
synthèse charpente / faux plafonds le 28/08/13 à 14h00,['17-07-2013'],"[19, 20]","[132, 140]",21,DR
"synthèse charpente / faux plafonds le 28/08/13 à 14h00. 05/09/13 : recalé au 11/09/13 à
14h00",['17-07-2013'],[21],[147],22,DR
"synthèse réservation en plancher bas sous-sol pour le 22/03/13
INSTALLATION DE CHANTIER
- Plan d'installation de chantier à mettre à jour. 20/03/13 : clôture à prévoir en périphérie du chantier et
en bordure du futur parking qui servira de base vie",['20-03-2013'],[2],[15],8,DR
transmettre DEP façade sud à Montaron,['07-05-2014'],"[53, 53]","[431, 431]",13,DR
transmettre coupe goulotte fosse plongée à EAS,['07-05-2014'],"[53, 53]","[431, 431]",13,DR
transmettre coupe sur plancher chauffant à SOGEA,['05-06-2013'],[13],[88],17,DR
transmettre dwg R+1 à CRI,['11-06-2014'],"[58, 58]","[476, 476]",15,DR
transmettre le choix du RAL du mobilier urbain et des mâts d’éclairage public,['28-05-2014'],"[56, 56, 57, 57, 58, 58]","[458, 458, 467, 467, 476, 476]",13,DR
"transmettre le plan gaz de GRDF à Montaron. Transmettre une proposition des PI au SDIS pour vali-
dation. Contacter EAU et FORCE pour confirmer que le compteur d’eau est de type à impulsion",['23-04-2014'],"[52, 52]","[422, 422]",9,DR
transmettre plan CRI des siphons de sol à COEXIA,['18-09-2013'],"[27, 28, 29, 30, 31, 32, 33]","[191, 198, 206, 213, 221, 229, 237]",14,DR
"transmettre plan CRI des siphons de sol à COEXIA
Charpente LC / Faux plafonds
- 24/04/13  prévoir une structure à souder en pied de charpente métallique des verrières
ASSISTANT MAITRISE D’OUVRAGE",['18-09-2013'],"[23, 24, 25, 26]","[161, 168, 176, 183]",21,DR
transmettre plans LMP des portillons à SNEF pour implantation contrôle d’accès,['24-06-2015'],"[78, 78, 79, 79, 80]","[680, 680, 689, 689, 698]",10,DR
"transmettre une proposition des PI au SDIS pour validation. Contacter EAU et FORCE pour confirmer
que le compteur d’eau est de type à impulsion",['23-04-2014'],"[53, 53]","[431, 431]",10,DR
"une réservation à décaler, implanter dans la charpente métallique
Réception support par CRI du 12/03/14
- fosse de plongée, reprendre désaffleur entre les deux levées de coulage des bajoyers. Reste à vérifier la dimen-
sion en plan (∅ constant à vérifier sur la hauteur)
ASSISTANT MAITRISE D’OUVRAGE",['25-06-2014'],[60],[494],12,DR
"une réservation à décaler, implanter dans la charpente métallique
Réception support par CRI du 12/03/14
- fosse de plongée, reprendre désaffleur entre les deux levées de coulage des bajoyers. Reste à vérifier la dimen-
sion en plan (∅ constant à vérifier sur la hauteur)
Synthèse Toile tendue / Surveillance des baignades / Electricité du 18/02/15
- réservation pour caméras Poséidon 65x55cm, découpée in situ
- caméras en milieu de bassin à régler juste après pose de la toile
ASSISTANT MAITRISE D’OUVRAGE",['25-06-2014'],"[63, 64, 65, 66, 67]","[519, 527, 535, 544, 553]",15,DR
"validation appareil éclairage coursive EPSILON MANSEL Anthracite en remplace-
ment HUBI1 SWITCHMADE",['02-12-2015'],[97],[838],18,DR
"validation siphon de sol PVC 20x20 pour solarium, couleur sable",['22-01-2014'],"[53, 54, 55, 56, 57, 58, 60]","[436, 445, 454, 463, 472, 481, 498]",5,DR
valider les animations de la zone pataugeoire avec AMVS,['12-02-2014'],"[45, 45, 46, 46]","[342, 342, 351, 351]",18,DR
verrière RAL9010,['11-12-2013'],"[53, 54, 55]","[436, 445, 454]",4,DR
"verrière RAL9010
Matériaux de remblais du site",['11-12-2013'],[35],[257],5,DR
"voile dans local TA maintenu dito plans marché
Charpente métallique",['10-04-2013'],"[5, 6, 16, 17, 18, 19, 20, 21]","[32, 38, 109, 117, 125, 132, 140, 147]",6,DR
"voile dans local TA maintenu dito plans marché
Gros Œuvre",['10-04-2013'],"[7, 8, 9, 10]","[45, 52, 59, 66]",6,DR
"voile dans local TA maintenu dito plans marché
Gros Œuvre
Charpente métallique",['10-04-2013'],"[11, 12, 13, 14, 15]","[73, 80, 87, 94, 101]",6,DR
"voile galerie technique sous hall d’entrée à décaler de 1,70m dans le terre plein
(décalé initialement de 1,20m)
Charpente métallique",['03-04-2013'],[4],[26],7,DR
"voir avec BERIM et MONTARON plan de profilage des espaces verts en fonction des matériaux dispo-
nibles en remblais. 20/11/13 : établir plan d’aménagement paysager avec cote de niveaux pour le 04/12/13.
08/01/14 : URGENT pour le 15/01/14 dernier délai",['02-10-2013'],"[37, 38]","[270, 279]",10,DR
voir avec COEXIA le principe des échangeurs,['14-05-2014'],"[54, 54, 55, 55, 56, 56, 57, 57, 58, 58, 59, 59, 60, 60, 61, 61, 62, 62, 63, 63, 64, 64]","[440, 440, 449, 449, 458, 458, 467, 467, 476, 476, 485, 485, 494, 494, 503, 503, 511, 511, 519, 519, 527, 527]",11,DR
"voir avec concessionnaires débit et pression pour alimentation poteaux incendie
(2unités = 120m3/h pendant 2h)",['05-03-2014'],"[44, 44]","[333, 333]",17,DR
"voir avec service marchés publics AMVS l’attestation de non cession et de non nan-
tissement",['07-05-2013'],[9],[59],3,DR
"voir avec service marchés publics AMVS l’attestation de non cession et de non nantissement.
15/05/13 : en attente retour AMVS",['07-05-2013'],[10],[66],3,DR
voir finition verrière et habillage intérieur selon principe remis par SOGEA ce jour,['18-09-2013'],"[23, 24]","[162, 169]",18,DR
"voir le 11,5/24 autour du bassin d’activités ≠ bassin sportif",['07-05-2014'],[53],[436],7,DR
voir le problème de fonctionnement de l’alligator dans l’aire de jeux pataugeoire,['03-04-2013'],[4],[26],17,DR
"voir possibilité de modifier approvisionnement : priorité bassin ludique et bassin
d’apprentissage
Intempéries :
20 jours
1 jour (le 03/07/13 : pluie), 1 jour (le 18/09/13 : pluie), 1 jour (le 10/10/13 : pluie), 1 jour (le 23/10/13 : vent), 1 jour
(le 25/10/13 : vent), 2 jours (les 28 et 29/10/13), 3 jours (le 04/11/13 : vent, le 05/11/13 : pluie, le 06/11/13 : pluie +
vent), 2 jours (les 07 et 08/11/13 : pluie et vent), 1 jour (le 14/11/13 : vent), 1 jour (le 19/11/13 : pluie), 1 jour (le
21/11/13 : neige), 1 jour (le 03/12/13 : gel), 1 jour (le 11/12/13 : gel), 2 jours (les 12 et 13/12/13 : gel), 1 jour (le
06/01/14 : pluie)
Effectif :",['08-01-2014'],[37],[274],17,DR
voir possibilité de réduire goulottes sur pataugeoire pour allonger muret,['30-10-2013'],"[29, 30, 31, 32, 33, 34, 35, 36, 37]","[207, 214, 222, 230, 238, 246, 254, 262, 270]",16,DR
voir pour choix bruine pataugeoire,['28-05-2014'],"[56, 56, 57, 57, 58, 58]","[458, 458, 467, 467, 476, 476]",13,DR
"voir pour cristallisation des carneaux de ventilation et nécessité des cuvettes d’ascenseurs.
03/07/13 : devis SOGEA reçu, avis à formuler",['20-03-2013'],[17],[118],6,DR
voir pour mettre éclairage provisoire dans les circulations en concertation avec SOGEA,['04-11-2015'],[97],[838],12,DR
voir pour modifier espace beauté pour recréer alège et non liinteau,['11-12-2013'],"[35, 36]","[254, 262]",17,DR
voir principe VB conduit de fumées,['16-12-2015'],[99],[852],16,DR
voir problème DEP sur façade nord,['19-03-2014'],"[46, 46]","[351, 351]",19,DR
"voir problème de décalage entre plan structure et plan architecte au droit du PH
R+1 fosse de plongée",['17-04-2013'],[6],[39],6,DR
voir problème forme coursive avec console,['25-09-2013'],"[24, 25, 26]","[169, 177, 184]",21,DR
voir problème évacuation des siphons de sol locaux techniques remise en forme,['06-03-2013'],[1],[10],6,DR
voir regard en pied de bâtiment zone fosse à ≈-7m,['19-03-2014'],"[46, 46, 47, 47]","[351, 351, 360, 360]",22,DR
vérifier attendus du permis de construire sur les demandes du SDIS,['24-03-2014'],[8],[53],19,DR
vérifier et valider les plans de socles de casiers mis à jour par NAVIC,['23-10-2013'],"[28, 29, 30, 31]","[199, 207, 214, 222]",17,DR
vérifier la finition des pédiluves et douches extérieurs,['06-11-2013'],"[30, 31, 32, 33, 34]","[214, 222, 230, 238, 246]",21,DR
vérifier le type de cloison des douches des salles prestataires,['14-10-2015'],"[90, 91, 92]","[798, 810, 825]",18,DR
"vérifier les plans de socles fournis par NAVIC pour les casiers. 05/09/13 : recalage des plans archi-
tecte en cours",['24-07-2013'],[22],[155],16,DR
vérifier plans OTIS sur dimensions cuvettes + tête de GO irréalisable,['27-03-2013'],"[3, 4, 5, 6, 7, 8, 9, 10, 11, 12]","[21, 26, 32, 39, 46, 53, 60, 67, 74, 81]",2,DR
vérifier qui doit isolation locaux musculation et clubs,['11-06-2014'],"[58, 58, 59, 59, 60, 60, 61, 62, 62, 63, 63, 64, 64, 65, 65, 66, 66, 67, 67]","[476, 476, 485, 485, 494, 494, 504, 511, 511, 519, 519, 527, 527, 535, 535, 544, 544, 553, 553]",21,DR
vérifier qui doit la fourniture du compresseur bouteille de plongée,['06-03-2013'],"[1, 2, 3, 4, 5, 6, 7, 8, 9, 10, 11, 12, 13, 14, 15, 16, 17, 18, 19, 20]","[10, 15, 20, 26, 32, 38, 46, 53, 60, 67, 74, 81, 88, 95, 102, 110, 118, 126, 133, 141]",3,DR
vérifier qui doit les diverses grilles de ventilation,['23-10-2013'],"[28, 29, 30, 31, 32, 33, 34, 35, 36, 37, 38, 39, 40, 40, 41, 42, 43, 43, 44, 44, 45, 45, 46, 46, 47, 47, 48, 48, 49, 49, 49, 49, 51, 51, 52, 52, 53, 53, 54, 54, 55, 55, 56, 56, 57, 57, 58, 58, 59, 59, 60, 60, 61, 61, 62, 62, 63, 63, 64, 64, 65, 65, 66, 66, 67, 67, 68, 68, 69, 69, 70, 70, 71, 71, 72, 72, 73, 73, 74, 74, 75, 75, 76, 76, 77, 77, 78, 78, 79, 79, 80, 81]","[199, 207, 214, 222, 230, 238, 246, 254, 262, 270, 279, 288, 297, 297, 306, 315, 324, 324, 333, 333, 342, 342, 351, 351, 360, 360, 369, 369, 378, 378, 390, 390, 408, 408, 422, 422, 431, 431, 440, 440, 449, 449, 458, 458, 467, 467, 476, 476, 485, 485, 494, 494, 503, 503, 511, 511, 519, 519, 527, 527, 535, 535, 544, 544, 553, 553, 562, 562, 571, 571, 583, 583, 598, 598, 610, 610, 625, 625, 637, 637, 652, 652, 662, 662, 671, 671, 680, 680, 689, 689, 698, 708]",17,DR
vérifier qui doit les grilles à ventelles en façades du local CTA remise en forme,['16-09-2015'],"[86, 87, 88, 89, 90, 91, 92, 98, 99]","[758, 768, 778, 788, 798, 810, 825, 843, 852]",19,DR
vérifier qui doit les réseaux sous plages extérieures,['20-03-2013'],[2],[15],14,DR
vérifier réservation en dalle dans local clubs sur plan de synthèse,['01-04-2015'],"[66, 66, 67, 67, 68, 68]","[544, 544, 553, 553, 562, 562]",18,DR
"vérifier si doublon entre les lots VRD et GO pour les remblais périphériques en pied
de bâtiment",['11-09-2013'],[22],[158],16,DR
"vérifier si doublon entre les lots VRD et GO pour les remblais périphériques en pied de bâtiment.
18/09/13 : remblais à réaliser par MONTARON",['11-09-2013'],"[23, 24]","[165, 172]",15,DR
"à partir du 19/05/14, responsables fermeture bâtiment sont EAS pour le sous-sol et CRI pour le RDC",['14-05-2014'],[67],[554],7,DR
établir CR de la réunion VRD du 06/03/13,['20-03-2013'],[2],[15],9,DR
établir et diffuser plan des accès au bâtiment en phase chantier,['14-05-2014'],"[54, 54]","[440, 440]",11,DR
"étudier pb JD derrière lits massants
Carrelages",['22-05-2013'],[11],[73],5,DR
étudier vidéosurveillance,['25-02-2015'],"[62, 63, 63, 64, 64]","[512, 519, 519, 527, 527]",4,DR
"confirmer la nécessité d’une porte va et vient entre les deux espaces déchaussage
public et collectif. Risque d’accident dans l’espace collectif",['30-09-2015'],"[88, 89]","[778, 788]",5,DEKRA
"faire le point avec DR et SOGEA sur le traitement pour SF1/2h de la charpente métallique.
24/04/13 : la totalité du dôme (élément structurel)",['17-04-2013'],"[7, 8, 9, 10, 11, 12]","[46, 53, 60, 67, 74, 81]",6,DEKRA
"faire proposition à la MOA de vérification de continuité radioélectriques si possibilité
de le faire au sein de DEKRA",['06-05-2015'],"[71, 72, 73, 74, 75, 76, 77, 78, 79, 80]","[598, 610, 625, 637, 652, 662, 671, 680, 689, 698]",4,DEKRA
"faux plafonds vestiaires publics, prévoir un profil F en jonction avec la retombée
placo",['18-06-2014'],"[59, 60, 61, 62]","[487, 496, 506, 514]",6,DEKRA
"formuler avis sans délai sur désenfumage verrière. 26/03/14 : formaliser la demande de
conserver un seul désenfumage au-dessus des vestiaires collectifs par une fiche visa",['12-03-2014'],"[47, 48, 49, 49, 51, 52, 53, 54, 55, 57, 58, 61, 62, 63, 64]","[360, 369, 378, 390, 408, 423, 432, 441, 450, 467, 477, 504, 512, 520, 528]",7,DEKRA
"formuler avis sans délai sur mur de soutènement. 26/03/14 : formaliser l’accord par une
fiche visa",['12-03-2014'],"[47, 48, 49, 49, 51, 52, 53, 54, 55, 57, 58, 59, 60, 61, 62, 63, 64, 65, 66, 67, 68]","[360, 369, 378, 390, 408, 423, 432, 441, 450, 467, 477, 485, 494, 504, 512, 520, 528, 535, 545, 554, 562]",5,DEKRA
"formuler avis sans délai sur projet EP selon réunion du 16/01/14. 26/03/14 : formaliser l’accord
par une fiche visa",['19-03-2014'],"[47, 48]","[360, 369]",9,DEKRA
"formuler avis sur demande SOGEA de classification des bétons des bassins XD1 ou
XD2",['24-07-2013'],"[20, 21]","[141, 148]",6,DEKRA
"formuler avis sur proposition DR d’aménagement de l’escalier hélicoïdal. 24/04/13 : il faut une
séparation physique",['10-04-2013'],"[7, 8, 9, 10, 11, 12]","[46, 53, 60, 67, 74, 81]",4,DEKRA
"organiser rdv avec SDIS. URGENT. 29/01/14 : rdv le 04/01/14 à 9h30. 12/02/14 : rdv à reca-
ler suite absence SDIS et DRD. 26/02/14 : rdv le 05/03/14 à 9h30. 05/03/14 : établir CR",['22-01-2014'],"[45, 46, 47, 48, 49, 49, 51, 52, 53, 54, 55, 56, 57, 58, 59, 60, 61, 62]","[343, 351, 360, 369, 378, 390, 408, 423, 432, 441, 450, 458, 467, 477, 485, 494, 504, 512]",5,DEKRA
"organiser rdv avec SDIS. URGENT. 29/01/14 : rdv le 04/01/14 à 9h30. 12/02/14 : rdv à recaler
suite absence SDIS et DRD",['22-01-2014'],"[41, 42]","[307, 316]",6,DEKRA
rendez-vous avec DR et BERIM pour relecture RICT le 15/05/13 à 10h30 chez,['24-04-2013'],"[7, 8, 9]","[46, 53, 60]",6,DEKRA
"rendez-vous avec DR et BERIM pour relecture RICT le 15/05/13 à 10h30 chez DEKRA. 15/05/13 :
rdv annulé, date à refixer",['24-04-2013'],"[10, 11, 12, 13, 14, 15, 16, 17, 18, 19, 20, 21]","[67, 74, 81, 88, 95, 102, 110, 118, 126, 133, 141, 148]",7,DEKRA
"valider avec SDIS le classement du bâtiment en type X uniquement compte tenu de
l’option retenue remplaçant la salle de réunion par la fosse de plongée",['22-05-2013'],"[11, 12, 13, 14, 15, 16, 17, 18, 19, 20, 21, 25, 26, 27, 28, 29, 30, 31, 32, 33, 34, 35, 36, 37, 38, 39, 40, 41, 42, 43, 45]","[74, 81, 88, 95, 102, 110, 118, 126, 133, 141, 148, 177, 184, 192, 199, 207, 214, 222, 230, 238, 246, 254, 262, 270, 279, 289, 297, 307, 316, 324, 343]",8,DEKRA
"valider la possibilité d’installer pompes nage à contre courant + cascade de la rivière à
bouées dans la galerie technique (puissance maxi = 2x3kW). 26/03/14 : formaliser l’accord par une
fiche visa",['19-03-2014'],"[47, 48, 49, 49, 51, 52, 53, 54, 55, 58, 61, 62, 63, 64, 66, 67, 68, 69, 70, 71, 72, 73, 74, 75, 76, 77, 78, 79, 80, 81, 82, 83, 84, 85, 86, 87, 88, 89, 90, 91, 92, 98, 99]","[360, 369, 378, 390, 408, 423, 432, 441, 450, 477, 504, 512, 520, 528, 545, 554, 562, 571, 583, 598, 610, 625, 637, 652, 662, 671, 680, 689, 698, 708, 718, 728, 738, 748, 758, 768, 778, 788, 798, 810, 826, 843, 852]",10,DEKRA
Livraison du TGBT Semaine 44,['21-10-2015'],[91],[817],16,DEKRA
"MQB-EAS propose d’installer les pompes des jeux dans le VS au droit de la patau-
geoire. Avis à formuler.",['06-03-2013'],[1],[10],2,DEKRA
"MQB-EAS propose d’installer les pompes des jeux dans le VS au droit de la pataugeoire. Avis à for-
muler. 20/03/13 : URGENT",['06-03-2013'],[2],[15],3,DEKRA
URGENT faire VISA sur plans EXE SOGEA,['19-06-2013'],"[15, 16]","[102, 110]",5,DEKRA
"accord pour poser tableaux élec dans local MNS/Infirmerie selon plan architecte y compris
goulotte sous plan de travail",['07-10-2015'],[91],[817],11,DEKRA
"attention au repère (fil) posé entre les canons de lumière : mauvaise implantation au droit du canon de
lumière de la rivière",['21-05-2014'],"[56, 57, 59, 60, 61, 62]","[461, 470, 487, 496, 506, 514]",2,DEKRA
"attention implantation sèche cheveux dans espace beauté. Faire alimentation sous tube
inox apparent",['22-07-2015'],[91],[817],2,DEKRA
"clôture au droit du mur de soutènement du parking personnel : clôture ou garde
corps",['09-09-2015'],[85],[748],5,DEKRA
"clôture au droit du mur de soutènement du parking personnel : clôture ou garde corps. 16/09/15 :
pas de cheminement piéton donc considéré comme clôture",['09-09-2015'],[86],[758],5,DEKRA
confirmer degré coupe feu 1h pour local compresseur,['29-05-2013'],"[12, 13]","[81, 88]",9,DEKRA
confirmer la prise en compte des points GTB manquant sur visa n° 5 (installation solaire … ),['26-08-2015'],[91],[816],2,DEKRA
confirmer les implantations des commandes de désenfumage,['25-02-2015'],"[62, 63, 64]","[512, 520, 528]",8,DEKRA
consulter sous-traitant pour câblage. 30/04/14 : faire déclaration de sous-traitance,['19-03-2014'],[80],[702],2,DEKRA
dalles de faux plafonds mises à disposition pour incorporation,['14-10-2015'],[91],[817],12,DEKRA
diffuser dossier complet à DEKRA,['04-06-2014'],"[57, 59, 60, 61, 62]","[470, 487, 496, 506, 514]",4,DEKRA
diffuser plan d’échafaudage,['04-06-2014'],"[57, 59]","[470, 487]",4,DEKRA
"décaler livraison TGBT à semaine 42. 14/10/15 : décaler livraison après remblaiement
tranchée gaz",['30-09-2015'],[91],[817],8,DEKRA
"effectuer 3 échantillons de peinture sur béton (voile intérieur de la façade nord repéré sur site par DR)
avec les références RAL6019 vert blanc, SE1534 vert flamboyant et SE1533 vert pistache. 11/12/13 : fait. Faire
nouveaux essais avec un produit plus opacifiant pour masquer les spectres des reprises béton. Nuancier à fournir.
29/01/14 : fiche produit remise ce jour. 12/02/14 : teinte de l’échantillon 2 validée",['30-10-2013'],[58],[479],6,DEKRA
"en l’absence de retour de VISA sur plans de murs de soutènement de MONTARON,
accord a été donné par DRD à l’entreprise de commander ces ouvrages préfabriqués",['12-02-2014'],[41],[307],7,DEKRA
"faire le point avec DR et SOGEA sur le traitement pour SF1/2h de la charpente mé-
tallique",['17-04-2013'],[6],[39],4,DEKRA
faire point désenfumage avec DR,['08-01-2014'],"[37, 38, 39, 40, 41, 42]","[270, 279, 289, 297, 307, 316]",4,DEKRA
faire proposition de contrôle d’accès complémentaire au droit de la remise en forme humide,['25-06-2014'],[80],[702],4,DEKRA
faire pénétrer les fourreaux en attente en pied de bâtiment dans le local TGBT. URGENT,['23-09-2015'],[91],[817],5,DEKRA
faire synthèse des avis avec DR,['11-12-2013'],"[35, 36, 37, 38]","[254, 262, 270, 279]",3,DEKRA
faire vérification implantation des attentes mises en place par SNEF,['18-03-2015'],[80],[702],5,DEKRA
formuler avis sans délai sur désenfumage verrière,['12-03-2014'],[45],[343],6,DEKRA
formuler avis sans délai sur mur de soutènement,['12-03-2014'],"[45, 46]","[343, 351]",6,DEKRA
formuler avis sur dossier incendie transmis par SNEF,['29-07-2015'],"[82, 83, 84, 85, 86]","[718, 728, 738, 748, 758]",3,DEKRA
formuler avis sur note d’hypothèses générales de SOGEA,['03-04-2013'],"[4, 5, 6, 7, 8, 9, 10]","[27, 32, 39, 46, 53, 60, 67]",1,DEKRA
formuler avis sur proposition DR d’aménagement de l’escalier hélicoïdal,['10-04-2013'],"[5, 6]","[32, 39]",2,DEKRA
"fournir les dimensions et l’implantation des divers appareils à intégrer dans la
banque d’accueil",['08-07-2015'],[80],[702],9,DEKRA
fournir plan coté du matériel pour définition dimension VTP du SSI,['14-10-2015'],[91],[817],13,DEKRA
fournir à NAMIXIS le bilan électrique pour le calcul des batteries du SSI,['14-10-2015'],[91],[817],16,DEKRA
"goulotte électrique dans cardio et fitness maxi 100mm de hauteur, préférence pour 80mm",['30-09-2015'],[91],[817],6,DEKRA
"le marquage du niveau 0,00 + 1m devra être limité à un trait sur un voile BA recou-
vert en finition par du carrelage",['04-12-2013'],[34],[247],1,DEKRA
luminaires coursive dans habillage bois modèle SLV WL 172 GX53 anthracite,['26-08-2015'],[91],[817],4,DEKRA
luminaires encastrés sol façade entrée en 4 000°K et anti dérapant,['26-08-2015'],[91],[817],3,DEKRA
organiser rdv avec SDIS. URGENT,['22-01-2014'],[39],[289],4,DEKRA
organiser rdv avec SDIS. URGENT. 29/01/14 : rdv le 04/01/14 à 9h30,['22-01-2014'],[40],[297],4,DEKRA
"organiser rdv avec SDIS. URGENT. 29/01/14 : rdv le 04/01/14 à 9h30. 12/02/14 : rdv à recaler suite
absence SDIS et DRD. 26/02/14 : rdv le 05/03/14 à 9h30",['22-01-2014'],[43],[324],4,DEKRA
"présence obligatoire en réunion le 17/06/15 pour synthèse avec électricien. 17/06/15 : présence obli-
gatoire en réunion le 24/06/15 pour synthèse avec électricien. 24/06/15 : présence obligatoire en réunion le
01/07/15 pour synthèse avec électricien",['03-06-2015'],[80],[702],8,DEKRA
"prévoir 1 DM par local technique en remplacement de 1 au droit du « sas » ouvert en fa-
çade est + 1 DM dans le local espaces verts",['14-10-2015'],[91],[817],15,DEKRA
prévoir mise en place éclairage dans salle cardio,['07-10-2015'],[91],[817],9,DEKRA
"rendez-vous avec DR et BERIM pour relecture RICT le 15/05/13 à 10h30 chez DEKRA. 15/05/13 : rdv
annulé, date à refixer. 11/09/13 : RDV fixé le 25/09/13 à 10h00 chez DEKRA",['24-04-2013'],"[22, 23]","[155, 162]",3,DEKRA
"rendez-vous avec DR et BERIM pour relecture RICT le 15/05/13 à 10h30 chez DEKRA. 15/05/13 : rdv
annulé, date à refixer. 11/09/13 : RDV fixé le 25/09/13 à 10h00 chez DEKRA. 25/09/13 : recalé au 01/10/13
à 10h00",['24-04-2013'],[24],[169],4,DEKRA
"reprise finitions non terminées par SOGEA, réception reportée au 02/07/14 à 9h30",['11-06-2014'],[58],[479],6,DEKRA
"revoir cheminement des câbles, plan de fourreaux fourni après coulage des dalles",['19-03-2014'],[80],[702],3,DEKRA
réunion SSI le 14/10/15 à 10h30,['30-09-2015'],"[88, 89]","[778, 788]",4,DEKRA
"terminer raccordement EP dans local produits au sous-sol URGENT. 07/10/15 : URGENT +
TGBT",['29-07-2015'],[91],[816],2,DEKRA
transcrire sur un plan les différentes demandes auprès des autres corps d’état,['29-01-2014'],[80],[702],4,DEKRA
transmettre à DEKRA dossier technique et PV de classement au feu,['29-01-2014'],[80],[702],4,DEKRA
valider avec SDIS le classement du bâtiment en type X uniquement compte tenu de l’option retenue,['22-05-2013'],[44],[333],1,DEKRA
"valider avec SDIS le classement du bâtiment en type X uniquement compte tenu de l’option retenue
remplaçant la salle de réunion par la fosse de plongée- 24/07/13 : formuler avis sur demande SOGEA de classifica-
tion des bétons des bassins XD1 ou XD2",['22-05-2013'],"[22, 23, 24]","[155, 162, 169]",5,DEKRA
valider le principe de réseau siphoïde pour les EP,['27-11-2013'],[33],[238],3,DEKRA
voir avec DRD et SNEF principe de ventilation du TGBT,['02-12-2015'],"[98, 99]","[843, 852]",3,DEKRA
"bassin ludique, regard en sortie de rivière à doubler et supprimer celui en bas de
rampe, doubler celui près des bancs individuels et supprimer les deux autres",['17-04-2013'],"[6, 7, 8]","[39, 47, 54]",7,A&T EUROPE
"confirmation évacuation goulotte d’arrivée de la rivière à bouées en latéral de part
et d’autre en ∅315",['27-11-2013'],"[33, 34, 35, 36]","[239, 247, 255, 263]",10,A&T EUROPE
"confirmer la flèche prévisible et/ou le mouvement du tube de la rivière au droit des
traversées du mur rideau",['13-11-2012'],"[31, 32, 33]","[223, 231, 239]",6,A&T EUROPE
confirmer le volume du bac tampon de la rivière à bouées,['06-03-2013'],"[1, 2, 3, 4, 5]","[11, 16, 21, 27, 33]",1,A&T EUROPE
"demande du MOA de supprimer l’emmarchement dans le bassin d’activités et le
remplacer par une échelle amovible",['26-06-2013'],"[16, 17, 18, 19, 20, 21, 22, 23]","[111, 119, 127, 134, 142, 149, 156, 163]",9,A&T EUROPE
"diffuser plans bassins activités et apprentissage pour le 12/04/13, plans recalés
bassins sportif et pataugeoire pour le 16/04/13, plans recalés bassin ludique pour le 18/04/13",['10-04-2013'],"[5, 6, 7]","[33, 39, 47]",5,A&T EUROPE
"fournir les efforts à reprendre par le voile support du bac de départ de la rivière à
bouées pour le 05/07/13",['03-07-2013'],"[17, 18, 19, 20, 21, 22, 23, 24, 25, 26, 27, 28, 29, 30, 31, 32, 33, 34, 35, 36, 37, 38, 39, 40]","[119, 127, 134, 142, 149, 156, 163, 170, 178, 185, 193, 200, 208, 215, 223, 231, 239, 247, 255, 263, 271, 280, 290, 299]",8,A&T EUROPE
"fournir plan de réservation pour les canalisations du bassin intermédiaire de la ri-
vière et du bassin d’arrivée pour le 06/09/13",['05-09-2013'],"[21, 22, 23]","[149, 156, 163]",13,A&T EUROPE
"fournir réglementation rivière à bouées. Plan diffusé non accepté en l’état. 07/05/13 : courrier reçu
non accepté. Il s’agit d’une appréciation subjective d’un fournisseur et non d’une réglementation",['10-04-2013'],"[9, 10]","[61, 68]",3,A&T EUROPE
"fournir réservations pour le bassin intermédiaire + l’arrivée de la rivière à bouées
pour le 05/07/13",['03-07-2013'],"[17, 18, 19, 20, 21, 22, 23]","[119, 127, 134, 142, 149, 156, 163]",6,A&T EUROPE
"mettre en place partiellement les équerres des goulottes pour figer le niveau fini
carrelage",['09-04-2014'],"[49, 51]","[379, 411]",7,A&T EUROPE
"mettre obturation au droit des échelles et évacuations de goulottes des bassins
sportif et d’activités pour éviter que la chape ne tombe dans la galerie technique",['30-04-2014'],"[52, 53]","[424, 433]",8,A&T EUROPE
"plans de réservations PH sous-sol et implantation poteaux pour rivière à bouées à
diffuser pour le 24/05/13",['15-05-2013'],"[10, 11]","[68, 75]",12,A&T EUROPE
"profondeur du bassin intermédiaire 0,70m pour une hauteur d’eau entre 0,75 et
0,80m",['03-07-2013'],"[17, 18, 19, 20, 21, 22, 23, 24, 25, 26]","[119, 127, 134, 142, 149, 156, 163, 170, 178, 185]",10,A&T EUROPE
"prévoir le collecteur et le raccordement des tubings de la banquette massante sur ce col-
lecteur",['17-04-2013'],"[7, 8, 9, 10, 11, 12, 13, 14, 15, 16, 17, 18, 19, 20, 21, 22, 23, 24, 25, 26, 27, 28, 29, 30, 31, 32, 33, 34, 35, 36, 37, 38, 39, 40, 41, 42, 43, 44, 45, 46, 47, 48, 49, 51, 52, 53, 54, 55, 56, 57, 58, 59, 60, 61, 62, 63, 64, 65, 66, 67, 68, 69, 70, 71, 72, 73, 74, 75, 76, 77, 78, 79, 80, 81, 82, 83, 84, 85, 86, 87, 88, 89, 90, 91, 92, 98, 99]","[47, 54, 61, 68, 75, 82, 89, 96, 103, 111, 119, 127, 134, 142, 149, 156, 163, 170, 178, 185, 193, 200, 208, 215, 223, 231, 239, 247, 255, 263, 271, 280, 290, 299, 308, 317, 326, 335, 344, 353, 361, 370, 379, 411, 424, 433, 442, 451, 460, 469, 478, 486, 495, 505, 513, 521, 529, 537, 546, 555, 564, 573, 586, 600, 613, 627, 640, 654, 664, 673, 682, 691, 700, 710, 720, 730, 739, 749, 760, 770, 780, 790, 800, 813, 827, 844, 853]",9,A&T EUROPE
"prévoir poteaux rivière fixés sur dalle BA (AS= - 0,13). 07/05/13 : reprendre implantation des
poteaux support de la rivière en prenant en compte la structure gros œuvre du sous-sol et les
JD",['17-04-2013'],"[9, 10, 11, 12, 13, 14, 15]","[61, 68, 75, 82, 89, 96, 103]",9,A&T EUROPE
"socle béton sous bassin intermédiaire impossible (charge initialement prise en
compte ne permet pas de rapporter ce socle). Prévoir une structure acier en tenant compte de la
charge admissible (1 000kg/m2)",['10-07-2013'],"[18, 19, 20, 21, 22, 23, 24, 25, 26]","[127, 134, 142, 149, 156, 163, 170, 178, 185]",12,A&T EUROPE
attention à l’implantation des poteaux de la rivière dans les poteaux bois de la structure du bâtiment,['17-04-2013'],"[7, 8, 9, 10, 11, 12, 13, 14, 15, 16]","[47, 54, 61, 68, 75, 82, 89, 96, 103, 111]",11,A&T EUROPE
"confirmation évacuation goulotte d’arrivée de la rivière à bouées en latéral de part et d’autre en ∅315.
08/01/14 : implantation sous la goulotte d’arrivée, reprise gros œuvre pour renfort à charge A&T",['27-11-2013'],"[37, 38]","[271, 280]",7,A&T EUROPE
confirmer les charges des poteaux de la rivière à bouées pour le 05/07/13,['03-07-2013'],"[17, 18, 19, 20]","[119, 127, 134, 142]",9,A&T EUROPE
confirmer les charges du bassin intermédiaire de la rivière,['05-09-2013'],"[21, 22, 23]","[149, 156, 163]",13,A&T EUROPE
confirmer tous les débits de toutes les animations,['17-04-2013'],"[7, 8]","[47, 54]",10,A&T EUROPE
diffuser plan de structure MYRTHA pour synthèse avec gros œuvre,['17-04-2013'],[7],[47],12,A&T EUROPE
"diffuser plans bassins activités et apprentissage pour le 12/04/13, plans recalés bassins sportif et pa-
taugeoire pour le 16/04/13, plans recalés bassin ludique pour le 18/04/13. 30/04/13 : plans à reprendre
avec un nouvel indice en tenant compte des remarques par fiches VISA de DR, des observations
d’ESEC et des remarques reformulées ce jour. URGENT",['10-04-2013'],[8],[54],6,A&T EUROPE
faire récapitulatif des divers diamètres de canalisations pour synthèse avec lot TE,['10-04-2013'],"[5, 6, 7, 8, 9]","[33, 39, 47, 54, 61]",5,A&T EUROPE
fournir colle époxy à CRI pour collage de la membrane sur la chape,['22-01-2014'],"[39, 40, 41, 42, 43, 44, 45, 46, 47, 48, 49, 51, 52, 53, 54, 55, 56, 57]","[290, 299, 308, 317, 326, 335, 344, 353, 361, 370, 379, 411, 424, 433, 442, 451, 460, 469]",8,A&T EUROPE
fournir détail jonction rivière à bouées / menuiserie alu,['10-07-2013'],"[18, 19, 20, 21, 22, 23]","[127, 134, 142, 149, 156, 163]",10,A&T EUROPE
fournir plan de la rivière à bouées,['13-11-2013'],"[31, 32]","[223, 231]",6,A&T EUROPE
"fournir plan de la rivière à bouées. 27/11/13 : plan pour le 04/12/13. Prévoir 2 jets dans le
bassin intermédiaire (2x20m3/h)",['13-11-2013'],[33],[239],8,A&T EUROPE
fournir plan des reprises en fond de bassins à réaliser par SOGEA : URGENT,['29-01-2014'],[40],[299],9,A&T EUROPE
fournir réglementation rivière à bouées. Plan diffusé non accepté en l’état,['10-04-2013'],"[5, 6, 7, 8]","[33, 39, 47, 54]",3,A&T EUROPE
"fournir réservations pour le bassin intermédiaire + l’arrivée de la rivière à bouées pour le 05/07/13.
05/09/13 : fournir plan de réservation pour les canalisations du bassin intermédiaire de la rivière pour le 06/09/13",['03-07-2013'],"[24, 25, 26]","[170, 178, 185]",4,A&T EUROPE
fournir une coupe sur les éléments pleins de la rivière,['04-12-2013'],"[34, 35, 36, 37, 38, 39, 40, 41, 42, 43]","[247, 255, 263, 271, 280, 290, 299, 308, 317, 326]",6,A&T EUROPE
"fournir à CRI produit pour dégraisser membrane d’étanchéoté de bassin sur plage
avant collage carrelages",['06-05-2015'],"[71, 72]","[600, 613]",7,A&T EUROPE
"fournir à SOGEA charges rapportées par le supportage du bac de départ pour véri-
fication possibilité de reprise par la structure béton",['26-03-2014'],[47],[361],7,A&T EUROPE
joint de carrelage gris,['25-03-2015'],[65],[537],5,A&T EUROPE
matérialiser les reprises à effectuer par SOGEA,['02-04-2014'],[48],[370],6,A&T EUROPE
modifier la pièce d’arrivée de la rivière (évacuation verticale et non horizontale),['12-03-2014'],"[45, 46, 47, 48, 49, 51, 52, 53]","[344, 353, 361, 370, 379, 411, 424, 433]",5,A&T EUROPE
"nage à contre courant, débit 40m3/h",['12-03-2014'],"[45, 46, 47, 48, 49, 51, 52, 53, 54, 55, 56, 57, 58, 61, 62, 63, 64, 65, 66, 67, 68, 69, 70, 71, 72, 73, 74, 75, 76, 77, 78, 79, 80, 81, 82, 83, 84, 85, 86, 87, 88, 89, 90, 91, 92, 98, 99]","[344, 353, 361, 370, 379, 411, 424, 433, 442, 451, 460, 469, 478, 505, 513, 521, 529, 537, 546, 555, 564, 573, 586, 600, 613, 627, 640, 654, 664, 673, 682, 691, 700, 710, 720, 730, 739, 749, 760, 770, 780, 790, 800, 813, 827, 844, 853]",5,A&T EUROPE
plans béton bassin ludique à reprendre et à diffuser pour le 17/05/13,['15-05-2013'],[10],[68],11,A&T EUROPE
plans béton bassins sportif et activité à reprendre et à diffuser pour le 16/05/13,['15-05-2013'],[10],[68],10,A&T EUROPE
"plans béton pataugeoire CW01 indice C et apprentissage CW01 indice B sont vali-
dés",['15-05-2013'],[10],[68],9,A&T EUROPE
"plans de réservations PH sous-sol et implantation poteaux pour rivière à bouées à diffuser pour le
24/05/13. 29/05/13 : RAPPEL, URGENT",['15-05-2013'],"[12, 13, 14, 15, 16]","[82, 89, 96, 103, 111]",6,A&T EUROPE
poser goulottes et membranes d’étanchéité sur bassins sportif et d’activité,['21-05-2014'],"[55, 56, 57]","[451, 460, 469]",6,A&T EUROPE
prévoir anneaux translucides sur tunnel rivière,['08-01-2014'],[37],[271],8,A&T EUROPE
prévoir anneaux translucides sur tunnel rivière. 15/01/14 : accord AMVS sur plus value,['08-01-2014'],"[38, 39, 40]","[280, 290, 299]",9,A&T EUROPE
prévoir les canalisations jusqu’en sortie de béton,['17-04-2013'],"[6, 7, 8, 9]","[39, 47, 54, 61]",6,A&T EUROPE
"prévoir poteaux rivière fixés sur dalle BA (AS= - 0,13)",['17-04-2013'],"[7, 8]","[47, 54]",12,A&T EUROPE
"prévoir poteaux rivière fixés sur dalle BA (AS= - 0,13). 07/05/13 : reprendre implantation des poteaux
support de la rivière en prenant en compte la structure gros œuvre du sous-sol et les JD. 26/06/13 : RAPPEL
URGENT",['17-04-2013'],[16],[111],6,A&T EUROPE
relevé bassin sportif le 22/01/14,['15-01-2014'],"[38, 39, 40]","[280, 290, 299]",9,A&T EUROPE
remarque ESEC sur diamètre alimentation rivière à bouées (315 réduit en 250),['30-04-2014'],"[52, 53, 54, 55, 56, 57, 58, 61, 62, 63, 64, 65, 66, 67, 68, 69, 70, 71, 72, 73, 74, 75, 76, 77, 78, 79, 80, 81, 82, 83, 84, 85, 86, 87, 88, 89, 90, 91, 92, 98, 99]","[424, 433, 442, 451, 460, 469, 478, 505, 513, 521, 529, 537, 546, 555, 564, 573, 586, 600, 613, 627, 640, 654, 664, 673, 682, 691, 700, 710, 720, 730, 739, 749, 760, 770, 780, 790, 800, 813, 827, 844, 853]",9,A&T EUROPE
remplacer un élément de goulotte du bassin d’activités,['30-04-2014'],"[52, 53]","[424, 433]",9,A&T EUROPE
reprise des fonds de bassins à définir avec SOGEA et DRD,['18-03-2015'],"[64, 65, 66, 67, 68, 69, 70, 71, 72, 73, 74, 75, 76, 77, 78, 79, 80, 81, 82, 83, 84, 85]","[529, 537, 546, 555, 564, 573, 586, 600, 613, 627, 640, 654, 664, 673, 682, 691, 700, 710, 720, 730, 739, 749]",4,A&T EUROPE
validation de la pose des carrelages intérieurs bassin en applique,['27-11-2013'],"[33, 34, 35, 36, 37, 38, 39, 40, 41, 42, 43, 44, 45, 46, 47, 48, 49, 51, 52, 53, 54, 55, 56, 57, 58]","[239, 247, 255, 263, 271, 280, 290, 299, 308, 317, 326, 335, 344, 353, 361, 370, 379, 411, 424, 433, 442, 451, 460, 469, 478]",9,A&T EUROPE
vérifier état fond de rivière à bouées,['23-09-2015'],"[87, 88, 89]","[770, 780, 790]",4,A&T EUROPE
évacuer surplus de béton versé à l’extérieur du bâtiment,['06-05-2015'],"[71, 72, 73, 74]","[600, 613, 627, 640]",7,A&T EUROPE
"CRI confirme prévoir des platines d’étanchéité 30x30 PVC pour les siphons de sol
et caniveau",['22-01-2014'],"[39, 40, 41, 44, 45, 46, 47, 48]","[291, 300, 309, 336, 345, 354, 363, 372]",22,MQB
"Carrelage Hall d'entrée: GRANITOGRE SERIE MARTE -  référence GRIGIO MAGGIA
30X30 finition Matt
AVANCEMENT – PLANIFICATION
Intempéries :
35 jours
1 jour (le 03/07/13 : pluie), 1 jour (le 18/09/13 : pluie), 1 jour (le 10/10/13 : pluie), 1 jour (le 23/10/13 : vent), 1 jour
(le 25/10/13 : vent), 2 jours (les 28 et 29/10/13), 3 jours (le 04/11/13 : vent, le 05/11/13 : pluie, le 06/11/13 : pluie +
vent), 2 jours (les 07 et 08/11/13 : pluie et vent), 1 jour (le 14/11/13 : vent), 1 jour (le 19/11/13 : pluie), 1 jour (le
21/11/13 : neige), 1 jour (le 03/12/13 : gel), 1 jour (le 11/12/13 : gel), 2 jours (les 12 et 13/12/13 : gel), 1 jour (le
06/01/14 : pluie), 3 jours (les 14, 15 et 16/01/14 : pluie), 1 jour (le 20/01/14 : pluie), 1 jour (le 27/01/14 : pluie et
vent), 1 jour (le 07/02/14 : vent), 1 jour (le 13/02/14 : pluie et vent), 3 jours (les 27, 28/02/14 et 03/03/14 : pluie), 1
jour (le 21/03/14 : pluie), 2 jours (les 12 et 13/05/14 : pluie), 1 jour (le 04/06/14 : pluie), 1 jour (le 10/06/14 : pluie)
Effectif :","['18-06-2014', '25-02-2015', '03-06-2015']","[60, 61, 62, 63, 65, 66, 67, 68, 69, 70, 71, 73, 74, 75, 76]","[499, 508, 516, 524, 540, 549, 558, 567, 576, 592, 603, 630, 646, 657, 667]",14,MQB
"Carrelage Hall d'entrée: GRANITOGRE SERIE MARTE -  référence GRIGIO MAGGIA 30X30
finition Matt",['25-02-2015'],"[64, 72, 75, 76, 77, 78, 79, 80, 81, 82, 87, 88, 89, 90, 91, 92, 97, 98]","[531, 619, 657, 667, 676, 685, 694, 703, 713, 723, 773, 783, 793, 803, 819, 830, 838, 847]",10,MQB
"SNEF signale que les réservations demandées n’ont pas été prises en compte en RDC et R+1.
04/12/13 : pris en compte sur plans remis ce jour
Contrôle réservations en sous sol du 18/12/13
- Déboucher toutes les réservations
- Locaux TE / TA :
. 2 ventilations de bac tampon fosse de plongée à carotter
. 3 pièces à sceller bac tampon plongée à carotter : plan précis à fournir par EAS
. manque 4 réservations en PH pour COEXIA : plan précis à fournir par COEXIA
. manque 1 réservation COEXIA en voile cour anglaise
. vérifier si robinet de puisage dans socle casiers piscine
. vérifier siphon + évacuation sanitaires entrée et sanitaires douches piscine : confirmer nature des réseaux à pas-
ser par COEXIA
- Galeries techniques :
. voile à proximité local technique ludique à vérifier
. manque 1 réservation SNEF à proximité du local technique ludique
. manque 1 réservation COEXIA en voile infrastructure à côté du bassin d’apprentissage
. manque 3 réservations COEXIA à côté des bacs tampon
. vérifier possibilité de descendre réseau EU plages sous poutres autour du bassin d’activités (AI poutre à – 0.58
sauf une poutre à – 0.63)
. prévoir un gabarit pour vérification réservation grille de soufflage au sol
Contrôle réservations en RDC du 22/01/14
- manque 1∅200 dans local stockage univers petite enfance
- manque 1 réservation 20x40ht au droit douches à jets
- reprendre alignement 3 réservations rectangulaires dans salle fitness
- vérifier 2 réservations dans sanitaires publics
- vérifier 1 réservation dans local entretien vestiaires
- manque 1 réservation 35x35 en dalle haute du TGBT",['27-11-2013'],"[40, 41, 42]","[296, 305, 314]",42,MQB
"SNEF signale que les réservations demandées n’ont pas été prises en compte en RDC et R+1.
04/12/13 : pris en compte sur plans remis ce jour
Contrôle réservations en sous sol du 18/12/13
- Linteau entrée sous-sol à recouper
- Déboucher toutes les réservations
- Locaux TE / TA :
. 2 ventilations de bac tampon fosse de plongée à carotter
. 3 pièces à sceller bac tampon plongée à carotter : plan précis à fournir par EAS
. manque 4 réservations en PH pour COEXIA : plan précis à fournir par COEXIA
. manque 1 réservation COEXIA en voile cour anglaise
. vérifier si robinet de puisage dans socle casiers piscine
. vérifier siphon + évacuation sanitaires entrée et sanitaires douches piscine : confirmer nature des réseaux à pas-
ser par COEXIA
- Galeries techniques :
. voile à proximité local technique ludique à vérifier
. manque 1 réservation SNEF à proximité du local technique ludique
. manque 1 réservation COEXIA en voile infrastructure à côté du bassin d’apprentissage
. vérifier ∅200 manquant en voile bac tampon. 15/01/14 : pas nécessaire
. manque 3 réservations COEXIA à côté des bacs tampon
. vérifier possibilité de descendre réseau EU plages sous poutres autour du bassin d’activités (AI poutre à – 0.58
sauf une poutre à – 0.63)
. prévoir un gabarit pour vérification réservation grille de soufflage au sol",['27-11-2013'],"[36, 37, 38, 39]","[261, 269, 278, 287]",39,MQB
"Z1 à Z8 par SOGEA. Idem pour la Z11, Z12, Z15 à Z21 à charge SOGEA. Les Z9 et Z23 sont
à charge COEXIA
Synthèse",['17-04-2013'],"[22, 23, 24, 25, 26, 27, 28, 29, 30, 31, 32, 33, 34, 35, 36, 37, 38, 39, 40, 41, 42, 43, 44, 45, 46, 47, 48, 49, 49, 51]","[154, 161, 168, 176, 183, 191, 198, 206, 213, 221, 229, 237, 245, 253, 261, 269, 278, 287, 296, 305, 314, 323, 332, 341, 350, 359, 368, 377, 388, 406]",16,MQB
"Z13 et 14, pénétration dans bâtiment en point haut + attente au sol par SOGEA, descente
intérieure entre les 2 attentes par COEXIA. Il en va de même pour la Z10+Z24",['17-04-2013'],"[22, 23, 24, 25, 26, 27, 28, 29, 30, 31, 32, 33, 34, 35, 36, 37, 38, 39, 40, 41, 42, 43, 44, 45, 46, 47, 48, 49, 49, 51, 52, 53, 54, 54, 55, 56]","[154, 161, 168, 176, 183, 191, 198, 206, 213, 221, 229, 237, 245, 253, 261, 269, 278, 287, 296, 305, 314, 323, 332, 341, 350, 359, 368, 377, 388, 406, 422, 431, 440, 440, 449, 458]",13,MQB
"alimentation EF/ECS sanitaires douches femmes plongée avec traçage électrique pour
maintien hors gel canalisations cheminant en extérieur",['22-01-2014'],"[39, 40, 45, 47, 48, 49, 49, 51, 52, 53, 56, 57, 58, 59, 60, 61, 62, 63, 64, 65, 67, 68, 69, 70, 71, 72, 73, 74, 75, 76, 77, 78, 79, 80, 81, 82, 83, 84, 85, 86, 87, 88, 89, 90, 91, 92, 98, 99]","[291, 300, 345, 363, 372, 381, 396, 414, 425, 435, 461, 470, 479, 488, 497, 506, 514, 522, 530, 538, 557, 565, 574, 589, 602, 617, 629, 644, 656, 665, 675, 684, 692, 701, 711, 721, 731, 741, 751, 761, 771, 781, 791, 801, 816, 828, 846, 855]",29,MQB
assurer les calfeutrements coupe feu à l’avancement conformément à la fiche 73 de,['08-07-2015'],"[84, 85, 88, 90, 91, 98, 99]","[741, 751, 781, 801, 816, 846, 855]",24,MQB
"attention au rejet de la ventilation des bacs tampon. Ne pas réaliser à proximité de la cana-
lisation gaz (dégradation) et pas en sous face de dalle extérieure car risque de condensation",['08-07-2015'],"[83, 84, 85, 87, 88, 89, 90, 91]","[731, 741, 751, 771, 781, 791, 801, 816]",17,MQB
"attention manque réservations pour les pédiluves. 25/09/13 : réservations fournies tardi-
vement, percements à prévoir",['18-09-2013'],"[25, 26, 27, 28, 29, 30, 31, 32, 33, 34, 35, 36, 37, 38, 39, 40, 41, 42, 43, 44, 45, 46, 47, 48, 49, 49, 51, 52, 53, 54]","[179, 186, 194, 201, 209, 216, 224, 232, 240, 248, 256, 264, 272, 281, 291, 300, 309, 318, 327, 336, 345, 354, 363, 372, 381, 396, 414, 425, 435, 443]",17,MQB
"bloc porte sauna blanc
AVANCEMENT –  PLANIFICATION
Intempéries :
35 jours
Voir détail sur CR 76.
Effectif :",['23-09-2015'],"[87, 88, 89, 90, 91]","[773, 783, 793, 803, 819]",12,MQB
"confirmer les réservations pour la fosse de plongée. 03/07/13 : mettre à jour plan de la fosse
de plongée pour le 05/07/13",['26-06-2013'],"[17, 18, 19]","[120, 128, 135]",9,MQB
costière autour des siphon de sol dans plancher chauffant à prévoir 40x40,['22-01-2014'],"[39, 40, 41, 44, 45, 46, 47, 48, 49, 49, 51, 52, 53]","[291, 300, 309, 336, 345, 354, 363, 372, 381, 396, 414, 425, 435]",23,MQB
"diffuser plan de socles sur terrasse technique. 06/11/13 : tenir compte épaisseur complexe
isolant/étanchéité 100mm
Réservations en phase réalisation",['30-10-2013'],"[30, 31, 32, 33]","[213, 221, 229, 237]",19,MQB
"diffuser plan siphon et réseaux plages extérieurs à MONTARON pour le 20/09/13
Contrôle réservations en sous sol du 18/12/13
- Locaux TE / TA :
. vérifier si robinet de puisage dans socle casiers piscine
Contrôle réservations en RDC du 22/01/14
- valider VH local TGBT dans la porte du local
- vérifier alignement des réservations dans gradins
- vérifier alignement des réservations des trappes de lignes de nage
- manque toutes les réservations pour siphons de sol et caniveaux de la zone vestiaires sanitaires plon-
gée (plan non fourni)
Contrôle réservations de serrurerie du 22/01/14
- repères 4 et 6 : piochage si nécessaire lors de la pose
- repères 5 et 18 : reprise
- repère 8, 11 et 20 : vérification avec trait de niveau
- repère 10 : calfeutrement mortier après pose si nécessaire
Contrôle réservations en R+1 du 19/02/14
- vérifier alignement réservations sur coursive
- 2 réservations 300x300 à déplacer en hauteur sur coursive bassin ludique (soufflage canons de lu-
mière)
- vérifier alignement réservations au niveau terrasse technique zone plongée",['18-09-2013'],"[49, 49, 51]","[377, 388, 406]",29,MQB
"définir protections collectives après intervention carrelages autour des bassins. 15/04/15 :
une proposition technique chiffrée est remise ce jour par SOGEA. DRD transmet au MOA pour valida-
tion. 22/04/15 : fait",['08-04-2015'],"[68, 69, 70]","[563, 572, 584]",10,MQB
"désolidariser les gaines des ossatures de faux plafonds (risque de vibration et donc de
problème acoustique)",['08-07-2015'],"[82, 83, 84, 85, 87, 88, 89, 90, 91, 92, 98, 99]","[721, 731, 741, 751, 771, 781, 791, 801, 816, 828, 846, 855]",16,MQB
"faire relevé cote des réservations des grilles de sol suite à reprise des plots béton
support des poteaux de charpente pour mise en commande plénum de soufflage",['09-04-2014'],"[49, 49, 51]","[381, 396, 414]",30,MQB
"finaliser mode de pose des panneaux solaires (longrines ou plots lestés). 11/03/15 : pas de
graviers, poutrelles métalliques à prévoir",['18-02-2015'],"[63, 64, 65, 67, 71, 72]","[522, 530, 538, 557, 602, 617]",23,MQB
"finaliser mode de pose des panneaux solaires (longrines ou plots lestés). 11/03/15 : pas de
graviers, poutrelles métalliques à prévoir. 20/05/15 : lestage par parpaing plein, plan à faire valider
par DEKRA",['18-02-2015'],"[73, 74, 75, 77, 78]","[629, 644, 656, 675, 684]",16,MQB
"fournir bilan de puissance électrique traitement d’eau - URGENT
SUEDE
SAUNA
FITNESS – SAUNA - HAMMAM",['22-05-2013'],"[11, 13]","[76, 90]",11,MQB
"fournir cage d’ancrage du conduit de fumées. 25/09/13 : livraison programmée 1
ère semaine
d’octobre 2013",['24-07-2013'],"[24, 25, 26, 27]","[171, 179, 186, 194]",9,MQB
"fournir détail douches à jets remise en forme pour éventuelle modification de géo-
métrie en fonction des besoins pour pose et maintenance",['22-01-2014'],"[39, 40, 45, 46]","[291, 300, 345, 354]",25,MQB
"fournir proposition d’implantation des diverses crosses d’air dans les jardinière et sous
la rivière à bouées. 26/03/14 : 3 sous la rivière, 2 dans jardinière du bassin ludique (hauteur maxi = hau-
teur muret)",['19-03-2014'],"[47, 48, 49, 49, 51, 53, 68, 69, 70, 76]","[363, 372, 381, 396, 414, 435, 565, 574, 589, 665]",33,MQB
"fournir proposition d’implantation des diverses crosses d’air dans les jardinière et sous la rivière à
bouées. 26/03/14 : 3 sous la rivière, 2 dans jardinière du bassin ludique (hauteur maxi = hauteur muret). 21/05/14 :
dans jardinière bassin ludique, crosses dans l’angle voiles béton hauteur 1m
-16/04/14 : transmettre la date de livraison sur site de vos réseaux enterrés du solaire. 07/05/14 : livraison en sep-
tembre 2014
Transmettre à SOGEA les réservations des siphons et sorties de WC du R+1",['19-03-2014'],"[59, 60]","[488, 497]",16,MQB
"fournir proposition d’implantation des diverses crosses d’air dans les jardinières et sous
la rivière à bouées. 26/03/14 : 3 sous la rivière, 2 dans jardinière du bassin ludique (hauteur maxi = hau-
teur muret). 21/05/14 : dans jardinière bassin ludique, crosses dans l’angle voiles béton hauteur 1m
Transmettre à SOGEA les réservations des siphons et sorties de WC du R+1",['19-03-2014'],"[61, 62, 63, 64, 65, 67, 71, 72, 73, 74, 75, 77, 78, 79, 80, 81]","[506, 514, 522, 530, 538, 557, 602, 617, 629, 644, 656, 675, 684, 692, 701, 711]",14,MQB
"le trait de niveau a été matérialisé sur le chantier en divers endroits A LA CRAIE BLANCHE,
seul repérage valable. AUCUN AUTRE MARQUAGE NE DOIT ETRE EFFECTUE SUR LES BETONS.
19/03/14 : RAPPEL. Le cas échéant, un enduit global sur béton sera à réaliser aux frais des responsables
ou du compte prorata",['29-01-2014'],"[67, 68, 69, 70, 71, 72, 73, 74]","[554, 563, 572, 584, 599, 611, 626, 638]",5,MQB
"les véhicules de société doivent être stationnés sur le parking et non aux abords du bâti-
ment",['01-04-2015'],"[67, 68, 69, 70, 71, 72, 73, 74]","[554, 563, 572, 584, 599, 611, 626, 638]",7,MQB
"l’arase inférieur du plancher haut sous sol au droit des vestiaires collectifs est
abaissé de 16cm. Redéfinir les niveaux de sorties bâtiment à transmettre à DR, BERIM et",['05-09-2013'],"[21, 22]","[150, 157]",10,MQB
"manque 4 réservations en PH sous-sol pour siphon de sol dans sanitaires/douches
individuels
ASSISTANT MAITRISE D’OUVRAGE",['26-03-2014'],"[47, 48, 49]","[359, 368, 377]",41,MQB
"manque deux réservations dans voile file 10 (sans recherche de responsabilité) de
2000x1000mm + ∅250mm. Utilisation de deux réservations 1000x1000mm de part et d’autre
dudit voile pour dédoubler la gaine initiale. Un carottage est à prévoir pour le ∅250mm man-
quant
ASSISTANT MAITRISE D’OUVRAGE",['16-10-2013'],"[27, 28, 29, 30, 32]","[191, 198, 206, 213, 229]",23,MQB
"mettre en attente les grilles de sol sur plage, en attente définition reprise des massifs bé-
ton support des poteaux LC",['26-02-2014'],"[47, 48, 49, 49, 51]","[363, 372, 381, 396, 414]",25,MQB
"mettre en œuvre un isolant spécifique pour un usage extérieur sur les flexibles de
raccordement de panneaux solaires (fiche technique à présenter pour validation à CTH)",['09-12-2015'],"[98, 99]","[846, 855]",38,MQB
"pression dans les canalisations sous radier des bac tampon non maintenue. Fuite
probable, canalisations à tuber",['05-09-2013'],"[21, 22, 23, 24, 25, 26, 27, 28, 29, 30, 31, 32, 33, 34, 35, 36, 37, 38, 39, 40, 41]","[150, 157, 164, 171, 179, 186, 194, 201, 209, 216, 224, 232, 240, 248, 256, 264, 272, 281, 291, 300, 309]",9,MQB
"préciser les surfaces utiles des diverses grilles de ventilations dues par le lot serru-
rerie",['20-03-2013'],"[2, 3, 4, 7, 8, 9]","[16, 22, 28, 48, 55, 62]",6,MQB
"préciser sur site les passages de canalisations de plancher chauffant au droit des
portes pour définition des seuils à casser",['11-12-2013'],"[35, 36, 39, 40, 41, 42, 43, 44, 45, 46, 47, 48, 49, 49, 51]","[256, 264, 291, 300, 309, 318, 327, 336, 345, 354, 363, 372, 381, 396, 414]",15,MQB
"prévoir coulisses pour porter les grilles de soufflage en pied de mur rideau en partie haute
de l’enrochement",['08-01-2014'],"[39, 40, 41, 43, 44, 45, 46, 47, 48, 49, 49, 51, 52, 53, 56, 57, 58, 59, 60, 61, 62, 63, 64, 65]","[291, 300, 309, 327, 336, 345, 354, 363, 372, 381, 396, 414, 425, 435, 461, 470, 479, 488, 497, 506, 514, 522, 530, 538]",17,MQB
"prévoir de collecter 2 siphons de sol dans la partie décaissée en haut des gradins côté ri-
vière",['12-02-2014'],"[47, 48, 49, 49, 51, 53]","[363, 372, 381, 396, 414, 435]",23,MQB
"prévoir le nettoyage + la désinfection des gaines maçonnées avant mise en service
des installations en concertation avec SOGEA",['09-12-2015'],"[98, 99]","[846, 855]",40,MQB
"prévoir passage PE gaz dans tranchée commune entre chaufferie et futur coffret gaz.
15/04/15 : prévoir PE pour fin mai",['08-04-2015'],"[71, 72, 73, 74, 75]","[602, 617, 629, 644, 656]",21,MQB
"prévoir passage alimentation pédiluves et douches extérieurs. 03/06/15 : à réaliser pour fin juil-
let 2015",['11-12-2013'],"[75, 76, 77, 78, 79, 80, 81]","[656, 665, 675, 684, 692, 701, 711]",4,MQB
"prévoir platelage ponctuel amovible en périphérie du bassin d’apprentissage, à déplacer
à l’avancement + remettre barrière HERAS sur plots sur plages après carrelage + mettre échafaudage
dans bassins sportif et d’activité pour empêcher chute dans le bassin à déplacer à l’avancement.
Mettre PPSPS à jour",['08-04-2015'],"[68, 69, 70, 71, 72, 73, 74]","[563, 572, 584, 599, 611, 626, 638]",6,MQB
"prévoir une alimentation EF + presto pour alimentation seau d’eau froide à bascule (al-
côve contigu au bain froid)",['29-01-2014'],"[47, 48, 49, 49, 51, 52, 53, 56]","[363, 372, 381, 396, 414, 425, 435, 461]",21,MQB
"prévoir une pompe + canalisation pour alimenter cascade en sortie tunnel rivière.
15/01/14 : largeur 1m. 19/02/14 : 2x0,50m avec une seule alimentation",['08-01-2014'],"[43, 44, 45, 46, 47, 48, 49, 49, 51, 52, 53, 55, 56, 57, 58, 59, 60, 61, 62, 63, 64]","[327, 336, 345, 354, 363, 372, 381, 396, 414, 425, 435, 452, 461, 470, 479, 488, 497, 506, 514, 522, 530]",9,MQB
"rappel concernant les calorifuges extérieurs (coquilles isoxal), mettre en œuvre les
jonctions en partie basse afin d’éviter l’infiltration d’eau dans les calorifuges",['09-12-2015'],"[98, 99]","[846, 855]",34,MQB
"recaler plan de réservation traitement d’eau sur plan gros œuvre du bassin ludique
(513 ind 0) et vérifier s’il ne manque pas de réservations notamment au droit des libages
SUEDE
SAUNA
FITNESS – SAUNA - HAMMAM",['13-06-2013'],"[14, 15]","[97, 104]",9,MQB
"regards de vidange des bacs tampon non prévus au marché donc non réalisés.
Principe de pompe de relevage posé dans le bac tampon retenu lors de la vidange des bassins
SUEDE
SAUNA
FITNESS – SAUNA - HAMMAM",['27-03-2013'],"[3, 4]","[22, 28]",8,MQB
"remettre en conformité escalier d’accès caniveau technique en galeries techniques
+ remettre lisses et plinthes sur garde corps",['20-05-2015'],"[73, 74]","[629, 644]",26,MQB
"remonter les rejets de bâches tampon au même niveau que l’allège béton afin
d’éviter de renvoyer les refoulements dans la cour de service",['09-12-2015'],"[98, 99]","[846, 855]",36,MQB
"réservation au droit coursive au-dessus local MNS à scier pour hauteur fini de
500mm en alignant les deux réservations
Réception support par CRI du 12/03/14
- effectuer enduit sur maçonnerie recouverte de faïence
- fosse de plongée, reprendre désaffleur entre les deux levées de coulage des bajoyers. Reste à vérifier la dimen-
sion en plan (∅ constant à vérifier sur la hauteur)",['09-04-2014'],"[49, 49, 51]","[377, 388, 406]",34,MQB
"réunion à programmer début septembre pour la présentation à la MOA de la supervision
sur la base d’un exemple récent du fournisseur TREND avec liste des différentes vues spécifiques à ce
projet. 26/08/15 : présentation programmée le 16/09/15 à 10h00 à la CAMVS (annexe, salle Violaine).
16/09/15 : reportée au 30/09/15. 23/09/15 : reportée au 28/10/15 à 10h00",['08-07-2015'],"[88, 89, 90, 91]","[781, 791, 801, 816]",17,MQB
"sabler les pièces d’évacuation des pédiluves pour accroche scellement
SUEDE
SAUNA
FITNESS –  SAUNA - HAMMAM",['20-05-2015'],"[73, 74]","[629, 644]",32,MQB
"suite à la réunion organisée par la Maîtrise d’Ouvrage le 03/11/15, un avenant de prolongation de délai
sera notifié aux entreprises avec pour date limite de livraison au 28/02/15.
Avancement :
Gros Oeuvre
- finition en cours
- couverture étanchéité : reste terrasse technique, membrane + contre bardage terrasse technique. En cours
- pose mur rideau reste finitions
- pose réseau désenfumage reste finitions
- reprise finitions gros œuvre fosse de plongée en cours
Menuiseries intérieures
- cloisonnement doublage remise en forme sur une 1
ère hauteur fait, reste une plaque sur 2
ème hauteur + enduit à ter-
miner RETARD
- ossature bardage acoustique en cours
Serrurerie
Ascenseurs
- pose ascenseur fosse plongée terminé ???
Carrelages
- carrelages hall bassins, reste finitions en cours
- gradins en cours
- carrelages remise en forme en cours
- étanchéité vestiaires (individuel et personnel) en cours
- carrelages vestiaires individuels en cours
- faïence en cours
- fosse de plongée en cours
Faux plafonds
- ossature toutes zones en cours
Peinture
- peinture toutes zones en attente avancement TCE
Traitement d’Air – Chauffage – Traitement d’Eau – Plomberie
- pose bouches de soufflage en cours
- plomberie en cours
- électricité en cours
Electricité
- câblage en cours
- toute électricité zone bassins sportif et activité fait, reste pose appareillage
- poste transfo posé, reste raccordement intérieur
VRD
- borduration parking en cours
- apport de terre en cours
Planification :
Gros Oeuvre
- reprise finition couverture à partir du 19/03/15. RETARD. Intervention à partir du 16/11/15. RETARD. Couvertines
fosse de plongée pour le 27/11/15
- terrasse technique pour le 11/12/15
- reprise solde pose membrane sur tipi à partir du 07/04/15. RETARD. Intervention à partir du 16/11/15. RETARD.
Pour le 27/11/15
Bassins inox
- en attente avancement carrelage
Menuiseries intérieures
- approvisionnement habillage stratifiés perforés du 08/06/15 au 31/07/15
- pose habillage stratifiés perforés à partir du 24/08/15
- pose panneaux acoustiques en lames bois à partir du 05/10/15
- mise en fabrication banque d’accueil. Pose à partir du 15/02/16
- pose signalétique à partir du 15/01/16
- pose porte semaine 1",['04-11-2015'],"[97, 98]","[839, 848]",60,MQB
"synthèse RDC, R+1 et toiture le 10/09/13. Diffusion plan de réservations pour le 13/09/13. 18/09/13 :
plan présenté validé à compléter avec réservation pour bain chaud pour le 20/09/13. 25/09/13 : diffuser plan
de synthèse réservations RDC et R+1 y compris gradins sans délai",['05-09-2013'],"[24, 25, 26]","[168, 176, 183]",16,MQB
"terminer au plus vite les réseaux en caniveau technique des galeries techniques
pour mise en place caillebotis définitif",['20-05-2015'],"[73, 74, 75]","[629, 644, 656]",28,MQB
"transmettre les éléments GTB manquants (architecture, ergonomie GTB, liste et nombre de
vues",['08-07-2015'],"[84, 85, 88, 89, 90, 91]","[741, 751, 781, 791, 801, 816]",21,MQB
"transmettre l’implantation de la sortie en toiture du hammam à SOGEA. 20/05/15 : con-
firmer dimension de la costière",['13-05-2015'],"[73, 74]","[629, 644]",24,MQB
"une réservation à décaler, implanter dans la charpente métallique
Réception support par CRI du 12/03/14
- fosse de plongée, reprendre désaffleur entre les deux levées de coulage des bajoyers. Reste à vérifier la dimen-
sion en plan (∅ constant à vérifier sur la hauteur)
Synthèse Toile tendue / Surveillance des baignades / Electricité du 18/02/15
- réservation pour caméras Poséidon 65x55cm, découpée in situ
- sur plan de calepinage toile tendue, faire implantation des caméras et des réservations pour le
27/02/15
- caméras en milieu de bassin à régler juste après pose de la toile
ASSISTANT MAITRISE D’OUVRAGE",['25-06-2014'],"[61, 62]","[503, 511]",17,MQB
"voir pour électrovanne sur vidange pédiluves. 26/03/14 : à chiffrer 7 unités et 4 com-
mandes (2 hall bassins, 2 remise en forme, 1 fosse de plongée, 2 extérieur)",['19-03-2014'],"[47, 48, 49, 49, 51]","[363, 372, 381, 396, 414]",29,MQB
"vérifier que sont prévus 1∅40 en PVC en attente au sol + une alimentation ∅16
(PVC pression avec embout fileté) dans le local technique sauna hammam",['29-01-2014'],"[40, 47, 48, 49, 49, 51, 52, 53]","[300, 363, 372, 381, 396, 414, 425, 435]",29,MQB
"à partir du 20/04/15 sont responsable de l’ouverture et de la fermeture du bâtiment : ac-
cès zone sportif MODULE, accès zone ludique CRI, sas d’entrée principale SNEF et MQB, chaufferie et
accès personnel MQB",['15-04-2015'],"[69, 70, 71, 72, 73, 74]","[572, 584, 599, 611, 626, 638]",9,MQB
"évacuation bains chaud et froid sortie ∅75 sur pièce céramique. 20/05/15 : 4 pour bain chaud
et 3 pour bain froid",['06-05-2015'],"[73, 74, 75, 77, 78]","[629, 644, 656, 675, 684]",22,MQB
"Carrelage Hall d'entrée: GRANITOGRE SERIE MARTE -  référence GRIGIO MAGGIA 30X30 finition
Matt
AVANCEMENT – PLANIFICATION
Intempéries :
35 jours
Voir détail sur CR 76.
Effectif :",['25-02-2015'],"[83, 84, 85, 86]","[733, 743, 753, 763]",11,MQB
SE1553 Vert Pistache de la Seigneurie,['03-06-2015'],"[78, 79, 80, 81, 82]","[685, 694, 703, 713, 723]",10,MQB
"SE1553 Vert Pistache de la Seigneurie
AVANCEMENT – PLANIFICATION
Intempéries :
35 jours
Voir détail sur CR 76.
Effectif :",['03-06-2015'],[77],[676],14,MQB
"SNEF signale que les réservations demandées n’ont pas été prises en compte en
RDC et R+1
ASSISTANT MAITRISE D’OUVRAGE",['27-11-2013'],[33],[237],24,MQB
"SNEF signale que les réservations demandées n’ont pas été prises en compte en RDC et R+1.
04/12/13 : pris en compte sur plans remis ce jour
ASSISTANT MAITRISE D’OUVRAGE",['27-11-2013'],"[34, 35]","[245, 253]",18,MQB
SOGEA informe avoir repris l’ensemble des réservations R-1 et RDC. A valider,['12-02-2014'],"[47, 48]","[363, 372]",22,MQB
TRESPA NA 15 Indian Tera Cotta,['18-11-2015'],[99],[856],3,MQB
"TRESPA NA 15 Indian Tera Cotta
AVANCEMENT – PLANIFICATION
Intempéries :
35 jours
Voir détail sur CR 76.
Effectif :",['18-11-2015'],"[97, 98]","[838, 847]",9,MQB
"Z1 à Z8 par SOGEA. Idem pour la Z11, Z12, Z15 à Z21 à charge SOGEA. Les Z9 et Z23 sont à
charge COEXIA
Contrôle réservations en RDC du 22/01/14
- valider VH local TGBT dans la porte du local
- manque toutes les réservations pour siphons de sol et caniveaux de la zone vestiaires sanitaires plongée (plan
non fourni)
Contrôle réservations en R+1 du 19/02/14
- 2 réservations 300x300 à déplacer en hauteur sur coursive bassin ludique (soufflage canons de lumière)
- vérifier alignement réservations au niveau terrasse technique zone plongée",['17-04-2013'],"[54, 54, 55]","[440, 440, 449]",16,MQB
"Z1 à Z8 par SOGEA. Idem pour la Z11, Z12, Z15 à Z21 à charge SOGEA. Les Z9 et Z23 sont à
charge COEXIA
Contrôle réservations en RDC du 22/01/14
- valider VH local TGBT dans la porte du local
- manque toutes les réservations pour siphons de sol et caniveaux de la zone vestiaires sanitaires plongée (plan
non fourni)
Contrôle réservations en R+1 du 19/02/14
- 2 réservations 300x300 à déplacer en hauteur sur coursive bassin ludique (soufflage canons de lumière)
- vérifier alignement réservations au niveau terrasse technique zone plongée
Réception support par CRI du 12/03/14
- fosse de plongée, reprendre désaffleur entre les deux levées de coulage des bajoyers. Reste à vérifier la dimen-
sion en plan (∅ constant à vérifier sur la hauteur)
ASSISTANT MAITRISE D’OUVRAGE",['17-04-2013'],[56],[458],18,MQB
"Z1 à Z8 par SOGEA. Idem pour la Z11, Z12, Z15 à Z21 à charge SOGEA. Les Z9 et Z23 sont à
charge COEXIA
Contrôle réservations en sous sol du 18/12/13
- Locaux TE / TA :
. vérifier si robinet de puisage dans socle casiers piscine
Contrôle réservations en RDC du 22/01/14
- valider VH local TGBT dans la porte du local
- manque toutes les réservations pour siphons de sol et caniveaux de la zone vestiaires sanitaires plongée (plan
non fourni)
Contrôle réservations en R+1 du 19/02/14
- 2 réservations 300x300 à déplacer en hauteur sur coursive bassin ludique (soufflage canons de lumière)
- vérifier alignement réservations au niveau terrasse technique zone plongée",['17-04-2013'],"[52, 53]","[422, 431]",18,MQB
"Z11, regard en pied de chute à confirmer",['17-04-2013'],"[22, 23, 24, 25, 26, 27, 28, 29, 30, 31, 32, 33, 34, 35, 36, 37, 38, 39, 40, 41, 42, 43, 44, 45, 46, 47, 48, 49, 49, 51, 52, 53, 54, 54, 55, 56]","[154, 161, 168, 176, 183, 191, 198, 206, 213, 221, 229, 237, 245, 253, 261, 269, 278, 287, 296, 305, 314, 323, 332, 341, 350, 359, 368, 377, 388, 406, 422, 431, 440, 440, 449, 458]",10,MQB
"accord pour créer 2 ou 3 évacuations sur goulottes fosse de plongée avec des-
centes dans local musculation
SUEDE
SAUNA
FITNESS – SAUNA - HAMMAM",['07-05-2014'],[53],[435],37,MQB
accès plateforme zone rivière validé,['17-06-2015'],[78],[684],26,MQB
"accès plateforme zone rivière validé
SUEDE
SAUNA
FITNESS – SAUNA - HAMMAM",['17-06-2015'],[77],[675],29,MQB
alimentation pédiluve par bonde de fond,['19-03-2014'],"[47, 48, 49, 49, 51, 53]","[363, 372, 381, 396, 414, 435]",30,MQB
alimentation pédiluves par surverse,['30-04-2014'],"[53, 58, 59, 60, 61, 62, 63, 64, 65, 67, 71, 72]","[435, 479, 488, 497, 506, 514, 522, 530, 538, 557, 602, 617]",29,MQB
alimentation pédiluves par surverse depuis la partie engazonnée,['10-06-2015'],"[77, 78, 82, 83, 84, 85, 86, 87]","[675, 684, 721, 731, 741, 751, 761, 771]",25,MQB
"attention manque réservations pour les pédiluves
SUEDE
SAUNA
FITNESS – SAUNA - HAMMAM",['18-09-2013'],[23],[164],14,MQB
"attention manque réservations pour les pédiluves. 25/09/13 : réservations fournies tardive-
ment, percements à prévoir
SUEDE
SAUNA
FITNESS – SAUNA - HAMMAM",['18-09-2013'],[24],[171],18,MQB
"bain chaud, bain froid, hall d’entrée + coursive",['07-05-2014'],"[59, 63, 64, 65, 66, 67]","[489, 524, 531, 540, 549, 558]",5,MQB
bloc porte sauna blanc,['23-09-2015'],[92],[830],4,MQB
bruine LOTUS 10 couleur bleu,['18-06-2014'],"[59, 60, 61, 62, 63, 64, 65, 66, 67, 68, 69, 70, 71, 72, 73, 74, 75, 76, 77, 78, 79, 80, 81, 82, 83, 84, 85, 86, 87, 88, 89, 90, 91, 92, 97, 98, 99]","[489, 499, 508, 516, 524, 531, 540, 549, 558, 567, 576, 592, 603, 619, 630, 646, 657, 667, 676, 685, 694, 703, 713, 723, 733, 743, 753, 763, 773, 783, 793, 803, 819, 830, 838, 847, 856]",8,MQB
"choix teintes 1070 Blanc pour les plages, 7035 Gris clair pour les pédiluves",['04-06-2014'],"[59, 60, 63, 64, 65, 66, 67, 68, 69, 70, 71, 72, 73, 74, 75, 76, 77, 78, 79, 80, 81, 82, 83, 84, 85, 86, 87]","[489, 499, 524, 531, 540, 549, 558, 567, 576, 592, 603, 619, 630, 646, 657, 667, 676, 685, 694, 703, 713, 723, 733, 743, 753, 763, 773]",6,MQB
"compléter le supportage afin de renforcer les canalisations PVC + faire calfeutrement de l’édicule ma-
çonné de la terrasse technique",['21-10-2015'],"[98, 99]","[846, 855]",24,MQB
compléter plan MYRTHA avec implantation des carottages à réaliser pour la rivière,['15-01-2014'],[39],[291],19,MQB
"compléter plan MYRTHA avec implantation des carottages à réaliser pour la rivière. 29/01/14 :
URGENT",['15-01-2014'],"[40, 41]","[300, 309]",19,MQB
"compléter plan MYRTHA avec implantation des carottages à réaliser pour la rivière. 29/01/14 :
URGENT. 19/02/14 : reste carottage pour alimentation fontaine à prévoir par EAS",['15-01-2014'],"[43, 44, 45, 46, 47, 48]","[327, 336, 345, 354, 363, 372]",12,MQB
compléter protections collectives fosse de plongée (plinthe + hauteur de lisse),['08-04-2015'],[67],[554],10,MQB
compléter protections collectives fosse de plongée (plinthe + hauteur de lisse). 15/04/15 : fait,['08-04-2015'],[68],[563],2,MQB
confirmer dimension de la costière. 03/06/15 : dimensions 400x400x500ht ∅160,['20-05-2015'],[75],[656],24,MQB
confirmer dimensions socles des douches extérieures. 17/06/15 : 60x60cm,['10-06-2015'],"[77, 78]","[675, 684]",24,MQB
confirmer la prise en compte des points GTB manquant sur visa n° 5 (installation solaire …),['26-08-2015'],"[88, 90]","[781, 801]",24,MQB
confirmer la section de la gaine de rejet VMC en façade vestiaires personnel,['22-04-2015'],"[71, 72]","[602, 617]",23,MQB
confirmer le niveau de portance des remblais sous dallage,['18-12-2013'],[51],[410],4,MQB
confirmer le type de chape sur plancher chauffant et le produit utilisé (faire coupe),['29-05-2013'],[12],[83],8,MQB
"confirmer les dimensions des regards en extrémités du bassin sportif pour la re-
montées des canalisations sous bassin en galerie technique pour le 22/03/13",['20-03-2013'],[2],[17],2,MQB
confirmer les débits et hydraulicité des bassins pour le 21/03/13,['20-03-2013'],[2],[16],6,MQB
confirmer les réservations pour la fosse de plongée,['26-06-2013'],[16],[112],8,MQB
"confirmer les réservations pour l’alimentation de la rivière au droit de l’escalier
d’accès
SUEDE
SAUNA
FITNESS – SAUNA - HAMMAM",['06-11-2013'],[30],[216],13,MQB
confirmer les réservations pour l’alimentation de la rivière au droit de l’escalier d’accès,['06-11-2013'],"[31, 32]","[224, 232]",10,MQB
"confirmer les réservations pour l’alimentation de la rivière au droit de l’escalier d’accès. 27/11/13 :
prévoir l’alimentation le long de la trémie de l’escalier à l’aplomb du bac de départ",['06-11-2013'],[33],[240],11,MQB
"confirmer socle pour douche extérieure au droit des pédiluve suivant plan DR
transmis le 08/11/13
SUEDE
SAUNA
FITNESS – SAUNA - HAMMAM",['13-11-2013'],[31],[224],17,MQB
confirmer socle pour douche extérieure au droit des pédiluve suivant plan DR transmis le 08/11/13,['13-11-2013'],"[32, 33]","[232, 240]",11,MQB
courant provisoire demandé pour le 02/01/16,['10-11-2015'],"[98, 99]","[846, 855]",29,MQB
dalles de faux plafonds mises à disposition pour incorporation,['14-10-2015'],[98],[846],18,MQB
"diffuser plan de socles sur terrasse technique
Charpente LC / Faux plafonds
- 24/04/13  prévoir une structure à souder en pied de charpente métallique des verrières
Réservations en phase réalisation",['30-10-2013'],[29],[206],20,MQB
diffuser plan réseaux enterrés à MONTARON pour le 20/09/13,['18-09-2013'],"[23, 24]","[161, 168]",16,MQB
diffuser plan siphon et réseaux plages extérieurs à MONTARON pour le 20/09/13,['18-09-2013'],"[23, 24, 25, 26, 27, 28, 29, 30, 31, 32, 33]","[161, 168, 176, 183, 191, 198, 206, 213, 221, 229, 237]",17,MQB
"diffuser plan siphon et réseaux plages extérieurs à MONTARON pour le 20/09/13
Contrôle réservations en sous sol du 18/12/13
- Déboucher toutes les réservations
- Locaux TE / TA :
. 2 ventilations de bac tampon fosse de plongée à carotter
. 3 pièces à sceller bac tampon plongée à carotter : plan précis à fournir par EAS
. manque 4 réservations en PH pour COEXIA : plan précis à fournir par COEXIA
. manque 1 réservation COEXIA en voile cour anglaise
. vérifier si robinet de puisage dans socle casiers piscine
. vérifier siphon + évacuation sanitaires entrée et sanitaires douches piscine : confirmer nature des réseaux à pas-
ser par COEXIA
- Galeries techniques :
. voile à proximité local technique ludique à vérifier
. manque 1 réservation SNEF à proximité du local technique ludique
. manque 1 réservation COEXIA en voile infrastructure à côté du bassin d’apprentissage
. manque 3 réservations COEXIA à côté des bacs tampon
. vérifier possibilité de descendre réseau EU plages sous poutres autour du bassin d’activités (AI poutre à – 0.58
sauf une poutre à – 0.63)
. prévoir un gabarit pour vérification réservation grille de soufflage au sol
Contrôle réservations en RDC du 22/01/14
- manque 1∅200 dans local stockage univers petite enfance
- manque 1 réservation 20x40ht au droit douches à jets
- reprendre alignement 3 réservations rectangulaires dans salle fitness
- vérifier 2 réservations dans sanitaires publics
- vérifier 1 réservation dans local entretien vestiaires
- manque 1 réservation 35x35 en dalle haute du TGBT
- valider VH local TGBT dans la porte du local
- réservation à déboucher dans local compresseur
- réservation à déboucher dans local déchetterie
- 2 réservations à déboucher dans local espaces verts
- manque 1 réservation + 1 réservation à reprendre dans local technique plongée
- 2 réservations à déboucher dans local musculation
- manque 3 réservations dans chaufferie
- vérifier alignement des réservations dans gradins
- vérifier alignement des réservations des trappes de lignes de nage
- fournir gabarit pour vérification des réservations pour grille de sol sur plages
- manque toutes les réservations pour siphons de sol et caniveaux de la zone vestiaires sanitaires plongée (plan
non fourni)",['18-09-2013'],"[43, 44, 45]","[323, 332, 341]",47,MQB
"diffuser plan siphon et réseaux plages extérieurs à MONTARON pour le 20/09/13
Contrôle réservations en sous sol du 18/12/13
- Locaux TE / TA :
. 3 pièces à sceller bac tampon plongée à carotter : plan précis à fournir par EAS
. vérifier si robinet de puisage dans socle casiers piscine
- Galeries techniques :
. voile à proximité local technique ludique à vérifier
. manque 1 réservation SNEF à proximité du local technique ludique
. prévoir un gabarit pour vérification réservation grille de soufflage au sol
Contrôle réservations en RDC du 22/01/14
- manque 1∅200 dans local stockage univers petite enfance
- manque 1 réservation 20x40ht au droit douches à jets
- reprendre alignement 3 réservations rectangulaires dans salle fitness
- vérifier 2 réservations dans sanitaires publics
- vérifier 1 réservation dans local entretien vestiaires
- manque 1 réservation 35x35 en dalle haute du TGBT
- valider VH local TGBT dans la porte du local
- réservation à déboucher dans local compresseur
- réservation à déboucher dans local déchetterie
- 2 réservations à déboucher dans local espaces verts
- manque 1 réservation + 1 réservation à reprendre dans local technique plongée
- 2 réservations à déboucher dans local musculation
- manque 3 réservations dans chaufferie
- vérifier alignement des réservations dans gradins
- vérifier alignement des réservations des trappes de lignes de nage
- fournir gabarit pour vérification des réservations pour grille de sol sur plages
- manque toutes les réservations pour siphons de sol et caniveaux de la zone vestiaires sanitaires plongée (plan
non fourni)
Contrôle réservations de serrurerie du 22/01/14
- repères 4 et 6 : piochage si nécessaire lors de la pose
- repères 5 et 18 : reprise
- repère 8, 11 et 20 : vérification avec trait de niveau
- repère 10 : calfeutrement mortier après pose si nécessaire
Contrôle bassins ludique et apprentissage du 22/01/14
- piochage si nécessaire lors de la pose des panneaux verticaux
Contrôle bassin sportif et rivière du 03/02/14
- piochage si nécessaire lors de la pose des panneaux verticaux du bassin sportif.19/03/14 : fait par A&T
- fond de goulotte bassin sportif à rehausser. 19/03/14 : compenser par pièces métalliques par A&T",['18-09-2013'],[46],[350],47,MQB
"diffuser plan siphon et réseaux plages extérieurs à MONTARON pour le 20/09/13
Contrôle réservations en sous sol du 18/12/13
- Locaux TE / TA :
. vérifier si robinet de puisage dans socle casiers piscine
- Galeries techniques :
. prévoir un gabarit pour vérification réservation grille de soufflage au sol
Contrôle réservations en RDC du 22/01/14
- valider VH local TGBT dans la porte du local
- vérifier alignement des réservations dans gradins
- vérifier alignement des réservations des trappes de lignes de nage
- manque toutes les réservations pour siphons de sol et caniveaux de la zone vestiaires sanitaires plongée (plan
non fourni)
Contrôle réservations de serrurerie du 22/01/14
- repères 4 et 6 : piochage si nécessaire lors de la pose
- repères 5 et 18 : reprise
- repère 8, 11 et 20 : vérification avec trait de niveau
- repère 10 : calfeutrement mortier après pose si nécessaire
Contrôle bassins ludique et apprentissage du 22/01/14
- piochage si nécessaire lors de la pose des panneaux verticaux
Contrôle bassin sportif et rivière du 03/02/14
- quais à prolonger du bassin sportif. 26/03/14 : trop large, à recouper
Contrôle réservations en R+1 du 19/02/14
- vérifier alignement réservations sur coursive
- 2 réservations 300x300 à déplacer en hauteur sur coursive bassin ludique (soufflage canons de lumière)
- vérifier alignement réservations au niveau terrasse technique zone plongée
Réception support par CRI du 12/03/14
- effectuer enduit sur maçonnerie recouverte de faïence
- fosse de plongée, reprendre désaffleur entre les deux levées de coulage des bajoyers. Reste à vérifier la dimen-
sion en plan (∅ constant à vérifier sur la hauteur)",['18-09-2013'],[47],[359],39,MQB
"diffuser plan siphon et réseaux plages extérieurs à MONTARON pour le 20/09/13
Contrôle réservations en sous sol du 18/12/13
- Locaux TE / TA :
. vérifier si robinet de puisage dans socle casiers piscine
Contrôle réservations en RDC du 22/01/14
- valider VH local TGBT dans la porte du local
- vérifier alignement des réservations dans gradins
- vérifier alignement des réservations des trappes de lignes de nage
- manque toutes les réservations pour siphons de sol et caniveaux de la zone vestiaires sanitaires plongée (plan
non fourni)
Contrôle réservations de serrurerie du 22/01/14
- repères 4 et 6 : piochage si nécessaire lors de la pose
- repères 5 et 18 : reprise
- repère 8, 11 et 20 : vérification avec trait de niveau
- repère 10 : calfeutrement mortier après pose si nécessaire
Contrôle bassin sportif et rivière du 03/02/14
- quais à prolonger du bassin sportif. 26/03/14 : trop large, à recouper
Contrôle réservations en R+1 du 19/02/14
- vérifier alignement réservations sur coursive
- 2 réservations 300x300 à déplacer en hauteur sur coursive bassin ludique (soufflage canons de lumière)
- vérifier alignement réservations au niveau terrasse technique zone plongée
Réception support par CRI du 12/03/14
- effectuer enduit sur maçonnerie recouverte de faïence
- fosse de plongée, reprendre désaffleur entre les deux levées de coulage des bajoyers. Reste à vérifier la dimen-
sion en plan (∅ constant à vérifier sur la hauteur)",['18-09-2013'],[48],[368],34,MQB
"diffuser plan siphon et réseaux plages extérieurs à MONTARON pour le 20/09/13
Réservations en phase réalisation",['18-09-2013'],"[34, 35, 36, 37, 38, 39, 40, 41, 42]","[245, 253, 261, 269, 278, 287, 296, 305, 314]",13,MQB
diffuser plan sorties bâtiment à MONTARON pour le 20/09/13,['18-09-2013'],"[23, 24, 25, 26, 27, 28, 29, 30, 31, 32, 33]","[161, 168, 176, 183, 191, 198, 206, 213, 221, 229, 237]",18,MQB
définir protections collectives après intervention carrelages autour des bassins,['08-04-2015'],[67],[554],16,MQB
délai d’intervention détaillé sur terrasse technique pour le 27/06/14,['25-06-2014'],"[60, 61, 62, 63]","[497, 506, 514, 522]",21,MQB
"faire plan de la limite zone à -4,66m dans galerie technique pour le 22/03/13
SUEDE
SAUNA
FITNESS – SAUNA - HAMMAM",['20-03-2013'],[2],[17],6,MQB
faire plan de réservations des bains chaud et froid pour le 26/07/13,['24-07-2013'],"[20, 21, 22]","[143, 150, 157]",13,MQB
faire plan du décaissé souhaité dans galerie technique pour le 25/07/13,['24-07-2013'],[20],[143],12,MQB
faire porte provisoire accès sous-sol,['15-04-2015'],"[68, 69, 71, 72, 73, 74]","[563, 572, 599, 611, 626, 638]",1,MQB
"faire porte provisoire accès sous-sol
29/04/15 : l’entreprise SOGEA informe verbalement la Maitrise d’œuvre que la facture
d’électricité a été multipliée par six. Il est demandé à chacune des entreprises de couper, dans les
bases vie, les radiateurs électriques le soir.",['15-04-2015'],[70],[584],24,MQB
faire réseau EP dans cour anglaise façade nord,['08-04-2015'],"[67, 71, 72, 73, 74, 75, 77, 78, 80, 81, 82, 83, 84, 85, 86, 87, 88, 89, 90, 91, 92, 98, 99]","[557, 602, 617, 629, 644, 656, 675, 684, 701, 711, 721, 731, 741, 751, 761, 771, 781, 791, 801, 816, 828, 846, 855]",19,MQB
faire sortie en façade du local technique pour rejet eau de lavage filtre bains chaud et froid,['28-05-2014'],[58],[479],23,MQB
"faire synthèse des points GTC à diffuser pour validation ESEC, BERIM et CTH",['30-04-2014'],"[53, 58, 59, 60, 61, 62, 63, 64, 65, 67, 71, 72, 73, 74]","[435, 479, 488, 497, 506, 514, 522, 530, 538, 557, 602, 617, 629, 644]",27,MQB
"faire synthèse des points GTC à diffuser pour validation ESEC, BERIM et CTH. 03/06/15 : fait le
02/06/15",['30-04-2014'],[75],[656],13,MQB
"finaliser les réponses aux observations CTH, reste quelques points à confirmer",['08-07-2015'],"[82, 83]","[721, 731]",16,MQB
finaliser les sorties de bâtiments pour VRD,['17-04-2013'],"[22, 23, 24, 25, 26, 27, 28, 29, 30, 31, 32, 33, 34, 35, 36, 37, 38, 39, 40, 41, 42, 43, 44, 45, 46, 47]","[154, 161, 168, 176, 183, 191, 198, 206, 213, 221, 229, 237, 245, 253, 261, 269, 278, 287, 296, 305, 314, 323, 332, 341, 350, 359]",17,MQB
"finaliser mode de pose des panneaux solaires (longrines ou plots lestés)
SUEDE
SAUNA
FITNESS – SAUNA - HAMMAM",['18-02-2015'],"[61, 62]","[506, 514]",25,MQB
fournir bilan de puissance électrique traitement d’eau – URGENT,['22-05-2013'],[12],[83],7,MQB
fournir cage d’ancrage du conduit de fumées,['24-07-2013'],"[21, 22, 23]","[150, 157, 164]",7,MQB
"fournir cage d’ancrage du conduit de fumées
SUEDE
SAUNA
FITNESS – SAUNA - HAMMAM",['24-07-2013'],[20],[143],16,MQB
"fournir cage d’ancrage du conduit de fumées. 25/09/13 : livraison programmée 1
ère semaine d’octobre
2013. 23/10/13 : fait ce jour",['24-07-2013'],[28],[201],7,MQB
fournir doc sur seau d’eau froide à bascule à COEXIA,['29-01-2014'],"[40, 47, 48]","[300, 363, 372]",35,MQB
fournir détail douches à jets remise en forme pour éventuelle modification de géométrie en fonction,['22-01-2014'],[41],[309],21,MQB
fournir grille de sol à CRI pour permettre pose carrelage sur plages,['11-06-2014'],[58],[479],24,MQB
"fournir les besoins en sorties toiture (crosse, fourreaux, souches, chevêtres, …",['24-04-2013'],"[7, 8, 9]","[48, 55, 62]",5,MQB
fournir les caractéristiques des pompes de relevage,['06-03-2013'],"[2, 3, 4, 5, 6, 7, 8, 9, 10, 11, 12, 13, 14, 15, 16, 17, 18, 19, 20, 21, 22, 23, 24, 25, 26, 27, 28, 29, 30, 31, 32, 33, 34, 35, 36, 37, 38, 39, 40, 41, 42, 43, 44, 45, 46, 47, 48, 49, 49, 51, 52, 53, 54, 55, 56, 57, 58, 59, 60, 61, 62, 63, 64, 65, 66, 67, 68, 69, 70, 71, 72, 73, 74, 75, 76, 77, 78, 79, 80, 81, 82, 83, 84, 85, 86, 87, 88, 89, 90, 91, 92, 98, 99]","[16, 22, 28, 34, 40, 48, 55, 62, 69, 76, 83, 90, 97, 104, 112, 120, 128, 135, 143, 150, 157, 164, 171, 179, 186, 194, 201, 209, 216, 224, 232, 240, 248, 256, 264, 272, 281, 291, 300, 309, 318, 327, 336, 345, 354, 363, 372, 381, 396, 414, 425, 435, 443, 452, 461, 470, 479, 488, 497, 506, 514, 522, 530, 538, 547, 557, 565, 574, 589, 602, 617, 629, 644, 656, 665, 675, 684, 692, 701, 711, 721, 731, 741, 751, 761, 771, 781, 791, 801, 816, 828, 846, 855]",4,MQB
"fournir les caractéristiques des pompes de relevage
SUEDE
SAUNA
FITNESS – SAUNA - HAMMAM",['06-03-2013'],[1],[11],6,MQB
"fournir les charges apportées à la charpente
SUEDE
SAUNA
FITNESS – SAUNA - HAMMAM",['30-04-2013'],"[8, 9]","[55, 62]",9,MQB
fournir les réservations pour le bain chaud et le bain froid,['26-06-2013'],"[16, 17, 18, 19, 20]","[112, 120, 128, 135, 143]",10,MQB
"fournir modification distribution bac tampon sur base ESEC, sauf pour la rivière à
bouées qui sera implanté sous l’arrivée de la rivière pour le 08/03/13",['06-03-2013'],[1],[11],3,MQB
"fournir modification distribution bac tampon sur base ESEC, sauf pour la rivière à bouées qui sera im-
planté sous l’arrivée de la rivière pour le 08/03/13. 20/03/13 : fait",['06-03-2013'],[2],[16],3,MQB
"fournir plan de socles pour le 10/07/13
SUEDE
SAUNA
FITNESS – SAUNA - HAMMAM",['26-06-2013'],"[16, 17]","[112, 120]",13,MQB
"fournir plan des réservations manquantes pour le 24/03/15
SUEDE
SAUNA
FITNESS – SAUNA - HAMMAM",['18-03-2015'],[64],[530],25,MQB
fournir plan des réservations manquantes pour le 24/03/15. 25/03/15 : faire retour URGENT,['18-03-2015'],[65],[538],20,MQB
"fournir plan d’emprise au sol des capteurs solaires avec la portance requise pour
prise en compte dans aménagement paysager pour le 24/01/14",['22-01-2014'],[39],[291],27,MQB
fournir plan modifié des socles de pompes à SOGEA pour le 22/01/14,['15-01-2014'],[39],[291],20,MQB
"fournir planning + phasage de réalisation du plancher chauffant
SUEDE
SAUNA
FITNESS – SAUNA - HAMMAM",['26-03-2014'],"[47, 48]","[363, 372]",39,MQB
"fournir proposition d’implantation des diverses crosses d’air dans les jardinière et sous la rivière à
bouées. 26/03/14 : 3 sous la rivière, 2 dans jardinière du bassin ludique (hauteur maxi = hauteur muret). 21/05/14 :
dans jardinière bassin ludique, crosses dans l’angle voiles béton hauteur 1m",['19-03-2014'],"[56, 57, 58]","[461, 470, 479]",14,MQB
fournir réservation pour passage conduit de fumées,['15-05-2013'],"[10, 11, 12, 13, 14, 15, 16, 17]","[69, 76, 83, 90, 97, 104, 112, 120]",6,MQB
fournir réservation pour passage conduit de fumées. 10/07/13 : fournir détail trappe coupe feu,['15-05-2013'],"[18, 19, 20, 21, 22, 23]","[128, 135, 143, 150, 157, 164]",5,MQB
"fournir réservation pour passage conduit de fumées. 10/07/13 : fournir détail trappe coupe feu.
25/09/13 : RAPPEL",['15-05-2013'],[24],[171],6,MQB
"fournir réservation pour passage conduit de fumées. 10/07/13 : fournir détail trappe coupe feu.
25/09/13 : RAPPEL. 02/10/13 : mettre à jour réservation dans chaufferie au droit du conduit de fu-
mées",['15-05-2013'],[25],[179],7,MQB
"fournir réservations pour grilles en gradins
SUEDE
SAUNA
FITNESS – SAUNA - HAMMAM",['05-09-2013'],[22],[157],16,MQB
fournir échantillons béton acidé pour fin janvier 2014,['11-12-2013'],[51],[410],3,MQB
"fuite sur plancher chauffant hall d’entrée à localiser et à réparer pour remise en
chauffe à partir du 29/06/15
SUEDE
SAUNA
FITNESS – SAUNA - HAMMAM",['24-06-2015'],[78],[684],31,MQB
"goulotte fosse de plongée, pièces à sceller long 70cm avec manchon femelle en
partie basse",['24-07-2013'],[20],[143],11,MQB
habillage trémie de fumée autour du conduit pour le 14/07/14,['25-06-2014'],"[60, 61, 62, 63]","[497, 506, 514, 522]",22,MQB
la température des bassins affichée concernera le bassin sportif et le bassin ludique,['25-06-2014'],"[61, 62, 63, 64, 65, 67, 71, 72, 73, 74, 75, 77, 78, 80, 81, 82, 83, 84, 85, 86, 87, 88, 89, 90, 91, 92, 98, 99]","[506, 514, 522, 530, 538, 557, 602, 617, 629, 644, 656, 675, 684, 701, 711, 721, 731, 741, 751, 761, 771, 781, 791, 801, 816, 828, 846, 855]",21,MQB
"la température des bassins affichée concernera le bassin sportif et le bassin ludique
SUEDE
SAUNA
FITNESS – SAUNA - HAMMAM",['25-06-2014'],[60],[497],26,MQB
"les plénums de soufflages sont sales, servent de poubelles de chantier A nettoyer impérativement
avant mise en service des installations. Mettre protection en attendant afin d’amplifier le problème",['28-10-2015'],"[98, 99]","[846, 855]",20,MQB
luminaire coursive HUBI VIII-I dark grey,['18-06-2014'],"[59, 62, 63, 64, 65, 66]","[489, 516, 524, 531, 540, 549]",8,MQB
"l’arase inférieur du plancher haut sous sol au droit des vestiaires collectifs est abaissé de 16cm. Redé-
finir les niveaux de sorties bâtiment à transmettre à DR, BERIM et MONTARON. 18/09/13 : à vérifier pour le
20/09/13",['05-09-2013'],"[23, 24, 25, 26, 27, 28]","[164, 171, 179, 186, 194, 201]",11,MQB
manque 4 réservations en PH sous-sol pour siphon de sol dans sanitaires/douches indivi-,['26-03-2014'],"[49, 51]","[388, 406]",35,MQB
"manque deux réservations dans voile file 10 (sans recherche de responsabilité) de 2000x1000mm +
∅250mm. Utilisation de deux réservations 1000x1000mm de part et d’autre dudit voile pour dédoubler la gaine ini-
tiale. Un carottage est à prévoir pour le ∅250mm manquant",['16-10-2013'],"[31, 33, 34, 35, 36, 37, 38, 39, 40, 41, 42]","[221, 237, 245, 253, 261, 269, 278, 287, 296, 305, 314]",22,MQB
"manque plancher chauffant vestiaires femmes R+1 et circulation vestiaires R+1
jusqu’au pédiluve",['06-05-2015'],"[71, 72]","[602, 617]",25,MQB
"matérialiser par peinture bombe les zones à reprendre par SOGEA pour pose du
plancher chauffant",['25-03-2015'],[65],[538],21,MQB
mettre en chauffe plancher chauffant toutes zones,['06-05-2015'],"[71, 72]","[602, 617]",26,MQB
mettre en service WC pour chantier dans sanitaires hall d’entrée,['02-12-2015'],[98],[846],31,MQB
mettre pompes de relevage en service pour les mises en service traitement d’eau,['28-10-2015'],"[98, 99]","[846, 855]",25,MQB
"mettre un accès au caniveau technique en galeries techniques
- Prévoir platelage ponctuel amovible en périphérie du bassin d’apprentissage, à déplacer à
l’avancement + remettre barrière HERAS sur plots sur plages après carrelage + mettre échafau-
dage dans bassins sportif et d’activité pour empêcher chute dans le bassin à déplacer à
l’avancement. Mettre PPSPS à jour",['08-04-2015'],[67],[554],15,MQB
mettre un accès au caniveau technique en galeries techniques. 15/04/15 : fait,['08-04-2015'],[68],[563],3,MQB
"mettre à jour plan de ventilation de la terrasse technique de la zone plongée en po-
sitionnant les grilles de reprise pour création de chevêtres métalliques
Charpente LC / Faux plafonds
- 24/04/13  prévoir une structure à souder en pied de charpente métallique des verrières
Réservations en phase réalisation",['23-10-2013'],[28],[198],21,MQB
modifier alimentation WC PMR femme individuelle,['02-12-2015'],"[98, 99]","[846, 855]",30,MQB
modifier l’alimentation du lave mains dans sanitaires femmes du hall d’entrée,['22-04-2015'],"[71, 72, 73, 74, 75]","[602, 617, 629, 644, 656]",22,MQB
"modifier plan des grilles en façade de la zone plongée pour supprimer les grilles dans la membranes et
effectuer les sorties par la terrasse technique",['05-09-2013'],[22],[157],13,MQB
"muret pataugeoire largeur 30cm fini, 27cm brut
SUEDE
SAUNA
FITNESS – SAUNA - HAMMAM",['29-05-2013'],[12],[83],12,MQB
ne pas oublier l’alimentation et l’évacuation des distributeurs hall d’entrée,['26-08-2015'],"[84, 85]","[741, 751]",25,MQB
nettoyage sous-sol le 13/04/15,['08-04-2015'],[67],[554],16,MQB
nettoyage sous-sol le 13/04/15. 15/04/15 : reste galerie technique,['08-04-2015'],"[68, 69, 70, 71, 72, 73, 74]","[563, 572, 584, 599, 611, 626, 638]",7,MQB
nettoyer galeries techniques (sous les bassins),['09-12-2015'],"[98, 99]","[846, 855]",32,MQB
"nécessité de créer 2 appuis : ajout de 2 poutres, à dimensionner en béton et en acier, à proposer à",['06-03-2013'],"[2, 3, 4, 5, 6, 10, 11, 12, 13, 14, 15, 16, 17, 18, 19, 20, 21]","[15, 20, 26, 32, 38, 66, 73, 80, 87, 94, 101, 109, 117, 125, 132, 140, 147]",4,MQB
"pièces à sceller dans bacs tampon long 20cm sauf dans prémur (file 15) long 1m
sablé sur 30cm",['24-07-2013'],[20],[143],9,MQB
"plan GO PH sous sol diffusé vers le 15/05/13
Charpente métallique",['24-04-2013'],[10],[66],7,MQB
"plan GTC à diffuser à SNEF pour le 15/06/14, automates pour le 01/07/14",['30-04-2014'],"[53, 58, 59, 60, 61, 62, 63, 64, 65, 67, 71, 72, 73, 74]","[435, 479, 488, 497, 506, 514, 522, 530, 538, 557, 602, 617, 629, 644]",26,MQB
plan de réservation TE sous-sol pour le 17/05/13,['15-05-2013'],[10],[69],5,MQB
plan de réservation TE sous-sol pour le 17/05/13. 22/05/13 : non reçu à ce jour,['15-05-2013'],[11],[76],5,MQB
"plan vasque à poser à 0,80m en s’assurant de conserver une hauteur sous plan de 0,70m",['10-11-2015'],"[98, 99]","[846, 855]",28,MQB
"plans architectes en cours de mise à jour pour mise en conformité avec accessibili-
té
Carrelages",['11-09-2013'],[22],[154],6,MQB
"plans architectes en cours de mise à jour pour mise en conformité avec accessibilité
Descentes EP",['11-09-2013'],"[23, 24, 25]","[161, 168, 176]",5,MQB
"poser les boites de sol sur plages en terminant la zone bassin sportif. Urgent pour
réalisation chape",['07-05-2014'],[53],[435],31,MQB
prendre cote pour finition autour conduit de fumées le 16/06/14,['11-06-2014'],[58],[479],25,MQB
"prendre cote pour finition autour conduit de fumées le 16/06/14
SUEDE
SAUNA
FITNESS – SAUNA - HAMMAM",['11-06-2014'],[59],[488],24,MQB
presto pour alimentation seau d’eau froide à bascule (alcôve contigu au bain froid),['29-01-2014'],"[57, 58, 59, 60, 61, 62, 63, 64, 65, 67, 68, 69, 70, 71, 72, 73, 74, 75, 76, 77, 78, 79, 80, 81, 99]","[470, 479, 488, 497, 506, 514, 522, 530, 538, 557, 565, 574, 589, 602, 617, 629, 644, 656, 665, 675, 684, 692, 701, 711, 855]",10,MQB
"presto pour alimentation seau d’eau froide à bascule (alcôve contigu au bain froid)
Transmettre à SOGEA les réservations des siphons et sorties de WC du R+1",['29-01-2014'],"[82, 83, 84, 85, 86, 87, 88, 89, 90, 91, 92, 98]","[721, 731, 741, 751, 761, 771, 781, 791, 801, 816, 828, 846]",6,MQB
profil d’angle de carrelages blanc pour carrelage blanc et gris pour carrelage bleu,['30-04-2014'],"[59, 63, 64, 65, 66, 67, 68, 69, 70, 71, 72, 73, 74, 75, 76, 77, 78, 79, 80, 81, 82, 83, 85, 86, 87]","[489, 524, 531, 540, 549, 558, 567, 576, 592, 603, 619, 630, 646, 657, 667, 676, 685, 694, 703, 713, 723, 733, 753, 763, 773]",4,MQB
préciser les besoins en menuiseries alu,['10-07-2013'],[20],[143],7,MQB
"préciser les besoins en menuiseries alu
SUEDE
SAUNA
FITNESS – SAUNA - HAMMAM",['10-07-2013'],"[18, 19]","[128, 135]",14,MQB
"préciser les surfaces utiles des diverses grilles de ventilations dues par le lot serrurerie
SUEDE
SAUNA
FITNESS – SAUNA - HAMMAM",['20-03-2013'],"[5, 6]","[34, 40]",6,MQB
"préciser les surfaces utiles des diverses grilles de ventilations dues par le lot serrurerie. 15/05/13 :
sous-sol fait, reste le RDC",['20-03-2013'],"[10, 11, 12, 13, 14, 15, 16, 17, 18, 19, 20]","[69, 76, 83, 90, 97, 104, 112, 120, 128, 135, 143]",4,MQB
"préciser les surfaces utiles des diverses grilles de ventilations dues par le lot serrurerie. 15/05/13 :
sous-sol fait, reste le RDC. 05/09/13 : Rappel",['20-03-2013'],"[21, 22, 23, 24, 25, 26, 27, 28, 29, 30, 31, 32, 33, 34, 35, 36, 37, 38, 39, 40, 41]","[150, 157, 164, 171, 179, 186, 194, 201, 209, 216, 224, 232, 240, 248, 256, 264, 272, 281, 291, 300, 309]",4,MQB
"prévoir passage PE gaz dans tranchée commune entre chaufferie et futur coffret
gaz
SUEDE
SAUNA
FITNESS – SAUNA - HAMMAM",['08-04-2015'],[67],[557],24,MQB
"prévoir passage PE gaz dans tranchée commune entre chaufferie et futur coffret gaz. 15/04/15 : pré-
voir PE pour fin mai. 17/06/15 : intervention calée 1
ère quinzaine de septembre",['08-04-2015'],"[77, 78, 82, 83, 84, 85]","[675, 684, 721, 731, 741, 751]",18,MQB
"prévoir passage PE gaz dans tranchée commune entre chaufferie et futur coffret gaz. 15/04/15 : pré-
voir PE pour fin mai. 17/06/15 : intervention calée 1
ère quinzaine de septembre. 16/09/15 : intervention calée le
24/09/15",['08-04-2015'],"[86, 87]","[761, 771]",13,MQB
prévoir passage alimentation pédiluves et douches extérieurs,['11-12-2013'],"[35, 36, 38, 39, 40, 41, 42, 43, 44, 45, 46, 47, 48, 49, 49, 51, 52, 53, 54, 55, 56, 57, 58, 59, 60, 61, 62, 63, 64, 65, 66, 67, 68, 69, 70, 71, 72, 73, 74]","[256, 264, 281, 291, 300, 309, 318, 327, 336, 345, 354, 363, 372, 381, 396, 414, 425, 435, 443, 452, 461, 470, 479, 488, 497, 506, 514, 522, 530, 538, 547, 557, 565, 574, 589, 602, 617, 629, 644]",13,MQB
"prévoir pose platine de l’alligator sur la dalle brute
-16/04/14 : Transmettre la date de livraison sur site de vos réseaux enterrés du solaire.
La pose du conduit de cheminée est fixée au 19/05/14, vu avec le VRD
Transmettre à SOGEA les réservations des siphons et sorties de WC du R+1.
Confirmer la possibilité du niveau fil d’eau du rejet des eaux de bassin à la cote, au plus bas de
+133,30.",['09-04-2014'],[49],[396],37,MQB
"prévoir pose platine de l’alligator sur la dalle brute
-16/04/14 : Transmettre la date de livraison sur site de vos réseaux enterrés du solaire.
La pose du conduit de cheminée est fixée au 19/05/14, vu avec le VRD
Transmettre à SOGEA les réservations des siphons et sorties de WC du R+1.
Confirmer la possibilité du niveau fil d’eau du rejet des eaux de bassin à la cote, au plus bas de
+133,30.
-23/04/14 : La cote du fil d’eau est confirmée à +133,60. L’entreprise qui pose les gaines a quit-
té le chantier depuis le 22/04/14.",['09-04-2014'],[51],[414],39,MQB
"prévoir pose platine de l’alligator sur la dalle brute
-16/04/14 : transmettre la date de livraison sur site de vos réseaux enterrés du solaire. 07/05/14 : livraison en
septembre 2014
La pose du conduit de cheminée est fixée au 19/05/14, vu avec le VRD
Transmettre à SOGEA les réservations des siphons et sorties de WC du R+1",['09-04-2014'],[53],[435],25,MQB
"prévoir pose platine de l’alligator sur la dalle brute
-16/04/14 : transmettre la date de livraison sur site de vos réseaux enterrés du solaire. 07/05/14 : livraison en sep-
tembre 2014
La pose du conduit de cheminée est fixée au 19/05/14, vu avec le VRD. 14/05/14 : date calée au 06/06/14
Transmettre à SOGEA les réservations des siphons et sorties de WC du R+1",['09-04-2014'],[56],[461],18,MQB
"prévoir pose platine de l’alligator sur la dalle brute
SUEDE
SAUNA
FITNESS – SAUNA - HAMMAM",['09-04-2014'],[49],[381],34,MQB
"prévoir pose platine de l’alligator sur la dalle brute. 04/06/14 : contrairement à la fiche produit,
pas de platine de fixation. Poser l’animation sur la dalle brute avant réalisation chape
-16/04/14 : transmettre la date de livraison sur site de vos réseaux enterrés du solaire. 07/05/14 : livraison en sep-
tembre 2014
La pose du conduit de cheminée est fixée au 19/05/14, vu avec le VRD. 14/05/14 : date calée au 06/06/14
Transmettre à SOGEA les réservations des siphons et sorties de WC du R+1",['09-04-2014'],[57],[470],18,MQB
"prévoir pose platine de l’alligator sur la dalle brute. 04/06/14 : contrairement à la fiche produit, pas de
platine de fixation. Poser l’animation sur la dalle brute avant réalisation chape
-16/04/14 : transmettre la date de livraison sur site de vos réseaux enterrés du solaire. 07/05/14 : livraison en sep-
tembre 2014
Transmettre à SOGEA les réservations des siphons et sorties de WC du R+1",['09-04-2014'],[58],[479],18,MQB
"prévoir remise en chauffe plancher chauffant zone hall d’entrée au plus tôt 7 jours
après coulage chape liquide par CRI (attendre instructions CRI)",['03-06-2015'],[75],[656],30,MQB
"prévoir remise en chauffe plancher chauffant zone hall d’entrée au plus tôt 7 jours après coulage
chape liquide par CRI (attendre instructions CRI). 10/06/15 : mise en chauffe le 29/06/15",['03-06-2015'],"[77, 78]","[675, 684]",22,MQB
prévoir réseaux EU/EP avant réalisation rampe accès,['17-04-2013'],"[22, 23, 24, 25, 26, 27, 28, 29, 30, 31, 32, 33, 34, 35, 36, 37, 38, 39, 40, 41, 42, 43, 44, 45, 46, 47, 48, 49, 49, 51, 52, 53, 54, 54, 55, 56]","[154, 161, 168, 176, 183, 191, 198, 206, 213, 221, 229, 237, 245, 253, 261, 269, 278, 287, 296, 305, 314, 323, 332, 341, 350, 359, 368, 377, 388, 406, 422, 431, 440, 440, 449, 458]",11,MQB
"prévoir une alimentation EF + presto pour alimentation seau d’eau froide à bascule
(alcôve contigu au bain froid)
SUEDE
SAUNA
FITNESS – SAUNA - HAMMAM",['29-01-2014'],[40],[300],34,MQB
"prévoir une pompe + canalisation pour alimenter cascade en sortie tunnel rivière. 15/01/14 : largeur
1m",['08-01-2014'],"[39, 40, 41]","[291, 300, 309]",15,MQB
"recaler plan de réservation traitement d’eau sur plan gros œuvre du bassin ludique (513 ind 0) et véri-
fier s’il ne manque pas de réservations notamment au droit des libages",['13-06-2013'],"[16, 17, 18, 19]","[112, 120, 128, 135]",7,MQB
recaler planning avec objectif carrelage,['28-10-2015'],"[97, 98]","[839, 848]",2,MQB
recaler planning selon les dates de mise hors d’eau hors d’air,['18-12-2013'],[36],[266],1,MQB
remonter gaine dans circulation pieds chaussés des vestiaires collectifs (+ 15cm),['01-04-2015'],"[67, 71, 72]","[557, 602, 617]",18,MQB
reprise GTC sur armoire TE dans local TE + sur diverses armoires SNEF,['30-04-2014'],"[53, 58, 59, 60, 61, 62, 63, 64, 65, 67, 71, 72, 73, 74, 75, 77, 78, 80, 81, 82, 83, 84, 85, 86, 87, 88, 89, 90, 91, 92]","[435, 479, 488, 497, 506, 514, 522, 530, 538, 557, 602, 617, 629, 644, 656, 675, 684, 701, 711, 721, 731, 741, 751, 761, 771, 781, 791, 801, 816, 828]",28,MQB
"reprise sur hall bassin ludique, réservation de grille à prévoir 1700x700mm entre
files 6 et 7, 8et 9 et 10 et 11
Charpente LC / Faux plafonds
- 24/04/13  prévoir une structure à souder en pied de charpente métallique des verrières
Réservations en phase réalisation",['16-10-2013'],[27],[191],19,MQB
"reprise sur hall bassin ludique, réservation de grille à prévoir 1700x700mm entre files 6 et 7, 8 et 9 et
10 et 11",['16-10-2013'],"[28, 29, 30, 31, 32, 33]","[198, 206, 213, 221, 229, 237]",16,MQB
"revoir les délais de fabrication des toiles pour revoir le détail de l’intervention. 06/11/13 : 2,5 semaines,
en 3 phases
Intempéries :
19 jours
1 jour (le 03/07/13 : pluie), 1 jour (le 18/09/13 : pluie), 1 jour (le 10/10/13 : pluie), 1 jour (le 23/10/13 : vent), 1 jour
(le 25/10/13 : vent), 2 jours (les 28 et 29/10/13), 3 jours (le 04/11/13 : vent, le 05/11/13 : pluie, le 06/11/13 : pluie +
vent), 2 jours (les 07 et 08/11/13 : pluie et vent), 1 jour (le 14/11/13 : vent), 1 jour (le 19/11/13 : pluie), 1 jour (le
21/11/13 : neige), 1 jour (le 03/12/13 : gel), 1 jour (le 11/12/13 : gel), 2 jours (les 12 et 13/12/13 : gel)
Effectif :",['23-10-2013'],[36],[266],9,MQB
robinets à clés (carré) pour les robinets de puisage,['07-10-2015'],[98],[846],16,MQB
"réservation au droit coursive au-dessus local MNS à scier pour hauteur fini de 500mm en alignant les
deux réservations
Réception support par CRI du 12/03/14
- fosse de plongée, reprendre désaffleur entre les deux levées de coulage des bajoyers. Reste à vérifier la dimen-
sion en plan (∅ constant à vérifier sur la hauteur)
ASSISTANT MAITRISE D’OUVRAGE",['09-04-2014'],"[52, 53, 54, 54, 55]","[422, 431, 440, 440, 449]",23,MQB
"réservation au droit des pédiluve 160mm
Descentes EP",['19-06-2013'],[22],[154],9,MQB
réservation de dalle plages 120mm et reste du bâtiment 70mm,['10-04-2013'],[22],[154],7,MQB
réunion GTC le 30/04/14 à 11h00,['12-03-2014'],"[47, 48, 49, 49, 51]","[363, 372, 381, 396, 414]",27,MQB
réunion Traitement d’eau le 30/04/14 à 9h00,['12-03-2014'],"[47, 48, 49, 49, 51]","[363, 372, 381, 396, 414]",26,MQB
réunion concessionnaires le 15/05/13 à 14h00,['24-04-2013'],"[8, 9]","[55, 62]",5,MQB
"réunion concessionnaires le 15/05/13 à 14h00
SUEDE
SAUNA
FITNESS – SAUNA - HAMMAM",['24-04-2013'],[7],[48],9,MQB
réunion concessionnaires le 29/01/14 à 10h00,['15-01-2014'],[39],[291],18,MQB
"réunion de coordination le 22/01/14 à 14h
Fin du compte rendu
Frédéric MALO
DUVAL RAYNAL SARL d’Architecture",['08-01-2014'],[37],[275],16,MQB
"réunion de mise au point des diverses sorties bâtiment à reprendre par le VRD le
20/11/13 à 14h00
ASSISTANT MAITRISE D’OUVRAGE",['13-11-2013'],[31],[221],24,MQB
"réunion le 05/02/14 à 9h00 pour point et définition reprise de réservations R+1
SUEDE
SAUNA
FITNESS – SAUNA - HAMMAM",['22-01-2014'],[39],[291],32,MQB
"réunion le 05/02/14 à 9h00 pour point et définition reprise de réservations R+1. 29/01/14 : réunion
décalée au 19/02/14 à 9h00",['22-01-2014'],[40],[300],27,MQB
"réunion le 18/12/13 à 10h30 pour point et définition des reprises de réservation
sous-sol et PH sous-sol
SUEDE
SAUNA
FITNESS – SAUNA - HAMMAM",['04-12-2013'],[34],[248],14,MQB
"réunion le 18/12/13 à 10h30 pour point et définition des reprises de réservation sous-sol et PH sous-
sol",['04-12-2013'],[35],[256],12,MQB
"réunion le 22/01/14 à 10h30 pour point et définition des reprises de réservation
RDC
SUEDE
SAUNA
FITNESS – SAUNA - HAMMAM",['18-12-2013'],[36],[264],19,MQB
"réunion à programmer début septembre pour la présentation à la MOA de la supervision sur la base
d’un exemple récent du fournisseur TREND avec liste des différentes vues spécifiques à ce projet. 26/08/15 : pré-
sentation programmée le 16/09/15 à 10h00 à la CAMVS (annexe, salle Violaine)",['08-07-2015'],"[84, 85]","[741, 751]",20,MQB
signer le marché chez le MOA pour le 27/03/13 dernier délai,['20-03-2013'],"[2, 3]","[17, 22]",6,MQB
signer le marché chez le MOA pour le 27/03/13 dernier délai. 03/04/13 : application pénalités,['20-03-2013'],"[4, 5, 6, 7, 8, 9, 10, 11, 12, 13]","[28, 34, 40, 48, 55, 62, 69, 76, 83, 90]",8,MQB
siphonner le réseau d’évacuation des condensats de clim,['14-10-2015'],"[98, 99]","[846, 855]",17,MQB
"suite au déplacement du bac tempon de la fosse de plongée, agrandissement de la
salle de musculation
Charpente métallique",['27-03-2013'],[3],[20],7,MQB
"suite réunion CISSCT, compléter coffrets électriques + éclairage circulation selon
principe défini avec MQB et SNEF",['08-04-2015'],[67],[554],9,MQB
"suite réunion CISSCT, compléter coffrets électriques + éclairage circulation selon principe
défini avec MQB et SNEF. 15/04/15 : programmé le 22/04/15. 22/04/15 : en cours",['08-04-2015'],[70],[584],10,MQB
"suite réunion CISSCT, compléter coffrets électriques + éclairage circulation selon principe défini avec",['08-04-2015'],"[68, 69]","[563, 572]",6,MQB
"suite réunion CISSCT, rappel du port obligatoire des EPI par toute personne sur le chantier",['03-07-2013'],"[67, 68, 69, 71, 72, 73, 74]","[554, 563, 572, 599, 611, 626, 638]",2,MQB
"sur les raccordements hydrauliques des CTA extérieures, mettre en œuvre des vannes avec allonges
(compatibilité avec une isolation totale du réseau et étanchéité à l’eau)",['21-10-2015'],"[98, 99]","[846, 855]",22,MQB
"sur terrasse technique faire stockage gaines et autres matériaux sur les zones en
dalles sur plots pour permettre intervention couvreur. A programmer le 16/03/15
SUEDE
SAUNA
FITNESS – SAUNA - HAMMAM",['11-03-2015'],[63],[522],28,MQB
synthèse RDC et R+1 le 03/06/13 à 10h30 chez MQB,['15-05-2013'],"[11, 12]","[76, 83]",7,MQB
"synthèse RDC et R+1 le 03/06/13 à 10h30 chez MQB
SUEDE
SAUNA
FITNESS – SAUNA - HAMMAM",['15-05-2013'],[10],[69],10,MQB
"synthèse RDC, R+1 et toiture le 10/09/13. Diffusion plan de réservations pour le 13/09/13
Charpente LC / Faux plafonds
- 24/04/13  prévoir une structure à souder en pied de charpente métallique des verrières
ASSISTANT MAITRISE D’OUVRAGE",['05-09-2013'],[22],[154],20,MQB
"synthèse RDC, R+1 et toiture le 10/09/13. Diffusion plan de réservations pour le 13/09/13.
18/09/13 : plan présenté validé à compléter avec réservation pour bain chaud pour le 20/09/13",['05-09-2013'],[23],[161],15,MQB
"synthèse à prévoir le 18/12/13 avec SOGEA pour incorporation éléments de
douches dans panneaux type WEDI
SUEDE
SAUNA
FITNESS – SAUNA - HAMMAM",['11-12-2013'],[35],[256],19,MQB
"synthèse à prévoir le 18/12/13 avec SOGEA pour incorporation éléments de douches dans panneaux
type WEDI. 18/11/13 : doc technique Lux Elément remise ce jour pour prise d’information",['11-12-2013'],[36],[264],15,MQB
"teinte jaune sur façade : RAL1003
AVANCEMENT – PLANIFICATION
Intempéries :
35 jours
Voir détail sur CR 76.
Effectif :",['24-06-2015'],"[78, 79, 80, 81, 82]","[685, 694, 703, 713, 723]",15,MQB
terminer raccordement EP dans local produits au sous-sol URGENT,['29-07-2015'],"[84, 85, 88]","[741, 751, 781]",25,MQB
terminer raccordement EP dans local produits au sous-sol URGENT. 07/10/15 : URGENT + TGBT,['29-07-2015'],[90],[801],20,MQB
"terminer raccordement EP dans local produits au sous-sol URGENT. 07/10/15 : URGENT + TGBT.
18/11/15 : URGENT A REALISER SANS DELAI et s’affranchir du problème de raccordement sur réseau extérieur.
Pour mémoire accord a été donné par l’entreprise sur les attentes au droit du bâtiment par le lot VRD",['29-07-2015'],"[98, 99]","[846, 855]",14,MQB
"tracer la zone à décaisser par SOGEA pour passage réseaux plancher chauffant
dans local entretien vestiaires individuels / hall d’entrée",['26-03-2014'],[47],[363],35,MQB
transcrire sur un plan les différentes demandes auprès des autres corps d’état,['29-01-2014'],"[40, 47, 48, 49, 53, 59, 60, 61, 62, 63, 64, 67, 71, 72, 73, 74, 75, 77, 78]","[300, 363, 372, 381, 435, 488, 497, 506, 514, 522, 530, 557, 602, 617, 629, 644, 656, 675, 684]",36,MQB
transmettre dossier complet EXE à DEKRA,['11-12-2013'],[51],[410],4,MQB
"transmettre le planning de mise en service pour l’ensemble des installations et pré-
senter les échéances butoirs nécessaires (ouvertures concessionnaires, …)",['09-12-2015'],[98],[846],41,MQB
"transmettre le planning de mise en service pour l’ensemble des installations et présenter les
échéances butoirs nécessaires (ouvertures concessionnaires, …)
SUEDE
SAUNA
FITNESS – SAUNA - HAMMAM",['09-12-2015'],[99],[855],41,MQB
transmettre plan CRI des siphons de sol à COEXIA,['18-09-2013'],"[27, 28, 29, 30, 31, 32, 33]","[191, 198, 206, 213, 221, 229, 237]",14,MQB
"transmettre plan CRI des siphons de sol à COEXIA
Charpente LC / Faux plafonds
- 24/04/13  prévoir une structure à souder en pied de charpente métallique des verrières
ASSISTANT MAITRISE D’OUVRAGE",['18-09-2013'],"[23, 24, 25, 26]","[161, 168, 176, 183]",21,MQB
"transmettre à BERIM et MONTARON l’implantation du réseau solaire et faire une
proposition d’altimétrie de ce réseau car beaucoup de croisement de réseaux avec les EU et EP
SUEDE
SAUNA
FITNESS – SAUNA - HAMMAM",['20-11-2013'],[32],[232],15,MQB
"transmettre à BERIM et MONTARON l’implantation du réseau solaire et faire une proposition
d’altimétrie de ce réseau car beaucoup de croisement de réseaux avec les EU et EP",['20-11-2013'],[33],[240],14,MQB
transmettre à DEKRA dossier technique et PV de classement au feu,['29-01-2014'],"[40, 47, 48, 49, 53, 59, 60, 61, 62, 63, 64, 67, 71, 72, 73, 74, 75, 77, 78, 99]","[300, 363, 372, 381, 435, 488, 497, 506, 514, 522, 530, 557, 602, 617, 629, 644, 656, 675, 684, 855]",36,MQB
transmettre à DEKRA plans EXE + note de calcul (tous les lots),['02-10-2013'],"[30, 31, 32, 33, 34, 35, 36]","[216, 224, 232, 240, 248, 256, 264]",9,MQB
"transmettre à DEKRA plans EXE + note de calcul (tous les lots)
SUEDE
SAUNA
FITNESS – SAUNA - HAMMAM",['02-10-2013'],"[25, 26, 27, 28, 29]","[179, 186, 194, 201, 209]",20,MQB
"une réservation à décaler, implanter dans la charpente métallique
Réception support par CRI du 12/03/14
- fosse de plongée, reprendre désaffleur entre les deux levées de coulage des bajoyers. Reste à vérifier la dimen-
sion en plan (∅ constant à vérifier sur la hauteur)
ASSISTANT MAITRISE D’OUVRAGE",['25-06-2014'],[60],[494],12,MQB
"une réservation à décaler, implanter dans la charpente métallique
Réception support par CRI du 12/03/14
- fosse de plongée, reprendre désaffleur entre les deux levées de coulage des bajoyers. Reste à vérifier la dimen-
sion en plan (∅ constant à vérifier sur la hauteur)
Synthèse Toile tendue / Surveillance des baignades / Electricité du 18/02/15
- réservation pour caméras Poséidon 65x55cm, découpée in situ
- caméras en milieu de bassin à régler juste après pose de la toile
ASSISTANT MAITRISE D’OUVRAGE",['25-06-2014'],"[63, 64, 65, 66, 67]","[519, 527, 535, 544, 553]",15,MQB
validation passage réseaux chlore dans vide du tipi,['03-06-2015'],"[77, 78, 82]","[675, 684, 721]",23,MQB
"validation passage réseaux chlore dans vide du tipi
SUEDE
SAUNA
FITNESS – SAUNA - HAMMAM",['03-06-2015'],[75],[656],34,MQB
"validation siphon de sol PVC 20x20 pour solarium, couleur sable",['22-01-2014'],"[59, 64, 66, 67, 68, 69, 70, 71, 72, 73, 74, 75, 76, 77, 78, 79, 80, 81, 82]","[489, 531, 549, 558, 567, 576, 592, 603, 619, 630, 646, 657, 667, 676, 685, 694, 703, 713, 723]",3,MQB
valider les éléments fournis par SOGEA concernant les isolations thermiques,['24-04-2013'],[7],[48],4,MQB
visite pour repérage des sorties de bâtiment le 21/05/14 à 14h00,['07-05-2014'],[53],[435],32,MQB
"voile dans local TA maintenu dito plans marché
Charpente métallique",['10-04-2013'],"[5, 6, 16, 17, 18, 19, 20, 21]","[32, 38, 109, 117, 125, 132, 140, 147]",6,MQB
"voile dans local TA maintenu dito plans marché
Gros Œuvre",['10-04-2013'],[10],[66],5,MQB
"voile dans local TA maintenu dito plans marché
Gros Œuvre
Charpente métallique",['10-04-2013'],"[11, 12, 13, 14, 15]","[73, 80, 87, 94, 101]",6,MQB
"voile galerie technique sous hall d’entrée à décaler de 1,70m dans le terre plein
(décalé initialement de 1,20m)
Charpente métallique",['03-04-2013'],[4],[26],7,MQB
"voir adaptation possible des gaines dans les vestiaires de la remise en forme en te-
nant compte de la hauteur de plénum de faux plafonds (environ 25cm au droit des poutres).
Possibilité d’utiliser l’espace au-dessus des casiers",['13-11-2013'],[31],[224],13,MQB
"voir le problème de support des capteurs solaire. Voir pour proposer une solution alternative (tube
sous vide orientable sans circulation de fluide interne). 02/09/15 : dalle béton en étude",['08-07-2015'],[84],[741],23,MQB
"voir le problème de support des capteurs solaire. Voir pour proposer une solution alternative (tube
sous vide orientable sans circulation de fluide interne). 02/09/15 : dalle béton en étude. 09/09/15 : URGENT à
faire pour le 16/09/15 au plus tard, VRD bloqué dans l’attente",['08-07-2015'],[85],[751],24,MQB
"voir le problème de support des capteurs solaire. Voir pour proposer une solution alternative (tube
sous vide orientable sans circulation de fluide interne). 02/09/15 : dalle béton en étude. 09/09/15 : URGENT à faire",['08-07-2015'],[89],[791],19,MQB
"voir le problème de support des capteurs solaire. Voir pour proposer une solution alternative (tube
sous vide orientable sans circulation de fluide interne). 02/09/15 : dalle béton en étude. 09/09/15 : URGENT à faire
pour le 16/09/15 au plus tard, VRD bloqué dans l’attente. 16/09/15 : toujours en attente. Vous devrez vous adap-
ter aux travaux de VRD en cours sans perturber l’avancement du chantier. 23/10/15 : longrines coulées en place",['08-07-2015'],[88],[781],22,MQB
voir pour reprendre alarme séparateur hydrocarbures sur GTC dans TGBT,['30-09-2015'],"[98, 99]","[846, 855]",15,MQB
"vérifier EU-EV manquante en sortie local CTA sur façade nord + EP manquante en
sortie zone plongée en façade nord",['11-06-2014'],[58],[479],26,MQB
"vérifier les fourreaux en attente au droit des pédiluves extérieurs. 25/11/15 : problème sur alimentation
douche pédiluve est",['10-11-2015'],[98],[846],27,MQB
"vérifier les fourreaux en attente au droit des pédiluves extérieurs. 25/11/15 : problème sur alimentation
douche pédiluve est. 16/12/15 : faire tracer de la saignée à faire",['10-11-2015'],[99],[855],24,MQB
vérifier les réservations sous bassins ludique et apprentissage,['26-06-2013'],"[16, 17, 18, 19]","[112, 120, 128, 135]",9,MQB
"à partir du 19/05/14, responsables fermeture bâtiment sont EAS pour le sous-sol et CRI pour le RDC",['14-05-2014'],[67],[554],6,MQB
"à partir du 20/04/15 sont responsable de l’ouverture et de la fermeture du bâti-
ment : accès zone sportif MODULE, accès zone ludique CRI, sas d’entrée principale SNEF et",['15-04-2015'],[68],[563],11,MQB
éclairage validé MODULLUM couleur AKZO gris 900 sablé,['18-06-2014'],"[59, 60, 63, 64, 65, 66, 67, 68, 69, 70, 71, 72, 73, 74, 75, 76, 77, 78, 79, 80, 81, 82]","[489, 499, 524, 531, 540, 549, 558, 567, 576, 592, 603, 619, 630, 646, 657, 667, 676, 685, 694, 703, 713, 723]",7,MQB
"évacuation bains chaud et froid sortie ∅75 sur pièce céramique
SUEDE
SAUNA
FITNESS – SAUNA - HAMMAM",['06-05-2015'],[71],[602],30,MQB
"évacuation bains chaud et froid sortie 75 sur pièce céramique
-13/05/15 : Transmettre l’implantation de la sortie en toiture du hammam à Sogea
SUEDE
SAUNA
FITNESS –  SAUNA - HAMMAM",['06-05-2015'],[72],[617],31,MQB
évacuation de la rivière à bouées en 2∅315 de part et d’autre du bac d’arrivée,['27-11-2013'],"[34, 35, 36]","[248, 256, 264]",10,MQB
"évacuation de la rivière à bouées en 2∅315 de part et d’autre du bac d’arrivée
SUEDE
SAUNA
FITNESS – SAUNA - HAMMAM",['27-11-2013'],[33],[240],17,MQB
"évacuation de la rivière à bouées en 2∅315 de part et d’autre du bac d’arrivée. 08/01/14 : sous la
goulotte d’arrivée",['27-11-2013'],"[37, 38, 39, 40, 41]","[272, 281, 291, 300, 309]",9,MQB
"évacuer chutes d’isolant de plancher chauffant déversés en divers endroits du bâ-
timent (sauf local technique plongée)",['03-06-2015'],[75],[656],28,MQB
"nécessité de créer 2 appuis : ajout de 2 poutres, à dimensionner en béton et en acier, à proposer à",['06-03-2013'],[2],[15],4,MYRTHA
"présence en réunion le 03/06/15 à 14h00. 03/06/15 : présence en réunion le 10/06/15 à 14h00.
10/06/15 : présence en réunion le 17/06/15 à 14h00. 17/06/15 : présence en réunion le 24/06/15 à
14h00",['20-05-2015'],"[77, 79]","[673, 690]",3,SI 21
"réception support le 16/09/15
- 26/08/5 : prévoir désolidarisation du béton acidé avec bèche béton support poteau du ban-
deau de façade et avec les pédiluve",['26-08-2015'],"[83, 84, 85]","[729, 739, 749]",4,SI 21
"RAPPEL, intervention à partir du 24/08/15",['29-07-2015'],[82],[719],6,SI 21
confirmer le niveau de portance des remblais sous dallage,['18-12-2013'],"[36, 37, 38, 39, 41, 42, 43, 44, 45, 46, 47, 48, 49, 49, 51, 52, 53, 54, 55, 56, 57, 58, 59, 60, 61, 62]","[263, 271, 280, 289, 308, 317, 326, 335, 344, 353, 361, 370, 379, 392, 410, 424, 433, 442, 451, 460, 469, 477, 486, 495, 505, 513]",4,SI 21
fournir échantillons béton acidé pour fin janvier 2014,['11-12-2013'],"[35, 36, 37, 38, 39, 40, 41, 42, 43, 44, 45, 46, 47, 48, 49, 49, 51, 52, 53]","[255, 263, 271, 280, 289, 298, 308, 317, 326, 335, 344, 353, 361, 370, 379, 392, 410, 424, 433]",2,SI 21
présence en réunion le 03/06/15 à 14h00,['20-05-2015'],"[73, 74]","[627, 640]",1,SI 21
"présence en réunion le 03/06/15 à 14h00. 03/06/15 : présence en réunion le 10/06/15 à
14h00",['20-05-2015'],[75],[654],2,SI 21
"présence en réunion le 03/06/15 à 14h00. 03/06/15 : présence en réunion le 10/06/15 à 14h00.
10/06/15 : présence en réunion le 17/06/15 à 14h00",['20-05-2015'],[76],[663],2,SI 21
"présence en réunion le 03/06/15 à 14h00. 03/06/15 : présence en réunion le 10/06/15 à 14h00.
10/06/15 : présence en réunion le 17/06/15 à 14h00. 17/06/15 : présence en réunion le 24/06/15 à 14h00.
24/06/15 : présence en réunion le 01/07/15 à 14h00",['20-05-2015'],[78],[682],3,SI 21
"présence en réunion le 03/06/15 à 14h00. 03/06/15 : présence en réunion le 10/06/15 à 14h00.
10/06/15 : présence en réunion le 17/06/15 à 14h00. 17/06/15 : présence en réunion le 24/06/15 à 14h00.
24/06/15 : présence en réunion le 01/07/15 à 14h00. 01/07/15 : présence en réunion le 08/07/15 à 14h00.
08/07/15 : présence en réunion le 22/07/15 à 14h00",['20-05-2015'],[80],[699],4,SI 21
"présence en réunion le 03/06/15 à 14h00. 03/06/15 : présence en réunion le 10/06/15 à 14h00.
10/06/15 : présence en réunion le 17/06/15 à 14h00. 17/06/15 : présence en réunion le 24/06/15 à 14h00.
24/06/15 : présence en réunion le 01/07/15 à 14h00. 01/07/15 : présence en réunion le 08/07/15 à 14h00.
08/07/15 : présence en réunion le 22/07/15 à 14h00. 22/07/15 : présence en réunion le 29/07/15 à
14h00",['20-05-2015'],[81],[709],5,SI 21
"présence en réunion le 03/06/15 à 14h00. 03/06/15 : présence en réunion le 10/06/15 à 14h00.
10/06/15 : présence en réunion le 17/06/15 à 14h00. 17/06/15 : présence en réunion le 24/06/15 à 14h00.
24/06/15 : présence en réunion le 01/07/15 à 14h00. 01/07/15 : présence en réunion le 08/07/15 à 14h00.
08/07/15 : présence en réunion le 22/07/15 à 14h00. 22/07/15 : présence en réunion le 29/07/15 à 14h00.
29/07/15 : présence en réunion le 26/08/15 à 14h00",['20-05-2015'],[82],[719],6,SI 21
signer le marché chez le MOA pour le 27/03/13 dernier délai,['20-03-2013'],[2],[16],1,SI 21
siphon de sol mis à disposition par SOGEA,['26-08-2015'],"[83, 84, 85, 86]","[729, 739, 749, 759]",4,SI 21
transmettre dossier complet EXE à DEKRA,['11-12-2013'],"[35, 36, 37, 38, 39, 41, 42, 43, 44, 45, 46, 47, 48, 49, 49, 51, 52, 53, 54, 55, 56, 57, 58, 59, 60, 61, 62]","[255, 263, 271, 280, 289, 308, 317, 326, 335, 344, 353, 361, 370, 379, 392, 410, 424, 433, 442, 451, 460, 469, 477, 486, 495, 505, 513]",3,SI 21
voir avec SOGEA pour traitement des douches extérieures en béton acidé,['11-12-2013'],"[35, 36, 37, 38, 39, 41, 42, 43, 44, 45, 46]","[255, 263, 271, 280, 289, 308, 317, 326, 335, 344, 353]",3,SI 21
"SOGEA informe avoir repris l’ensemble des réservations R-1 et RDC. A valider. 26/02/14 : vu ce
jour, aucune reprise effectuée par SOGEA",['12-02-2014'],"[43, 44, 45, 46, 47, 48]","[326, 335, 344, 353, 362, 371]",15,S.A.M. +
"fournir les réservations des grilles selon surfaces utiles communiquées par MQB. 26/06/13 :
RAPPEL URGENT",['15-05-2013'],"[16, 17]","[111, 119]",6,S.A.M. +
"fournir réservation manquante pour porte accès toiture basse depuis local traite-
ment d’air remise en forme",['12-02-2014'],"[41, 42]","[308, 317]",17,S.A.M. +
"les trappes des bacs tampons seront fixées à la cheville chimique. Attention leur
implantation est modifiée : en paroi et non en plancher haut",['20-03-2013'],"[2, 3, 4, 5, 6, 7, 8, 9, 10, 11, 12, 13, 14, 15, 16, 17, 18, 19, 20, 21, 22, 23, 24, 25, 26, 27, 28, 29, 30, 31, 32, 33, 34, 35, 36, 37, 38, 39, 40, 41, 42, 43, 44, 45, 46, 47, 48, 49, 49, 51, 52, 53, 54, 55, 56, 57, 58, 59, 60, 61, 62, 63, 64, 65, 66, 67, 68, 69, 71, 72, 73, 74, 75, 76]","[16, 21, 27, 33, 40, 47, 54, 61, 68, 75, 82, 89, 96, 103, 111, 119, 127, 134, 142, 149, 156, 163, 170, 178, 185, 193, 200, 208, 215, 223, 231, 239, 247, 255, 263, 271, 280, 290, 299, 308, 317, 326, 335, 344, 353, 362, 371, 379, 393, 411, 424, 433, 442, 451, 460, 469, 478, 487, 496, 505, 513, 521, 529, 537, 546, 555, 564, 573, 600, 614, 627, 641, 654, 664]",4,S.A.M. +
"porte sectionnelle à remplacer par porte double vantaux OF hauteur standard + im-
poste double vantaux OF. Cote à reprendre sur site",['22-01-2014'],"[39, 40, 41, 42, 43, 44, 45, 46, 47, 48, 52, 53, 54, 55, 56]","[290, 299, 308, 317, 326, 335, 344, 353, 362, 371, 424, 433, 442, 451, 460]",12,S.A.M. +
"porte sectionnelle à remplacer par porte double vantaux OF hauteur standard + imposte
double vantaux OF. Cote à reprendre sur site. 04/06/14 : URGENT à poser",['22-01-2014'],"[57, 58, 59, 60, 61, 62, 63, 64, 65, 66, 67, 68, 69, 71, 72, 73, 74, 75, 76]","[469, 478, 487, 496, 505, 513, 521, 529, 537, 546, 555, 564, 573, 600, 614, 627, 641, 654, 664]",8,S.A.M. +
"prévoir caillebotis dans les galeries techniques. 01/04/15 : compléter devis remis pour les 2
décaissés côtés bassin ludique et pataugeoire",['22-01-2014'],"[66, 67, 68, 69, 73, 74, 75, 76]","[546, 555, 564, 573, 627, 641, 654, 664]",10,S.A.M. +
"prévoir un portillon avec paumelles à ressort au droit du palier RDC de l’escalier hé-
licoïdal",['30-04-2013'],"[8, 9, 10, 11, 12, 13, 14, 15, 16, 17, 18, 19, 20, 21, 22, 23, 24, 25, 26, 27, 28, 29, 30, 31, 32, 33, 34, 35, 36, 37, 38, 39, 40, 41, 42, 43, 44, 45, 46, 47, 48, 49, 49, 51, 52, 53, 54, 55, 56, 57, 58, 59, 60, 61, 62, 63, 64, 65, 66, 67, 68, 69, 71, 72, 73, 74, 75, 76]","[54, 61, 68, 75, 82, 89, 96, 103, 111, 119, 127, 134, 142, 149, 156, 163, 170, 178, 185, 193, 200, 208, 215, 223, 231, 239, 247, 255, 263, 271, 280, 290, 299, 308, 317, 326, 335, 344, 353, 362, 371, 379, 393, 411, 424, 433, 442, 451, 460, 469, 478, 487, 496, 505, 513, 521, 529, 537, 546, 555, 564, 573, 600, 614, 627, 641, 654, 664]",5,S.A.M. +
"repositionner le bloc porte du local préparation ECS. URGENT pour débloquer le plombier.
06/05/15 : URGENT, DERNIER RAPPEL",['22-04-2015'],"[73, 74, 75, 76]","[627, 641, 654, 664]",12,S.A.M. +
"voir avec fournisseur pour livraison plus tôt des blocs porte pour une pose au plus
tôt",['26-02-2014'],"[43, 44, 45, 46, 47, 48]","[326, 335, 344, 353, 362, 371]",16,S.A.M. +
SOGEA informe avoir repris l’ensemble des réservations R-1 et RDC. A valider,['12-02-2014'],"[41, 42]","[308, 317]",17,S.A.M. +
erreur de niveau d’implantation des limons d’escalier du hall d’entrée,['10-06-2015'],[76],[664],13,S.A.M. +
escalier hélicoïdal supprimé du marché (réalisé en gros œuvre),['20-03-2013'],"[2, 3, 4, 5, 6, 7, 8, 9]","[16, 21, 27, 33, 40, 47, 54, 61]",2,S.A.M. +
fermer en provisoire l’accès au sous-sol en attendant la porte définitive,['18-06-2014'],[59],[487],12,S.A.M. +
"fermer en provisoire l’accès au sous-sol en attendant la porte définitive. 25/06/14 : programmé le
26/06/14",['18-06-2014'],"[60, 61, 62, 63, 64, 65]","[496, 505, 513, 521, 529, 537]",12,S.A.M. +
fournir les réservations des grilles selon surfaces utiles communiquées par MQB,['15-05-2013'],"[10, 11, 12, 13, 14, 15]","[68, 75, 82, 89, 96, 103]",5,S.A.M. +
"fournir les réservations des grilles selon surfaces utiles communiquées par MQB. 26/06/13 : RAPPEL
URGENT. 10/07/13 : confirmer la compatibilité des réservations prévues par SOGEA",['15-05-2013'],"[18, 19, 20, 21, 22, 23, 24, 25, 26, 27, 28, 29, 30, 31, 32, 33, 34, 35, 36, 37, 38, 39, 40, 41]","[127, 134, 142, 149, 156, 163, 170, 178, 185, 193, 200, 208, 215, 223, 231, 239, 247, 255, 263, 271, 280, 290, 299, 308]",6,S.A.M. +
les emmarchements des passerelles sont au lot menuiseries intérieures,['18-06-2014'],"[59, 60, 61, 62, 63, 64, 65, 66, 67]","[487, 496, 505, 513, 521, 529, 537, 546, 555]",13,S.A.M. +
manque descente de charge des passerelles. Pour le 03/04/13,['20-03-2013'],"[2, 3, 4, 5, 6]","[16, 21, 27, 33, 40]",5,S.A.M. +
manque porte sectionnelle et trappe bac tampon. Pour le 25/03/13,['20-03-2013'],"[2, 3, 4]","[16, 21, 27]",5,S.A.M. +
"passerelle rivière, prévoir hauteur sous passerelle >3m",['08-01-2014'],"[39, 40, 41, 42, 43, 44, 45, 46, 47, 48, 49, 49, 51, 52, 53, 54, 55, 56]","[290, 299, 308, 317, 326, 335, 344, 353, 362, 371, 379, 393, 411, 424, 433, 442, 451, 460]",10,S.A.M. +
"porte local TGBT, prévoir une grille 300x200mm",['23-10-2013'],"[28, 29, 30, 31, 32, 33, 34, 35, 36, 39, 40, 41, 42, 43, 44, 45, 46, 47, 48, 49, 49, 51, 52, 53, 54, 55, 56, 57, 58, 59, 60, 61, 62, 63, 64, 65, 66, 67, 68, 69, 71, 72, 73, 74, 75, 76]","[200, 208, 215, 223, 231, 239, 247, 255, 263, 290, 299, 308, 317, 326, 335, 344, 353, 362, 371, 379, 393, 411, 424, 433, 442, 451, 460, 469, 478, 487, 496, 505, 513, 521, 529, 537, 546, 555, 564, 573, 600, 614, 627, 641, 654, 664]",7,S.A.M. +
pose des portes métalliques avec priorité accès sous-sol et local plongée. 28/05/14 : en cours,['30-04-2014'],"[56, 57, 58]","[460, 469, 478]",14,S.A.M. +
poser serrure chantier sur les portes posées fin février,['22-01-2014'],"[39, 40, 41, 42, 43, 44, 45, 46, 47, 48, 52, 54, 55, 56, 57, 58]","[290, 299, 308, 317, 326, 335, 344, 353, 362, 371, 424, 442, 451, 460, 469, 478]",14,S.A.M. +
poses des portes métalliques avec priorité accès sous-sol et local plongée,['30-04-2014'],"[52, 54, 55]","[424, 442, 451]",13,S.A.M. +
préparer bilan financier,['22-01-2014'],"[39, 40, 41, 42, 43, 44, 45, 46, 47, 48, 52, 54, 55, 56]","[290, 299, 308, 317, 326, 335, 344, 353, 362, 371, 424, 442, 451, 460]",13,S.A.M. +
préparer bilan financier. 04/06/14 : pour le 06/06/14,['22-01-2014'],"[57, 58, 59]","[469, 478, 487]",9,S.A.M. +
prévoir caillebotis dans les galeries techniques,['22-01-2014'],"[39, 40, 41, 42, 43, 44, 45, 46, 47, 48, 52, 54, 55, 56, 57, 58, 59, 60, 61, 62, 63, 64, 65]","[290, 299, 308, 317, 326, 335, 344, 353, 362, 371, 424, 442, 451, 460, 469, 478, 487, 496, 505, 513, 521, 529, 537]",14,S.A.M. +
prévoir porte CF1/2h pour local pompes animations. Fournir réservation,['03-04-2013'],[4],[27],7,S.A.M. +
prévoir thermolaquage des limons de passerelles,['08-01-2014'],"[39, 40, 41, 42, 43, 44, 45, 46, 47, 48, 49, 49, 51, 52, 53, 54, 55, 56]","[290, 299, 308, 317, 326, 335, 344, 353, 362, 371, 379, 393, 411, 424, 433, 442, 451, 460]",9,S.A.M. +
prévoir une trappe CF pour accès dans trémie du conduit de fumées,['15-05-2013'],"[10, 11, 12, 13, 14, 15, 16, 17, 18, 19, 20, 21, 22, 23, 24, 25, 26, 27, 28, 29, 30, 31, 32, 33, 34, 35, 36, 37, 39, 40, 41, 42, 43, 44, 45, 46, 47, 48, 49, 49, 51, 52, 53, 54, 55, 56, 57, 58, 59, 60, 61, 62, 63, 64, 65, 66, 67, 68, 69, 71, 72, 73, 74, 75, 76]","[68, 75, 82, 89, 96, 103, 111, 119, 127, 134, 142, 149, 156, 163, 170, 178, 185, 193, 200, 208, 215, 223, 231, 239, 247, 255, 263, 271, 290, 299, 308, 317, 326, 335, 344, 353, 362, 371, 379, 393, 411, 424, 433, 442, 451, 460, 469, 478, 487, 496, 505, 513, 521, 529, 537, 546, 555, 564, 573, 600, 614, 627, 641, 654, 664]",5,S.A.M. +
prévoir une trappe coupe feu 1h 80x80. Fournir réservation,['03-04-2013'],[4],[27],7,S.A.M. +
"repositionner le bloc porte du local préparation ECS. URGENT pour débloquer le
plombier",['22-04-2015'],[69],[573],12,S.A.M. +
reprendre un limon de passerelle trop court,['18-06-2014'],[59],[487],13,S.A.M. +
reprendre un limon de passerelle trop court. 25/06/14 : concerne la passerelle rivière,['18-06-2014'],"[60, 61, 62, 63, 64, 65, 66, 67, 68, 69, 73, 74, 75, 76]","[496, 505, 513, 521, 529, 537, 546, 555, 564, 573, 627, 641, 654, 664]",13,S.A.M. +
soumettre solde des plans à VISA,['28-05-2014'],[56],[460],14,S.A.M. +
soumettre solde des plans à VISA. 04/06/14 : à fournir pour le 15/06/14,['28-05-2014'],"[57, 58, 59, 60, 61, 62, 63, 64, 65, 66]","[469, 478, 487, 496, 505, 513, 521, 529, 537, 546]",12,S.A.M. +
"ascenseur plongée : attention 2 faces de service au RDC avec privatisation porte
sur local stockage bouteille, gaine profondeur 1760mm, largeur dito plan architecte",['29-05-2013'],"[12, 13, 15, 16, 17, 18, 19, 20, 21, 22, 23, 24, 25, 26, 28, 29, 30, 31, 32, 33, 34, 35, 36, 37, 38, 39, 40, 41, 42, 43, 44, 45, 46, 47, 48, 49, 49, 51, 52, 53, 54, 55, 56, 57, 58, 59, 60, 61, 62, 63, 64, 65, 66, 67, 68, 69, 70, 71, 72, 73, 74, 75, 76, 77, 78, 79, 80, 81, 82, 83, 84, 85, 86, 87]","[83, 89, 104, 111, 120, 128, 135, 143, 150, 157, 164, 171, 179, 186, 201, 208, 216, 224, 232, 240, 247, 256, 264, 272, 281, 291, 300, 309, 318, 327, 336, 345, 354, 363, 372, 380, 395, 413, 425, 434, 443, 452, 461, 470, 479, 488, 497, 506, 514, 522, 530, 538, 547, 556, 565, 574, 588, 601, 616, 628, 643, 655, 665, 674, 683, 692, 701, 711, 721, 731, 741, 751, 761, 771]",6,OTIS
"faire réception des gaines d’ascenseurs. 11/03/15 : diffuser rapport de réception pour défi-
nir reprise SOGEA",['19-02-2014'],"[63, 64]","[522, 530]",5,OTIS
"fournir douilles à SOGEA pour mi septembre 2013. 02/10/13 : non livré, à faire immédiate-
ment",['29-05-2013'],"[25, 26]","[179, 186]",8,OTIS
ascenseur hall ok sans réalisation retour sur porte palière de 1cm,['29-05-2013'],"[12, 13, 14, 15, 16, 17, 18, 19, 20, 21, 22, 23, 24, 25, 26, 28, 29, 30, 31, 32, 33]","[83, 89, 96, 104, 111, 120, 128, 135, 143, 150, 157, 164, 171, 179, 186, 201, 208, 216, 224, 232, 240]",4,OTIS
demande à SOGEA de tracer le niveau à un mètre devant les cages d’ascenseurs,['29-04-2015'],"[71, 72]","[601, 616]",4,OTIS
"du 17 au 22/06/15, la zone hall d’entrée, circulation remise en forme et administration sera condam-
née (chape liquide)",['10-06-2015'],[77],[672],3,OTIS
faire réception des gaines d’ascenseurs,['19-02-2014'],"[42, 43, 44, 45, 46, 47, 48, 49, 49, 51, 52, 53, 54, 55, 56, 57, 58, 59, 60, 61, 62]","[318, 327, 336, 345, 354, 363, 372, 380, 395, 413, 425, 434, 443, 452, 461, 470, 479, 488, 497, 506, 514]",4,OTIS
fournir douilles à SOGEA pour mi septembre 2013,['29-05-2013'],"[12, 13, 15, 16, 17, 18, 19, 20, 21, 22, 23, 24]","[83, 89, 104, 111, 120, 128, 135, 143, 150, 157, 164, 171]",6,OTIS
mettre à jour plans,['29-05-2013'],"[12, 13, 14]","[83, 89, 96]",3,OTIS
mettre à jour plans. 19/06/13 : RAPPEL,['29-05-2013'],"[15, 16, 17, 18, 19, 20, 21, 22, 23, 24, 25, 26, 28, 29, 30, 31, 32, 33, 34, 35, 36, 37, 38, 39, 40, 41, 42, 43, 44, 45, 46, 47, 48, 49, 49, 51, 52, 53, 54, 55, 56, 57, 58, 59, 60, 61, 62, 63, 64, 65, 66, 67, 68, 69, 70, 71, 72, 73, 74, 75, 76, 77, 78, 79, 80, 81, 82, 83, 84, 85, 86, 87, 88, 89, 90, 91, 92, 98, 99]","[104, 111, 120, 128, 135, 143, 150, 157, 164, 171, 179, 186, 201, 208, 216, 224, 232, 240, 247, 256, 264, 272, 281, 291, 300, 309, 318, 327, 336, 345, 354, 363, 372, 380, 395, 413, 425, 434, 443, 452, 461, 470, 479, 488, 497, 506, 514, 522, 530, 538, 547, 556, 565, 574, 588, 601, 616, 628, 643, 655, 665, 674, 683, 692, 701, 711, 721, 731, 741, 751, 761, 771, 781, 791, 801, 815, 828, 846, 854]",3,OTIS
nettoyer le chantier,['10-06-2015'],[77],[672],3,OTIS
présence en réunion le 08/04/15 pour finalisation réception gaines d’ascenseur,['01-04-2015'],[66],[547],4,OTIS
"présence en réunion le 08/04/15 pour finalisation réception gaines d’ascenseur. 08/04/15 : pré-
sence en réunion le 15/04/15 pour finalisation réception gaines d’ascenseur",['01-04-2015'],[67],[556],5,OTIS
"présence en réunion le 08/04/15 pour finalisation réception gaines d’ascenseur. 08/04/15 : présence
en réunion le 15/04/15 pour finalisation réception gaines d’ascenseur. 15/04/15 : présence en réunion le
22/04/15 pour finalisation réception gaines d’ascenseur",['01-04-2015'],[68],[565],6,OTIS
"présence en réunion le 08/04/15 pour finalisation réception gaines d’ascenseur. 08/04/15 : présence
en réunion le 15/04/15 pour finalisation réception gaines d’ascenseur. 15/04/15 : présence en réunion le 22/04/15
pour finalisation réception gaines d’ascenseur. 22/04/15 : présence en réunion le 29/04/15 pour finalisa-
tion réception gaines d’ascenseur",['01-04-2015'],[69],[574],7,OTIS
"revoir avec DR et SOGEA les plans de réservations. Présence en réunion le
10/04/13",['03-04-2013'],[4],[28],3,OTIS
"revoir avec DR et SOGEA les plans de réservations. Présence en réunion le 10/04/13. 10/04/13 :
absence le 10/04/13, convoqué le 17/04/13",['03-04-2013'],[5],[34],3,OTIS
"revoir avec DR et SOGEA les plans de réservations. Présence en réunion le 10/04/13. 10/04/13 : ab-
sence le 10/04/13, convoqué le 17/04/13. 10/04/13 : absence le 17/04/13, convoqué le 24/04/13",['03-04-2013'],[6],[40],3,OTIS
"revoir avec DR et SOGEA les plans de réservations. Présence en réunion le 10/04/13. 10/04/13 : ab-
sence le 10/04/13, convoqué le 17/04/13. 10/04/13 : absence le 17/04/13, convoqué le 24/04/13. 24/04/13 :
absence le 24/04/13, convoqué le 30/04/13",['03-04-2013'],[7],[48],4,OTIS
"revoir avec DR et SOGEA les plans de réservations. Présence en réunion le 10/04/13. 10/04/13 : ab-
sence le 10/04/13, convoqué le 17/04/13. 10/04/13 : absence le 17/04/13, convoqué le 24/04/13. 24/04/13 : ab-
sence le 24/04/13, convoqué le 30/04/13. 30/04/13 : absence le 30/04/13, convoqué le 07/05/13",['03-04-2013'],[8],[55],4,OTIS
"revoir avec DR et SOGEA les plans de réservations. Présence en réunion le 10/04/13. 10/04/13 : ab-
sence le 10/04/13, convoqué le 17/04/13. 10/04/13 : absence le 17/04/13, convoqué le 24/04/13. 24/04/13 : ab-
sence le 24/04/13, convoqué le 30/04/13. 30/04/13 : absence le 30/04/13, convoqué le 07/05/13. 07/05/13 :
absence le 07/05/13, convoqué le 15/05/13",['03-04-2013'],[9],[62],5,OTIS
"revoir avec DR et SOGEA les plans de réservations. Présence en réunion le 10/04/13. 10/04/13 : ab-
sence le 10/04/13, convoqué le 17/04/13. 10/04/13 : absence le 17/04/13, convoqué le 24/04/13. 24/04/13 : ab-
sence le 24/04/13, convoqué le 30/04/13. 30/04/13 : absence le 30/04/13, convoqué le 07/05/13. 07/05/13 :
absence le 07/05/13, convoqué le 15/05/13. 15/05/13 : absence le 15/05/13, convoqué le 22/05/13",['03-04-2013'],[10],[69],5,OTIS
"revoir avec DR et SOGEA les plans de réservations. Présence en réunion le 10/04/13. 10/04/13 : ab-
sence le 10/04/13, convoqué le 17/04/13. 10/04/13 : absence le 17/04/13, convoqué le 24/04/13. 24/04/13 : ab-
sence le 24/04/13, convoqué le 30/04/13. 30/04/13 : absence le 30/04/13, convoqué le 07/05/13. 07/05/13 :
absence le 07/05/13, convoqué le 15/05/13. 15/05/13 : absence le 15/05/13, convoqué le 22/05/13. 22/05/13 :
absence le 22/05/13, convoqué le 29/05/13",['03-04-2013'],[11],[76],6,OTIS
signer le marché chez le MOA pour le 27/03/13 dernier délai,['20-03-2013'],"[2, 3]","[16, 22]",1,OTIS
signer le marché chez le MOA pour le 27/03/13 dernier délai. 03/04/13 : application pénalités,['20-03-2013'],"[4, 5, 6, 7, 8, 9, 10, 11, 12, 13, 14, 15, 16, 17, 18, 19, 20, 21]","[28, 34, 40, 48, 55, 62, 69, 76, 83, 89, 96, 104, 111, 120, 128, 135, 143, 150]",2,OTIS
"signer le marché chez le MOA pour le 27/03/13 dernier délai. 03/04/13 : application pénalités.
11/09/13 : préparation d’un avenant en cours",['20-03-2013'],"[22, 23, 24, 25, 26, 27, 28]","[157, 164, 171, 179, 186, 193, 201]",3,OTIS
"SNEF signale que les réservations demandées n’ont pas été prises en compte en RDC et R+1.
04/12/13 : pris en compte sur plans remis ce jour
Contrôle réservations en sous sol du 18/12/13
- Déboucher toutes les réservations
- Locaux TE / TA :
. 2 ventilations de bac tampon fosse de plongée à carotter
. 3 pièces à sceller bac tampon plongée à carotter : plan précis à fournir par EAS
. manque 4 réservations en PH pour COEXIA : plan précis à fournir par COEXIA
. manque 1 réservation COEXIA en voile cour anglaise
. vérifier si robinet de puisage dans socle casiers piscine
. vérifier siphon + évacuation sanitaires entrée et sanitaires douches piscine : confirmer nature des réseaux à pas-
ser par COEXIA
- Galeries techniques :
. voile à proximité local technique ludique à vérifier
. manque 1 réservation SNEF à proximité du local technique ludique
. manque 1 réservation COEXIA en voile infrastructure à côté du bassin d’apprentissage
. manque 3 réservations COEXIA à côté des bacs tampon
. vérifier possibilité de descendre réseau EU plages sous poutres autour du bassin d’activités (AI poutre à – 0.58
sauf une poutre à – 0.63)
. prévoir un gabarit pour vérification réservation grille de soufflage au sol
Contrôle réservations en RDC du 22/01/14
- manque 1∅200 dans local stockage univers petite enfance
- manque 1 réservation 20x40ht au droit douches à jets
- reprendre alignement 3 réservations rectangulaires dans salle fitness
- vérifier 2 réservations dans sanitaires publics
- vérifier 1 réservation dans local entretien vestiaires
- manque 1 réservation 35x35 en dalle haute du TGBT",['27-11-2013'],"[40, 41, 42]","[296, 305, 314]",42,MONTARON
"SNEF signale que les réservations demandées n’ont pas été prises en compte en RDC et R+1.
04/12/13 : pris en compte sur plans remis ce jour
Contrôle réservations en sous sol du 18/12/13
- Linteau entrée sous-sol à recouper
- Déboucher toutes les réservations
- Locaux TE / TA :
. 2 ventilations de bac tampon fosse de plongée à carotter
. 3 pièces à sceller bac tampon plongée à carotter : plan précis à fournir par EAS
. manque 4 réservations en PH pour COEXIA : plan précis à fournir par COEXIA
. manque 1 réservation COEXIA en voile cour anglaise
. vérifier si robinet de puisage dans socle casiers piscine
. vérifier siphon + évacuation sanitaires entrée et sanitaires douches piscine : confirmer nature des réseaux à pas-
ser par COEXIA
- Galeries techniques :
. voile à proximité local technique ludique à vérifier
. manque 1 réservation SNEF à proximité du local technique ludique
. manque 1 réservation COEXIA en voile infrastructure à côté du bassin d’apprentissage
. vérifier ∅200 manquant en voile bac tampon. 15/01/14 : pas nécessaire
. manque 3 réservations COEXIA à côté des bacs tampon
. vérifier possibilité de descendre réseau EU plages sous poutres autour du bassin d’activités (AI poutre à – 0.58
sauf une poutre à – 0.63)
. prévoir un gabarit pour vérification réservation grille de soufflage au sol",['27-11-2013'],"[36, 37, 38, 39]","[261, 269, 278, 287]",39,MONTARON
"URGENT A FAIRE POUR LE 24/04/15 DERNIER DELAI : METTRE PROTECTIONS
SUR REGARDS (CONTREPLAQUE FIXE DEMANDE PAR DIRECCTE)",['22-04-2015'],"[69, 70]","[576, 592]",13,MONTARON
"Z1 à Z8 par SOGEA. Idem pour la Z11, Z12, Z15 à Z21 à charge SOGEA. Les Z9 et Z23 sont
à charge COEXIA
Synthèse",['17-04-2013'],"[22, 23, 24, 25, 26, 27, 28, 29, 30, 31, 32, 33, 34, 35, 36, 37, 38, 39, 40, 41, 42, 43, 44, 45, 46, 47, 48, 49, 49, 51]","[154, 161, 168, 176, 183, 191, 198, 206, 213, 221, 229, 237, 245, 253, 261, 269, 278, 287, 296, 305, 314, 323, 332, 341, 350, 359, 368, 377, 388, 406]",16,MONTARON
"Z13 et 14, pénétration dans bâtiment en point haut + attente au sol par SOGEA, descente
intérieure entre les 2 attentes par COEXIA. Il en va de même pour la Z10+Z24",['17-04-2013'],"[22, 23, 24, 25, 26, 27, 28, 29, 30, 31, 32, 33, 34, 35, 36, 37, 38, 39, 40, 41, 42, 43, 44, 45, 46, 47, 48, 49, 49, 51, 52, 53, 54, 54, 55, 56]","[154, 161, 168, 176, 183, 191, 198, 206, 213, 221, 229, 237, 245, 253, 261, 269, 278, 287, 296, 305, 314, 323, 332, 341, 350, 359, 368, 377, 388, 406, 422, 431, 440, 440, 449, 458]",13,MONTARON
"accord DRD sur balance financière pour remplacer voirie stabilisée du parking par de
l’enrobé en contre partie de la mission géotechnique prévue au marché qui ne peut être effectuer par
l’entreprise",['07-10-2015'],"[90, 91, 92, 97, 98, 99]","[802, 818, 830, 838, 847, 856]",6,MONTARON
"confirmer la mise à disposition de SOGEA de 100m3 de matériaux issus de la dé-
pollution",['03-04-2013'],"[4, 5]","[28, 34]",3,MONTARON
"confirmer que le choix du fournisseurs des murs de soutènement est à l’étude.
Après désignation, transmettre à la MOE et à DEKRA les plans, fiches techniques et note de cal-
cul",['20-11-2013'],"[32, 33, 34, 36, 37, 38]","[232, 241, 248, 265, 273, 282]",10,MONTARON
"diffuser plan de socles sur terrasse technique. 06/11/13 : tenir compte épaisseur complexe
isolant/étanchéité 100mm
Réservations en phase réalisation",['30-10-2013'],"[30, 31, 32, 33]","[213, 221, 229, 237]",19,MONTARON
"diffuser plan siphon et réseaux plages extérieurs à MONTARON pour le 20/09/13
Contrôle réservations en sous sol du 18/12/13
- Locaux TE / TA :
. vérifier si robinet de puisage dans socle casiers piscine
Contrôle réservations en RDC du 22/01/14
- valider VH local TGBT dans la porte du local
- vérifier alignement des réservations dans gradins
- vérifier alignement des réservations des trappes de lignes de nage
- manque toutes les réservations pour siphons de sol et caniveaux de la zone vestiaires sanitaires plon-
gée (plan non fourni)
Contrôle réservations de serrurerie du 22/01/14
- repères 4 et 6 : piochage si nécessaire lors de la pose
- repères 5 et 18 : reprise
- repère 8, 11 et 20 : vérification avec trait de niveau
- repère 10 : calfeutrement mortier après pose si nécessaire
Contrôle réservations en R+1 du 19/02/14
- vérifier alignement réservations sur coursive
- 2 réservations 300x300 à déplacer en hauteur sur coursive bassin ludique (soufflage canons de lu-
mière)
- vérifier alignement réservations au niveau terrasse technique zone plongée",['18-09-2013'],"[49, 49, 51]","[377, 388, 406]",29,MONTARON
"dû au lot VRD environ 4 450m3 en apport et environ 32 100m3 en réemploi. Dû au
lot GO 16 000m3 (estimé en phase chantier 5 000m3)",['11-09-2013'],"[22, 23, 24, 25, 26, 27, 28, 29, 30, 31, 32, 33, 34, 35, 36, 37, 38, 39, 40, 42, 44]","[158, 165, 172, 180, 187, 195, 202, 209, 217, 225, 233, 241, 249, 257, 265, 273, 283, 292, 301, 320, 338]",13,MONTARON
"faire levé topo et définition des besoins réels pour le 25/09/13. 26/09/13 : en m3
remblais périphériques : 6400 pour 4000 marché
trottoir : 700 pour 2251 marché
voirie : 3529 pour 3651 marché
solarium : 735 pour 642 marché
espaces verts : 1210 pour 1320 marché
merlon paysager : 24600 pour 13000 marché (avec 0,20m de terre végétale et nivellement plat)
soit ≈ 37100 m3 pour 24700 m3 marché. Manque ≈ 10000m3",['11-09-2013'],"[24, 25, 26, 27, 29, 39, 40]","[172, 180, 187, 195, 209, 292, 301]",20,MONTARON
"faire levé topo et définition des besoins réels pour le 25/09/13. 26/09/13 : en m3
remblais périphériques : 6400 pour 4000 marché
trottoir : 700 pour 2251 marché
voirie : 3529 pour 3651 marché
solarium : 735 pour 642 marché
espaces verts : 1210 pour 1320 marché
merlon paysager : 24600 pour 13000 marché (avec 0,20m de terre végétale et nivellement plat)
soit ≈ 37100 m3 pour 24700 m3 marché. Manque ≈ 10000m3
AVANCEMENT – PLANIFICATION
Intempéries :
26 jours
1 jour (le 03/07/13 : pluie), 1 jour (le 18/09/13 : pluie), 1 jour (le 10/10/13 : pluie), 1 jour (le 23/10/13 : vent), 1 jour
(le 25/10/13 : vent), 2 jours (les 28 et 29/10/13), 3 jours (le 04/11/13 : vent, le 05/11/13 : pluie, le 06/11/13 : pluie +
vent), 2 jours (les 07 et 08/11/13 : pluie et vent), 1 jour (le 14/11/13 : vent), 1 jour (le 19/11/13 : pluie), 1 jour (le
21/11/13 : neige), 1 jour (le 03/12/13 : gel), 1 jour (le 11/12/13 : gel), 2 jours (les 12 et 13/12/13 : gel), 1 jour (le
06/01/14 : pluie), 3 jours (les 14, 15 et 16/01/14 : pluie), 1 jour (le 20/01/14 : pluie), 1 jour (le 27/01/14 : pluie et
vent), 1 jour (le 07/02/14 : vent)
Effectif :",['11-09-2013'],"[41, 42, 43, 44]","[311, 320, 329, 338]",17,MONTARON
"faire levé topo et définition des besoins réels pour le 25/09/13. 26/09/13 : en m3
remblais périphériques : 6400 pour 4000 marché
trottoir : 700 pour 2251 marché
voirie : 3529 pour 3651 marché
solarium : 735 pour 642 marché
espaces verts : 1210 pour 1320 marché
merlon paysager : 24600 pour 13000 marché (avec 0,20m de terre végétale et nivellement plat)
soit ≈ 37100 m3 pour 24700 m3 marché. Manque ≈ 10000m3
VRD
23/10/13 :
- L’entreprise a remis au BERIM ce jour le plan indice A Projet de Murs de soutènement. Il sera
complété par les coupes et détail suivants :
- Coupe AA sur le talus de l’espace vert
- Coupe BB sur le profil n°13
- Détail de la constitution du sol sous mur préfabriqué.
- Fiche technique des murs préfabriqués, accompagné de la note de calcul de dimensionnement
- L’ensemble de ses documents devra être transmis au contrôleur technique en format papier
pour visa.
- BERIM contactera le paysagiste pour un visa de ses prestations.
TCE",['11-09-2013'],"[28, 30, 31, 32, 33, 34, 35, 36, 38]","[202, 217, 225, 233, 241, 249, 257, 265, 283]",25,MONTARON
"faire une nouvelle proposition pour traiter les eaux pluviales de ruissellement des
espaces verts sur la parcelle afin de minimiser le volume de remblai en apport",['02-04-2014'],"[48, 49, 54, 55, 56, 58, 59, 60, 61, 62, 63, 64, 65, 66, 67, 69, 70, 71, 72, 73, 74, 75, 76]","[373, 382, 445, 454, 462, 480, 489, 498, 507, 515, 523, 531, 539, 549, 558, 576, 592, 603, 619, 630, 646, 657, 666]",14,MONTARON
"faire une nouvelle proposition pour traiter les eaux pluviales de ruissellement des espaces
verts sur la parcelle afin de minimiser le volume de remblai en apport.
-16/04/14 : transmettre plan de nivellement et une coupe sur le trop plein des noues des espaces
vert côté RD.
Rendre accessible l’accès  devant la rampe de sous-sol pour la pose du conduit de cheminée pré-
vue le 19/04/14.",['02-04-2014'],"[49, 53]","[398, 436]",18,MONTARON
"la MOA demande le régalage des terres sur l’emprise de la voie d’accès entre le
rond point du CG59 et l’accès au parking",['25-03-2015'],"[65, 66, 67]","[539, 549, 558]",14,MONTARON
"le planning TCE a été diffusé pour analyse à toutes les entreprises avec retour pour
le 04/10/13. Réunion de signature du planning le 16/10/13 à 14h00 : toutes les entreprises sont
convoquées
Intempéries :
2 jours
1 jour (le 03/07/13 : pluie), 1 jour (le 18/09/13 : pluie)
Effectif :",['25-09-2013'],"[24, 25, 26]","[172, 180, 187]",32,MONTARON
"le planning TCE a été diffusé pour analyse à toutes les entreprises avec retour pour le 04/10/13. Réu-
nion de signature du planning le 16/10/13 à 14h00 : toutes les entreprises sont convoquées. 18/12/13 : non pré-
sents, non signés et convoqués le 08/01/14 : SAM+, SUEDE SAUNA
Intempéries :
23 jours
1 jour (le 03/07/13 : pluie), 1 jour (le 18/09/13 : pluie), 1 jour (le 10/10/13 : pluie), 1 jour (le 23/10/13 : vent), 1 jour
(le 25/10/13 : vent), 2 jours (les 28 et 29/10/13), 3 jours (le 04/11/13 : vent, le 05/11/13 : pluie, le 06/11/13 : pluie +
vent), 2 jours (les 07 et 08/11/13 : pluie et vent), 1 jour (le 14/11/13 : vent), 1 jour (le 19/11/13 : pluie), 1 jour (le
21/11/13 : neige), 1 jour (le 03/12/13 : gel), 1 jour (le 11/12/13 : gel), 2 jours (les 12 et 13/12/13 : gel), 1 jour (le
06/01/14 : pluie), 2 jours (les 14 et 15/01/14 : pluie), 1 jour (le 20/01/14 : pluie)
Effectif :",['25-09-2013'],"[39, 40]","[292, 301]",30,MONTARON
"manque 4 réservations en PH sous-sol pour siphon de sol dans sanitaires/douches
individuels
ASSISTANT MAITRISE D’OUVRAGE",['26-03-2014'],"[47, 48, 49]","[359, 368, 377]",41,MONTARON
"manque deux réservations dans voile file 10 (sans recherche de responsabilité) de
2000x1000mm + ∅250mm. Utilisation de deux réservations 1000x1000mm de part et d’autre
dudit voile pour dédoubler la gaine initiale. Un carottage est à prévoir pour le ∅250mm man-
quant
ASSISTANT MAITRISE D’OUVRAGE",['16-10-2013'],"[27, 28, 29, 30, 32]","[191, 198, 206, 213, 229]",23,MONTARON
"mettre à jour plan EXE assainissement sur base PIC à fournir par SOGEA. 20/11/13 : mettre à
jour plan EXE assainissement suite à mise au point sorties bâtiment de ce jour",['24-04-2013'],"[32, 33, 34, 35, 36, 37, 38, 39]","[232, 241, 248, 256, 265, 273, 282, 292]",5,MONTARON
"murs de soutènement à décaler de 1 à 1,50m les murs de soutènement vers la
Sambre pour échapper le réseau EU existant. Etablir un plan de recollement pour permettre à la
MOA de modifier son plan parcellaire",['02-04-2014'],"[48, 49, 49, 51]","[373, 382, 398, 416]",13,MONTARON
"plateforme solarium sud à -0,17/0,00 avec pente vers les espaces verts de 5mm/m.
Dalle en béton acidé hors lot",['07-05-2014'],"[53, 54, 55]","[436, 445, 454]",17,MONTARON
"plateforme solarium sud à -0,17/0,00 avec pente vers les espaces verts de 5mm/m. Dalle
en béton acidé hors lot. 04/06/14 : valable également pour solarium est",['07-05-2014'],"[58, 59, 60, 61, 62, 63, 64, 65, 66, 67, 69, 70, 71, 72, 73, 74, 75, 76, 77, 78, 79, 80, 81, 82]","[480, 489, 498, 507, 515, 523, 531, 539, 549, 558, 576, 592, 603, 619, 630, 646, 657, 666, 676, 685, 693, 703, 713, 722]",15,MONTARON
"prévoir PE eau + fourreau gaz avant remblai entre rampe et bâtiment en façade
nord",['18-12-2013'],"[36, 37, 38, 39, 40, 41, 42, 43, 44, 45, 46, 47, 48, 49, 49, 51, 52]","[265, 273, 282, 292, 301, 310, 319, 328, 337, 346, 355, 364, 373, 382, 398, 416, 426]",14,MONTARON
"prévoir fourreaux + chambres de tirage pour alimentation électrique entre transfo et
TGBT",['05-03-2014'],"[44, 45, 46, 47, 48, 49, 49, 51, 52, 53, 54, 55, 56]","[337, 346, 355, 364, 373, 382, 398, 416, 426, 436, 445, 454, 462]",9,MONTARON
"quantité disponible à l’origine 21 343m3, dont environ 4 000m3 ont été utilisés pour
le fond de forme du parking. Reste environ 17 300m3 théorique, 15 000m3 selon le relevé géo-
mètre missionné par SOGEA début mars (12 000m3 en 0/40, 2 000m3 en 0/80, 1 000m3 en
terre)",['11-09-2013'],"[22, 23, 24, 25, 26, 27, 28, 29, 30, 31, 32, 33, 35, 36, 37, 38, 39, 40, 44]","[158, 165, 172, 180, 187, 195, 202, 209, 217, 225, 233, 241, 257, 265, 273, 283, 292, 301, 338]",11,MONTARON
ransmettre le plan de recollement du réseau éclairage public déjà posé sur parking.,['14-05-2014'],"[54, 55, 58, 59]","[445, 454, 480, 489]",19,MONTARON
"réseaux ventilation bacs tampon à faire « plonger » en sortie bâtiment avec un jeu
de 2 coudes à 45° pour échapper et passer sous réseaux EP. A mettre en œuvre jusqu’en es-
paces verts dans un regard avec grille caillebotis à créer",['04-12-2013'],"[34, 36, 37, 38, 39, 40, 41, 42, 43, 44, 45, 46, 47, 48, 49, 49, 51, 52, 53, 54, 55, 56, 57, 58, 59, 60, 61, 62, 63, 64, 65, 66, 67, 68, 69, 70, 71, 72, 73, 74, 75, 76, 77, 78, 79, 80, 81, 82, 83, 84, 85, 86, 87, 88, 90, 91, 92]","[248, 265, 273, 282, 292, 301, 310, 319, 328, 337, 346, 355, 364, 373, 382, 398, 416, 426, 436, 445, 454, 462, 471, 480, 489, 498, 507, 515, 523, 531, 539, 549, 558, 566, 576, 592, 603, 619, 630, 646, 657, 666, 676, 685, 693, 703, 713, 722, 732, 742, 752, 763, 772, 782, 802, 818, 830]",12,MONTARON
"réservation au droit coursive au-dessus local MNS à scier pour hauteur fini de
500mm en alignant les deux réservations
Réception support par CRI du 12/03/14
- effectuer enduit sur maçonnerie recouverte de faïence
- fosse de plongée, reprendre désaffleur entre les deux levées de coulage des bajoyers. Reste à vérifier la dimen-
sion en plan (∅ constant à vérifier sur la hauteur)",['09-04-2014'],"[49, 49, 51]","[377, 388, 406]",34,MONTARON
"réunion de coordination le 15/01/14 à 10H30
Fin du compte rendu
Frédéric MALO
DUVAL RAYNAL SARL d’Architecture","['18-12-2013', '08-01-2014']","[36, 37]","[266, 275]",40,MONTARON
"suite à la réunion organisée par la Maîtrise d’Ouvrage le 03/11/15, un avenant de prolongation de délai
sera notifié aux entreprises avec pour date limite de livraison au 28/02/15.
Avancement :
Gros Oeuvre
- finition en cours
- couverture étanchéité : reste terrasse technique, membrane + contre bardage terrasse technique. En cours
- pose mur rideau reste finitions
- pose réseau désenfumage reste finitions
- reprise finitions gros œuvre fosse de plongée en cours
Menuiseries intérieures
- cloisonnement doublage remise en forme sur une 1
ère hauteur fait, reste une plaque sur 2
ème hauteur + enduit à ter-
miner RETARD
- ossature bardage acoustique en cours
Serrurerie
Ascenseurs
- pose ascenseur fosse plongée terminé ???
Carrelages
- carrelages hall bassins, reste finitions en cours
- gradins en cours
- carrelages remise en forme en cours
- étanchéité vestiaires (individuel et personnel) en cours
- carrelages vestiaires individuels en cours
- faïence en cours
- fosse de plongée en cours
Faux plafonds
- ossature toutes zones en cours
Peinture
- peinture toutes zones en attente avancement TCE
Traitement d’Air – Chauffage – Traitement d’Eau – Plomberie
- pose bouches de soufflage en cours
- plomberie en cours
- électricité en cours
Electricité
- câblage en cours
- toute électricité zone bassins sportif et activité fait, reste pose appareillage
- poste transfo posé, reste raccordement intérieur
VRD
- borduration parking en cours
- apport de terre en cours
Planification :
Gros Oeuvre
- reprise finition couverture à partir du 19/03/15. RETARD. Intervention à partir du 16/11/15. RETARD. Couvertines
fosse de plongée pour le 27/11/15
- terrasse technique pour le 11/12/15
- reprise solde pose membrane sur tipi à partir du 07/04/15. RETARD. Intervention à partir du 16/11/15. RETARD.
Pour le 27/11/15
Bassins inox
- en attente avancement carrelage
Menuiseries intérieures
- approvisionnement habillage stratifiés perforés du 08/06/15 au 31/07/15
- pose habillage stratifiés perforés à partir du 24/08/15
- pose panneaux acoustiques en lames bois à partir du 05/10/15
- mise en fabrication banque d’accueil. Pose à partir du 15/02/16
- pose signalétique à partir du 15/01/16
- pose porte semaine 1",['04-11-2015'],"[97, 98]","[839, 848]",60,MONTARON
"sur base plan extérieur de SNEF, établir plan de fourreaux. 02/04/14 : transmettre un plan
de la tranchée des réseaux divers pour le 23/04/14. Le réseau AEP sera en ∅110mm, le réseau gaz en
∅90mm",['22-05-2013'],"[48, 49, 49, 51, 52]","[373, 382, 398, 416, 426]",4,MONTARON
"sur base plan extérieur de SNEF, établir plan de fourreaux. 02/04/14 : transmettre un plan de la tran-
chée des réseaux divers pour le 23/04/14. Le réseau AEP sera en ∅110mm, le réseau gaz en ∅90mm.
07/05/14 : transmettre plan EXE à jour",['22-05-2013'],"[53, 54, 55, 56, 57, 58]","[436, 445, 454, 462, 471, 480]",4,MONTARON
"synthèse RDC, R+1 et toiture le 10/09/13. Diffusion plan de réservations pour le 13/09/13. 18/09/13 :
plan présenté validé à compléter avec réservation pour bain chaud pour le 20/09/13. 25/09/13 : diffuser plan
de synthèse réservations RDC et R+1 y compris gradins sans délai",['05-09-2013'],"[24, 25, 26]","[168, 176, 183]",16,MONTARON
transmettre le plan des réseaux divers avec la coupe détaillée,['14-05-2014'],"[54, 55, 58]","[445, 454, 480]",20,MONTARON
"transmettre plan de nivellement et une coupe sur le trop plein des noues des espaces vert
côté RD.
Rendre accessible l’accès devant la rampe de sous-sol pour la pose du conduit de cheminée prévue le
19/04/14.",['16-04-2014'],"[54, 55, 56, 58, 59, 60, 61, 62, 63, 64, 65, 66, 67, 69, 70, 71, 72, 73, 74]","[445, 454, 462, 480, 489, 498, 507, 515, 523, 531, 539, 549, 558, 576, 592, 603, 619, 630, 646]",13,MONTARON
"étudier possibilité de débuter les réseaux d’assainissement en zone parking per-
sonnel et accès sous-sol au plus tôt",['20-11-2013'],"[32, 33, 34, 36, 37, 38]","[232, 241, 248, 265, 273, 282]",8,MONTARON
"SNEF signale que les réservations demandées n’ont pas été prises en compte en
RDC et R+1
ASSISTANT MAITRISE D’OUVRAGE",['27-11-2013'],[33],[237],24,MONTARON
"SNEF signale que les réservations demandées n’ont pas été prises en compte en RDC et R+1.
04/12/13 : pris en compte sur plans remis ce jour
ASSISTANT MAITRISE D’OUVRAGE",['27-11-2013'],"[34, 35]","[245, 253]",18,MONTARON
"Z1 à Z8 par SOGEA. Idem pour la Z11, Z12, Z15 à Z21 à charge SOGEA. Les Z9 et Z23 sont à
charge COEXIA
Contrôle réservations en RDC du 22/01/14
- valider VH local TGBT dans la porte du local
- manque toutes les réservations pour siphons de sol et caniveaux de la zone vestiaires sanitaires plongée (plan
non fourni)
Contrôle réservations en R+1 du 19/02/14
- 2 réservations 300x300 à déplacer en hauteur sur coursive bassin ludique (soufflage canons de lumière)
- vérifier alignement réservations au niveau terrasse technique zone plongée",['17-04-2013'],"[54, 54, 55]","[440, 440, 449]",15,MONTARON
"Z1 à Z8 par SOGEA. Idem pour la Z11, Z12, Z15 à Z21 à charge SOGEA. Les Z9 et Z23 sont à
charge COEXIA
Contrôle réservations en RDC du 22/01/14
- valider VH local TGBT dans la porte du local
- manque toutes les réservations pour siphons de sol et caniveaux de la zone vestiaires sanitaires plongée (plan
non fourni)
Contrôle réservations en R+1 du 19/02/14
- 2 réservations 300x300 à déplacer en hauteur sur coursive bassin ludique (soufflage canons de lumière)
- vérifier alignement réservations au niveau terrasse technique zone plongée
Réception support par CRI du 12/03/14
- fosse de plongée, reprendre désaffleur entre les deux levées de coulage des bajoyers. Reste à vérifier la dimen-
sion en plan (∅ constant à vérifier sur la hauteur)
ASSISTANT MAITRISE D’OUVRAGE",['17-04-2013'],[56],[458],18,MONTARON
"Z1 à Z8 par SOGEA. Idem pour la Z11, Z12, Z15 à Z21 à charge SOGEA. Les Z9 et Z23 sont à
charge COEXIA
Contrôle réservations en sous sol du 18/12/13
- Locaux TE / TA :
. vérifier si robinet de puisage dans socle casiers piscine
Contrôle réservations en RDC du 22/01/14
- valider VH local TGBT dans la porte du local
- manque toutes les réservations pour siphons de sol et caniveaux de la zone vestiaires sanitaires plongée (plan
non fourni)
Contrôle réservations en R+1 du 19/02/14
- 2 réservations 300x300 à déplacer en hauteur sur coursive bassin ludique (soufflage canons de lumière)
- vérifier alignement réservations au niveau terrasse technique zone plongée",['17-04-2013'],"[52, 53]","[422, 431]",18,MONTARON
"Z11, regard en pied de chute à confirmer",['17-04-2013'],"[22, 23, 24, 25, 26, 27, 28, 29, 30, 31, 32, 33, 34, 35, 36, 37, 38, 39, 40, 41, 42, 43, 44, 45, 46, 47, 48, 49, 49, 51, 52, 53, 54, 54, 55, 56]","[154, 161, 168, 176, 183, 191, 198, 206, 213, 221, 229, 237, 245, 253, 261, 269, 278, 287, 296, 305, 314, 323, 332, 341, 350, 359, 368, 377, 388, 406, 422, 431, 440, 440, 449, 458]",10,MONTARON
accord DRD pour commande des murs de soutènement,['12-02-2014'],[41],[310],8,MONTARON
choix des teintes de la toile tendue 6 mois au plus tard avant la pose,['11-09-2013'],"[22, 23, 24, 25, 26, 29]","[158, 165, 172, 180, 187, 209]",5,MONTARON
"choix des teintes de la toile tendue 6 mois au plus tard avant la pose. 06/11/13 : choix pour 01/12/13
Matériaux de remblais du site",['11-09-2013'],[33],[241],5,MONTARON
"confirmer la date de livraison des CTA pour planification avec SOGEA pour la manu-
tention
Fin du compte rendu - Frédéric MALO - DUVAL RAYNAL SARL d’Architecture",['18-09-2013'],[23],[165],32,MONTARON
"confirmer la mise à disposition de SOGEA de 100m3 de matériaux issus de la dépollution.
17/04/13 : validé",['03-04-2013'],[6],[41],3,MONTARON
"confirmer le RAL des menuiseries alu
Matériaux de remblais du site",['11-09-2013'],"[22, 23, 24, 25, 26]","[158, 165, 172, 180, 187]",7,MONTARON
"confirmer teint des poteaux bois intérieurs + clin dans murs rideaux
Matériaux de remblais du site",['30-10-2013'],[29],[209],6,MONTARON
"constat ce jour par DRD de terrassement dans une roche type machefer compacté générant un sur-
croit de temps pour ouverture de la tranchée d’assainissement. Etablir plan de repérage + reportage photo + relevé
précis",['19-03-2014'],[47],[364],12,MONTARON
"diffuser plan de fourreaux à DRD, BERIM et SNEF",['11-06-2014'],[59],[489],19,MONTARON
"diffuser plan de socles sur terrasse technique
Charpente LC / Faux plafonds
- 24/04/13  prévoir une structure à souder en pied de charpente métallique des verrières
Réservations en phase réalisation",['30-10-2013'],[29],[206],20,MONTARON
diffuser plan réseaux enterrés à MONTARON pour le 20/09/13,['18-09-2013'],"[23, 24]","[161, 168]",16,MONTARON
diffuser plan siphon et réseaux plages extérieurs à MONTARON pour le 20/09/13,['18-09-2013'],"[23, 24, 25, 26, 27, 28, 29, 30, 31, 32, 33]","[161, 168, 176, 183, 191, 198, 206, 213, 221, 229, 237]",17,MONTARON
"diffuser plan siphon et réseaux plages extérieurs à MONTARON pour le 20/09/13
Contrôle réservations en sous sol du 18/12/13
- Déboucher toutes les réservations
- Locaux TE / TA :
. 2 ventilations de bac tampon fosse de plongée à carotter
. 3 pièces à sceller bac tampon plongée à carotter : plan précis à fournir par EAS
. manque 4 réservations en PH pour COEXIA : plan précis à fournir par COEXIA
. manque 1 réservation COEXIA en voile cour anglaise
. vérifier si robinet de puisage dans socle casiers piscine
. vérifier siphon + évacuation sanitaires entrée et sanitaires douches piscine : confirmer nature des réseaux à pas-
ser par COEXIA
- Galeries techniques :
. voile à proximité local technique ludique à vérifier
. manque 1 réservation SNEF à proximité du local technique ludique
. manque 1 réservation COEXIA en voile infrastructure à côté du bassin d’apprentissage
. manque 3 réservations COEXIA à côté des bacs tampon
. vérifier possibilité de descendre réseau EU plages sous poutres autour du bassin d’activités (AI poutre à – 0.58
sauf une poutre à – 0.63)
. prévoir un gabarit pour vérification réservation grille de soufflage au sol
Contrôle réservations en RDC du 22/01/14
- manque 1∅200 dans local stockage univers petite enfance
- manque 1 réservation 20x40ht au droit douches à jets
- reprendre alignement 3 réservations rectangulaires dans salle fitness
- vérifier 2 réservations dans sanitaires publics
- vérifier 1 réservation dans local entretien vestiaires
- manque 1 réservation 35x35 en dalle haute du TGBT
- valider VH local TGBT dans la porte du local
- réservation à déboucher dans local compresseur
- réservation à déboucher dans local déchetterie
- 2 réservations à déboucher dans local espaces verts
- manque 1 réservation + 1 réservation à reprendre dans local technique plongée
- 2 réservations à déboucher dans local musculation
- manque 3 réservations dans chaufferie
- vérifier alignement des réservations dans gradins
- vérifier alignement des réservations des trappes de lignes de nage
- fournir gabarit pour vérification des réservations pour grille de sol sur plages
- manque toutes les réservations pour siphons de sol et caniveaux de la zone vestiaires sanitaires plongée (plan
non fourni)",['18-09-2013'],"[43, 44, 45]","[323, 332, 341]",47,MONTARON
"diffuser plan siphon et réseaux plages extérieurs à MONTARON pour le 20/09/13
Contrôle réservations en sous sol du 18/12/13
- Locaux TE / TA :
. 3 pièces à sceller bac tampon plongée à carotter : plan précis à fournir par EAS
. vérifier si robinet de puisage dans socle casiers piscine
- Galeries techniques :
. voile à proximité local technique ludique à vérifier
. manque 1 réservation SNEF à proximité du local technique ludique
. prévoir un gabarit pour vérification réservation grille de soufflage au sol
Contrôle réservations en RDC du 22/01/14
- manque 1∅200 dans local stockage univers petite enfance
- manque 1 réservation 20x40ht au droit douches à jets
- reprendre alignement 3 réservations rectangulaires dans salle fitness
- vérifier 2 réservations dans sanitaires publics
- vérifier 1 réservation dans local entretien vestiaires
- manque 1 réservation 35x35 en dalle haute du TGBT
- valider VH local TGBT dans la porte du local
- réservation à déboucher dans local compresseur
- réservation à déboucher dans local déchetterie
- 2 réservations à déboucher dans local espaces verts
- manque 1 réservation + 1 réservation à reprendre dans local technique plongée
- 2 réservations à déboucher dans local musculation
- manque 3 réservations dans chaufferie
- vérifier alignement des réservations dans gradins
- vérifier alignement des réservations des trappes de lignes de nage
- fournir gabarit pour vérification des réservations pour grille de sol sur plages
- manque toutes les réservations pour siphons de sol et caniveaux de la zone vestiaires sanitaires plongée (plan
non fourni)
Contrôle réservations de serrurerie du 22/01/14
- repères 4 et 6 : piochage si nécessaire lors de la pose
- repères 5 et 18 : reprise
- repère 8, 11 et 20 : vérification avec trait de niveau
- repère 10 : calfeutrement mortier après pose si nécessaire
Contrôle bassins ludique et apprentissage du 22/01/14
- piochage si nécessaire lors de la pose des panneaux verticaux
Contrôle bassin sportif et rivière du 03/02/14
- piochage si nécessaire lors de la pose des panneaux verticaux du bassin sportif.19/03/14 : fait par A&T
- fond de goulotte bassin sportif à rehausser. 19/03/14 : compenser par pièces métalliques par A&T",['18-09-2013'],[46],[350],47,MONTARON
"diffuser plan siphon et réseaux plages extérieurs à MONTARON pour le 20/09/13
Contrôle réservations en sous sol du 18/12/13
- Locaux TE / TA :
. vérifier si robinet de puisage dans socle casiers piscine
- Galeries techniques :
. prévoir un gabarit pour vérification réservation grille de soufflage au sol
Contrôle réservations en RDC du 22/01/14
- valider VH local TGBT dans la porte du local
- vérifier alignement des réservations dans gradins
- vérifier alignement des réservations des trappes de lignes de nage
- manque toutes les réservations pour siphons de sol et caniveaux de la zone vestiaires sanitaires plongée (plan
non fourni)
Contrôle réservations de serrurerie du 22/01/14
- repères 4 et 6 : piochage si nécessaire lors de la pose
- repères 5 et 18 : reprise
- repère 8, 11 et 20 : vérification avec trait de niveau
- repère 10 : calfeutrement mortier après pose si nécessaire
Contrôle bassins ludique et apprentissage du 22/01/14
- piochage si nécessaire lors de la pose des panneaux verticaux
Contrôle bassin sportif et rivière du 03/02/14
- quais à prolonger du bassin sportif. 26/03/14 : trop large, à recouper
Contrôle réservations en R+1 du 19/02/14
- vérifier alignement réservations sur coursive
- 2 réservations 300x300 à déplacer en hauteur sur coursive bassin ludique (soufflage canons de lumière)
- vérifier alignement réservations au niveau terrasse technique zone plongée
Réception support par CRI du 12/03/14
- effectuer enduit sur maçonnerie recouverte de faïence
- fosse de plongée, reprendre désaffleur entre les deux levées de coulage des bajoyers. Reste à vérifier la dimen-
sion en plan (∅ constant à vérifier sur la hauteur)",['18-09-2013'],[47],[359],39,MONTARON
"diffuser plan siphon et réseaux plages extérieurs à MONTARON pour le 20/09/13
Contrôle réservations en sous sol du 18/12/13
- Locaux TE / TA :
. vérifier si robinet de puisage dans socle casiers piscine
Contrôle réservations en RDC du 22/01/14
- valider VH local TGBT dans la porte du local
- vérifier alignement des réservations dans gradins
- vérifier alignement des réservations des trappes de lignes de nage
- manque toutes les réservations pour siphons de sol et caniveaux de la zone vestiaires sanitaires plongée (plan
non fourni)
Contrôle réservations de serrurerie du 22/01/14
- repères 4 et 6 : piochage si nécessaire lors de la pose
- repères 5 et 18 : reprise
- repère 8, 11 et 20 : vérification avec trait de niveau
- repère 10 : calfeutrement mortier après pose si nécessaire
Contrôle bassin sportif et rivière du 03/02/14
- quais à prolonger du bassin sportif. 26/03/14 : trop large, à recouper
Contrôle réservations en R+1 du 19/02/14
- vérifier alignement réservations sur coursive
- 2 réservations 300x300 à déplacer en hauteur sur coursive bassin ludique (soufflage canons de lumière)
- vérifier alignement réservations au niveau terrasse technique zone plongée
Réception support par CRI du 12/03/14
- effectuer enduit sur maçonnerie recouverte de faïence
- fosse de plongée, reprendre désaffleur entre les deux levées de coulage des bajoyers. Reste à vérifier la dimen-
sion en plan (∅ constant à vérifier sur la hauteur)",['18-09-2013'],[48],[368],34,MONTARON
"diffuser plan siphon et réseaux plages extérieurs à MONTARON pour le 20/09/13
Réservations en phase réalisation",['18-09-2013'],"[34, 35, 36, 37, 38, 39, 40, 41, 42]","[245, 253, 261, 269, 278, 287, 296, 305, 314]",13,MONTARON
diffuser plan sorties bâtiment à MONTARON pour le 20/09/13,['18-09-2013'],"[23, 24, 25, 26, 27, 28, 29, 30, 31, 32, 33]","[161, 168, 176, 183, 191, 198, 206, 213, 221, 229, 237]",18,MONTARON
"déplacer les canalisations béton stockées contre la clôture de chantier côté bassin
EP : à décaler de la clôture",['26-06-2013'],[16],[112],8,MONTARON
faire levé topo et définition des besoins réels pour le 25/09/13,['11-09-2013'],"[22, 23]","[158, 165]",14,MONTARON
"faire levé topo et définition des besoins réels pour le 25/09/13. 26/09/13 : en m3
remblais périphériques : 6400 pour 4000 marché",['11-09-2013'],[37],[273],10,MONTARON
"faire nettoyage des abords avec SOGEA et mettre en sécurité les divers regards et
fosses",['11-03-2015'],[63],[523],13,MONTARON
faire nivellement au droit des enrochements,['07-05-2014'],"[53, 54, 55, 58, 59]","[436, 445, 454, 480, 489]",15,MONTARON
faire remblai en pied de bâtiment au droit de l’ancienne emprise de la grue G2,['19-02-2014'],[42],[319],8,MONTARON
faire remblai provisoire pour accès chaufferie,['08-04-2015'],[67],[558],16,MONTARON
faire tranchées pour passage réseaux alimentations douches et pédiluves extérieurs,['26-08-2015'],[83],[732],9,MONTARON
"faire une nouvelle proposition pour traiter les eaux pluviales de ruissellement des espaces
verts sur la parcelle afin de minimiser le volume de remblai en apport.
-16/04/14 : transmettre plan de nivellement et une coupe sur le trop plein des noues des espaces vert
côté RD.
Rendre accessible l’accès  devant la rampe de sous-sol pour la pose du conduit de cheminée prévue
le 19/04/14.
23/04/14 : BERIM transmettra la section du PE Gaz et l’implantation des PI. A la suite, finaliser le
plan des réseaux. Transmettre des essais de compactages en pied des murs de soutènement",['02-04-2014'],[51],[416],20,MONTARON
"feu sur chantier interdit
POINTS SPECIFIQUES
Polychromie",['29-05-2013'],[12],[83],10,MONTARON
finaliser les sorties de bâtiments pour VRD,['17-04-2013'],"[22, 23, 24, 25, 26, 27, 28, 29, 30, 31, 32, 33, 34, 35, 36, 37, 38, 39, 40, 41, 42, 43, 44, 45, 46, 47]","[154, 161, 168, 176, 183, 191, 198, 206, 213, 221, 229, 237, 245, 253, 261, 269, 278, 287, 296, 305, 314, 323, 332, 341, 350, 359]",17,MONTARON
fournir bilan de puissance électrique – URGENT,['22-05-2013'],"[11, 12, 13, 14, 15, 16, 17, 18]","[76, 83, 90, 97, 104, 112, 120, 128]",6,MONTARON
fournir planning d’intervention,['26-03-2014'],"[47, 48, 49, 49, 51, 52, 53, 54, 55, 56, 57, 58]","[364, 373, 382, 398, 416, 426, 436, 445, 454, 462, 471, 480]",12,MONTARON
"fournir réservations pour grilles en gradins
SUEDE
SAUNA
FITNESS – SAUNA - HAMMAM",['05-09-2013'],[21],[150],5,MONTARON
fournir échantillon de charpente et plafonds de revers teinté chêne clair,['13-06-2013'],"[22, 23, 24, 25, 26]","[158, 165, 172, 180, 187]",4,MONTARON
implantation en X et Y du transfo selon plan masse architecte,['09-09-2015'],[85],[752],9,MONTARON
implanter en Z le transfo et faire le fond de fouille,['26-08-2015'],"[83, 84, 85]","[732, 742, 752]",9,MONTARON
"le planning TCE a été diffusé pour analyse à toutes les entreprises avec retour pour le 04/10/13. Réu-
nion de signature du planning le 16/10/13 à 14h00 : toutes les entreprises sont convoquées. 16/10/13 : non
présents, non signés et convoqués le 23/10/13 : SI21, SAM+, CRI, MODULE, SAE, LMP, SUEDE
SAUNA, ELISATH, POSEIDON
Intempéries :
3 jours
1 jour (le 03/07/13 : pluie), 1 jour (le 18/09/13 : pluie), 1 jour (le 10/10/13 : pluie)
Effectif :",['25-09-2013'],[27],[195],23,MONTARON
"le planning TCE a été diffusé pour analyse à toutes les entreprises avec retour pour le 04/10/13. Réu-
nion de signature du planning le 16/10/13 à 14h00 : toutes les entreprises sont convoquées. 18/12/13 : non
présents, non signés et convoqués le 08/01/14 : SAM+, SUEDE SAUNA",['25-09-2013'],[36],[265],30,MONTARON
les ferrures de charpente seront galva,['06-03-2013'],"[5, 12, 22, 23, 24, 25, 26, 29, 33, 35]","[34, 83, 158, 165, 172, 180, 187, 209, 241, 257]",6,MONTARON
"les ferrures de charpente seront galva
DOCUMENTS REMIS EN REUNION
De SAM+ à DR, SOGEA
- plan 07 indice 0 : repérage des portes
De MQB/EAS à DR, SOGEA
- plan TE02 indice A : descentes de charges TE
- plan TE04 indice 0 : regards locaux techniques TE
AVANCEMENT – PLANIFICATION
- SOGEA a mis en oeuvre sur site le 20/0213 un bungalow de chantier et 2 drapeaux. MONTARON a débuté l'im-
plantation du parking avec une prévision de début de terrassement le 21/02/13.
Fin du compte rendu
Frédéric MALO
DUVAL RAYNAL SARL d’Architecture",['06-03-2013'],[2],[17],15,MONTARON
"les ferrures de charpente seront galva
DOCUMENTS REMIS EN REUNION
Néant",['06-03-2013'],"[3, 4, 7, 8]","[22, 28, 48, 55]",5,MONTARON
"les ferrures de charpente seront galva
DOCUMENTS REMIS EN REUNION
Néant
AVANCEMENT – PLANIFICATION
- SOGEA a mis en œuvre sur site le 20/0213 un bungalow de chantier et 2 drapeaux. MONTARON a débuté l'im-
plantation du parking avec une prévision de début de terrassement le 21/02/13.
Planification :
Gros Oeuvre
- installation de chantier à partir du 15/04/13, fin pour fin mai 2013
- montage grue G1 le 10/06/13
VRD
- assainissement parking à partir du 29/04/13 jusqu’au 03/05/13 et du 13/05/13 au 24/05/13 pour solde assainis-
sement et bicouche sur parking
Fin du compte rendu
Frédéric MALO
DUVAL RAYNAL SARL d’Architecture",['06-03-2013'],[6],[41],23,MONTARON
"les ferrures de charpente seront galva
DOCUMENTS REMIS EN REUNION
Néant
VALIDATION PLANS
Plans SOGEA diffusés le 28/04/13, validation pour le 13/05/13
- 501c : DR fait, BERIM-DEKRA-TCE : en attente
Plans SOGEA diffusés le 02/05/13, validation pour le 16/05/13
- 102, 202, 302, 402, 518 : DR-BERIM-DEKRA-TCE : en attente",['06-03-2013'],[9],[62],14,MONTARON
"les ferrures de charpente seront galva
DOCUMENTS REMIS EN REUNION
Néant
VALIDATION PLANS
Plans SOGEA diffusés le 28/04/13, validation pour le 13/05/13
- 501c : DR-BERIM-SNEF-DEKRA fait, TCE : en attente
Plans SOGEA diffusés le 02/05/13, validation pour le 16/05/13
- 102, 202, 302, 402, 518 : DR-BERIM-SNEF fait, DEKRA-TCE : en attente
Plans SOGEA diffusés le 02/05/13, validation pour le 16/05/13
- 02a, 02b, 02c, 03: DR-BERIM fait, DEKRA-TCE : en attente
Plans SOGEA diffusés le 23/05/13, validation pour le 06/06/13
- 512, 515 : DR-BERIM fait, DEKRA-TCE : en attente
Plans SOGEA diffusés le 05/06/13, validation pour le 19/06/13
- 513, 514, 515A, 516, 517, 518A, 550, 551, 552 : DR-BERIM-DEKRA-TCE : en attente",['06-03-2013'],[13],[90],22,MONTARON
manque 4 réservations en PH sous-sol pour siphon de sol dans sanitaires/douches indivi-,['26-03-2014'],"[49, 51]","[388, 406]",35,MONTARON
"manque deux réservations dans voile file 10 (sans recherche de responsabilité) de 2000x1000mm +
∅250mm. Utilisation de deux réservations 1000x1000mm de part et d’autre dudit voile pour dédoubler la gaine ini-
tiale. Un carottage est à prévoir pour le ∅250mm manquant",['16-10-2013'],"[31, 33, 34, 35, 36, 37, 38, 39, 40, 41, 42]","[221, 237, 245, 253, 261, 269, 278, 287, 296, 305, 314]",22,MONTARON
mettre en place un cheminement sécurisé des camions sur l’accès et le parking,['16-09-2015'],[86],[763],7,MONTARON
mettre à jour plan EXE assainissement sur base PIC à fournir par SOGEA,['24-04-2013'],"[10, 11, 12, 13, 14, 15, 16, 17, 18, 19, 20, 21, 22, 23, 24, 25, 26, 27, 28, 29, 30, 31]","[69, 76, 83, 90, 97, 104, 112, 120, 128, 135, 144, 151, 158, 165, 172, 179, 187, 194, 201, 209, 216, 224]",4,MONTARON
"mettre à jour plan EXE assainissement sur base PIC à fournir par SOGEA
POINTS SPECIFIQUES
Polychromie",['24-04-2013'],"[7, 8, 9]","[48, 55, 62]",7,MONTARON
"mettre à jour plan de ventilation de la terrasse technique de la zone plongée en po-
sitionnant les grilles de reprise pour création de chevêtres métalliques
Charpente LC / Faux plafonds
- 24/04/13  prévoir une structure à souder en pied de charpente métallique des verrières
Réservations en phase réalisation",['23-10-2013'],[28],[198],21,MONTARON
"modifier plan des grilles en façade de la zone plongée pour supprimer les grilles
dans la membranes et effectuer les sorties par la terrasse technique",['05-09-2013'],[21],[150],2,MONTARON
"nécessité de créer 2 appuis : ajout de 2 poutres, à dimensionner en béton et en acier, à proposer à",['06-03-2013'],"[6, 7, 8, 9, 10, 11, 12, 13, 14, 15, 16, 17, 18, 19, 20, 21]","[38, 45, 52, 59, 66, 73, 80, 87, 94, 101, 109, 117, 125, 132, 140, 147]",6,MONTARON
"plan GO PH sous sol diffusé vers le 15/05/13
Charpente métallique",['24-04-2013'],"[7, 8, 9, 10]","[45, 52, 59, 66]",9,MONTARON
plan GO fondation basse diffusé le 26/04/13,['24-04-2013'],[7],[45],7,MONTARON
plan de nivellement des TV à transmettre,['14-05-2014'],"[54, 55, 58, 59, 60, 61, 62, 63, 64, 65, 66, 67, 69, 70, 71, 72, 73, 74, 75, 76]","[445, 454, 480, 489, 498, 507, 515, 523, 531, 539, 549, 558, 576, 592, 603, 619, 630, 646, 657, 666]",20,MONTARON
"plans architectes en cours de mise à jour pour mise en conformité avec accessibili-
té
Carrelages",['11-09-2013'],[22],[154],6,MONTARON
"plans architectes en cours de mise à jour pour mise en conformité avec accessibilité
Descentes EP",['11-09-2013'],"[23, 24, 25]","[161, 168, 176]",5,MONTARON
"pose câbles (fourniture SNEF) sous fourreaux ∅250 en tranchée ouverte sans chambre de tirage entre
transfo et TGBT",['11-06-2014'],"[59, 60]","[489, 498]",18,MONTARON
prendre en compte le plan de fourreaux diffusé par EUROENVIRONNEMENT,['18-06-2014'],[59],[489],19,MONTARON
produire plans EXE,['10-04-2013'],"[6, 7, 8, 9, 10, 11, 12, 13, 14, 15, 16, 17, 18, 19, 20, 21, 22]","[41, 48, 55, 62, 69, 76, 83, 90, 97, 104, 112, 120, 128, 135, 144, 151, 158]",4,MONTARON
"produire plans EXE
POINTS SPECIFIQUES
Polychromie",['10-04-2013'],[5],[34],6,MONTARON
"préparer fond de forme solarium béton acidé avec réservation de 0,15m pour le bé-
ton acidé, en calant le niveau fini à -0,02m des seuils de portes et en périphérie des solarium.
Amorcer les formes de pente",['26-08-2015'],[83],[732],8,MONTARON
"présence en réunion le 10/04/13 pour point d’avancement travaux avant installation
base vie chantier
POINTS SPECIFIQUES
Polychromie",['03-04-2013'],[4],[28],7,MONTARON
présence en réunion le 10/04/13 pour point d’avancement travaux avant installation base vie chantier,['03-04-2013'],[5],[34],3,MONTARON
prévoir réseaux EU/EP avant réalisation rampe accès,['17-04-2013'],"[22, 23, 24, 25, 26, 27, 28, 29, 30, 31, 32, 33, 34, 35, 36, 37, 38, 39, 40, 41, 42, 43, 44, 45, 46, 47, 48, 49, 49, 51, 52, 53, 54, 54, 55, 56]","[154, 161, 168, 176, 183, 191, 198, 206, 213, 221, 229, 237, 245, 253, 261, 269, 278, 287, 296, 305, 314, 323, 332, 341, 350, 359, 368, 377, 388, 406, 422, 431, 440, 440, 449, 458]",11,MONTARON
raccorder les DEP façade nord,['25-03-2015'],"[65, 66, 67]","[539, 549, 558]",14,MONTARON
recaler planning avec objectif carrelage,['28-10-2015'],"[97, 98, 99]","[839, 848, 856]",2,MONTARON
"recaler planning avec objectif carrelage
Avancement :
Gros Oeuvre
- finition en cours
- couverture étanchéité : reste terrasse technique, membrane + contre bardage terrasse technique
- pose mur rideau reste finitions
- pose réseau désenfumage reste finitions
- reprise finitions gros œuvre fosse de plongée en cours
Menuiseries intérieures
- cloisonnement doublage remise en forme sur une 1
ère hauteur fait, reste une plaque sur 2
ème hauteur + enduit à ter-
miner RETARD
Serrurerie
Ascenseurs
- pose ascenseur fosse plongée en cours
Carrelages
- carrelages hall bassins, reste finitions en cours
- gradins en cours
- carrelages remise en forme en cours
- étanchéité vestiaires (individuel et personnel) en cours
- carrelages vestiaires individuels en cours
- faïence en cours
- fosse de plongée en cours
Faux plafonds
- ossature toile tendue zone pataugeoire en cours
- ossature toutes zones en cours
Peinture
- peinture toutes zones en cours",['28-10-2015'],[92],[830],29,MONTARON
recaler planning selon les dates de mise hors d’eau hors d’air,['18-12-2013'],[36],[266],1,MONTARON
"remblais périphériques du bâtiment avec les matériaux du site. S’il manque des ma-
tériaux sur la globalité, les apports seront pour les prochains ouvrages
AVANCEMENT – PLANIFICATION
Intempéries :
1 jour
1 jour (le 03/07/13 : pluie),
Effectif :",['11-09-2013'],[22],[158],22,MONTARON
"remblais périphériques du bâtiment avec les matériaux du site. S’il manque des matériaux sur la glo-
balité, les apports seront pour les prochains ouvrages
AVANCEMENT – PLANIFICATION
Intempéries :
2 jours
1 jour (le 03/07/13 : pluie), 1 jour (le 18/09/13 : pluie)
Effectif :",['11-09-2013'],[23],[165],21,MONTARON
"remblais périphériques du bâtiment avec les matériaux du site. S’il manque des matériaux sur la glo-
balité, les apports seront pour les prochains ouvrages
TCE
AVANCEMENT – PLANIFICATION",['11-09-2013'],[24],[172],26,MONTARON
"remblayer pour permettre accès chantier au droit des locaux techniques (chaufferie, production so-
laire)",['28-05-2014'],"[58, 59, 60]","[480, 489, 498]",20,MONTARON
remettre en état le balisage de sécurité,['08-04-2015'],[67],[558],16,MONTARON
reprendre affouillement au droit du pédiluve extérieur côté rivière,['16-09-2015'],[86],[763],7,MONTARON
reprendre étanchéité + pose DELTA MS avant remblai façade nord,['28-05-2014'],"[58, 59, 60, 61, 62, 63, 64, 65, 66, 67, 69, 70, 71, 72, 73, 74, 75]","[480, 489, 498, 507, 515, 523, 531, 539, 549, 558, 576, 592, 603, 619, 630, 646, 657]",19,MONTARON
"reprise sur hall bassin ludique, réservation de grille à prévoir 1700x700mm entre
files 6 et 7, 8et 9 et 10 et 11
Charpente LC / Faux plafonds
- 24/04/13  prévoir une structure à souder en pied de charpente métallique des verrières
Réservations en phase réalisation",['16-10-2013'],[27],[191],19,MONTARON
"reprise sur hall bassin ludique, réservation de grille à prévoir 1700x700mm entre files 6 et 7, 8 et 9 et
10 et 11",['16-10-2013'],"[28, 29, 30, 31, 32, 33]","[198, 206, 213, 221, 229, 237]",16,MONTARON
"revoir les délais de fabrication des toiles pour revoir le détail de l’intervention. 06/11/13 : 2,5 semaines,
en 3 phases
Intempéries :
19 jours
1 jour (le 03/07/13 : pluie), 1 jour (le 18/09/13 : pluie), 1 jour (le 10/10/13 : pluie), 1 jour (le 23/10/13 : vent), 1 jour
(le 25/10/13 : vent), 2 jours (les 28 et 29/10/13), 3 jours (le 04/11/13 : vent, le 05/11/13 : pluie, le 06/11/13 : pluie +
vent), 2 jours (les 07 et 08/11/13 : pluie et vent), 1 jour (le 14/11/13 : vent), 1 jour (le 19/11/13 : pluie), 1 jour (le
21/11/13 : neige), 1 jour (le 03/12/13 : gel), 1 jour (le 11/12/13 : gel), 2 jours (les 12 et 13/12/13 : gel)
Effectif :",['23-10-2013'],[36],[266],9,MONTARON
réseaux ventilation bacs tampon à faire « plonger » en sortie bâtiment avec un jeu de 2 coudes à 45°,['04-12-2013'],[89],[792],1,MONTARON
"réservation au droit coursive au-dessus local MNS à scier pour hauteur fini de 500mm en alignant les
deux réservations
Réception support par CRI du 12/03/14
- fosse de plongée, reprendre désaffleur entre les deux levées de coulage des bajoyers. Reste à vérifier la dimen-
sion en plan (∅ constant à vérifier sur la hauteur)
ASSISTANT MAITRISE D’OUVRAGE",['09-04-2014'],"[52, 53, 54, 54, 55]","[422, 431, 440, 440, 449]",23,MONTARON
"réservation au droit des pédiluve 160mm
Descentes EP",['19-06-2013'],[22],[154],9,MONTARON
réservation de dalle plages 120mm et reste du bâtiment 70mm,['10-04-2013'],[22],[154],7,MONTARON
réunion concessionnaires le 29/01/14 à 10h00,['15-01-2014'],"[38, 39]","[282, 292]",14,MONTARON
"réunion de mise au point des diverses sorties bâtiment à reprendre par le VRD le
20/11/13 à 14h00
ASSISTANT MAITRISE D’OUVRAGE",['13-11-2013'],[31],[221],24,MONTARON
"sur base plan extérieur de SNEF, établir plan de fourreaux",['22-05-2013'],"[11, 12, 14, 15, 16, 17, 18, 20, 21, 22, 23, 24, 25, 26, 27, 28, 29, 30, 31, 32, 33, 34, 35, 36, 37, 38, 39, 40, 41, 42, 43, 44, 45, 46, 47]","[76, 83, 97, 104, 112, 120, 128, 144, 151, 158, 165, 172, 179, 187, 194, 201, 209, 216, 224, 232, 241, 248, 256, 265, 273, 282, 292, 301, 310, 319, 328, 337, 346, 355, 364]",6,MONTARON
"sur base plan extérieur de SNEF, établir plan de fourreaux
POINTS SPECIFIQUES
Polychromie",['22-05-2013'],[13],[90],9,MONTARON
"synthèse RDC, R+1 et toiture le 10/09/13. Diffusion plan de réservations pour le 13/09/13
Charpente LC / Faux plafonds
- 24/04/13  prévoir une structure à souder en pied de charpente métallique des verrières
ASSISTANT MAITRISE D’OUVRAGE",['05-09-2013'],[22],[154],20,MONTARON
"synthèse RDC, R+1 et toiture le 10/09/13. Diffusion plan de réservations pour le 13/09/13.
18/09/13 : plan présenté validé à compléter avec réservation pour bain chaud pour le 20/09/13",['05-09-2013'],[23],[161],15,MONTARON
"toutes les entreprises confirment que toutes les sorties et pénétrations dans le bâ-
timent sont raccordées sur les attentes VRD",['09-09-2015'],[85],[752],9,MONTARON
transmettre des essais de compactages en pied des murs de soutènement,['23-04-2014'],"[53, 54, 55]","[436, 445, 454]",14,MONTARON
transmettre plan CRI des siphons de sol à COEXIA,['18-09-2013'],"[27, 28, 29, 30, 31, 32, 33]","[191, 198, 206, 213, 221, 229, 237]",14,MONTARON
"transmettre plan CRI des siphons de sol à COEXIA
Charpente LC / Faux plafonds
- 24/04/13  prévoir une structure à souder en pied de charpente métallique des verrières
ASSISTANT MAITRISE D’OUVRAGE",['18-09-2013'],"[23, 24, 25, 26]","[161, 168, 176, 183]",21,MONTARON
transmettre plan de nivellement et une coupe sur le trop plein des noues des espaces vert côté RD.,['16-04-2014'],"[75, 76]","[657, 666]",7,MONTARON
"validation siphon de sol PVC 20x20 pour solarium, couleur sable
Matériaux de remblais du site",['22-01-2014'],"[39, 40]","[292, 301]",5,MONTARON
verrière RAL9010,['11-12-2013'],"[39, 40]","[292, 301]",3,MONTARON
"verrière RAL9010
Matériaux de remblais du site",['11-12-2013'],"[35, 36, 37]","[257, 265, 273]",5,MONTARON
visite pour repérage des sorties de bâtiment le 21/05/14 à 14h00,['07-05-2014'],"[53, 54]","[436, 445]",17,MONTARON
"voile dans local TA maintenu dito plans marché
Charpente métallique",['10-04-2013'],"[6, 16, 17, 18, 19, 20, 21]","[38, 109, 117, 125, 132, 140, 147]",6,MONTARON
"voile dans local TA maintenu dito plans marché
Gros Œuvre",['10-04-2013'],"[7, 8, 9, 10]","[45, 52, 59, 66]",6,MONTARON
"voile dans local TA maintenu dito plans marché
Gros Œuvre
Charpente métallique",['10-04-2013'],"[11, 12, 13, 14, 15]","[73, 80, 87, 94, 101]",6,MONTARON
voir CR spécifique du cabinet TESSON,"['02-09-2015', '09-09-2015', '16-09-2015', '23-09-2015', '30-09-2015']","[84, 85, 86, 87, 88]","[742, 752, 763, 772, 782]",6,MONTARON
voir avec SNEF pour prolonger les fourreaux devant pénétrer dans le TGBT,['07-10-2015'],"[90, 91]","[802, 818]",6,MONTARON
"voir pour ramener tous les réseaux EP sur un même regard façade est pour une
seule traversée du fossé vers le bassin EP
POINTS SPECIFIQUES
Polychromie",['17-04-2013'],[6],[41],8,MONTARON
"voir pour ramener tous les réseaux EP sur un même regard façade est pour une seule traversée du
fossé vers le bassin EP",['17-04-2013'],"[7, 8, 9, 10, 11, 12, 13, 14, 15, 16, 17, 18, 19, 20, 21, 22, 23, 24, 25, 26, 27, 28, 29, 30, 31, 32, 33, 34, 35, 36, 37, 38, 39, 40, 41, 42, 43, 44, 45, 46, 47]","[48, 55, 62, 69, 76, 83, 90, 97, 104, 112, 120, 128, 135, 144, 151, 158, 165, 172, 179, 187, 194, 201, 209, 216, 224, 232, 241, 248, 256, 265, 273, 282, 292, 301, 310, 319, 328, 337, 346, 355, 364]",4,MONTARON
"vérifier si doublon entre les lots VRD et GO pour les remblais périphériques en pied
de bâtiment",['11-09-2013'],[22],[158],16,MONTARON
"vérifier si doublon entre les lots VRD et GO pour les remblais périphériques en pied de bâtiment.
18/09/13 : remblais à réaliser par MONTARON",['11-09-2013'],"[23, 24]","[165, 172]",15,MONTARON
évacuer fiches et grillage orange,['03-06-2015'],[75],[657],11,MONTARON
évacuer les fers à béton de balisage des fouilles,['29-07-2015'],"[82, 83, 84, 85, 86]","[722, 732, 742, 752, 763]",6,MONTARON
"Carrelage Hall d'entrée: GRANITOGRE SERIE MARTE -  référence GRIGIO MAGGIA
30X30 finition Matt
AVANCEMENT – PLANIFICATION
Intempéries :
35 jours
1 jour (le 03/07/13 : pluie), 1 jour (le 18/09/13 : pluie), 1 jour (le 10/10/13 : pluie), 1 jour (le 23/10/13 : vent), 1 jour
(le 25/10/13 : vent), 2 jours (les 28 et 29/10/13), 3 jours (le 04/11/13 : vent, le 05/11/13 : pluie, le 06/11/13 : pluie +
vent), 2 jours (les 07 et 08/11/13 : pluie et vent), 1 jour (le 14/11/13 : vent), 1 jour (le 19/11/13 : pluie), 1 jour (le
21/11/13 : neige), 1 jour (le 03/12/13 : gel), 1 jour (le 11/12/13 : gel), 2 jours (les 12 et 13/12/13 : gel), 1 jour (le
06/01/14 : pluie), 3 jours (les 14, 15 et 16/01/14 : pluie), 1 jour (le 20/01/14 : pluie), 1 jour (le 27/01/14 : pluie et
vent), 1 jour (le 07/02/14 : vent), 1 jour (le 13/02/14 : pluie et vent), 3 jours (les 27, 28/02/14 et 03/03/14 : pluie), 1
jour (le 21/03/14 : pluie), 2 jours (les 12 et 13/05/14 : pluie), 1 jour (le 04/06/14 : pluie), 1 jour (le 10/06/14 : pluie)
Effectif :","['25-02-2015', '03-06-2015']","[62, 63, 65, 66, 67, 68, 69, 70, 71, 73, 74, 75, 76]","[516, 524, 540, 549, 558, 567, 576, 592, 603, 630, 646, 657, 667]",14,CRI
"Carrelage Hall d'entrée: GRANITOGRE SERIE MARTE -  référence GRIGIO MAGGIA 30X30
finition Matt",['25-02-2015'],"[64, 72, 75, 76, 77, 78, 79, 80, 81, 82, 87, 88, 89, 90, 91, 92, 97, 98]","[531, 619, 657, 667, 676, 685, 694, 703, 713, 723, 773, 783, 793, 803, 819, 830, 838, 847]",10,CRI
"Z1 à Z8 par SOGEA. Idem pour la Z11, Z12, Z15 à Z21 à charge SOGEA. Les Z9 et Z23 sont
à charge COEXIA
Synthèse",['17-04-2013'],"[22, 43, 44, 45, 46, 47, 48, 49, 49, 51]","[154, 323, 332, 341, 350, 359, 368, 377, 388, 406]",16,CRI
"Z13 et 14, pénétration dans bâtiment en point haut + attente au sol par SOGEA, descente
intérieure entre les 2 attentes par COEXIA. Il en va de même pour la Z10+Z24",['17-04-2013'],"[22, 43, 44, 45, 46, 47, 48, 49, 49, 51, 52, 53, 54, 54, 55, 56]","[154, 323, 332, 341, 350, 359, 368, 377, 388, 406, 422, 431, 440, 440, 449, 458]",13,CRI
"bande de vigilance autour des bassins en 30x30 TONDI BUDAPEST. 06/05/15 : bande po-
dotactile à 0,50m du bord du bassin. Coupe entre goulotte et bande podotactile",['25-06-2014'],"[71, 72, 73, 74, 75, 76]","[601, 615, 628, 642, 655, 664]",12,CRI
"bloc porte sauna blanc
AVANCEMENT –  PLANIFICATION
Intempéries :
35 jours
Voir détail sur CR 76.
Effectif :",['23-09-2015'],"[87, 88, 89, 90, 91]","[773, 783, 793, 803, 819]",12,CRI
"diffuser plan siphon et réseaux plages extérieurs à MONTARON pour le 20/09/13
Contrôle réservations en sous sol du 18/12/13
- Locaux TE / TA :
. vérifier si robinet de puisage dans socle casiers piscine
Contrôle réservations en RDC du 22/01/14
- valider VH local TGBT dans la porte du local
- vérifier alignement des réservations dans gradins
- vérifier alignement des réservations des trappes de lignes de nage
- manque toutes les réservations pour siphons de sol et caniveaux de la zone vestiaires sanitaires plon-
gée (plan non fourni)
Contrôle réservations de serrurerie du 22/01/14
- repères 4 et 6 : piochage si nécessaire lors de la pose
- repères 5 et 18 : reprise
- repère 8, 11 et 20 : vérification avec trait de niveau
- repère 10 : calfeutrement mortier après pose si nécessaire
Contrôle réservations en R+1 du 19/02/14
- vérifier alignement réservations sur coursive
- 2 réservations 300x300 à déplacer en hauteur sur coursive bassin ludique (soufflage canons de lu-
mière)
- vérifier alignement réservations au niveau terrasse technique zone plongée",['18-09-2013'],"[49, 49, 51]","[377, 388, 406]",29,CRI
"en bord de bassin le long des goulotte, prévoir un décaissé dans chape pour la
pose de la membrane d’étanchéité du bassin",['22-01-2014'],"[39, 40, 41, 42, 44, 45, 46, 47, 48, 49, 49, 51, 52, 53]","[290, 299, 308, 318, 335, 344, 353, 362, 371, 380, 394, 412, 424, 434]",7,CRI
"en façade est du bassin sportif, prolonger socle jusqu’entre les 2 grilles de ventilation
(réhaussement grille de ventilation) Sera réalisé semaine 21",['06-05-2015'],"[72, 73, 74]","[615, 628, 642]",21,CRI
"faire implantation des siphons de sol avec DR. 10/04/13 : faire plan d’implantation de si-
phons de sol en tenant compte des simplications vues ce jour avec DR",['27-03-2013'],"[5, 6, 7]","[34, 40, 47]",3,CRI
"manque 4 réservations en PH sous-sol pour siphon de sol dans sanitaires/douches
individuels
ASSISTANT MAITRISE D’OUVRAGE",['26-03-2014'],"[47, 48, 49]","[359, 368, 377]",41,CRI
"manque le plan de réservation siphons de sol et caniveau R+1. A diffuser pour le
04/12/13",['27-11-2013'],"[33, 34, 35, 36, 37, 38, 39, 40, 41, 42, 43, 44, 45, 46, 47, 48]","[239, 247, 255, 264, 272, 281, 290, 299, 308, 318, 326, 335, 344, 353, 362, 371]",3,CRI
"manque le plan de réservation siphons de sol et caniveau R+1. A diffuser pour le 04/12/13.
09/04/14 : à produire pour le 16/04/14 pour implantation sur site le 16/04/14",['27-11-2013'],"[49, 49, 51, 52, 53]","[380, 394, 412, 424, 434]",4,CRI
"manque le plan de réservation siphons de sol et caniveau R+1. A diffuser pour le 04/12/13.
09/04/14 : à produire pour le 16/04/14 pour implantation sur site le 16/04/14. 14/05/14 : plan pour le
21/05/14. 21/05/14 : plan présenté, à diffuser",['27-11-2013'],"[55, 56, 57, 58, 59, 60, 61, 62, 63, 64, 65, 67, 68, 69, 70, 71, 72]","[451, 460, 469, 478, 487, 496, 505, 513, 521, 529, 537, 556, 564, 573, 587, 601, 615]",5,CRI
"nettoyage membrane étanchéité bassins inox avec décapant PVC (produit laissé par
A&T dans bassin ludique)",['03-06-2015'],"[75, 79]","[655, 691]",23,CRI
"plan complet de réservations pour le 24/05/13, avec priorité sur les zones remise
en forme et vestiaires",['30-04-2013'],"[8, 9, 10]","[54, 61, 68]",5,CRI
"préciser à VERITAS les mesures de protection contre la chute en bassin proposées
ce jour",['18-03-2015'],"[64, 65]","[529, 537]",16,CRI
"prévoir fermeture entre zone bassins et zone fosse de plongée en double épaisseur
de polyane",['23-09-2015'],"[87, 88]","[770, 780]",18,CRI
remettre la moquette de protection,['29-07-2015'],"[82, 83]","[720, 730]",16,CRI
"remettre protection au droit du bassin sportif. 04/06/14 : voir avec VERITAS mise en place
protection collective autour bassin en cours de pose carrelage",['21-05-2014'],"[57, 58, 59, 60, 61, 62, 63, 64, 65, 67]","[469, 478, 487, 496, 505, 513, 521, 529, 537, 556]",16,CRI
"reprendre alignement carrelage sur contre marche gradins pour alignement grille de venti-
lation. Non réalisé le 13/05/15",['06-05-2015'],"[72, 73, 74, 75, 76, 79, 80, 81, 82, 83, 84, 85]","[615, 628, 642, 655, 664, 691, 700, 710, 720, 730, 740, 750]",19,CRI
"réservation au droit coursive au-dessus local MNS à scier pour hauteur fini de
500mm en alignant les deux réservations
Réception support par CRI du 12/03/14
- effectuer enduit sur maçonnerie recouverte de faïence
- fosse de plongée, reprendre désaffleur entre les deux levées de coulage des bajoyers. Reste à vérifier la dimen-
sion en plan (∅ constant à vérifier sur la hauteur)",['09-04-2014'],"[49, 49, 51]","[377, 388, 406]",34,CRI
"réunion le 26/02/14 à 9h00 pour réception supports avec SOGEA. 26/02/14 : absence de
l’entreprise. Réunion reportée au 12/03/14 à 9h00. L’entreprise devra préparer cette réception
en effectuant une visite préalable et en recensant les problèmes éventuels",['22-01-2014'],"[43, 44]","[326, 335]",6,CRI
"suite à la réunion organisée par la Maîtrise d’Ouvrage le 03/11/15, un avenant de prolongation de délai
sera notifié aux entreprises avec pour date limite de livraison au 28/02/15.
Avancement :
Gros Oeuvre
- finition en cours
- couverture étanchéité : reste terrasse technique, membrane + contre bardage terrasse technique. En cours
- pose mur rideau reste finitions
- pose réseau désenfumage reste finitions
- reprise finitions gros œuvre fosse de plongée en cours
Menuiseries intérieures
- cloisonnement doublage remise en forme sur une 1
ère hauteur fait, reste une plaque sur 2
ème hauteur + enduit à ter-
miner RETARD
- ossature bardage acoustique en cours
Serrurerie
Ascenseurs
- pose ascenseur fosse plongée terminé ???
Carrelages
- carrelages hall bassins, reste finitions en cours
- gradins en cours
- carrelages remise en forme en cours
- étanchéité vestiaires (individuel et personnel) en cours
- carrelages vestiaires individuels en cours
- faïence en cours
- fosse de plongée en cours
Faux plafonds
- ossature toutes zones en cours
Peinture
- peinture toutes zones en attente avancement TCE
Traitement d’Air – Chauffage – Traitement d’Eau – Plomberie
- pose bouches de soufflage en cours
- plomberie en cours
- électricité en cours
Electricité
- câblage en cours
- toute électricité zone bassins sportif et activité fait, reste pose appareillage
- poste transfo posé, reste raccordement intérieur
VRD
- borduration parking en cours
- apport de terre en cours
Planification :
Gros Oeuvre
- reprise finition couverture à partir du 19/03/15. RETARD. Intervention à partir du 16/11/15. RETARD. Couvertines
fosse de plongée pour le 27/11/15
- terrasse technique pour le 11/12/15
- reprise solde pose membrane sur tipi à partir du 07/04/15. RETARD. Intervention à partir du 16/11/15. RETARD.
Pour le 27/11/15
Bassins inox
- en attente avancement carrelage
Menuiseries intérieures
- approvisionnement habillage stratifiés perforés du 08/06/15 au 31/07/15
- pose habillage stratifiés perforés à partir du 24/08/15
- pose panneaux acoustiques en lames bois à partir du 05/10/15
- mise en fabrication banque d’accueil. Pose à partir du 15/02/16
- pose signalétique à partir du 15/01/16
- pose porte semaine 1",['04-11-2015'],"[97, 98]","[839, 848]",60,CRI
"sur la plage courbe de la fosse de plongée côté bassin sportif, prévoir un point haut
dans l’axe et une pente de chaque côté avec évacuation en dehors de la coursive",['02-09-2015'],"[84, 85, 86, 87, 88, 89, 90, 92]","[740, 750, 760, 770, 780, 790, 800, 827]",19,CRI
"sur muret immergé du bassin ludique (contigu à la rampe d’accès), carrelage collé à
la colle polyuréthane",['25-03-2015'],"[65, 67, 71, 72, 73, 74, 75, 76, 79, 80, 81, 82, 83, 84, 85, 86, 87, 88, 89, 90, 92]","[537, 556, 601, 615, 628, 642, 655, 664, 691, 700, 710, 720, 730, 740, 750, 760, 770, 780, 790, 800, 827]",19,CRI
"une réservation à décaler, implanter dans la charpente métallique
Réception support par CRI du 12/03/14
- fosse de plongée, reprendre désaffleur entre les deux levées de coulage des bajoyers. Reste à vérifier la dimen-
sion en plan (∅ constant à vérifier sur la hauteur)
Synthèse Toile tendue / Surveillance des baignades / Electricité du 18/02/15
- réservation pour caméras Poséidon 65x55cm, découpée in situ
- sur plan de calepinage toile tendue, faire implantation des caméras et des réservations pour le
27/02/15
- caméras en milieu de bassin à régler juste après pose de la toile
ASSISTANT MAITRISE D’OUVRAGE",['25-06-2014'],"[61, 62]","[503, 511]",17,CRI
"valider les plans de dalles alvéolaires avec les modifications apportées aux réserva-
tions pour évacuation de caniveau et siphons de sol",['05-09-2013'],"[21, 22, 23, 24]","[150, 157, 164, 170]",4,CRI
"valider les plans de dalles alvéolaires avec les modifications apportées aux réservations pour évacua-
tion de caniveau et siphons de sol. 02/10/13 : dalles alvéolaires livrées et posées sans retour de
l’entreprise. CRI devra s’adapter",['05-09-2013'],"[25, 26, 27]","[178, 185, 193]",5,CRI
"Carrelage Hall d'entrée: GRANITOGRE SERIE MARTE -  référence GRIGIO MAGGIA 30X30 finition
Matt
AVANCEMENT – PLANIFICATION
Intempéries :
35 jours
Voir détail sur CR 76.
Effectif :",['25-02-2015'],"[83, 84, 85, 86]","[733, 743, 753, 763]",11,CRI
"RETARD pris sur l’exécution des chapes, rendement très inférieur à la normale.
Renforcer immédiatement les effectifs sur ce poste",['02-09-2015'],[84],[740],16,CRI
SE1553 Vert Pistache de la Seigneurie,['03-06-2015'],"[78, 79, 80, 81, 82]","[685, 694, 703, 713, 723]",10,CRI
"SE1553 Vert Pistache de la Seigneurie
AVANCEMENT – PLANIFICATION
Intempéries :
35 jours
Voir détail sur CR 76.
Effectif :",['03-06-2015'],[77],[676],14,CRI
"TRESPA NA 15 Indian Tera Cotta
AVANCEMENT – PLANIFICATION
Intempéries :
35 jours
Voir détail sur CR 76.
Effectif :",['18-11-2015'],"[97, 98]","[838, 847]",9,CRI
URGENT fournir plan récapitulatif des réservations à reprendre,['25-03-2015'],[65],[537],20,CRI
"URGENT fournir plan récapitulatif des réservations à reprendre. 01/04/15 : point avec SOGEA début
semaine 15. 08/04/15 : rien reçu à ce jour. Dernier rappel pour le 15/04/15 dernier délai, après
percement à charge de l’entreprise",['25-03-2015'],[67],[556],20,CRI
URGENT poser les blocs portes des saunas,['09-09-2015'],[85],[749],3,CRI
URGENT terminer gradins + coursive,['14-10-2015'],[90],[800],22,CRI
"URGENT, terminer hall bassins sportif et activités pour le 02/10/15",['23-09-2015'],"[87, 88, 89, 90, 92, 98]","[770, 780, 790, 800, 827, 845]",16,CRI
"Z1 à Z8 par SOGEA. Idem pour la Z11, Z12, Z15 à Z21 à charge SOGEA. Les Z9 et Z23 sont à
charge COEXIA
Contrôle réservations en RDC du 22/01/14
- valider VH local TGBT dans la porte du local
- manque toutes les réservations pour siphons de sol et caniveaux de la zone vestiaires sanitaires plongée (plan
non fourni)
Contrôle réservations en R+1 du 19/02/14
- 2 réservations 300x300 à déplacer en hauteur sur coursive bassin ludique (soufflage canons de lumière)
- vérifier alignement réservations au niveau terrasse technique zone plongée",['17-04-2013'],"[54, 54, 55]","[440, 440, 449]",16,CRI
"Z1 à Z8 par SOGEA. Idem pour la Z11, Z12, Z15 à Z21 à charge SOGEA. Les Z9 et Z23 sont à
charge COEXIA
Contrôle réservations en RDC du 22/01/14
- valider VH local TGBT dans la porte du local
- manque toutes les réservations pour siphons de sol et caniveaux de la zone vestiaires sanitaires plongée (plan
non fourni)
Contrôle réservations en R+1 du 19/02/14
- 2 réservations 300x300 à déplacer en hauteur sur coursive bassin ludique (soufflage canons de lumière)
- vérifier alignement réservations au niveau terrasse technique zone plongée
Réception support par CRI du 12/03/14
- fosse de plongée, reprendre désaffleur entre les deux levées de coulage des bajoyers. Reste à vérifier la dimen-
sion en plan (∅ constant à vérifier sur la hauteur)
ASSISTANT MAITRISE D’OUVRAGE",['17-04-2013'],[56],[458],18,CRI
"Z1 à Z8 par SOGEA. Idem pour la Z11, Z12, Z15 à Z21 à charge SOGEA. Les Z9 et Z23 sont à
charge COEXIA
Contrôle réservations en sous sol du 18/12/13
- Locaux TE / TA :
. vérifier si robinet de puisage dans socle casiers piscine
Contrôle réservations en RDC du 22/01/14
- valider VH local TGBT dans la porte du local
- manque toutes les réservations pour siphons de sol et caniveaux de la zone vestiaires sanitaires plongée (plan
non fourni)
Contrôle réservations en R+1 du 19/02/14
- 2 réservations 300x300 à déplacer en hauteur sur coursive bassin ludique (soufflage canons de lumière)
- vérifier alignement réservations au niveau terrasse technique zone plongée",['17-04-2013'],"[52, 53]","[422, 431]",18,CRI
"Z11, regard en pied de chute à confirmer",['17-04-2013'],"[22, 43, 44, 45, 46, 47, 48, 49, 49, 51, 52, 53, 54, 54, 55, 56]","[154, 323, 332, 341, 350, 359, 368, 377, 388, 406, 422, 431, 440, 440, 449, 458]",10,CRI
accès condamné au hall bassins sportif et activité dès le 24/09/15,['23-09-2015'],[87],[770],18,CRI
"après coulage chape liquide, donner ordre à MQB pour mise en chauffe plancher
chauffant zone concernée",['03-06-2015'],[75],[655],22,CRI
assurer le calfeutrement coupe feu entre la zone vestiaires et la zone sanitaires/douches,['26-03-2014'],[54],[441],26,CRI
"attention avant réaliser chape autour pataugeoire, EAS doit poser platine de l’alligator. 21/05/14 : li-
vraison semaine 23",['14-05-2014'],"[56, 57, 58]","[460, 469, 478]",15,CRI
"bain chaud, bain froid, hall d’entrée + coursive",['07-05-2014'],"[63, 64, 65, 66, 67]","[524, 531, 540, 549, 558]",2,CRI
bande de vigilance autour des bassins en 30x30 TONDI BUDAPEST,['25-06-2014'],"[60, 61, 62, 63, 64, 65, 67]","[496, 505, 513, 521, 529, 537, 556]",13,CRI
bloc porte sauna blanc,['23-09-2015'],[92],[830],4,CRI
bruine LOTUS 10 couleur bleu,['18-06-2014'],"[62, 63, 64, 65, 66, 67, 68, 69, 70, 71, 72, 73, 74, 75, 76, 77, 78, 79, 80, 81, 82, 83, 84, 85, 86, 87, 88, 89, 90, 91, 92, 97, 98]","[516, 524, 531, 540, 549, 558, 567, 576, 592, 603, 619, 630, 646, 657, 667, 676, 685, 694, 703, 713, 723, 733, 743, 753, 763, 773, 783, 793, 803, 819, 830, 838, 847]",1,CRI
"choix teintes 1070 Blanc pour les plages, 7035 Gris clair pour les pédiluves",['04-06-2014'],"[63, 64, 65, 66, 67, 68, 69, 70, 71, 72, 73, 74, 75, 76, 77, 78, 79, 80, 81, 82, 83, 84, 85, 86, 87]","[524, 531, 540, 549, 558, 567, 576, 592, 603, 619, 630, 646, 657, 667, 676, 685, 694, 703, 713, 723, 733, 743, 753, 763, 773]",3,CRI
communiquer plan échafaudage à DIRECCTE avant pose,['22-04-2015'],"[71, 72, 73, 74, 75, 76]","[601, 615, 628, 642, 655, 664]",16,CRI
compléter les protections sur l’ensemble des zones carrelées,['17-06-2015'],[80],[700],17,CRI
compléter protections collectives fosse de plongée (plinthe + hauteur de lisse),['08-04-2015'],[67],[554],10,CRI
confirmer la hauteur de plinthe au droit des socles sous casiers,['17-07-2013'],"[19, 20, 21, 22, 23, 24, 25, 26, 27, 28, 29, 30]","[134, 143, 150, 157, 164, 170, 178, 185, 193, 200, 208, 215]",2,CRI
confirmer la réservation en tête de bassin de plongée (réservation pour goulotte),['19-06-2013'],[15],[103],3,CRI
confirmer le niveau de portance des remblais sous dallage,['18-12-2013'],[55],[451],3,CRI
confirmer réservation pour bain chaud et froid,['11-12-2013'],"[35, 36, 37, 38, 39, 40, 41, 42, 43, 44, 45, 46, 47, 48, 49, 49, 51, 52, 53, 54, 55, 56, 57]","[255, 264, 272, 281, 290, 299, 308, 318, 326, 335, 344, 353, 362, 371, 380, 394, 412, 424, 434, 442, 451, 460, 469]",3,CRI
confirmer à DRD la commande des carrelages,['09-04-2014'],"[49, 49]","[380, 394]",13,CRI
"confirmer à DRD la commande des carrelages
-23/04/14 : Livraison des carrelages troisième semaine de mai 2014. L’entreprise est arrivée sur
site le 23/04/14. Transmettre la déclaration de sous-traitance du monteur d’échafaudage.",['09-04-2014'],[51],[412],15,CRI
"diffuser plan siphon et réseaux plages extérieurs à MONTARON pour le 20/09/13
Contrôle réservations en sous sol du 18/12/13
- Déboucher toutes les réservations
- Locaux TE / TA :
. 2 ventilations de bac tampon fosse de plongée à carotter
. 3 pièces à sceller bac tampon plongée à carotter : plan précis à fournir par EAS
. manque 4 réservations en PH pour COEXIA : plan précis à fournir par COEXIA
. manque 1 réservation COEXIA en voile cour anglaise
. vérifier si robinet de puisage dans socle casiers piscine
. vérifier siphon + évacuation sanitaires entrée et sanitaires douches piscine : confirmer nature des réseaux à pas-
ser par COEXIA
- Galeries techniques :
. voile à proximité local technique ludique à vérifier
. manque 1 réservation SNEF à proximité du local technique ludique
. manque 1 réservation COEXIA en voile infrastructure à côté du bassin d’apprentissage
. manque 3 réservations COEXIA à côté des bacs tampon
. vérifier possibilité de descendre réseau EU plages sous poutres autour du bassin d’activités (AI poutre à – 0.58
sauf une poutre à – 0.63)
. prévoir un gabarit pour vérification réservation grille de soufflage au sol
Contrôle réservations en RDC du 22/01/14
- manque 1∅200 dans local stockage univers petite enfance
- manque 1 réservation 20x40ht au droit douches à jets
- reprendre alignement 3 réservations rectangulaires dans salle fitness
- vérifier 2 réservations dans sanitaires publics
- vérifier 1 réservation dans local entretien vestiaires
- manque 1 réservation 35x35 en dalle haute du TGBT
- valider VH local TGBT dans la porte du local
- réservation à déboucher dans local compresseur
- réservation à déboucher dans local déchetterie
- 2 réservations à déboucher dans local espaces verts
- manque 1 réservation + 1 réservation à reprendre dans local technique plongée
- 2 réservations à déboucher dans local musculation
- manque 3 réservations dans chaufferie
- vérifier alignement des réservations dans gradins
- vérifier alignement des réservations des trappes de lignes de nage
- fournir gabarit pour vérification des réservations pour grille de sol sur plages
- manque toutes les réservations pour siphons de sol et caniveaux de la zone vestiaires sanitaires plongée (plan
non fourni)",['18-09-2013'],"[43, 44, 45]","[323, 332, 341]",47,CRI
"diffuser plan siphon et réseaux plages extérieurs à MONTARON pour le 20/09/13
Contrôle réservations en sous sol du 18/12/13
- Locaux TE / TA :
. 3 pièces à sceller bac tampon plongée à carotter : plan précis à fournir par EAS
. vérifier si robinet de puisage dans socle casiers piscine
- Galeries techniques :
. voile à proximité local technique ludique à vérifier
. manque 1 réservation SNEF à proximité du local technique ludique
. prévoir un gabarit pour vérification réservation grille de soufflage au sol
Contrôle réservations en RDC du 22/01/14
- manque 1∅200 dans local stockage univers petite enfance
- manque 1 réservation 20x40ht au droit douches à jets
- reprendre alignement 3 réservations rectangulaires dans salle fitness
- vérifier 2 réservations dans sanitaires publics
- vérifier 1 réservation dans local entretien vestiaires
- manque 1 réservation 35x35 en dalle haute du TGBT
- valider VH local TGBT dans la porte du local
- réservation à déboucher dans local compresseur
- réservation à déboucher dans local déchetterie
- 2 réservations à déboucher dans local espaces verts
- manque 1 réservation + 1 réservation à reprendre dans local technique plongée
- 2 réservations à déboucher dans local musculation
- manque 3 réservations dans chaufferie
- vérifier alignement des réservations dans gradins
- vérifier alignement des réservations des trappes de lignes de nage
- fournir gabarit pour vérification des réservations pour grille de sol sur plages
- manque toutes les réservations pour siphons de sol et caniveaux de la zone vestiaires sanitaires plongée (plan
non fourni)
Contrôle réservations de serrurerie du 22/01/14
- repères 4 et 6 : piochage si nécessaire lors de la pose
- repères 5 et 18 : reprise
- repère 8, 11 et 20 : vérification avec trait de niveau
- repère 10 : calfeutrement mortier après pose si nécessaire
Contrôle bassins ludique et apprentissage du 22/01/14
- piochage si nécessaire lors de la pose des panneaux verticaux
Contrôle bassin sportif et rivière du 03/02/14
- piochage si nécessaire lors de la pose des panneaux verticaux du bassin sportif.19/03/14 : fait par A&T
- fond de goulotte bassin sportif à rehausser. 19/03/14 : compenser par pièces métalliques par A&T",['18-09-2013'],[46],[350],47,CRI
"diffuser plan siphon et réseaux plages extérieurs à MONTARON pour le 20/09/13
Contrôle réservations en sous sol du 18/12/13
- Locaux TE / TA :
. vérifier si robinet de puisage dans socle casiers piscine
- Galeries techniques :
. prévoir un gabarit pour vérification réservation grille de soufflage au sol
Contrôle réservations en RDC du 22/01/14
- valider VH local TGBT dans la porte du local
- vérifier alignement des réservations dans gradins
- vérifier alignement des réservations des trappes de lignes de nage
- manque toutes les réservations pour siphons de sol et caniveaux de la zone vestiaires sanitaires plongée (plan
non fourni)
Contrôle réservations de serrurerie du 22/01/14
- repères 4 et 6 : piochage si nécessaire lors de la pose
- repères 5 et 18 : reprise
- repère 8, 11 et 20 : vérification avec trait de niveau
- repère 10 : calfeutrement mortier après pose si nécessaire
Contrôle bassins ludique et apprentissage du 22/01/14
- piochage si nécessaire lors de la pose des panneaux verticaux
Contrôle bassin sportif et rivière du 03/02/14
- quais à prolonger du bassin sportif. 26/03/14 : trop large, à recouper
Contrôle réservations en R+1 du 19/02/14
- vérifier alignement réservations sur coursive
- 2 réservations 300x300 à déplacer en hauteur sur coursive bassin ludique (soufflage canons de lumière)
- vérifier alignement réservations au niveau terrasse technique zone plongée
Réception support par CRI du 12/03/14
- effectuer enduit sur maçonnerie recouverte de faïence
- fosse de plongée, reprendre désaffleur entre les deux levées de coulage des bajoyers. Reste à vérifier la dimen-
sion en plan (∅ constant à vérifier sur la hauteur)",['18-09-2013'],[47],[359],39,CRI
"diffuser plan siphon et réseaux plages extérieurs à MONTARON pour le 20/09/13
Contrôle réservations en sous sol du 18/12/13
- Locaux TE / TA :
. vérifier si robinet de puisage dans socle casiers piscine
Contrôle réservations en RDC du 22/01/14
- valider VH local TGBT dans la porte du local
- vérifier alignement des réservations dans gradins
- vérifier alignement des réservations des trappes de lignes de nage
- manque toutes les réservations pour siphons de sol et caniveaux de la zone vestiaires sanitaires plongée (plan
non fourni)
Contrôle réservations de serrurerie du 22/01/14
- repères 4 et 6 : piochage si nécessaire lors de la pose
- repères 5 et 18 : reprise
- repère 8, 11 et 20 : vérification avec trait de niveau
- repère 10 : calfeutrement mortier après pose si nécessaire
Contrôle bassin sportif et rivière du 03/02/14
- quais à prolonger du bassin sportif. 26/03/14 : trop large, à recouper
Contrôle réservations en R+1 du 19/02/14
- vérifier alignement réservations sur coursive
- 2 réservations 300x300 à déplacer en hauteur sur coursive bassin ludique (soufflage canons de lumière)
- vérifier alignement réservations au niveau terrasse technique zone plongée
Réception support par CRI du 12/03/14
- effectuer enduit sur maçonnerie recouverte de faïence
- fosse de plongée, reprendre désaffleur entre les deux levées de coulage des bajoyers. Reste à vérifier la dimen-
sion en plan (∅ constant à vérifier sur la hauteur)",['18-09-2013'],[48],[368],34,CRI
"décollement de chape sur coursive (angle), à reprendre",['04-11-2015'],[98],[845],10,CRI
définir protections collectives après intervention carrelages autour des bassins,['08-04-2015'],[67],[554],16,CRI
dégager réservation dans chape sous escalier accès rivière,['06-05-2015'],[71],[601],17,CRI
dégager réservation dans chape sous escalier accès rivière. Non réalisée le 13/05/15,['06-05-2015'],"[72, 73, 74, 75, 76, 79, 80, 81, 82, 83, 84, 85, 86, 87, 88, 89]","[615, 628, 642, 655, 664, 691, 700, 710, 720, 730, 740, 750, 760, 770, 780, 790]",17,CRI
"démarrer les bacs tampon, mise en eau début novembre",['30-09-2015'],"[88, 89, 90, 92]","[780, 790, 800, 827]",18,CRI
"en façade est du bassin sportif, prolonger socle jusqu’entre les 2 grilles de ventila-
tion (réhaussement grille de ventilation)",['06-05-2015'],[71],[601],21,CRI
faire 2 rangs de faïence en partie haute au droit des WC,['07-10-2015'],"[89, 90, 92]","[790, 800, 827]",21,CRI
faire calfeutrement autour des blocs portes quand vide supérieur à 5mm,['09-09-2015'],[85],[749],4,CRI
"faire détails des différents points singuliers (pédiluve, muret, bains chaud et froid,
…)",['19-06-2013'],[15],[103],4,CRI
faire finition dessus de socle Gébérit pour le 12/10/15,['07-10-2015'],[89],[790],20,CRI
faire finition dessus de socle Gébérit pour le 12/10/15. 14/10/15 : URGENT,['07-10-2015'],"[90, 92]","[800, 827]",17,CRI
faire finition sur tête de mur des douches à la résine époxy,['09-12-2015'],"[98, 99]","[845, 854]",17,CRI
faire implantation des siphons de sol avec DR,['27-03-2013'],"[3, 4]","[21, 27]",1,CRI
"faire nettoyage de la charpente et contrôle des diverses quincailleries et serrage. 12/03/14 : RAPPEL
nettoyage charpente. 26/03/14 : nettoyage refusée. 14/05/14 : nettoyage programmée en même temps
que pose toile tendue",['29-01-2014'],[54],[441],18,CRI
faire plan de calepinage,['10-04-2013'],"[5, 6, 7, 8, 9, 10, 11, 12, 13, 14, 15, 16, 17, 18, 19, 20, 21, 22, 23, 24, 25, 26, 27, 28, 29, 30, 31, 32, 33, 34, 35, 36, 37, 38, 39, 40, 41, 42, 43, 44, 45, 46, 47, 48, 49, 49, 51, 52, 53, 54, 55, 56, 57, 58, 59, 60, 61, 62, 63, 64, 65, 66, 67, 68, 69, 70, 71, 72, 73, 74, 75, 76, 77, 78, 79, 80, 81, 82, 83, 84, 85, 86, 87, 88, 89, 90, 91, 92, 98, 99]","[34, 40, 47, 54, 61, 68, 75, 82, 89, 96, 103, 111, 119, 127, 134, 143, 150, 157, 164, 170, 178, 185, 193, 200, 208, 215, 223, 231, 239, 247, 255, 264, 272, 281, 290, 299, 308, 318, 326, 335, 344, 353, 362, 371, 380, 394, 412, 424, 434, 442, 451, 460, 469, 478, 487, 496, 505, 513, 521, 529, 537, 546, 556, 564, 573, 587, 601, 615, 628, 642, 655, 664, 673, 682, 691, 700, 710, 720, 730, 740, 750, 760, 770, 780, 790, 800, 813, 827, 845, 854]",4,CRI
"faire point sur décaissé de dalle / épaisseur de chape
ASSISTANT MAITRISE D’OUVRAGE",['03-06-2015'],"[75, 76]","[652, 662]",10,CRI
"faire point sur décaissé de dalle / épaisseur de chape. 17/06/15 : + 3cm moyen dans hall
d’entrée et vestiaires public
ASSISTANT MAITRISE D’OUVRAGE",['03-06-2015'],[77],[671],7,CRI
faire proposition de fournisseur de pate de verre selon nuancier remis ce jour,['18-03-2015'],"[64, 65]","[529, 537]",17,CRI
"faire proposition d’habillage sous face d’entrée zone plongée en panneaux type Emalith. Les ébrase-
ments seront en toile tendue",['19-02-2014'],[54],[441],21,CRI
faire sortie toiture au droit douches à jets remise en forme,['30-04-2014'],[54],[441],31,CRI
"faire vérification carrelage sol vestiaires individuels, quelques désaffleurements",['14-10-2015'],[90],[800],23,CRI
"faire vérification carrelage sol vestiaires individuels, quelques désaffleurements. 25/11/15 : idem zone
sanitaires douches individuelles, risque de blessures importantes",['14-10-2015'],"[98, 99]","[845, 854]",7,CRI
faire vérification étanchéité verrière petit canon de lumière,['09-09-2015'],[85],[749],4,CRI
"fermer toutes les portes extérieures et remettre les barrières au droit des accès des sanitaires douches
vestiaires",['07-05-2014'],[54],[441],37,CRI
finaliser les sorties de bâtiments pour VRD,['17-04-2013'],"[22, 43, 44, 45, 46, 47]","[154, 323, 332, 341, 350, 359]",17,CRI
fournir plan des réservations manquantes pour le 24/03/15,['18-03-2015'],"[64, 65, 67]","[529, 537, 556]",17,CRI
goulotte bains chaud et froid ref 6900 de chez PADANA,['06-05-2015'],[71],[601],22,CRI
goulotte bains chaud et froid ref 6900 de chez PADANA. Pièce commandée le 13/05/15,['06-05-2015'],"[72, 73, 74, 75, 76, 79, 80, 81]","[615, 628, 642, 655, 664, 691, 700, 710]",22,CRI
"la maitrise d’œuvre demande expressément que l’entreprise termine local par local toutes les finitions
(plinthes, carrelages manquants, vérification planéité, joints, …). Le bâtiment est « attaqué » de toutes parts mais
aucune zone n’est terminée. Cela ne permet pas d’envisager la finition des autres corps d’état",['25-11-2015'],"[98, 99]","[845, 854]",16,CRI
"le démarrage de la couverture du grand canon commencera, au plus tard, le 12/05/14. (après finalisa-
tion de la pose des murs de soutènements et de la pose de l’assainissement) délai de cette prestation 5 semaines
Les couvertures, hors grand canon seront terminées le 18/04/14",['16-04-2014'],[54],[441],30,CRI
"le trait de niveau a été matérialisé sur le chantier en divers endroits A LA CRAIE BLANCHE, seul repé-
rage valable. AUCUN AUTRE MARQUAGE NE DOIT ETRE EFFECTUE SUR LES BETONS. 19/03/14 : RAPPEL. Le
cas échéant, un enduit global sur béton sera à réaliser aux frais des responsables ou du compte prorata",['29-01-2014'],"[67, 75]","[554, 653]",5,CRI
les pédiluves extérieurs seront étanchés carrelés par CRI (base marché),['16-09-2015'],"[86, 87, 88, 89, 90, 92, 98, 99]","[760, 770, 780, 790, 800, 827, 845, 854]",14,CRI
les véhicules de société doivent être stationnés sur le parking et non aux abords du bâtiment,['01-04-2015'],"[67, 75]","[554, 653]",7,CRI
luminaire coursive HUBI VIII-I dark grey,['18-06-2014'],"[62, 63, 64, 65, 66]","[516, 524, 531, 540, 549]",2,CRI
manque 4 réservations en PH sous-sol pour siphon de sol dans sanitaires/douches indivi-,['26-03-2014'],"[49, 51]","[388, 406]",35,CRI
manque carottage pour évacuations pédiluve remise en forme,['09-09-2015'],[85],[749],1,CRI
"manque le plan de réservation siphons de sol et caniveau R+1. A diffuser pour le 04/12/13. 09/04/14 :
à produire pour le 16/04/14 pour implantation sur site le 16/04/14. 14/05/14 : plan pour le 21/05/14",['27-11-2013'],[54],[442],4,CRI
"membrane du tipi à poser verticalement (soudure verticale), par lé trapézoïdal. Faire plan de calepinage
sur la base d’un développé. 18/09/13 : suite à la visite de ce jour de la piscine de Laon, réaliser un prototype pour
validation de l’équivalent d’une trame. 30/10/13 : prototype prêt à partir du 13/11/13. 13/11/13 : visite le 27/11/13
à 11h00. 04/12/13 : nouvelle date à caler. 18/12/13 : début janvier 2014. 08/01/14 : visite le 15/01/14 à 10h30.
15/01/14 : nouvelle visite le 29/01/14à 10h30. 29/01/14 : à recaler au 05/02/14 à 10h30. 12/02/14 : terminer le
prototype et confirmer une date possible de visite. Faire proposition de bouchon en extrémité des épines du tipi",['19-06-2013'],[54],[441],13,CRI
"mettre points de niveau au R+1 zone plongée pour caler les niveaux finis entre les
diverses portes et l’escalier",['02-09-2015'],[84],[740],18,CRI
"mettre un accès au caniveau technique en galeries techniques
- Prévoir platelage ponctuel amovible en périphérie du bassin d’apprentissage, à déplacer à
l’avancement + remettre barrière HERAS sur plots sur plages après carrelage + mettre échafau-
dage dans bassins sportif et d’activité pour empêcher chute dans le bassin à déplacer à
l’avancement. Mettre PPSPS à jour",['08-04-2015'],[67],[554],15,CRI
mettre à jour PPSPS en intégrant les produits étiquetés dangereux,['29-07-2015'],[82],[720],16,CRI
"mosaïque verte dans douche courbe femme en remplaçant une faïence violette par une rose sur la
tête de mur",['18-11-2015'],"[98, 99]","[845, 854]",13,CRI
ne pas oublier les carrelages marquage de profondeur de bassins,['06-05-2015'],"[71, 72, 73, 74, 75, 76, 79, 80, 81, 82, 83, 84, 85, 86, 87, 88, 89, 90, 92]","[601, 615, 628, 642, 655, 664, 691, 700, 710, 720, 730, 740, 750, 760, 770, 780, 790, 800, 827]",22,CRI
nettoyage sous-sol le 13/04/15,['08-04-2015'],[67],[554],16,CRI
nettoyer les menuiseries cardio et fitness,['14-10-2015'],"[90, 98, 99]","[800, 845, 854]",23,CRI
nettoyer les plénums de ventilation sur plages,['09-12-2015'],"[98, 99]","[845, 854]",17,CRI
"nettoyer projections béton sur murs et menuiseries dans salles cardio et fitness. At-
tention, les voiles béton restent brut",['03-06-2015'],[75],[655],20,CRI
nettoyer zone remise en forme,['08-07-2015'],[80],[700],17,CRI
"nécessité de créer 2 appuis : ajout de 2 poutres, à dimensionner en béton et en acier, à proposer à",['06-03-2013'],"[5, 6, 7, 8, 9, 10, 11, 12, 13, 14, 15, 16, 17, 18, 19, 20, 21]","[32, 38, 45, 52, 59, 66, 73, 80, 87, 94, 101, 109, 117, 125, 132, 140, 147]",6,CRI
"plan GO PH sous sol diffusé vers le 15/05/13
Charpente métallique",['24-04-2013'],"[7, 8, 9, 10]","[45, 52, 59, 66]",9,CRI
plan GO fondation basse diffusé le 26/04/13,['24-04-2013'],[7],[45],7,CRI
"plan complet de réservations pour le 24/05/13, avec priorité sur les zones remise en forme et ves-
tiaires. 22/05/13 : à fournir pour le 24/05/13",['30-04-2013'],"[11, 12, 13, 14]","[75, 82, 89, 96]",5,CRI
plan complet des siphons et caniveaux pour le 17/05/13,['30-04-2013'],"[8, 9]","[54, 61]",4,CRI
"plan complet des siphons et caniveaux pour le 17/05/13. 15/05/13 : fait mais à compléter avec
indication des % de pentes et les points hauts",['30-04-2013'],[10],[68],4,CRI
"plan complet des siphons et caniveaux pour le 17/05/13. 15/05/13 : fait mais à compléter avec indica-
tion des % de pentes et les points hauts. 22/05/13 : à fournir pour le 24/05/13",['30-04-2013'],"[11, 12, 13, 14]","[75, 82, 89, 96]",4,CRI
"plans architectes en cours de mise à jour pour mise en conformité avec accessibili-
té
Carrelages",['11-09-2013'],[22],[154],6,CRI
poser les costières pour permettre à MQB de réaliser les sorties toiture,['07-05-2014'],[54],[441],38,CRI
"pour le 01/04/15, tracer la forme arrondie autour de la pataugeoire pour validation",['23-05-2015'],[65],[537],21,CRI
"problème de décalage entre les châssis vestiaires et l’isolation (largeur de tapée ?). 02/04/14 : faire un
essai de reprise de finition. 09/04/14 : essai validé, à réaliser en blanc RAL9010",['26-03-2014'],[54],[441],25,CRI
problème de plats débordants des épines verticales dans l’emprise du canon de lumière de la rivière,['02-04-2014'],[54],[441],27,CRI
"problème d’infiltration d’eau dans le bâtiment : calfeutrement, raccordement des DEP, …. La réalisa-
tion du plancher chauffant ne peut pas être effectuée",['07-05-2014'],[54],[441],35,CRI
profil d’angle de carrelages blanc pour carrelage blanc et gris pour carrelage bleu,['30-04-2014'],"[63, 64, 65, 66, 67, 68, 69, 70, 71, 72, 73, 74, 75, 76, 77, 78, 79, 80, 81, 82, 83, 85, 86, 87]","[524, 531, 540, 549, 558, 567, 576, 592, 603, 619, 630, 646, 657, 667, 676, 685, 694, 703, 713, 723, 733, 753, 763, 773]",1,CRI
prolonger socle WC remise en forme,['07-10-2015'],[89],[790],21,CRI
prolonger socle WC remise en forme. 14/10/15 : URGENT,['07-10-2015'],"[90, 92]","[800, 827]",19,CRI
proposition d’implantation des siphons et caniveaux pour le 06/05/13,['30-04-2013'],"[8, 9]","[54, 61]",3,CRI
protéger les menuiseries alu posées,['12-02-2013'],[54],[441],19,CRI
"préparer plots béton pour support enrochement extérieur (40 unités de 40x40x20). 14/05/14 : vu
ce jour pour fourniture de parpaings pleins",['30-04-2014'],[54],[441],33,CRI
prévoir 2 siphons de sol dans la partie décaissée en haut des gradins côté rivière,['12-02-2014'],"[41, 42, 45, 46, 47, 48, 49, 49, 51, 58, 59, 60, 61, 62, 63, 64, 65, 67, 68, 69, 70, 71, 72, 73, 74, 75, 76, 77, 78, 79, 80, 81, 82, 83, 84, 85, 86, 87, 88, 89, 90, 92]","[308, 318, 344, 353, 362, 371, 380, 394, 412, 478, 487, 496, 505, 513, 521, 529, 537, 556, 564, 573, 587, 601, 615, 628, 642, 655, 664, 673, 682, 691, 700, 710, 720, 730, 740, 750, 760, 770, 780, 790, 800, 827]",11,CRI
"prévoir 2 siphons de sol dans la partie décaissée en haut des gradins côté rivière
Organiser avec MQB les reprises de réservations aux sols du R+1",['12-02-2014'],"[52, 53, 56, 57]","[424, 434, 460, 469]",13,CRI
"prévoir fermeture entre zone bassins et zone fosse de plongée en double épaisseur de polyane.
07/10/15 : à mettre en place pour le 12/10/15 au plus tard",['23-09-2015'],[89],[790],18,CRI
"prévoir fermeture entre zone bassins et zone fosse de plongée en double épaisseur de polyane.
07/10/15 : à mettre en place pour le 12/10/15 au plus tard. 14/10/15 : non fait, URGENT",['23-09-2015'],[90],[800],15,CRI
prévoir finition des surbots sanitaires béton après pose des plinthes périphériques,['22-01-2014'],"[39, 40, 41, 42, 45, 46, 47, 48, 49, 49, 51, 52, 53, 56, 57, 58, 59, 60, 61, 62, 63, 64, 65, 67, 68, 69, 70, 71, 72, 73, 74, 75, 76, 77, 78, 79, 80, 81, 82, 83, 84, 85, 86, 87, 88, 89]","[290, 299, 308, 318, 344, 353, 362, 371, 380, 394, 412, 424, 434, 460, 469, 478, 487, 496, 505, 513, 521, 529, 537, 556, 564, 573, 587, 601, 615, 628, 642, 655, 664, 673, 682, 691, 700, 710, 720, 730, 740, 750, 760, 770, 780, 790]",10,CRI
"prévoir isolant avec tôle alu au droit portes et châssis vestiaires personnel femmes, circulation person-
nel et déchaussage groupe",['09-10-2013'],[54],[441],15,CRI
prévoir le scellement des hublots dans la fosse de plongée pour LMP,['07-05-2014'],"[53, 56, 57, 58, 59, 60, 61, 62, 63, 64, 65, 67, 68, 71, 72, 73, 74, 75, 76, 77, 78, 79, 80, 81, 82, 83, 84, 85, 86, 87, 88, 89, 90, 92]","[434, 460, 469, 478, 487, 496, 505, 513, 521, 529, 537, 556, 564, 601, 615, 628, 642, 655, 664, 673, 682, 691, 700, 710, 720, 730, 740, 750, 760, 770, 780, 790, 800, 827]",14,CRI
"prévoir platelage ponctuel amovible en périphérie du bassin d’apprentissage, à déplacer à
l’avancement + remettre barrière HERAS sur plots sur plages après carrelage + mettre échafaudage dans bassins
sportif et d’activité pour empêcher chute dans le bassin à déplacer à l’avancement. Mettre PPSPS à jour",['08-04-2015'],[75],[653],10,CRI
prévoir réseaux EU/EP avant réalisation rampe accès,['17-04-2013'],"[22, 43, 44, 45, 46, 47, 48, 49, 49, 51, 52, 53, 54, 54, 55, 56]","[154, 323, 332, 341, 350, 359, 368, 377, 388, 406, 422, 431, 440, 440, 449, 458]",11,CRI
prévoir résilient entre chape et bassin,['22-01-2014'],"[39, 40, 41, 42, 44, 45, 46, 47, 48, 49, 49, 51, 52, 53, 55, 56, 57, 58, 59, 60, 61, 62, 63, 64, 65, 67, 68]","[290, 299, 308, 318, 335, 344, 353, 362, 371, 380, 394, 412, 424, 434, 451, 460, 469, 478, 487, 496, 505, 513, 521, 529, 537, 556, 564]",8,CRI
prévoir un chéneau avec DEP pour évacuation de la verrière de la fosse de plongée,['24-04-2013'],[54],[441],3,CRI
"pédiluve sortie groupe, dalle à tronçonner de 5cm + manque les 2 murets",['07-05-2014'],[54],[441],38,CRI
rattraper muret jardinière pataugeoire sur accès remise en forme,['10-11-2015'],"[98, 99]","[845, 854]",11,CRI
recaler planning avec objectif carrelage,['28-10-2015'],"[97, 98]","[839, 848]",2,CRI
recouper chape au droit des coffrets de nourrices de plancher chauffant,['10-06-2015'],"[79, 80]","[691, 700]",17,CRI
refaire cimentage maçonnerie intérieure hammam,['09-09-2015'],[85],[749],2,CRI
relecture plans carrelages le 30/04/13 à 14h,['10-04-2013'],"[5, 6, 7]","[34, 40, 47]",4,CRI
remettre protection au droit du bassin sportif,['21-05-2014'],[56],[460],15,CRI
"remplacer les platines d’étanchéité ne débordant pas de la sous face de dalle (pédi-
luve côté bassin sportif notamment)",['16-12-2015'],[99],[854],18,CRI
"reprendre alignement carrelage sur contre marche gradins pour alignement grille de
ventilation",['06-05-2015'],[71],[601],19,CRI
reprendre alignement du bandeau sur façade ouest (décalage à la jonction de 2 éléments),['19-03-2014'],[54],[441],23,CRI
retard pris sur les gradins et les chapes du hall bassins ludiques,['25-03-2015'],"[65, 67, 71, 72]","[537, 556, 601, 615]",21,CRI
retour faïence sanitaires douches collectifs en blanc,['30-09-2015'],[88],[780],18,CRI
"réservation au droit coursive au-dessus local MNS à scier pour hauteur fini de 500mm en alignant les
deux réservations
Réception support par CRI du 12/03/14
- fosse de plongée, reprendre désaffleur entre les deux levées de coulage des bajoyers. Reste à vérifier la dimen-
sion en plan (∅ constant à vérifier sur la hauteur)
ASSISTANT MAITRISE D’OUVRAGE",['09-04-2014'],"[52, 53, 54, 54, 55]","[422, 431, 440, 440, 449]",23,CRI
"réservation au droit des pédiluve 160mm
Descentes EP",['19-06-2013'],[22],[154],9,CRI
réservation de dalle plages 120mm et reste du bâtiment 70mm,['10-04-2013'],[22],[154],7,CRI
réunion de mise au point le 15/01/14 à 9h00,['08-01-2014'],"[37, 38]","[272, 281]",4,CRI
réunion le 26/02/14 à 9h00 pour réception supports avec SOGEA,['22-01-2014'],"[39, 40, 41, 42]","[290, 299, 308, 318]",5,CRI
sceller au mortier de résine les évacuations de pédiluve,['20-05-2015'],"[73, 74, 75, 76, 79, 80, 81, 82, 83, 84, 85, 86, 87, 88, 89]","[628, 642, 655, 664, 691, 700, 710, 720, 730, 740, 750, 760, 770, 780, 790]",19,CRI
"silo à chape en façade sud, à ne laisser que le temps de réalisation des chapes",['12-03-2014'],"[45, 47, 48, 49, 49, 51]","[344, 362, 371, 380, 394, 412]",12,CRI
"suite réunion CISSCT, compléter coffrets électriques + éclairage circulation selon
principe défini avec MQB et SNEF",['08-04-2015'],[67],[554],9,CRI
"suite réunion CISSCT, rappel du port obligatoire des EPI par toute personne sur le chantier",['03-07-2013'],"[67, 75]","[554, 653]",2,CRI
"sur les quais béton, sabler la tôle pour l’accrochage de l’étanchéité",['22-01-2014'],"[39, 40, 41, 42, 45, 46, 47, 48, 49, 49, 51, 52, 53, 56, 57, 58, 59, 60, 61, 62, 63, 64, 65, 67, 68, 69, 70, 71, 72, 73, 74, 75, 76, 77, 78, 79, 80, 81, 82, 83, 84, 85, 86, 87, 88, 89, 90, 91, 92]","[290, 299, 308, 318, 344, 353, 362, 371, 380, 394, 412, 424, 434, 460, 469, 478, 487, 496, 505, 513, 521, 529, 537, 556, 564, 573, 587, 601, 615, 628, 642, 655, 664, 673, 682, 691, 700, 710, 720, 730, 740, 750, 760, 770, 780, 790, 800, 813, 827]",9,CRI
"sur les quais inox, collage du carrelage à la colle époxy",['22-01-2014'],"[39, 40, 41, 42, 45, 46, 47, 48, 49, 49, 51, 52, 53, 56, 57, 58, 59, 60, 61, 62, 63, 64, 65, 67, 68, 69, 70, 71, 72, 73, 74, 75, 76, 77, 78, 79, 80, 81, 82, 83, 84, 85, 86, 87, 88, 89, 90, 91, 92]","[290, 299, 308, 318, 344, 353, 362, 371, 380, 394, 412, 424, 434, 460, 469, 478, 487, 496, 505, 513, 521, 529, 537, 556, 564, 573, 587, 601, 615, 628, 642, 655, 664, 673, 682, 691, 700, 710, 720, 730, 740, 750, 760, 770, 780, 790, 800, 813, 827]",10,CRI
"sur portes accès groupe + personnel, prévoir gâche électrique 12V continu émission ou rupture",['19-03-2014'],[54],[441],22,CRI
"synthèse RDC, R+1 et toiture le 10/09/13. Diffusion plan de réservations pour le 13/09/13
Charpente LC / Faux plafonds
- 24/04/13  prévoir une structure à souder en pied de charpente métallique des verrières
ASSISTANT MAITRISE D’OUVRAGE",['05-09-2013'],[22],[154],20,CRI
"teinte jaune sur façade : RAL1003
AVANCEMENT – PLANIFICATION
Intempéries :
35 jours
Voir détail sur CR 76.
Effectif :",['24-06-2015'],"[78, 79, 80, 81, 82]","[685, 694, 703, 713, 723]",15,CRI
terminer et évacuer le hall bassins pour le 04/01/16,['16-12-2015'],[99],[854],17,CRI
tracer axes des caniveaux et fond de chaque pédiluve,['30-04-2014'],"[52, 53]","[424, 434]",13,CRI
transmettre a DIRECCTE le schéma pour la protection de la fosse de plongée,['29-07-2015'],[82],[720],15,CRI
transmettre dossier complet EXE à DEKRA,['11-12-2013'],[55],[451],3,CRI
"une réservation à décaler, implanter dans la charpente métallique
Réception support par CRI du 12/03/14
- fosse de plongée, reprendre désaffleur entre les deux levées de coulage des bajoyers. Reste à vérifier la dimen-
sion en plan (∅ constant à vérifier sur la hauteur)
ASSISTANT MAITRISE D’OUVRAGE",['25-06-2014'],[60],[494],12,CRI
"une réservation à décaler, implanter dans la charpente métallique
Réception support par CRI du 12/03/14
- fosse de plongée, reprendre désaffleur entre les deux levées de coulage des bajoyers. Reste à vérifier la dimen-
sion en plan (∅ constant à vérifier sur la hauteur)
Synthèse Toile tendue / Surveillance des baignades / Electricité du 18/02/15
- réservation pour caméras Poséidon 65x55cm, découpée in situ
- caméras en milieu de bassin à régler juste après pose de la toile
ASSISTANT MAITRISE D’OUVRAGE",['25-06-2014'],"[63, 64, 65, 66, 67]","[519, 527, 535, 544, 553]",15,CRI
"une évacuation de canalina dans vestiaires individuels à reprendre (cassé en sous face de dalle, rac-
cordement impossible par le plombier). 25/11/15 : platine cassée, dépose du carrelages avec reprise étanchéité",['28-10-2015'],"[98, 99]","[845, 854]",9,CRI
"validation siphon de sol PVC 20x20 pour solarium, couleur sable",['22-01-2014'],"[64, 66, 67, 68, 69, 70, 71, 72, 73, 74, 75, 76, 77, 78, 79, 80, 81, 82]","[531, 549, 558, 567, 576, 592, 603, 619, 630, 646, 657, 667, 676, 685, 694, 703, 713, 723]",3,CRI
"valider les plans de dalles alvéolaires avec les modifications apportées aux réservations pour évacua-
tion de caniveau et siphons de sol. 02/10/13 : dalles alvéolaires livrées et posées sans retour de l’entreprise, CRI
devra s’adapter. 23/10/13 : accord ce l’entreprise ce jour",['05-09-2013'],[28],[200],5,CRI
"voile dans local TA maintenu dito plans marché
Charpente métallique",['10-04-2013'],"[5, 6, 16, 17, 18, 19, 20, 21]","[32, 38, 109, 117, 125, 132, 140, 147]",6,CRI
"voile dans local TA maintenu dito plans marché
Gros Œuvre",['10-04-2013'],"[7, 8, 9, 10]","[45, 52, 59, 66]",6,CRI
"voile dans local TA maintenu dito plans marché
Gros Œuvre
Charpente métallique",['10-04-2013'],"[11, 12, 13, 14, 15]","[73, 80, 87, 94, 101]",6,CRI
"voir problème différence arase supérieure de faïence dans douches femmes indivi-
duelles courbe",['14-10-2015'],[90],[800],21,CRI
"vu ce jour avec CSPS, pas de prescription particulière entre ancrage et ligne de vie. Si ligne de vie re-
tenue, prévoir 1 ancrage au droit de chaque accès. Dans tous les cas, support potelet prévu au marché à poser.
Accès depuis porte en façade mezzanine local CTA remise en forme et depuis lanterneau désenfumage escalier
hélicoïdal file 15",['29-05-2013'],[54],[441],7,CRI
vérifier l’implantation des évacuations de caniveaux et siphons pour le 26/03/14,['12-03-2014'],[45],[344],12,CRI
"vérifier l’implantation des évacuations de caniveaux et siphons pour le 26/03/14. 26/03/14 : vérifier
réservations zone plages pour le 02/04/14",['12-03-2014'],[47],[362],13,CRI
"à ce jour SOGEA a pris en compte toutes les demandes de réservations oubliées ou complémen-
taires. Plus aucune ne sera prise en compte. Une campagne de carottages est programmée. DRD et SOGEA fe-
ront une synthèse entre les réservations oubliées ou mal positionnées et les demandes complémentaires. A
compter de ce jour, toute demande sera à charge de l’entreprise requérante
Réception support par CRI du 12/03/14
- fosse de plongée, reprendre désaffleur entre les deux levées de coulage des bajoyers. Reste à vérifier la dimen-
sion en plan (∅ constant à vérifier sur la hauteur)",['22-04-2015'],[75],[652],9,CRI
"à partir du 19/05/14, responsables fermeture bâtiment sont EAS pour le sous-sol et CRI pour le RDC",['14-05-2014'],[67],[554],6,CRI
"à partir du 20/04/15 sont responsable de l’ouverture et de la fermeture du bâtiment : accès zone spor-
tif MODULE, accès zone ludique CRI, sas d’entrée principale SNEF et MQB, chaufferie et accès personnel MQB",['15-04-2015'],[75],[653],11,CRI
éclairage validé MODULLUM couleur AKZO gris 900 sablé,['18-06-2014'],"[63, 64, 65, 66, 67, 68, 69, 70, 71, 72, 73, 74, 75, 76, 77, 78, 79, 80, 81, 82]","[524, 531, 540, 549, 558, 567, 576, 592, 603, 619, 630, 646, 657, 667, 676, 685, 694, 703, 713, 723]",4,CRI
"attention au repère (fil) posé entre les canons de lumière : mauvaise implantation au
droit du canon de lumière de la rivière",['21-05-2014'],"[55, 63]","[452, 521]",16,MODULE
"au droit verrière vestiaires collectifs, adapter l’inclinaison de l’habillage du puits de
lumière aux gaines de ventilation",['25-03-2015'],"[65, 66, 67, 68, 69, 70, 71, 72, 73, 74, 75, 76]","[538, 547, 556, 565, 574, 588, 601, 615, 628, 642, 655, 665]",9,MODULE
"confirmer les cotes X et Y d’écartement nécessaire de l’habillage bois par rapport
au fer HEA de structure des canons de lumière pour permettre la pose de la toile tendue",['21-05-2014'],"[55, 58]","[452, 478]",13,MODULE
"dans panneaux acoustiques en lames de bois, au droit des grilles de ventilation,
poser une lames sur deux sans isolation acoustique ni feutre noir, avec cadre en bois",['26-03-2014'],"[47, 48, 49, 52, 53, 54]","[361, 370, 379, 424, 433, 442]",5,MODULE
"dans zone remise en forme, ne pas réaliser la remontée de 2,80 à 3,50, aligner les
faux plafonds à 2,80 (dessus châssis trapézoïdaux) sauf dans salle prestataire (1
ère depuis le hall
d’entrée), mettre une dalle inclinée contre façade puis se caler sous la dalle BA du PH",['22-04-2015'],"[69, 70, 71, 72, 73, 74, 75, 76, 77, 78, 79, 80, 81, 82, 83, 84, 85, 86, 87]","[574, 588, 601, 615, 628, 642, 655, 665, 674, 683, 692, 701, 711, 721, 731, 740, 750, 761, 771]",13,MODULE
"deuxième réunion de synthèse avec menuiserie bois (habillage CTBX) le 12/03/14 à
10h30. Pour cette date, fournir plan des structures, dimensionnement et détails",['12-02-2014'],"[41, 42, 43, 44]","[309, 318, 327, 336]",12,MODULE
"en façade mur rideau, ossature toile tendue à fixer en arase inférieure de la poutre
LC, au nu intérieur",['04-12-2013'],"[34, 35, 36, 37, 38, 39, 40, 41, 42, 43, 44, 45, 46, 47, 48, 49, 49, 51, 52, 53, 54, 55, 57, 58, 59, 60, 61, 62, 63]","[247, 255, 264, 272, 281, 290, 299, 309, 318, 327, 336, 345, 354, 362, 371, 380, 394, 412, 425, 434, 443, 452, 469, 478, 487, 496, 505, 513, 521]",6,MODULE
"faire encoffrement coupe feu autour des canalisations derrière les douches à jet
(devis à diffuser)",['17-06-2015'],"[77, 78, 79]","[674, 683, 692]",18,MODULE
"faux plafonds vestiaires publics, prévoir un profil F en jonction avec la retombée placo.
25/03/15 : échantillon validé",['18-06-2014'],"[65, 66, 67, 68, 69, 70, 71, 72, 73, 74, 75, 76, 77, 78, 79, 80]","[538, 547, 556, 565, 574, 588, 601, 615, 628, 642, 655, 665, 674, 683, 692, 701]",6,MODULE
"façades est et sud ludique, ossature de poteau à poteau pour pose toile. Pose dito
plan architecte",['08-01-2014'],"[37, 38, 39, 40, 41, 42, 43, 44, 45, 46, 47, 48, 49, 49, 51, 52, 53, 54, 55, 58, 59, 60, 63]","[272, 281, 290, 299, 309, 318, 327, 336, 345, 354, 362, 371, 380, 394, 412, 425, 434, 443, 452, 478, 487, 496, 521]",12,MODULE
"fournir plans EXE (détails, calepinage, nuancier, …) pour le 30/09/13. 09/10/13 : RAPPEL, vu par
téléphone pour le 16/10/13 au plus tard",['11-09-2013'],"[26, 27]","[186, 193]",2,MODULE
"fournir plans EXE (détails, calepinage, nuancier, …) pour le 30/09/13. 09/10/13 : RAPPEL, vu par télé-
phone pour le 16/10/13 au plus tard. 23/10/13 : exemplaire papier à transmettre pour le 28/10/13 au plus tard.
30/10/13 : dossier reçu incomplet et partiellement inexploitable. 06/11/13 : reçu ce jour, à transmettre au
bureau de contrôle",['11-09-2013'],"[30, 31, 32, 33]","[215, 223, 231, 240]",5,MODULE
"la toile sera fixé directement sur le HEA de la structure métallique des canons de
lumière et une finition « scratchée » à prévoir avec retour sur l’habillage bois des canons",['06-11-2013'],"[30, 31, 32, 33, 34, 35, 36, 37, 38, 39, 40, 41, 42, 43, 44, 45, 46, 47, 48, 49, 49, 51, 52, 53, 54, 55, 56, 57, 58, 59, 60, 61, 62, 63]","[215, 223, 231, 240, 247, 255, 264, 272, 281, 290, 299, 309, 318, 327, 336, 345, 354, 362, 371, 380, 394, 412, 425, 434, 443, 452, 460, 469, 478, 487, 496, 505, 513, 521]",7,MODULE
"manque deux réservations dans voile file 10 (sans recherche de responsabilité) de
2000x1000mm + ∅250mm. Utilisation de deux réservations 1000x1000mm de part et d’autre
dudit voile pour dédoubler la gaine initiale. Un carottage est à prévoir pour le ∅250mm man-
quant
ASSISTANT MAITRISE D’OUVRAGE",['16-10-2013'],"[27, 28, 29]","[191, 198, 206]",23,MODULE
"plans de charpente diffusé, faire étude d’exécution pour synthèse avec lot char-
pente le 17/07/13",['13-06-2013'],"[14, 15, 16, 17, 18]","[96, 103, 111, 119, 127]",2,MODULE
présence en réunion le 10/04/13 pour synthèse avec GO,"['03-04-2013', '10-04-2013']","[4, 5, 6]","[28, 34, 40]",1,MODULE
"prévoir arrêt d’ossature toile tendue au droit des fixations de supportage des pro-
jecteurs d’éclairage",['15-04-2015'],"[68, 69, 70, 71, 72]","[565, 574, 588, 601, 615]",11,MODULE
"prévoir découpe de toile pour caméra de prévention des noyades au droit du bassin
sportif. Eléments à fournir par POSEIDON",['06-11-2013'],"[30, 31, 32, 33, 34, 35, 36, 37, 38, 39, 40, 41, 42, 43, 44, 45, 46, 47, 48, 49, 49, 51, 52, 53, 54, 55, 57, 58, 59, 60, 61, 62, 63, 64, 65, 66, 67, 68, 69, 70, 71, 72, 73, 74]","[215, 223, 231, 240, 247, 255, 264, 272, 281, 290, 299, 309, 318, 327, 336, 345, 354, 362, 371, 380, 394, 412, 425, 434, 443, 452, 469, 478, 487, 496, 505, 513, 521, 529, 538, 547, 556, 565, 574, 588, 601, 615, 628, 642]",8,MODULE
"prévoir découpes dans toile tendue pour supports d’éclairage de part et d’autre des
puits de lumière",['24-06-2015'],"[78, 79, 80, 81, 82]","[683, 692, 701, 711, 721]",20,MODULE
"puits de lumière vestiaires collectifs (au droit des lanterneaux) à réaliser avec 4
faces identiques en prenant le point le plus contraignant pour définir l’inclinaison. Les 2 puits se-
ront identiques",['03-06-2015'],"[75, 76, 77, 78]","[655, 665, 674, 683]",18,MODULE
"suite à la réunion organisée par la Maîtrise d’Ouvrage le 03/11/15, un avenant de prolongation de délai
sera notifié aux entreprises avec pour date limite de livraison au 28/02/15.
Avancement :
Gros Oeuvre
- finition en cours
- couverture étanchéité : reste terrasse technique, membrane + contre bardage terrasse technique. En cours
- pose mur rideau reste finitions
- pose réseau désenfumage reste finitions
- reprise finitions gros œuvre fosse de plongée en cours
Menuiseries intérieures
- cloisonnement doublage remise en forme sur une 1
ère hauteur fait, reste une plaque sur 2
ème hauteur + enduit à ter-
miner RETARD
- ossature bardage acoustique en cours
Serrurerie
Ascenseurs
- pose ascenseur fosse plongée terminé ???
Carrelages
- carrelages hall bassins, reste finitions en cours
- gradins en cours
- carrelages remise en forme en cours
- étanchéité vestiaires (individuel et personnel) en cours
- carrelages vestiaires individuels en cours
- faïence en cours
- fosse de plongée en cours
Faux plafonds
- ossature toutes zones en cours
Peinture
- peinture toutes zones en attente avancement TCE
Traitement d’Air – Chauffage – Traitement d’Eau – Plomberie
- pose bouches de soufflage en cours
- plomberie en cours
- électricité en cours
Electricité
- câblage en cours
- toute électricité zone bassins sportif et activité fait, reste pose appareillage
- poste transfo posé, reste raccordement intérieur
VRD
- borduration parking en cours
- apport de terre en cours
Planification :
Gros Oeuvre
- reprise finition couverture à partir du 19/03/15. RETARD. Intervention à partir du 16/11/15. RETARD. Couvertines
fosse de plongée pour le 27/11/15
- terrasse technique pour le 11/12/15
- reprise solde pose membrane sur tipi à partir du 07/04/15. RETARD. Intervention à partir du 16/11/15. RETARD.
Pour le 27/11/15
Bassins inox
- en attente avancement carrelage
Menuiseries intérieures
- approvisionnement habillage stratifiés perforés du 08/06/15 au 31/07/15
- pose habillage stratifiés perforés à partir du 24/08/15
- pose panneaux acoustiques en lames bois à partir du 05/10/15
- mise en fabrication banque d’accueil. Pose à partir du 15/02/16
- pose signalétique à partir du 15/01/16
- pose porte semaine 1",['04-11-2015'],"[97, 98]","[839, 848]",60,MODULE
"synthèse RDC, R+1 et toiture le 10/09/13. Diffusion plan de réservations pour le 13/09/13. 18/09/13 :
plan présenté validé à compléter avec réservation pour bain chaud pour le 20/09/13. 25/09/13 : diffuser plan
de synthèse réservations RDC et R+1 y compris gradins sans délai",['05-09-2013'],"[24, 25, 26]","[168, 176, 183]",16,MODULE
"synthèse avec menuiserie bois (habillage CTBX) au droit grand canon le 29/01/14 à 10h30.
15/01/14 : décalée au 05/02/14 à 10h30",['08-01-2014'],"[38, 39, 40]","[281, 290, 299]",11,MODULE
"toile 18, prévoir une jupe d’habillage en remontée le long de la poutre du mur ri-
deau",['08-01-2014'],"[37, 38, 39, 40, 41, 42, 43, 44, 45, 46, 47, 48, 49, 49, 51, 52, 53, 54, 55, 58, 59, 60, 61, 62, 63]","[272, 281, 290, 299, 309, 318, 327, 336, 345, 354, 362, 371, 380, 394, 412, 425, 434, 443, 452, 478, 487, 496, 505, 513, 521]",10,MODULE
"toile tendue au-dessus pataugeoire à caler en arase inférieur poutre LC formant
bandeau de façade R+1",['08-04-2015'],"[67, 68, 69, 70, 71, 72, 73, 74, 75, 76, 77, 78, 79, 80, 81, 82, 83, 84, 85, 86, 87, 88, 89, 90, 91]","[556, 565, 574, 588, 601, 615, 628, 642, 655, 665, 674, 683, 692, 701, 711, 721, 731, 740, 750, 761, 771, 780, 791, 801, 815]",10,MODULE
"toiles 1 et 19, à poser à l’horizontal au niveau AI poutre mur rideau et prévoir habil-
lage en remontée le long de la poutre du mur rideau",['08-01-2014'],"[37, 38, 39, 40, 41, 42, 43, 44, 45, 46, 47, 48, 49, 49, 51, 52, 53, 54, 55, 58, 59, 60, 61, 62, 63]","[272, 281, 290, 299, 309, 318, 327, 336, 345, 354, 362, 371, 380, 394, 412, 425, 434, 443, 452, 478, 487, 496, 505, 513, 521]",8,MODULE
"une réservation à décaler, implanter dans la charpente métallique
Réception support par CRI du 12/03/14
- fosse de plongée, reprendre désaffleur entre les deux levées de coulage des bajoyers. Reste à vérifier la dimen-
sion en plan (∅ constant à vérifier sur la hauteur)
Synthèse Toile tendue / Surveillance des baignades / Electricité du 18/02/15
- réservation pour caméras Poséidon 65x55cm, découpée in situ
- sur plan de calepinage toile tendue, faire implantation des caméras et des réservations pour le
27/02/15
- caméras en milieu de bassin à régler juste après pose de la toile
ASSISTANT MAITRISE D’OUVRAGE",['25-06-2014'],"[61, 62]","[503, 511]",17,MODULE
"à ce jour SOGEA a pris en compte toutes les demandes de réservations oubliées ou
complémentaires. Plus aucune ne sera prise en compte. Une campagne de carottages est pro-
grammée. DRD et SOGEA feront une synthèse entre les réservations oubliées ou mal position-
nées et les demandes complémentaires. A compter de ce jour, toute demande sera à charge de
l’entreprise requérante
Réception support par CRI du 12/03/14
- fosse de plongée, reprendre désaffleur entre les deux levées de coulage des bajoyers. Reste à vérifier la dimen-
sion en plan (∅ constant à vérifier sur la hauteur)
Synthèse Toile tendue / Surveillance des baignades / Electricité du 18/02/15
- réservation pour caméras Poséidon 65x55cm, découpée in situ
- caméras en milieu de bassin à régler juste après pose de la toile
ASSISTANT MAITRISE D’OUVRAGE",['22-04-2015'],"[69, 71, 73]","[571, 598, 625]",13,MODULE
"étudier techniquement et financièrement principe de jouée et plafond en toile tendue au droit du palier
R+1 du hall d’entrée pour échapper gaines de ventilation. 01/07/15 : à finaliser le 08/07/15. Plafonds gypton hall
d’entrée en suivant le mur rideau en façade au nu du béton, voir pour toile en forme de vague depuis le plafond
gypton jusque sous gaines au droit du palier R+1. 08/07/15 : principe de triangles retenu dont un avec le
logo de la CAMVS",['24-06-2015'],"[80, 81, 82, 83, 86, 87, 89, 90, 92]","[701, 711, 721, 731, 761, 771, 791, 801, 828]",20,MODULE
URGENT TERMINER CLOISON ET DOUBLAGE DANS REMISE EN FORME,['30-04-2014'],"[52, 53, 54]","[424, 433, 442]",8,MODULE
"Z1 à Z8 par SOGEA. Idem pour la Z11, Z12, Z15 à Z21 à charge SOGEA. Les Z9 et Z23 sont à
charge COEXIA
Synthèse",['17-04-2013'],"[22, 23, 24, 25, 26, 27, 28, 29]","[154, 161, 168, 176, 183, 191, 198, 206]",16,MODULE
"Z11, regard en pied de chute à confirmer",['17-04-2013'],"[22, 23, 24, 25, 26, 27, 28, 29]","[154, 161, 168, 176, 183, 191, 198, 206]",10,MODULE
"Z13 et 14, pénétration dans bâtiment en point haut + attente au sol par SOGEA, descente intérieure
entre les 2 attentes par COEXIA. Il en va de même pour la Z10+Z24",['17-04-2013'],"[22, 23, 24, 25, 26, 27, 28, 29]","[154, 161, 168, 176, 183, 191, 198, 206]",13,MODULE
baisser le niveau plafond zone personnel de 5cm,['10-06-2015'],"[76, 77, 78, 79, 80, 81, 82, 83, 85, 86, 87, 88]","[665, 674, 683, 692, 701, 711, 721, 731, 750, 761, 771, 780]",18,MODULE
chiffrer l’habillage des canons de lumière en toile tendue,['11-03-2015'],"[63, 65, 66, 67]","[521, 538, 547, 556]",14,MODULE
"compte tenu de la cloison amovible, plafond à caler à +3,00",['20-05-2015'],"[73, 74, 75, 76, 77, 78, 79, 80, 81, 82, 83, 84, 85, 86]","[628, 642, 655, 665, 674, 683, 692, 701, 711, 721, 731, 740, 750, 761]",14,MODULE
confirmer la cote mini entre la toile tendue et les projecteurs d’éclairage,['15-04-2015'],[68],[565],10,MODULE
créer une jouée dans hall d’entrée au droit des châssis sur hall bassins,['03-06-2015'],"[75, 76, 77, 78, 79]","[655, 665, 674, 683, 692]",16,MODULE
"dans circulation remise en forme (entre vestiaires et salle cardio et fitness), réaliser
plafonds dalles 600x600 avec une jouée pour rattraper le plafonds gypton dans le prolongement
de la cloison de la salle de massage",['20-05-2015'],"[73, 74]","[628, 642]",16,MODULE
"dans circulation remise en forme (entre vestiaires et salle cardio et fitness), réaliser plafonds dalles
600x600 avec une jouée pour rattraper le plafonds gypton dans le prolongement de la cloison de la salle de mas-
sage. 03/06/15 : dalle dito bureau",['20-05-2015'],"[75, 76, 77, 78, 79, 80]","[655, 665, 674, 683, 692, 701]",15,MODULE
"deuxième réunion de synthèse avec menuiserie bois (habillage CTBX) le 12/03/14 à 10h30.
Pour cette date, fournir plan des structures, dimensionnement et détails. 12/03/14 : réunion reportée
suite à demande MODULE, date à confirmer. 19/03/14 : date recalée au 01/04/14 à 10h00. 02/04/14 :
aucun élément préparé ni remis ce jour. Prochaine réunion avec tous les éléments le 15/04/14 à 10h00",['12-02-2014'],"[49, 51]","[394, 412]",16,MODULE
"deuxième réunion de synthèse avec menuiserie bois (habillage CTBX) le 12/03/14 à 10h30. Pour cette
date, fournir plan des structures, dimensionnement et détails. 12/03/14 : réunion reportée suite à demande",['12-02-2014'],"[45, 46, 47, 48, 49, 52, 53, 54]","[345, 354, 362, 371, 380, 425, 434, 443]",11,MODULE
diffuser dernier plan de calepinage des toiles,['12-02-2014'],"[41, 42, 43, 44, 45, 46, 47, 48, 49, 49, 51]","[309, 318, 327, 336, 345, 354, 362, 371, 380, 394, 412]",12,MODULE
diffuser dossier complet à DEKRA,['04-06-2014'],"[63, 65, 66, 67]","[521, 538, 547, 556]",13,MODULE
"diffuser plan de socles sur terrasse technique
Charpente LC / Faux plafonds
- 24/04/13  prévoir une structure à souder en pied de charpente métallique des verrières
Réservations en phase réalisation",['30-10-2013'],[29],[206],20,MODULE
diffuser plan et coupe à VICTOIRE et DRD pour le 09/04/14,['01-04-2014'],"[48, 49, 49, 51]","[371, 380, 394, 412]",3,MODULE
diffuser plan réseaux enterrés à MONTARON pour le 20/09/13,['18-09-2013'],"[23, 24]","[161, 168]",16,MODULE
diffuser plan siphon et réseaux plages extérieurs à MONTARON pour le 20/09/13,['18-09-2013'],"[23, 24, 25, 26, 27, 28, 29]","[161, 168, 176, 183, 191, 198, 206]",17,MODULE
diffuser plan sorties bâtiment à MONTARON pour le 20/09/13,['18-09-2013'],"[23, 24, 25, 26, 27, 28, 29]","[161, 168, 176, 183, 191, 198, 206]",18,MODULE
démarrer les ossatures de plafonds 600x600,['09-09-2015'],[86],[761],16,MODULE
"espace déchaussage, plafonds à caler à +10cm au-dessus des châssis en façade",['01-07-2015'],"[79, 80, 81, 82, 83, 86, 87]","[692, 701, 711, 721, 731, 761, 771]",22,MODULE
faire devis pour réalisation contre cloisons dans vestiaires remise en forme,['16-09-2015'],[86],[761],16,MODULE
"faux plafonds vestiaires publics, prévoir un profil F en jonction avec la retombée placo",['18-06-2014'],[63],[521],14,MODULE
"finaliser le détail de compensation sous ossature métallique des canons de lumière.
A faire valider par DEKRA. A positionner en sous face du HEA côté intérieur de l’ellipse",['21-05-2014'],[55],[452],15,MODULE
finaliser le détail de compensation sous ossature métallique des canons de lumière. A faire valider par,['21-05-2014'],"[58, 59, 60]","[478, 487, 496]",13,MODULE
finaliser les sorties de bâtiments pour VRD,['17-04-2013'],"[22, 23, 24, 25, 26, 27, 28, 29]","[154, 161, 168, 176, 183, 191, 198, 206]",17,MODULE
"fournir plans EXE (détails, calepinage, nuancier, …) pour le 30/09/13",['11-09-2013'],"[22, 23, 24, 25]","[157, 164, 171, 178]",1,MODULE
"fournir plans EXE (détails, calepinage, nuancier, …) pour le 30/09/13. 09/10/13 : RAPPEL, vu par télé-
phone pour le 16/10/13 au plus tard. 23/10/13 : exemplaire papier à transmettre pour le 28/10/13 au
plus tard",['11-09-2013'],[28],[200],3,MODULE
"fournir plans EXE (détails, calepinage, nuancier, …) pour le 30/09/13. 09/10/13 : RAPPEL, vu par télé-
phone pour le 16/10/13 au plus tard. 23/10/13 : exemplaire papier à transmettre pour le 28/10/13 au plus tard.
30/10/13 : dossier reçu incomplet et partiellement inexploitable",['11-09-2013'],[29],[208],3,MODULE
la pose de la toile sera terminée fin de semaine 44,['21-10-2015'],[92],[828],7,MODULE
"le planning TCE a été diffusé pour analyse à toutes les entreprises avec retour pour le 04/10/13. Réu-
nion de signature du planning le 16/10/13 à 14h00 : toutes les entreprises sont convoquées. 16/10/13 : non pré-
sents, non signés et convoqués le 23/10/13 : SI21, SAM+, CRI, MODULE, SAE, LMP, SUEDE SAUNA, ELISATH,",['25-09-2013'],"[28, 29, 30, 31, 32, 33, 34, 35]","[202, 210, 217, 225, 233, 241, 249, 257]",3,MODULE
"le planning TCE a été diffusé pour analyse à toutes les entreprises avec retour pour le 04/10/13. Réu-
nion de signature du planning le 16/10/13 à 14h00 : toutes les entreprises sont convoquées. 18/12/13 : non pré-
sents, non signés et convoqués le 08/01/14 : SAM+, SUEDE SAUNA",['25-09-2013'],"[37, 38]","[274, 283]",5,MODULE
"l’habillage des canons de lumière sera réalisée en CP marine cintrée en 2 feuilles fines, joint décalé. La
jonction des panneaux sera en joint creux. Calepinage à soumettre à VISA",['12-02-2014'],"[45, 46, 47, 48, 49, 52, 53, 54]","[344, 353, 361, 370, 379, 424, 433, 442]",3,MODULE
l’échafaudage sera démonté semaine 45,['21-10-2015'],[92],[828],7,MODULE
matérialiser les points bas de la plateforme,['29-07-2015'],[82],[721],16,MODULE
"mettre à jour plan de ventilation de la terrasse technique de la zone plongée en po-
sitionnant les grilles de reprise pour création de chevêtres métalliques
Charpente LC / Faux plafonds
- 24/04/13  prévoir une structure à souder en pied de charpente métallique des verrières
Réservations en phase réalisation",['23-10-2013'],[28],[198],21,MODULE
mise au point toile tendue zone fosse de plongée le 06/01/16,['16-12-2015'],[99],[854],1,MODULE
"ne pas toucher aux gaines pour réaliser vos ouvrages. Signaler à DRD et/ou MQB si
problème avant intervention",['06-05-2015'],"[71, 72]","[601, 615]",15,MODULE
"nécessité de créer 2 appuis : ajout de 2 poutres, à dimensionner en béton et en acier, à proposer à",['06-03-2013'],"[7, 8, 9, 10, 11, 12, 13, 14, 15, 16, 17, 18, 19, 20, 21]","[45, 52, 59, 66, 73, 80, 87, 94, 101, 109, 117, 125, 132, 140, 147]",9,MODULE
"plan GO PH sous sol diffusé vers le 15/05/13
Charpente métallique",['24-04-2013'],"[7, 8, 9, 10]","[45, 52, 59, 66]",9,MODULE
plan GO fondation basse diffusé le 26/04/13,['24-04-2013'],[7],[45],7,MODULE
plan ossature pour le 15/04/14,['01-04-2014'],"[48, 49, 52, 53, 54]","[370, 379, 424, 433, 442]",7,MODULE
"plan ossature toile tendue non abouti, à finaliser pour le 28/05/14",['21-05-2014'],"[55, 58, 59]","[452, 478, 487]",11,MODULE
"plans architectes en cours de mise à jour pour mise en conformité avec accessibili-
té
Carrelages",['11-09-2013'],[22],[154],6,MODULE
"plans architectes en cours de mise à jour pour mise en conformité avec accessibilité
Descentes EP",['11-09-2013'],"[23, 24, 25]","[161, 168, 176]",5,MODULE
"plans de charpente diffusé, faire étude d’exécution pour synthèse avec lot charpente le 17/07/13.
17/07/13 : synthèse reportée au 28/08/13",['13-06-2013'],"[19, 20]","[135, 143]",2,MODULE
"plans de charpente diffusé, faire étude d’exécution pour synthèse avec lot charpente le 17/07/13.
17/07/13 : synthèse reportée au 28/08/13. 05/09/13 : recalée au 11/09/13 à 14h00",['13-06-2013'],[21],[150],2,MODULE
proposition de pose toiles en suivant arase des poutres LC validée. A finaliser sur plans EXE,['18-03-2015'],[65],[538],8,MODULE
prévoir réseaux EU/EP avant réalisation rampe accès,['17-04-2013'],"[22, 23, 24, 25, 26, 27, 28, 29]","[154, 161, 168, 176, 183, 191, 198, 206]",11,MODULE
prévoir une finition horizontale en CP marine reprenant le cintre du bas du canon de lumière,['12-02-2014'],"[45, 46, 47, 48, 49, 52, 53, 54]","[344, 353, 361, 370, 379, 424, 433, 442]",2,MODULE
recaler planning avec objectif carrelage,['28-10-2015'],"[97, 98]","[839, 848]",2,MODULE
recaler planning selon les dates de mise hors d’eau hors d’air,['18-12-2013'],"[36, 37, 38]","[266, 274, 283]",1,MODULE
"reprise sur hall bassin ludique, réservation de grille à prévoir 1700x700mm entre
files 6 et 7, 8et 9 et 10 et 11
Charpente LC / Faux plafonds
- 24/04/13  prévoir une structure à souder en pied de charpente métallique des verrières
Réservations en phase réalisation",['16-10-2013'],[27],[191],19,MODULE
"reprise sur hall bassin ludique, réservation de grille à prévoir 1700x700mm entre files 6 et 7, 8 et 9 et
10 et 11",['16-10-2013'],"[28, 29]","[198, 206]",16,MODULE
"revoir les délais de fabrication des toiles pour revoir le détail de l’intervention. 06/11/13 : 2,5 semaines,
en 3 phases",['23-10-2013'],[37],[274],8,MODULE
"revoir les délais de fabrication des toiles pour revoir le détail de l’intervention. 06/11/13 : 2,5 semaines,
en 3 phases
Intempéries :
19 jours
1 jour (le 03/07/13 : pluie), 1 jour (le 18/09/13 : pluie), 1 jour (le 10/10/13 : pluie), 1 jour (le 23/10/13 : vent), 1 jour
(le 25/10/13 : vent), 2 jours (les 28 et 29/10/13), 3 jours (le 04/11/13 : vent, le 05/11/13 : pluie, le 06/11/13 : pluie +
vent), 2 jours (les 07 et 08/11/13 : pluie et vent), 1 jour (le 14/11/13 : vent), 1 jour (le 19/11/13 : pluie), 1 jour (le
21/11/13 : neige), 1 jour (le 03/12/13 : gel), 1 jour (le 11/12/13 : gel), 2 jours (les 12 et 13/12/13 : gel)
Effectif :",['23-10-2013'],[36],[266],9,MODULE
"revoir les délais de fabrication des toiles pour revoir le détail de l’intervention. 06/11/13 : 2,5 semaines,
en 3 phases
Intempéries :
22 jours
1 jour (le 03/07/13 : pluie), 1 jour (le 18/09/13 : pluie), 1 jour (le 10/10/13 : pluie), 1 jour (le 23/10/13 : vent), 1 jour
(le 25/10/13 : vent), 2 jours (les 28 et 29/10/13), 3 jours (le 04/11/13 : vent, le 05/11/13 : pluie, le 06/11/13 : pluie +
vent), 2 jours (les 07 et 08/11/13 : pluie et vent), 1 jour (le 14/11/13 : vent), 1 jour (le 19/11/13 : pluie), 1 jour (le
21/11/13 : neige), 1 jour (le 03/12/13 : gel), 1 jour (le 11/12/13 : gel), 2 jours (les 12 et 13/12/13 : gel), 1 jour (le
06/01/14 : pluie), 2 jours (les 14 et 15/01/14 : pluie)
Effectif :",['23-10-2013'],[38],[283],14,MODULE
"réservation au droit des pédiluve 160mm
Descentes EP",['19-06-2013'],[22],[154],9,MODULE
réservation de dalle plages 120mm et reste du bâtiment 70mm,['10-04-2013'],[22],[154],7,MODULE
"synthèse RDC, R+1 et toiture le 10/09/13. Diffusion plan de réservations pour le 13/09/13
Charpente LC / Faux plafonds
- 24/04/13  prévoir une structure à souder en pied de charpente métallique des verrières
ASSISTANT MAITRISE D’OUVRAGE",['05-09-2013'],[22],[154],20,MODULE
"synthèse RDC, R+1 et toiture le 10/09/13. Diffusion plan de réservations pour le 13/09/13.
18/09/13 : plan présenté validé à compléter avec réservation pour bain chaud pour le 20/09/13",['05-09-2013'],[23],[161],15,MODULE
"synthèse avec menuiserie bois (habillage CTBX) au droit grand canon le 29/01/14 à
10h30",['08-01-2014'],[37],[272],13,MODULE
terminer enduit sur puits de lumière vestiaires pour libérer zone pour peintre,['01-07-2015'],"[79, 80]","[692, 701]",22,MODULE
transmettre plan CRI des siphons de sol à COEXIA,['18-09-2013'],"[27, 28, 29]","[191, 198, 206]",14,MODULE
"transmettre plan CRI des siphons de sol à COEXIA
Charpente LC / Faux plafonds
- 24/04/13  prévoir une structure à souder en pied de charpente métallique des verrières
ASSISTANT MAITRISE D’OUVRAGE",['18-09-2013'],"[23, 24, 25, 26]","[161, 168, 176, 183]",21,MODULE
"une réservation à décaler, implanter dans la charpente métallique
Réception support par CRI du 12/03/14
- fosse de plongée, reprendre désaffleur entre les deux levées de coulage des bajoyers. Reste à vérifier la dimen-
sion en plan (∅ constant à vérifier sur la hauteur)
Synthèse Toile tendue / Surveillance des baignades / Electricité du 18/02/15
- réservation pour caméras Poséidon 65x55cm, découpée in situ
- caméras en milieu de bassin à régler juste après pose de la toile
ASSISTANT MAITRISE D’OUVRAGE",['25-06-2014'],"[63, 64, 65, 66, 67]","[519, 527, 535, 544, 553]",15,MODULE
valider ou faire observations sur hypothèses générales de charges retenues par,['27-03-2013'],[3],[22],1,MODULE
"voile dans local TA maintenu dito plans marché
Charpente métallique",['10-04-2013'],"[16, 17, 18, 19, 20, 21]","[109, 117, 125, 132, 140, 147]",5,MODULE
"voile dans local TA maintenu dito plans marché
Gros Œuvre",['10-04-2013'],"[7, 8, 9, 10]","[45, 52, 59, 66]",6,MODULE
"voile dans local TA maintenu dito plans marché
Gros Œuvre
Charpente métallique",['10-04-2013'],"[11, 12, 13, 14, 15]","[73, 80, 87, 94, 101]",6,MODULE
"voir possibilité de modifier approvisionnement : priorité bassin ludique et bassin
d’apprentissage
Intempéries :
20 jours
1 jour (le 03/07/13 : pluie), 1 jour (le 18/09/13 : pluie), 1 jour (le 10/10/13 : pluie), 1 jour (le 23/10/13 : vent), 1 jour
(le 25/10/13 : vent), 2 jours (les 28 et 29/10/13), 3 jours (le 04/11/13 : vent, le 05/11/13 : pluie, le 06/11/13 : pluie +
vent), 2 jours (les 07 et 08/11/13 : pluie et vent), 1 jour (le 14/11/13 : vent), 1 jour (le 19/11/13 : pluie), 1 jour (le
21/11/13 : neige), 1 jour (le 03/12/13 : gel), 1 jour (le 11/12/13 : gel), 2 jours (les 12 et 13/12/13 : gel), 1 jour (le
06/01/14 : pluie)
Effectif :",['08-01-2014'],[37],[274],17,MODULE
"à ce jour SOGEA a pris en compte toutes les demandes de réservations oubliées ou com-
plémentaires. Plus aucune ne sera prise en compte. Une campagne de carottages est programmée.",['22-04-2015'],"[70, 72, 74]","[582, 609, 636]",6,MODULE
"étudier techniquement et financièrement principe de jouée et plafond en toile ten-
due au droit du palier R+1 du hall d’entrée pour échapper gaines de ventilation",['24-06-2015'],[78],[683],21,MODULE
"étudier techniquement et financièrement principe de jouée et plafond en toile tendue au
droit du palier R+1 du hall d’entrée pour échapper gaines de ventilation. 01/07/15 : à finaliser le
08/07/15. Plafonds gypton hall d’entrée en suivant le mur rideau en façade au nu du béton, voir pour
toile en forme de vague depuis le plafond gypton jusque sous gaines au droit du palier R+1. 08/07/15 :
principe de triangles retenu dont un avec le logo de la CAMVS.
-21/10/15 : La pose de la toile sera terminée fin de semaine 44
-21/10/15 : l’échafaudage sera démonté semaine 45",['24-06-2015'],[91],[815],9,MODULE
"étudier techniquement et financièrement principe de jouée et plafond en toile tendue au droit du palier
R+1 du hall d’entrée pour échapper gaines de ventilation. 01/07/15 : à finaliser le 08/07/15. Plafonds
gypton hall d’entrée en suivant le mur rideau en façade au nu du béton, voir pour toile en forme
de vague depuis le plafond gypton jusque sous gaines au droit du palier R+1",['24-06-2015'],[79],[692],21,MODULE
"étudier techniquement et financièrement principe de jouée et plafond en toile tendue au droit du palier
R+1 du hall d’entrée pour échapper gaines de ventilation. 01/07/15 : à finaliser le 08/07/15. Plafonds gypton hall
d’entrée en suivant le mur rideau en façade au nu du béton, voir pour toile en forme de vague depuis le plafond",['24-06-2015'],[85],[750],11,MODULE
"Carrelage Hall d'entrée: GRANITOGRE SERIE MARTE -  référence GRIGIO MAGGIA
30X30 finition Matt
AVANCEMENT – PLANIFICATION
Intempéries :
35 jours
1 jour (le 03/07/13 : pluie), 1 jour (le 18/09/13 : pluie), 1 jour (le 10/10/13 : pluie), 1 jour (le 23/10/13 : vent), 1 jour
(le 25/10/13 : vent), 2 jours (les 28 et 29/10/13), 3 jours (le 04/11/13 : vent, le 05/11/13 : pluie, le 06/11/13 : pluie +
vent), 2 jours (les 07 et 08/11/13 : pluie et vent), 1 jour (le 14/11/13 : vent), 1 jour (le 19/11/13 : pluie), 1 jour (le
21/11/13 : neige), 1 jour (le 03/12/13 : gel), 1 jour (le 11/12/13 : gel), 2 jours (les 12 et 13/12/13 : gel), 1 jour (le
06/01/14 : pluie), 3 jours (les 14, 15 et 16/01/14 : pluie), 1 jour (le 20/01/14 : pluie), 1 jour (le 27/01/14 : pluie et
vent), 1 jour (le 07/02/14 : vent), 1 jour (le 13/02/14 : pluie et vent), 3 jours (les 27, 28/02/14 et 03/03/14 : pluie), 1
jour (le 21/03/14 : pluie), 2 jours (les 12 et 13/05/14 : pluie), 1 jour (le 04/06/14 : pluie), 1 jour (le 10/06/14 : pluie)
Effectif :","['18-06-2014', '25-02-2015']","[60, 61, 62, 63, 65, 66]","[499, 508, 516, 524, 540, 549]",14,SNEF
"MODULE précise que la température au droit de la toile doit être inférieure à 70°C.
Positionner les projecteurs en conséquence, une cote de 30cm entre la toile tendue et le projec-
teur semble adéquate",['22-04-2015'],"[69, 71]","[575, 602]",22,SNEF
"accord pour poser tableaux élec dans local MNS/Infirmerie selon plan architecte y
compris goulotte sous plan de travail",['07-10-2015'],"[89, 90, 92]","[792, 802, 829]",17,SNEF
"alarme incendie type 2b catégorie B. Prévoir bobine à émission pour commande de
désenfumage (hall d’entrée + vestiaires individuels + vestiaires collectifs)",['25-03-2015'],"[65, 66, 67, 68, 69, 70, 71, 73, 75, 76, 77, 78, 79, 80, 81, 82, 83, 84, 85, 86, 87, 88, 89, 90, 91]","[539, 548, 557, 566, 575, 590, 602, 629, 656, 666, 675, 684, 693, 702, 712, 722, 732, 742, 752, 762, 772, 782, 792, 802, 817]",17,SNEF
"approfondir le projet de contrôle d’accès du personnel et au droit du portillon sur cour-
sive",['25-06-2014'],"[61, 62, 63, 64, 65, 66, 67, 68, 69, 70, 71, 73, 75, 76]","[507, 515, 523, 531, 539, 548, 557, 566, 575, 590, 602, 629, 656, 666]",13,SNEF
"approfondir le projet de contrôle d’accès du personnel et au droit du portillon sur coursive.
17/06/15 : confirmation, contrôle d’accès à prévoir sur porte extérieure accès personnel + por-
tillon en haut des gradins + accès zone administration + portes sur escalier hélicoïdal",['25-06-2014'],"[77, 78, 79, 80, 81]","[675, 684, 693, 702, 712]",9,SNEF
assurer les calfeutrements coupe feu à l’avancement conformément à la fiche 73 de,['08-07-2015'],"[80, 81, 82, 83, 84, 85, 86, 87, 88, 89, 90, 91, 92, 97, 98, 99]","[702, 712, 722, 732, 742, 752, 762, 772, 782, 792, 802, 817, 829, 838, 847, 855]",16,SNEF
"attention implantation sèche cheveux dans espace beauté. Faire alimentation sous
tube inox apparent",['22-07-2015'],"[81, 82, 83, 84, 85, 86, 87, 88, 89, 90, 92, 97, 98, 99]","[712, 722, 732, 742, 752, 762, 772, 782, 792, 802, 829, 838, 847, 855]",19,SNEF
"attention modification implantation sèche cheveux / plan vasque dans espace beau-
té (inversion)",['05-03-2014'],"[44, 45, 46, 47, 48, 49, 49, 51]","[337, 346, 355, 363, 372, 381, 397, 415]",10,SNEF
"calepinage éclairage sur coursive validé. Confirmer profondeur de l’appareil
d’éclairage à intégrer dans habillage bois",['01-07-2015'],"[79, 80, 81]","[693, 702, 712]",15,SNEF
"commande éclairage extérieur sur interrupteur astronomique + commande marche
forcée à l’accueil",['30-04-2014'],"[52, 53, 54, 55, 56, 57, 58, 59, 60, 61, 62, 63, 64, 65, 66, 67, 68, 69, 70, 71, 73, 74, 75, 76, 77, 78, 79, 80, 81, 82, 83, 84, 85, 86, 87, 88, 89, 90, 91, 92]","[426, 435, 444, 453, 462, 471, 480, 488, 497, 507, 515, 523, 531, 539, 548, 557, 566, 575, 590, 602, 629, 644, 656, 666, 675, 684, 693, 702, 712, 722, 732, 742, 752, 762, 772, 782, 792, 802, 817, 829]",10,SNEF
"faire pénétrer les fourreaux en attente en pied de bâtiment dans le local TGBT.
URGENT",['23-09-2015'],"[87, 88, 89, 90]","[772, 782, 792, 802]",12,SNEF
"faire étude pour remplacer appareils éclairage du tipi prévus par appareils pour
mise en valeur lumière de l’édifice",['05-03-2014'],"[44, 45, 46, 47, 48, 49, 49, 51, 52, 53, 54, 55, 56, 57]","[337, 346, 355, 363, 372, 381, 397, 415, 426, 435, 444, 453, 462, 471]",9,SNEF
"finaliser modification transfo suite à nouvelle réglementation à compter du 01/09/15. 18/03/15 :
modification à partir du 01/07/15 (et non 01/09/15). Faire proposition à soumettre à BERIM et",['11-03-2015'],"[64, 65]","[531, 539]",17,SNEF
"goulotte électrique dans cardio et fitness maxi 100mm de hauteur, préférence pour
80mm",['30-09-2015'],"[88, 89, 90, 92]","[782, 792, 802, 829]",14,SNEF
"implantation luminaires sous coursive dans hall bassins validée. Prévoir une moulure
blanche plate au-dessous faïence des douches collectives pour alimentation depuis un angle",['25-03-2015'],"[65, 66, 67, 68, 69, 71]","[539, 548, 557, 566, 575, 602]",18,SNEF
"mettre point lumineux dans sanitaires hall d’entrée + bureaux administration sur
alimentation chantier",['02-12-2015'],"[97, 98]","[838, 847]",16,SNEF
"plan de fourreaux pour éclairage pied de « tipi » à transmettre à MONTARON, copie à DRD
et BERIM",['25-06-2014'],"[61, 62, 63, 64, 65, 66, 67, 68, 69, 70, 71, 73]","[507, 515, 523, 531, 539, 548, 557, 566, 575, 590, 602, 629]",8,SNEF
"poser les projecteurs de la fosse de plongée avant pose carneau de fumées, après accès
difficile",['28-05-2014'],"[57, 58, 61, 62, 63, 64, 65, 66, 67, 68, 69, 70, 71, 73, 75, 76, 77, 78, 79, 80, 81]","[471, 480, 507, 515, 523, 531, 539, 548, 557, 566, 575, 590, 602, 629, 656, 666, 675, 684, 693, 702, 712]",10,SNEF
"prises de sol salle cardiotraining, modèle finition carrée. 24/06/15 : revêtement de sol
souple",['03-06-2015'],"[78, 79, 80, 81, 82, 83, 84, 85, 86, 87, 88, 89, 90, 91]","[684, 693, 702, 712, 722, 732, 742, 752, 762, 772, 782, 792, 802, 817]",12,SNEF
"prévoir 1 DM par local technique en remplacement de 1 au droit du « sas » ouvert
en façade est + 1 DM dans le local espaces verts",['14-10-2015'],"[90, 92, 97, 98, 99]","[802, 829, 838, 847, 855]",20,SNEF
"prévoir approvisionnement suspentes projecteurs hall bassins pour pose en paral-
lèle ossature toile tendue",['08-01-2014'],"[37, 38, 39, 40, 41, 42, 43, 44, 45, 46, 47, 48, 49, 49, 51]","[273, 282, 291, 301, 310, 319, 328, 337, 346, 355, 363, 372, 381, 397, 415]",6,SNEF
"prévoir approvisionnement suspentes projecteurs hall bassins pour pose en parallèle ossa-
ture toile tendue. 30/04/14 : à prévoir pour mi-juin",['08-01-2014'],"[52, 53, 54, 55, 56, 57, 58, 59, 60, 61, 62, 63, 64, 65, 66, 67, 68, 69, 70]","[426, 435, 444, 453, 462, 471, 480, 488, 497, 507, 515, 523, 531, 539, 548, 557, 566, 575, 590]",3,SNEF
"réunion le 18/12/13 à 10h30 pour point et définition des reprises de réservation
sous-sol et PH sous-sol",['04-12-2013'],"[34, 35]","[248, 256]",4,SNEF
"réunion le 22/01/14 à 10h30 pour point et définition des reprises de réservation
RDC",['18-12-2013'],"[36, 37, 38]","[264, 273, 282]",4,SNEF
"suite CISSCT de ce jour, mettre éclairage définitif dans circulation galeries tech-
niques + bacs tampon",['24-06-2015'],"[78, 79, 80, 81, 82, 83, 84, 85]","[684, 693, 702, 712, 722, 732, 742, 752]",14,SNEF
"suite à la réunion du 24/06/14, faire proposition d’appareils d’éclairage pour fosse de
plongée, local clubs, banque d’accueil (suspension)",['25-06-2014'],"[61, 62, 63, 64, 65, 66, 67, 68, 69, 70, 71]","[507, 515, 523, 531, 539, 548, 557, 566, 575, 590, 602]",10,SNEF
"suite à la réunion du 24/06/14, éclairage bureau et secrétariat downlight remplacé par pa-
vé 600x600, revoir le nombre de luminaires dans la zone basse du hall d’entrée (côté distributeurs),
uniformiser carcasse et couleur des projecteurs du hall bassins, éclairage rivière type Blister de chez Ep-
silon+ en trichromatique",['25-06-2014'],"[61, 62, 63, 64, 65, 66, 67, 68, 69, 70, 71, 73, 75, 76, 77, 78, 79, 80, 81]","[507, 515, 523, 531, 539, 548, 557, 566, 575, 590, 602, 629, 656, 666, 675, 684, 693, 702, 712]",13,SNEF
"suite à la réunion organisée par la Maîtrise d’Ouvrage le 03/11/15, un avenant de prolongation de délai
sera notifié aux entreprises avec pour date limite de livraison au 28/02/15.
Avancement :
Gros Oeuvre
- finition en cours
- couverture étanchéité : reste terrasse technique, membrane + contre bardage terrasse technique. En cours
- pose mur rideau reste finitions
- pose réseau désenfumage reste finitions
- reprise finitions gros œuvre fosse de plongée en cours
Menuiseries intérieures
- cloisonnement doublage remise en forme sur une 1
ère hauteur fait, reste une plaque sur 2
ème hauteur + enduit à ter-
miner RETARD
- ossature bardage acoustique en cours
Serrurerie
Ascenseurs
- pose ascenseur fosse plongée terminé ???
Carrelages
- carrelages hall bassins, reste finitions en cours
- gradins en cours
- carrelages remise en forme en cours
- étanchéité vestiaires (individuel et personnel) en cours
- carrelages vestiaires individuels en cours
- faïence en cours
- fosse de plongée en cours
Faux plafonds
- ossature toutes zones en cours
Peinture
- peinture toutes zones en attente avancement TCE
Traitement d’Air – Chauffage – Traitement d’Eau – Plomberie
- pose bouches de soufflage en cours
- plomberie en cours
- électricité en cours
Electricité
- câblage en cours
- toute électricité zone bassins sportif et activité fait, reste pose appareillage
- poste transfo posé, reste raccordement intérieur
VRD
- borduration parking en cours
- apport de terre en cours
Planification :
Gros Oeuvre
- reprise finition couverture à partir du 19/03/15. RETARD. Intervention à partir du 16/11/15. RETARD. Couvertines
fosse de plongée pour le 27/11/15
- terrasse technique pour le 11/12/15
- reprise solde pose membrane sur tipi à partir du 07/04/15. RETARD. Intervention à partir du 16/11/15. RETARD.
Pour le 27/11/15
Bassins inox
- en attente avancement carrelage
Menuiseries intérieures
- approvisionnement habillage stratifiés perforés du 08/06/15 au 31/07/15
- pose habillage stratifiés perforés à partir du 24/08/15
- pose panneaux acoustiques en lames bois à partir du 05/10/15
- mise en fabrication banque d’accueil. Pose à partir du 15/02/16
- pose signalétique à partir du 15/01/16
- pose porte semaine 1",['04-11-2015'],"[97, 98]","[839, 848]",60,SNEF
"sur base plan extérieur présenté ce jour, modifier implantation poste transfo selon
plan masse architecte et établir plan de fourreaux sous bâtiment, pénétration bâtiment et fosse
TGBT",['22-05-2013'],"[11, 12, 13, 14, 15, 16]","[76, 83, 90, 97, 104, 112]",9,SNEF
"validation appareil éclairage coursive EPSILON MANSEL Anthracite en remplace-
ment HUBI1 SWITCHMADE",['02-12-2015'],"[97, 98]","[838, 847]",17,SNEF
voir pour déboucher fourreaux débouchant dans le TGBT conjointement avec,['28-05-2014'],"[56, 57]","[462, 471]",8,SNEF
"vérifier les réservations en voile BA au-dessus de la pataugeoire côté remise en
forme",['15-04-2015'],"[68, 69, 71, 73, 75, 76, 77]","[566, 575, 602, 629, 656, 666, 675]",18,SNEF
"vérifier l’implantation des attente électriques dans plafonds de revers pour respec-
ter courbes du bandeau",['09-04-2014'],"[49, 49, 51]","[381, 397, 415]",13,SNEF
"étudier la demande de DEKRA (avec NAMIXIS) d’avoir déclenchement simultanée AF
et désenfumage dans zone vestiaires individuels : modification type alarme incendie ?",['11-03-2015'],"[63, 64]","[523, 531]",16,SNEF
"Carrelage Hall d'entrée: GRANITOGRE SERIE MARTE -  référence GRIGIO MAGGIA 30X30 finition
Matt",['25-02-2015'],[64],[531],10,SNEF
GTC en doublon avec marché MQB. Prestation à ne pas réaliser,['05-03-2014'],"[44, 45, 46, 47, 48, 49, 49, 51]","[337, 346, 355, 363, 372, 381, 397, 415]",7,SNEF
RAPPEL : travaux à l’échelle interdit,['02-09-2015'],[84],[742],11,SNEF
RDV choix luminaires le 24/06/14 à 10h00 chez BERIM,['11-06-2014'],[58],[480],9,SNEF
SOGEA informe avoir repris l’ensemble des réservations R-1 et RDC. A valider,['12-02-2014'],"[41, 42, 43, 44, 45, 46]","[310, 319, 328, 337, 346, 355]",8,SNEF
URGENT faire vérification serrage assemblage charpente LC,['01-07-2015'],[79],[690],12,SNEF
"Z1 à Z8 par SOGEA. Idem pour la Z11, Z12, Z15 à Z21 à charge SOGEA. Les Z9 et Z23 sont à
charge COEXIA
Contrôle réservations en RDC du 22/01/14
- valider VH local TGBT dans la porte du local
- manque toutes les réservations pour siphons de sol et caniveaux de la zone vestiaires sanitaires plongée (plan
non fourni)
Contrôle réservations en R+1 du 19/02/14
- 2 réservations 300x300 à déplacer en hauteur sur coursive bassin ludique (soufflage canons de lumière)
- vérifier alignement réservations au niveau terrasse technique zone plongée",['17-04-2013'],[54],[440],16,SNEF
"Z11, regard en pied de chute à confirmer",['17-04-2013'],[54],[440],4,SNEF
"Z13 et 14, pénétration dans bâtiment en point haut + attente au sol par SOGEA, descente intérieure
entre les 2 attentes par COEXIA. Il en va de même pour la Z10+Z24",['17-04-2013'],[54],[440],7,SNEF
"accord pour poser tableaux élec dans local MNS/Infirmerie selon plan architecte y compris goulotte
sous plan de travail. 25/11/15 : vu ce jour, alimentation de la dite goulotte par une goulotte verticale le long du
châssis vitré sur pédiluve",['07-10-2015'],"[97, 98, 99]","[838, 847, 855]",7,SNEF
accès plateforme zone rivière validé,['17-06-2015'],"[77, 78]","[675, 684]",13,SNEF
agrandir le passage de dalle des évacuations de goulottes des bains chaud et froid,['24-06-2015'],[79],[690],7,SNEF
"bain chaud, bain froid, hall d’entrée + coursive",['07-05-2014'],"[59, 63, 64, 65, 66]","[489, 524, 531, 540, 549]",5,SNEF
bruine LOTUS 10 couleur bleu,['18-06-2014'],"[59, 60, 61, 62, 63, 64, 65, 66]","[489, 499, 508, 516, 524, 531, 540, 549]",8,SNEF
"choix teintes 1070 Blanc pour les plages, 7035 Gris clair pour les pédiluves",['04-06-2014'],"[59, 60, 63, 64, 65, 66]","[489, 499, 524, 531, 540, 549]",6,SNEF
confirmer délais d’intervention dans la hall bassins en 3 zones,['15-01-2014'],"[38, 39, 40, 41, 42, 43]","[282, 291, 301, 310, 319, 328]",7,SNEF
courant provisoire demandé pour le 02/01/16,['10-11-2015'],"[97, 98]","[838, 847]",13,SNEF
dalles de faux plafonds mises à disposition pour incorporation,['14-10-2015'],"[90, 92, 97, 98]","[802, 829, 838, 847]",17,SNEF
"dans dalle formant plénum de soufflage derrière bain chaud, prévoir feuillure pour pose des grilles de
ventilation de 20x20mm",['24-06-2015'],[79],[690],10,SNEF
décaler livraison TGBT à semaine 42,['30-09-2015'],"[88, 89]","[782, 792]",15,SNEF
"décaler livraison TGBT à semaine 42. 14/10/15 : décaler livraison après remblaiement tran-
chée gaz",['30-09-2015'],[90],[802],13,SNEF
déposer échafaudage dans bassin sportif,['23-09-2015'],"[87, 88]","[772, 782]",10,SNEF
déposer échafaudage dans bassin sportif. 07/10/15 : à faire pour le 09/10/15,['23-09-2015'],[89],[792],10,SNEF
"faire balance financière du lot (GTC, transfo, …)",['06-05-2015'],[71],[602],19,SNEF
faire proposition d’éclairage de balisage sur bandeau façade nord,['19-03-2014'],[46],[355],16,SNEF
faire proposition éclairage pour la coursive hall bassins ludiques,['21-05-2014'],[55],[453],8,SNEF
faire reprise fosse de plongée selon constat établi avec CRI le 22/06/15,['24-06-2015'],[79],[690],8,SNEF
faire vérification serrage écrous charpente métallique. 01/07/15 : non fait URGENT,['24-06-2015'],[79],[690],3,SNEF
finaliser modification transfo suite à nouvelle réglementation à compter du 01/09/15,['11-03-2015'],[63],[523],16,SNEF
finaliser plan de réservation dans fosse de plongée pour le 25/07/13,['24-07-2013'],[20],[143],3,SNEF
fournir débit de ventilation pour les locaux électriques,['15-05-2013'],[10],[69],6,SNEF
fournir débit de ventilation pour les locaux électriques. 22/05/13 : en attente bilan de puissance,['15-05-2013'],"[11, 12, 13, 14, 15, 16, 17, 18, 19]","[76, 83, 90, 97, 104, 112, 120, 128, 135]",7,SNEF
"fournir les besoins en sorties toiture (crosse, fourreaux, souches, chevêtres, …",['24-04-2013'],"[7, 8, 9]","[48, 55, 62]",4,SNEF
"fournir les besoins en sorties toiture (crosse, fourreaux, souches, chevêtres, … 15/05/13 : à fournir
après synthèse RDC et R+1",['24-04-2013'],"[10, 11, 12, 13, 14, 15, 16, 17, 18, 19, 20, 21, 22, 23, 24, 25, 26, 27, 28, 29, 30, 31, 32, 33, 34, 35, 36, 37, 38]","[69, 76, 83, 90, 97, 104, 112, 120, 128, 135, 143, 150, 157, 164, 171, 179, 186, 194, 201, 209, 216, 224, 232, 240, 248, 256, 264, 273, 282]",4,SNEF
fournir les charges apportées à la charpente,['30-04-2013'],"[8, 9, 10]","[55, 62, 69]",5,SNEF
fournir les charges apportées à la charpente. 22/05/13 : à fournir pour le 24/05/13,['30-04-2013'],[11],[76],5,SNEF
fournir nuancier pour poste transfo,['29-01-2014'],"[40, 41, 42, 43, 44, 45, 46]","[301, 310, 319, 328, 337, 346, 355]",7,SNEF
fournir plan coté du matériel pour définition dimension VTP du SSI,['14-10-2015'],[90],[802],18,SNEF
fournir à NAMIXIS le bilan électrique pour le calcul des batteries du SSI,['14-10-2015'],[90],[802],20,SNEF
fuite sur verrière rivière et bassin ludique,['24-06-2015'],[79],[690],2,SNEF
implantation luminaires sous coursive dans hall bassins validée. Prévoir une moulure,['25-03-2015'],[70],[590],20,SNEF
luminaire coursive HUBI VIII-I dark grey,['18-06-2014'],"[59, 62, 63, 64, 65, 66]","[489, 516, 524, 531, 540, 549]",8,SNEF
luminaires coursive dans habillage bois modèle SLV WL 172 GX53 anthracite,['26-08-2015'],"[83, 84, 85, 86, 87, 88, 89, 90]","[732, 742, 752, 762, 772, 782, 792, 802]",10,SNEF
luminaires coursives à remonter au-dessus des grilles de ventilation,['18-11-2015'],"[97, 98]","[838, 847]",14,SNEF
luminaires encastrés sol façade entrée en 4 000°K et anti dérapant,['26-08-2015'],"[83, 84, 85, 86, 87, 88, 89, 90]","[732, 742, 752, 762, 772, 782, 792, 802]",10,SNEF
"mettre fourreau ∅16 mini du plafonds à +1.20m fini sur accès scolaire (sortie en ex-
térieur à +0.40 de la porte ouverte)",['19-03-2014'],[46],[355],14,SNEF
mettre éclairage définitif dans galeries techniques et sous-sol,['30-09-2015'],"[88, 89]","[782, 792]",15,SNEF
"monter les alcoves de douches à jets une par une pour intervention COEXIA puis
pose à l’emplacement définitif",['01-07-2015'],[79],[690],12,SNEF
plans EXE + dossier matériel pour le 20/01/14,['15-01-2014'],[38],[282],8,SNEF
"pose câbles sous fourreaux ∅250 (fourniture MONTARON) en tranchée ouverte sans
chambre de tirage entre transfo et TGBT",['11-06-2014'],[58],[480],9,SNEF
poser fourreaux pour éclairage extérieur sous treillis des solariums,['23-09-2015'],[87],[772],12,SNEF
"poser les projecteurs de la fosse de plongée avant pose carneau de fumées, après accès",['28-05-2014'],[74],[644],3,SNEF
"prises de sol salle cardiotraining, modèle finition carrée",['03-06-2015'],"[75, 76, 77]","[656, 666, 675]",10,SNEF
profil d’angle de carrelages blanc pour carrelage blanc et gris pour carrelage bleu,['30-04-2014'],"[59, 63, 64, 65, 66]","[489, 524, 531, 540, 549]",4,SNEF
prévoir alimentation décompte seconde depuis l’alimentation de l’horloge,['04-11-2015'],"[97, 98]","[838, 847]",12,SNEF
"prévoir câble d’alimentation entre transfo et TGBT pour le 08/07/14 pour pose en
tranchée commune ouverte",['04-06-2014'],[57],[471],11,SNEF
prévoir deux alimentations 18kW + 24kW dans le local technique sauna hammam,['29-01-2014'],"[40, 41, 42, 43, 44, 45, 46, 47, 48, 49, 49, 51]","[301, 310, 319, 328, 337, 346, 355, 363, 372, 381, 397, 415]",7,SNEF
"prévoir dépose partielle chemin de câble sous sol pour permettre pose regard en
sous face dalle chaufferie",['01-07-2015'],[79],[693],16,SNEF
prévoir mise en place éclairage dans salle cardio,['07-10-2015'],"[89, 90, 92, 97, 98, 99]","[792, 802, 829, 838, 847, 855]",16,SNEF
prévoir pose fourreaux entre TGBT et sous-sol pendant phase travaux,['27-03-2013'],"[3, 4, 5, 6, 7, 8, 9, 10, 11, 12, 13, 14]","[22, 28, 34, 40, 48, 55, 62, 69, 76, 83, 90, 97]",2,SNEF
prévoir projecteurs au droit anneaux translucides sur tunnel rivière,['08-01-2014'],[37],[273],5,SNEF
prévoir réseaux EU/EP avant réalisation rampe accès,['17-04-2013'],[54],[440],5,SNEF
prévoir ventouse sur portillon IS coursive côté fosse de plongée,['22-07-2015'],"[81, 82, 83, 84]","[712, 722, 732, 742]",19,SNEF
"rappel, les BG sont fixés sur les menuiseries alu en passant les câbles dans les
épines des murs rideaux. Les BS seront également posés sur les menuiseries alu, alimentant par
une moulure blanche plate sur la largeur de la menuiserie. PAS DE FOURREAUX DANS LA
CHAPE",['09-04-2014'],[49],[381],16,SNEF
"rappel, les BG sont fixés sur les menuiseries alu en passant les câbles dans les épines des
murs rideaux. Les BS seront également posés sur les menuiseries alu, alimentant par une moulure
blanche plate sur la largeur de la menuiserie. PAS DE FOURREAUX DANS LA CHAPE
-16/04/14 : répondre par écrit sur les visas BERIM.
Finaliser les implantations des réservations à faire avec SOGEA",['09-04-2014'],"[49, 51]","[397, 415]",18,SNEF
"rdv le 30/01/14 à 15h00 avec DR pour définition des réservations manquantes à
créer en RDC",['22-01-2014'],[39],[291],7,SNEF
recaler planning avec objectif carrelage,['28-10-2015'],"[97, 98, 99]","[839, 848, 856]",2,SNEF
"recaler planning avec objectif carrelage
Avancement :
Gros Oeuvre
- finition en cours
- couverture étanchéité : reste terrasse technique, membrane + contre bardage terrasse technique
- pose mur rideau reste finitions
- pose réseau désenfumage reste finitions
- reprise finitions gros œuvre fosse de plongée en cours
Menuiseries intérieures
- cloisonnement doublage remise en forme sur une 1
ère hauteur fait, reste une plaque sur 2
ème hauteur + enduit à ter-
miner RETARD
Serrurerie
Ascenseurs
- pose ascenseur fosse plongée en cours
Carrelages
- carrelages hall bassins, reste finitions en cours
- gradins en cours
- carrelages remise en forme en cours
- étanchéité vestiaires (individuel et personnel) en cours
- carrelages vestiaires individuels en cours
- faïence en cours
- fosse de plongée en cours
Faux plafonds
- ossature toile tendue zone pataugeoire en cours
- ossature toutes zones en cours
Peinture
- peinture toutes zones en cours",['28-10-2015'],[92],[830],29,SNEF
"rediffuser plan des réseaux extérieurs à DRD, BERIM et MONTARON en format dwg",['02-04-2014'],[48],[372],11,SNEF
refaire carottages pour refoulement bain chaud dans l’axe du fond du bassin,['24-06-2015'],[79],[690],6,SNEF
"remonter chemin de câble sur coursive hall bassin ludique (dans épaisseur de
poutre LC)",['22-04-2015'],[69],[575],20,SNEF
"remontée depuis le sous-sol dans placard MNS (1,00x0,70)",['27-03-2013'],"[3, 4, 5, 6, 7, 8]","[22, 28, 34, 40, 48, 55]",2,SNEF
"retourner contreventement charpente métallique des canons de lumière pour permettre pose habillage
bois",['24-06-2015'],[79],[690],5,SNEF
"réservation au droit coursive au-dessus local MNS à scier pour hauteur fini de 500mm en alignant les
deux réservations
Réception support par CRI du 12/03/14
- fosse de plongée, reprendre désaffleur entre les deux levées de coulage des bajoyers. Reste à vérifier la dimen-
sion en plan (∅ constant à vérifier sur la hauteur)
ASSISTANT MAITRISE D’OUVRAGE",['09-04-2014'],[54],[440],21,SNEF
réunion GTC le 30/04/14 à 11h00,['12-03-2014'],"[45, 46, 48, 49, 49, 51]","[346, 355, 372, 381, 397, 415]",12,SNEF
réunion SSI le 14/10/15 à 10h30,['30-09-2015'],"[88, 89]","[782, 792]",12,SNEF
réunion concessionnaires le 15/05/13 à 14h00,['24-04-2013'],"[7, 8, 9]","[48, 55, 62]",4,SNEF
réunion concessionnaires le 29/01/14 à 10h00,['15-01-2014'],"[38, 39]","[282, 291]",8,SNEF
réunion le 05/02/14 à 9h00 pour point et définition reprise de réservations R+1,['22-01-2014'],[39],[291],6,SNEF
"réunion le 05/02/14 à 9h00 pour point et définition reprise de réservations R+1. 29/01/14 : réunion
décalée au 19/02/14 à 9h00",['22-01-2014'],"[40, 41]","[301, 310]",6,SNEF
suppression de l’antenne TV,['08-07-2015'],"[80, 81]","[702, 712]",16,SNEF
synthèse RDC et R+1 le 03/06/13 à 10h30 chez MQB,['15-05-2013'],"[10, 11, 12]","[69, 76, 83]",6,SNEF
terminer câblage dans gaine maçonnée sanitaires collectifs,['06-05-2015'],[71],[602],19,SNEF
tracer les implantations des carottages pour le 11/04/14,['02-04-2014'],"[48, 49, 49, 51]","[372, 381, 397, 415]",11,SNEF
transmettre à MQB points GTC,['12-03-2014'],"[45, 46]","[346, 355]",12,SNEF
"validation siphon de sol PVC 20x20 pour solarium, couleur sable",['22-01-2014'],"[59, 64, 66]","[489, 531, 549]",3,SNEF
voir delta financier pour remplacer horloge vestiaires par afficheur température,['19-03-2014'],"[48, 49, 49, 51, 65, 66, 67, 68, 69, 70, 71]","[372, 381, 397, 415, 539, 548, 557, 566, 575, 590, 602]",10,SNEF
"voir delta financier pour remplacer horloge vestiaires par afficheur température
-16/04/14 : répondre par écrit sur les visas BERIM.",['19-03-2014'],"[53, 54, 55]","[435, 444, 453]",7,SNEF
"voir delta financier pour remplacer horloge vestiaires par afficheur température
-16/04/14 : répondre par écrit sur les visas BERIM.
Finaliser les implantations des réservations à faire avec SOGEA. 30/04/14 : diffuser plan de l’état des ré-
servations",['19-03-2014'],[52],[426],9,SNEF
"voir delta financier pour remplacer horloge vestiaires par afficheur température
-16/04/14 : répondre par écrit sur les visas BERIM. 28/05/14 : pour semaine 23",['19-03-2014'],"[56, 57, 58, 59, 60, 61, 62, 63, 64]","[462, 471, 480, 488, 497, 507, 515, 523, 531]",7,SNEF
"voir delta financier pour remplacer horloge vestiaires par afficheur température. Po-
ser fourreaux quelque soit la décision prise avant pose de l’isolant par SOGEA",['19-03-2014'],[46],[355],16,SNEF
voir luminaire moins profond pour éclairage coursive (épaisseur complexe 70mm),['29-07-2015'],[82],[722],9,SNEF
voir pour mettre éclairage provisoire dans les circulations en concertation avec SOGEA,['04-11-2015'],"[97, 98]","[838, 847]",11,SNEF
vérifier prise en compte alimentation + transfo éclairage subaquatique,['12-03-2014'],[45],[346],11,SNEF
éclairage validé MODULLUM couleur AKZO gris 900 sablé,['18-06-2014'],"[59, 60, 63, 64, 65, 66]","[489, 499, 524, 531, 540, 549]",7,SNEF
"au droit fosse de plongée, habillage à poser verticalement sur la hauteur compen-
sée entre les 2 fers de la couronne basse",['21-05-2014'],"[55, 56, 57, 58, 59, 60, 61, 62, 63, 64, 65, 66, 67, 68, 69, 70, 71, 72, 73, 74, 75, 76, 77, 78, 79, 80, 81, 82, 83, 86, 87, 88, 89, 90, 91, 92, 98, 99]","[451, 460, 469, 478, 487, 496, 505, 513, 521, 529, 537, 546, 555, 564, 573, 586, 600, 613, 627, 640, 654, 664, 673, 682, 691, 700, 710, 720, 730, 760, 770, 780, 790, 800, 813, 827, 845, 853]",11,VICTOIRE
"cloison amovible hauteur 3,00m + imposte acoustique entre salle fitness et salle
cardiotraining",['09-04-2015'],"[67, 68, 69, 70, 71, 73, 75, 76, 77, 78, 79, 80, 81, 82, 83, 86, 87, 88, 89, 90, 91, 92]","[555, 564, 573, 586, 600, 627, 654, 664, 673, 682, 691, 700, 710, 720, 730, 760, 770, 780, 790, 800, 813, 827]",21,VICTOIRE
"dans panneaux acoustiques en lames de bois, au droit des grilles de ventilation, poser une
lame sur deux sans isolation acoustique ni feutre noir, avec cadre en bois",['26-03-2014'],"[49, 51, 55, 56, 57, 58, 59, 60, 61, 62, 63, 64, 65, 66, 67, 68, 69, 70, 71, 72, 73, 74, 75, 76, 77, 78, 79, 80, 81, 82, 83, 84, 86, 87, 88, 89, 90, 91, 92, 98, 99]","[393, 411, 451, 460, 469, 478, 487, 496, 505, 513, 521, 529, 537, 546, 555, 564, 573, 586, 600, 613, 627, 640, 654, 664, 673, 682, 691, 700, 710, 720, 730, 739, 760, 770, 780, 790, 800, 813, 827, 845, 853]",13,VICTOIRE
"deuxième réunion de synthèse avec faux plafonds (toile tendue) le 12/03/14 à
10h30. Pour cette date faire plan des ossatures des habillages des puits de lumière",['12-02-2014'],"[41, 42, 43, 44]","[308, 317, 326, 335]",4,VICTOIRE
"déposer limon passerelle bassin ludique pour permettre reprise béton du socle pour
le 26/06/15",['17-06-2015'],"[77, 78]","[673, 682]",41,VICTOIRE
"faire les impostes WAB du sas ascenseur hall d’entrée au R+1
S.A.M. Nord
METALLERIE –  SERRURERIE",['14-10-2015'],"[90, 91]","[800, 813]",17,VICTOIRE
"faire pate à bois sur tête de vis de fixation des bâtis bois pour permettre mise en
lasure",['03-06-2015'],"[75, 76, 77]","[654, 664, 673]",22,VICTOIRE
"fournir nuancier pour cloison amovible dont le rail haut est à prévoir en pose dès à
présent",['18-03-2015'],"[64, 65, 66, 67, 68, 69, 70, 71, 73, 74]","[529, 537, 546, 555, 564, 573, 586, 600, 627, 640]",13,VICTOIRE
"inverser ouvrant de service avec semi fixe sur porte accès sous gradins. 06/11/13 : sens
d’ouverture conservé mais largeur semi fixe réduite",['02-10-2013'],"[30, 31, 32, 33]","[215, 223, 231, 239]",3,VICTOIRE
"inverser ouvrant de service et semi fixe sur bloc porte entre palier R+1 du hall
d’entrée et coursive hall bassins",['24-06-2015'],"[78, 79]","[682, 691]",23,VICTOIRE
"lancer la fabrication des caillebotis et garde corps sous-sol pour mise en sécurité
des accès",['16-09-2015'],"[86, 87, 88, 89, 90, 91, 92]","[760, 770, 780, 790, 800, 813, 827]",42,VICTOIRE
"les trappes des bacs tampons seront fixées à la cheville chimique. Attention leur implanta-
tion est modifiée : en paroi et non en plancher haut. 16/09/15 : semaine 41",['20-03-2013'],"[86, 87, 88, 89, 90, 91]","[760, 770, 780, 790, 800, 813]",26,VICTOIRE
"l’habillage des canons de lumière sera réalisée en CP marine cintrée en 2 feuilles
fines, joint décalé. La jonction des panneaux sera n joint creux. Calepinage à soumettre ç VISA",['12-02-2014'],"[41, 42, 43, 44, 49, 51, 55, 56, 57, 58, 59, 60, 61, 62, 63, 64, 65, 66, 67, 68, 69, 70, 71, 72, 73, 74, 75, 76, 77, 78, 79]","[308, 317, 326, 335, 393, 411, 451, 460, 469, 478, 487, 496, 505, 513, 521, 529, 537, 546, 555, 564, 573, 586, 600, 613, 627, 640, 654, 664, 673, 682, 691]",7,VICTOIRE
"mettre en fabrication les châssis bois pour une pose sous quinzaine. 25/06/14 : mi-juillet.
01/04/15 : urgent pour pose châssis sur hall bassins sans délai",['18-06-2014'],"[66, 67, 68, 69, 70, 71, 73, 74]","[546, 555, 564, 573, 586, 600, 627, 640]",12,VICTOIRE
"porte du local chlore à prévoir plaine avec une VB et une VH diamétralement oppo-
sée de 4dm2 unitaire",['08-07-2015'],"[80, 81, 82, 83]","[700, 710, 720, 730]",38,VICTOIRE
"porte du local chlore à prévoir pleine avec une VB et une VH diamétralement opposée de
4dm2 unitaire16/09/15 : semaine 41",['08-07-2015'],"[86, 87, 88, 89, 90, 91, 92]","[760, 770, 780, 790, 800, 813, 827]",40,VICTOIRE
"porte local TGBT, prévoir une grille 300x200mm. 22/07/15 : fournir réservation. 16/09/15 :
300x200",['23-10-2013'],"[86, 87, 88, 89, 90, 91, 92]","[760, 770, 780, 790, 800, 813, 827]",30,VICTOIRE
"porte sectionnelle à remplacer par porte double vantaux OF hauteur standard + imposte double van-
taux OF. Cote à reprendre sur site. 04/06/14 : URGENT à poser. 17/06/15 : commande à passer, dispo fin
juillet",['22-01-2014'],"[77, 78, 79, 80, 81, 82, 83]","[673, 682, 691, 700, 710, 720, 730]",34,VICTOIRE
"porte va et vient confirmée entre les 2 zones de déchaussage, prévoir un occulus
toute hauteur : Problème de réservation déjà évoqué à SOGEA, resté sans suite.",['14-10-2015'],"[91, 92]","[813, 827]",15,VICTOIRE
"portes de part et d’autre espace déchaussage vestiaires individuels en simple ac-
tion dito plan architecte",['10-04-2013'],"[5, 6, 7, 8]","[33, 40, 47, 54]",3,VICTOIRE
pose de l’habillage de la sous face de l’ellipse après pose de la toile,['21-05-2014'],"[55, 56, 57, 58, 59, 60, 61, 62, 63, 64, 65, 66, 67, 68, 69, 70, 71, 72, 73, 74, 75, 76, 77, 78, 79, 80, 81, 82, 83, 84]","[451, 460, 469, 478, 487, 496, 505, 513, 521, 529, 537, 546, 555, 564, 573, 586, 600, 613, 627, 640, 654, 664, 673, 682, 691, 700, 710, 720, 730, 739]",10,VICTOIRE
"postes 1.4 (espace beauté et circulation fitness), 1.5 (espace beauté et circulation
fitness), 1.9.e (plan de consigne et d’évacuation) sont supprimés",['08-07-2015'],"[80, 81, 82, 83, 86, 87, 88, 89, 90, 91, 92, 98, 99]","[700, 710, 720, 730, 760, 770, 780, 790, 800, 813, 827, 845, 853]",18,VICTOIRE
"prévoir le miroir en salle fitness intégrant les barres de maintien (4,67m x 2,00m
haut)",['08-07-2015'],"[80, 81, 82, 83, 86, 87, 88, 89, 90, 91, 92, 98]","[700, 710, 720, 730, 760, 770, 780, 790, 800, 813, 827, 845]",20,VICTOIRE
prévoir même essence de bois pour les passerelles et l’escalier du hall d’entrée,['08-07-2015'],"[80, 81, 82, 83, 86, 90, 91, 92]","[700, 710, 720, 730, 760, 800, 813, 827]",21,VICTOIRE
"prévoir un portillon avec paumelles à ressort au droit du palier RDC de l’escalier héli-
coïdal",['30-04-2013'],"[77, 78, 79, 80, 81, 82, 83, 86, 87, 88, 89, 90, 91, 92, 98]","[673, 682, 691, 700, 710, 720, 730, 760, 770, 780, 790, 800, 813, 827, 845]",29,VICTOIRE
"prévoir une finition horizontale en CP marine reprenant le cintre du bas du canon de
lumière",['12-02-2014'],"[41, 42, 43, 44, 49, 51, 55, 56, 57, 58, 59, 60, 61, 62, 63, 64, 65, 66, 67, 68, 69, 70, 71, 72, 73, 74, 75, 76, 77, 78, 79, 80, 81, 82]","[308, 317, 326, 335, 393, 411, 451, 460, 469, 478, 487, 496, 505, 513, 521, 529, 537, 546, 555, 564, 573, 586, 600, 613, 627, 640, 654, 664, 673, 682, 691, 700, 710, 720]",6,VICTOIRE
"prévoir une trappe CF pour accès dans trémie du conduit de fumées. 22/07/15 : donner ré-
servation",['15-05-2013'],"[81, 82, 83, 86, 87, 88, 89, 90, 91, 92, 98]","[710, 720, 730, 760, 770, 780, 790, 800, 813, 827, 845]",30,VICTOIRE
"remonter le bois support de la cloison mobile pour permettre pose de la cornière de
rive du faux plafonds",['01-07-2015'],"[79, 80, 81, 82, 83, 86]","[691, 700, 710, 720, 730, 760]",22,VICTOIRE
"repositionner le bloc porte du local préparation ECS. URGENT pour débloquer le plombier. 06/05/15 :
URGENT, DERNIER RAPPEL. 17/06/15 : à recommander, dispo fin juillet début août. 08/07/15 : livraison se-
maine 39",['22-04-2015'],"[80, 81, 82, 83]","[700, 710, 720, 730]",36,VICTOIRE
"reprendre un limon de passerelle trop court. 25/06/14 : concerne la passerelle rivière.
22/07/15 : début septembre. 16/09/15 : pas de date de livraison. 23/09/15 : semaine 41",['18-06-2014'],"[87, 88, 89, 90, 91, 92]","[770, 780, 790, 800, 813, 827]",26,VICTOIRE
"reprendre un limon de passerelle trop court. 25/06/14 : concerne la passerelle rivière. 22/07/15 :
début septembre",['18-06-2014'],"[81, 82, 83]","[710, 720, 730]",35,VICTOIRE
"synthèse avec faux plafonds (toile tendue) au droit grand canon le 29/01/14 à 10h30. 15/01/14 :
décalée au 05/02/14 à 10h30",['08-01-2014'],"[38, 39, 40]","[280, 290, 299]",3,VICTOIRE
"transmettre dossier complet plans + tableaux de classement feu des blocs portes et
châssis à DEKRA",['04-12-2013'],"[34, 35, 36, 37, 38, 39, 40, 41, 42, 43, 44, 45, 46, 47, 48, 49, 49, 51, 52, 53, 54, 55, 56]","[247, 255, 263, 271, 280, 290, 299, 308, 317, 326, 335, 344, 353, 361, 370, 379, 393, 411, 424, 433, 442, 451, 460]",2,VICTOIRE
"vérifier que tous les châssis qui ne sont pas sur allège 1m sont prévus avec vitrage
CF1h (RICT bureau de contrôle)",['06-11-2013'],"[30, 31, 32, 33]","[215, 223, 231, 239]",5,VICTOIRE
PRESENCE IMPERATIVE EN REUNION LE 25/03/15 à 14h00,['18-03-2015'],[64],[529],12,VICTOIRE
"PRESENCE IMPERATIVE EN REUNION LE 25/03/15 à 14h00. 25/03/15 : PRESENCE
IMPERATIVE EN REUNION LE 01/04/15 à 14h00",['18-03-2015'],[65],[537],13,VICTOIRE
TRESPA NA 15 Indian Tera Cotta,['18-11-2015'],[99],[856],3,VICTOIRE
"TRESPA NA 15 Indian Tera Cotta
AVANCEMENT – PLANIFICATION
Intempéries :
35 jours
Voir détail sur CR 76.
Effectif :",['18-11-2015'],"[97, 98]","[838, 847]",9,VICTOIRE
"URGENT reprendre enduit sur habillage puits de lumière de la rivière
S.A.M. Nord
METALLERIE – SERRURERIE",['22-07-2015'],[81],[710],25,VICTOIRE
"Z1 à Z8 par SOGEA. Idem pour la Z11, Z12, Z15 à Z21 à charge SOGEA. Les Z9 et Z23 sont à
charge COEXIA
Contrôle réservations en RDC du 22/01/14
- valider VH local TGBT dans la porte du local
- manque toutes les réservations pour siphons de sol et caniveaux de la zone vestiaires sanitaires plongée (plan
non fourni)
Contrôle réservations en R+1 du 19/02/14
- 2 réservations 300x300 à déplacer en hauteur sur coursive bassin ludique (soufflage canons de lumière)
- vérifier alignement réservations au niveau terrasse technique zone plongée",['17-04-2013'],[54],[440],16,VICTOIRE
"Z11, regard en pied de chute à confirmer",['17-04-2013'],[54],[440],4,VICTOIRE
"Z13 et 14, pénétration dans bâtiment en point haut + attente au sol par SOGEA, descente intérieure
entre les 2 attentes par COEXIA. Il en va de même pour la Z10+Z24",['17-04-2013'],[54],[440],7,VICTOIRE
"accord DRD pour étudier habillage du puits de lumière de la verrière de la fosse de plongée en suivant
la pente du bac et donc avoir un retour « horizontale », calé sous la charpente métallique",['04-11-2015'],[98],[845],17,VICTOIRE
"accord pour TRESPA avec perforation ∅8mm espacée de 64mm
S.A.M. Nord
METALLERIE – SERRURERIE",['09-12-2015'],[98],[845],28,VICTOIRE
accès plateforme zone rivière validé,['17-06-2015'],[78],[682],21,VICTOIRE
"accès plateforme zone rivière validé
S.A.M. Nord
METALLERIE – SERRURERIE",['17-06-2015'],[77],[673],26,VICTOIRE
bancs LC supprimés,['01-04-2015'],"[66, 67, 68, 69, 70, 71, 73, 74, 75, 76, 77, 78, 79]","[546, 555, 564, 573, 586, 600, 627, 640, 654, 664, 673, 682, 691]",15,VICTOIRE
"bardage sur coursive, pose à la verticale, section et écartement entre lames conformément au CCTP,
depuis +0,49cm du sol fini à – 0,02cm de la toile tendue",['04-11-2015'],[98],[845],15,VICTOIRE
bruine LOTUS 10 couleur bleu,['18-06-2014'],"[97, 98, 99]","[838, 847, 856]",3,VICTOIRE
"caler ossature habillage puits de lumière rivière en décalant si nécessaire l’habillage
CP en sous face du canon
S.A.M. Nord
METALLERIE – SERRURERIE",['24-06-2015'],[78],[682],27,VICTOIRE
calfeutrement autour des bâtis porte,['02-09-2015'],[86],[760],18,VICTOIRE
carrelage Hall d'entrée: GRANITOGRE SERIE MARTE - référence GRIGIO MAGGIA 30X30 finition Matt,['25-02-2015'],"[97, 98]","[838, 847]",4,VICTOIRE
"châssis 11 et 13 hauteur 2,26m + imposte en wab (à chiffrer)",['09-04-2015'],"[67, 68, 69, 70, 71, 73]","[555, 564, 573, 586, 600, 627]",18,VICTOIRE
"châssis 11 et 13 hauteur 2,26m + imposte en wab (à chiffrer). 03/06/15 : devis à reprendre",['09-04-2015'],"[75, 76, 77, 78, 79, 80, 81, 82, 83, 86, 87]","[654, 664, 673, 682, 691, 700, 710, 720, 730, 760, 770]",15,VICTOIRE
châssis infirmerie fosse de plongée non conforme au plan architecte,['09-12-2015'],[98],[845],21,VICTOIRE
châssis sur pédiluve remise en forme supprimé,['01-04-2015'],"[66, 67, 68, 69, 70, 71, 73, 74, 75, 76, 77, 78, 79]","[546, 555, 564, 573, 586, 600, 627, 640, 654, 664, 673, 682, 691]",15,VICTOIRE
"compléter recoupement dans vestiaires individuels (entre recoupement déjà réalisé et la façade, per-
pendiculairement à la façade). 16/09/15 : à réaliser sur l’ensemble des vestiaires, perpendiculaire-
ment à la façade",['09-09-2015'],[86],[760],21,VICTOIRE
confirmer les épaisseurs d’isolant,['11-09-2013'],"[22, 23]","[156, 163]",1,VICTOIRE
"dans panneaux acoustiques en lames de bois, au droit des grilles de ventilation, poser une lame sur",['26-03-2014'],[85],[749],1,VICTOIRE
"deuxième réunion de synthèse avec faux plafonds (toile tendue) le 12/03/14 à 10h30. Pour
cette date faire plan des ossatures des habillages des puits de lumière. 12/03/14 : réunion reportée
suite à demande MODULE, date à confirmer. 19/03/14 : date recalée au 01/04/14 à 10h00. 02/04/14 :
aucun élément préparé ni remis ce jour. Prochaine réunion avec tous les éléments le 15/04/14 à 10h00",['12-02-2014'],"[49, 51]","[393, 411]",7,VICTOIRE
"deuxième réunion de synthèse avec faux plafonds (toile tendue) le 12/03/14 à 10h30. Pour cette date
faire plan des ossatures des habillages des puits de lumière. 12/03/14 : réunion reportée suite à demande",['12-02-2014'],"[45, 46, 47, 48, 49, 52, 53, 54]","[344, 353, 361, 370, 379, 424, 433, 442]",3,VICTOIRE
diffuser plan de recoupement des plénums à DEKRA,['01-04-2015'],"[66, 67, 68, 69, 70, 71, 73, 74, 75, 76, 77, 78, 79]","[546, 555, 564, 573, 586, 600, 627, 640, 654, 664, 673, 682, 691]",14,VICTOIRE
"dossier technique sur support papier à adresser par courrier à DEKRA
S.A.M. Nord
METALLERIE – SERRURERIE",['26-08-2015'],[83],[730],23,VICTOIRE
"du 17 au 22/06/15, la zone hall d’entrée, circulation remise en forme et administra-
tion sera condamnée (chape liquide)",['10-06-2015'],[76],[663],3,VICTOIRE
erreur de niveau d’implantation des limons d’escalier du hall d’entrée,['10-06-2015'],"[77, 78]","[673, 682]",40,VICTOIRE
"faire calfeutrement autour des trappes des gaines maçonnées en galeries tech-
niques à la mousse coupe feu",['09-12-2015'],[98],[845],38,VICTOIRE
faire doublage dans local CTA remise en forme,['10-06-2015'],"[76, 77]","[664, 673]",22,VICTOIRE
faire encoffrement gaine dans bureau directeur,['28-10-2015'],[98],[845],13,VICTOIRE
"faire encoffrement gaine dans bureau directeur
S.A.M. Nord
METALLERIE – SERRURERIE",['28-10-2015'],[92],[827],18,VICTOIRE
faire fermeture du local TGBT au droit de l’escalier d’accès au R+1 zone fosse de plongée,['02-12-2015'],[98],[845],19,VICTOIRE
faire les impostes WAB du sas ascenseur hall d’entrée au R+1,['14-10-2015'],[92],[827],15,VICTOIRE
"faire percement des profils supports des platelages des passerelles. 02/12/15 : validé, faire traitement
pour repose",['04-11-2015'],[98],[845],33,VICTOIRE
"faire renforcement des passerelles, risque d’arrachement des fixations dû à une trop grande souplesse",['04-11-2015'],[98],[845],31,VICTOIRE
fermer les locaux administration pour base vie compagnons,['02-12-2015'],[98],[845],18,VICTOIRE
fournir les différents nuanciers,['09-04-2015'],"[67, 68, 69, 70, 71, 73, 75, 76, 77, 78]","[555, 564, 573, 586, 600, 627, 654, 664, 673, 682]",21,VICTOIRE
fournir solde tous plans EXE pour le 10/06/15 dernier délai,['03-06-2015'],"[75, 76, 77, 78]","[654, 664, 673, 682]",22,VICTOIRE
fournir solde tous plans EXE pour le 10/06/15 dernier délai. 01/07/15 : rdv le 08/07/15 à 10h30,['03-06-2015'],[79],[691],18,VICTOIRE
"fournir solde tous plans EXE pour le 10/06/15 dernier délai. 01/07/15 : rdv le 08/07/15 à 10h30.
08/07/15 : plans pour le 22/07/15",['03-06-2015'],"[80, 81, 82, 83]","[700, 710, 720, 730]",13,VICTOIRE
inverser ouvrant de service avec semi fixe sur porte accès sous gradins,['02-10-2013'],"[25, 26, 27, 28, 29]","[178, 185, 193, 200, 208]",1,VICTOIRE
inverser sens de pose porte 54,['03-04-2015'],"[75, 76, 77]","[654, 664, 673]",20,VICTOIRE
"les trappes des bacs tampons seront fixées à la cheville chimique. Attention leur implantation est mo-
difiée : en paroi et non en plancher haut",['20-03-2013'],"[77, 78, 79, 80, 81, 82, 83]","[673, 682, 691, 700, 710, 720, 730]",28,VICTOIRE
"les trappes des bacs tampons seront fixées à la cheville chimique. Attention leur implantation est mo-
difiée : en paroi et non en plancher haut. 16/09/15 : semaine 41. 28/10/15 : accord pour pose en applique
sur cornière galva",['20-03-2013'],[92],[827],21,VICTOIRE
libérer votre local de stockage pour le 14/12/15,['09-12-2015'],[98],[845],20,VICTOIRE
manque trappe de visite + échelons sur bac tampon fosse de plongée,['02-12-2015'],[98],[845],34,VICTOIRE
mettre en fabrication les châssis bois pour une pose sous quinzaine,['18-06-2014'],[59],[487],10,VICTOIRE
mettre en fabrication les châssis bois pour une pose sous quinzaine. 25/06/14 : mi-juillet,['18-06-2014'],"[60, 61, 62, 63, 64, 65]","[496, 505, 513, 521, 529, 537]",10,VICTOIRE
modifier sens d’ouverture porte salle fitness sur circulation,['06-11-2013'],"[30, 31, 32, 33]","[215, 223, 231, 239]",6,VICTOIRE
nettoyer le chantier,['10-06-2015'],[76],[663],3,VICTOIRE
plan de menuiserie pour le 19/04/13 (papier DR + mail SOGEA et copie DR),['10-04-2013'],"[5, 6]","[33, 40]",5,VICTOIRE
plan ossature pour le 15/04/14,['01-04-2014'],"[49, 51]","[393, 411]",13,VICTOIRE
"plan ossature pour le 15/04/14. 21/05/14 : plan habillage des canons de lumière non abou-
ti, à finaliser pour le 28/05/14",['01-04-2014'],[55],[451],9,VICTOIRE
"porte 10 à transformer en tiercé 90+40, poussant droit",['09-04-2015'],"[67, 68, 69, 70, 71, 73, 75, 76, 77, 78, 79, 80, 81, 82, 83, 86, 87, 88, 89, 90, 91, 92]","[555, 564, 573, 586, 600, 627, 654, 664, 673, 682, 691, 700, 710, 720, 730, 760, 770, 780, 790, 800, 813, 827]",17,VICTOIRE
"porte local TGBT, prévoir une grille 300x200mm",['23-10-2013'],"[77, 78, 79, 80]","[673, 682, 691, 700]",31,VICTOIRE
"porte local TGBT, prévoir une grille 300x200mm. 22/07/15 : fournir réservation",['23-10-2013'],"[81, 82, 83]","[710, 720, 730]",31,VICTOIRE
"porte sectionnelle à remplacer par porte double vantaux OF hauteur standard + imposte double van-
taux OF. Cote à reprendre sur site. 04/06/14 : URGENT à poser. 17/06/15 : commande à passer, dispo fin juillet.
16/09/15 : semaine 41",['22-01-2014'],"[86, 87, 88, 89]","[760, 770, 780, 790]",33,VICTOIRE
"porte va et vient confirmée entre les 2 zones de déchaussage, prévoir un occulus
toute hauteur",['14-10-2015'],[90],[800],14,VICTOIRE
"porte va et vient confirmée entre les 2 zones de déchaussage, prévoir un occulus toute hauteur : pro-
blème de réservation déjà évoqué à SOGEA, resté sans suite. 04/11/15 : aucune imposition de nombre d’UP sur le
PC, voir pour un bloc porte entrant dans la réservation existant en terme de largeur. 02/12/15 : porte tiercée, ou-
verture vers espace collectif, posée en applique, ouverture à 180°, poussant droit service",['14-10-2015'],[98],[845],12,VICTOIRE
portes 44 et 55 supprimées,['11-06-2014'],"[58, 59, 60, 61, 62, 63, 64, 65, 66, 67, 68, 69, 70, 71, 73, 74, 75, 76, 77, 78, 79]","[478, 487, 496, 505, 513, 521, 529, 537, 546, 555, 564, 573, 586, 600, 627, 640, 654, 664, 673, 682, 691]",9,VICTOIRE
"prendre cote caillebotis local TGBT. 09/12/15 : en remplacement caillebotis non posé dans
local chlore",['02-12-2015'],[98],[845],36,VICTOIRE
"prévoir caillebotis dans les galeries techniques. 01/04/15 : compléter devis remis pour les 2 décaissés
côtés bassin ludique et pataugeoire",['22-01-2014'],"[77, 78]","[673, 682]",36,VICTOIRE
prévoir cylindre sur trappes dans caillebotis,['09-12-2015'],[98],[845],37,VICTOIRE
prévoir doublage sur mur local club + musculation (à chiffrer),['09-04-2015'],"[67, 68, 69, 70, 71, 73]","[555, 564, 573, 586, 600, 627]",19,VICTOIRE
prévoir doublage sur mur local club + musculation (à chiffrer). 03/06/15 : devis à reprendre,['09-04-2015'],"[75, 76, 77, 78, 79, 80, 81, 82, 83, 86, 87]","[654, 664, 673, 682, 691, 700, 710, 720, 730, 760, 770]",16,VICTOIRE
"prévoir même essence de bois pour les passerelles et l’escalier du hall d’entrée
S.A.M. Nord
METALLERIE – SERRURERIE",['08-07-2015'],"[87, 88, 89]","[770, 780, 790]",16,VICTOIRE
prévoir ouverture à 180° des portes vestiaires remise en forme sur circulation,['06-11-2013'],"[30, 31, 32, 33]","[215, 223, 231, 239]",7,VICTOIRE
prévoir porte IS zone casiers individuels (entre alignement cabines déshabillage),['10-04-2013'],"[5, 6, 7, 8]","[33, 40, 47, 54]",4,VICTOIRE
prévoir porte entre vestiaires individuels et vestiaires collectifs en double action,['06-11-2013'],"[30, 31, 32, 33]","[215, 223, 231, 239]",8,VICTOIRE
"prévoir profil d’angle en azobé sur bardage acoustique de la coursive à chaque
angle sortant",['09-12-2015'],[98],[845],23,VICTOIRE
prévoir réseaux EU/EP avant réalisation rampe accès,['17-04-2013'],[54],[440],5,VICTOIRE
prévoir une trappe CF pour accès dans trémie du conduit de fumées,['15-05-2013'],"[77, 78, 79, 80]","[673, 682, 691, 700]",30,VICTOIRE
"repositionner le bloc porte du local préparation ECS. URGENT pour débloquer le plombier. 06/05/15 :
URGENT, DERNIER RAPPEL. 17/06/15 : à recommander, dispo fin juillet début août",['22-04-2015'],"[77, 78, 79]","[673, 682, 691]",39,VICTOIRE
"repositionner le bloc porte du local préparation ECS. URGENT pour débloquer le plombier. 06/05/15 :
URGENT, DERNIER RAPPEL. 17/06/15 : à recommander, dispo fin juillet début août. 08/07/15 : livraison semaine
39. 16/09/15 : non confirmée",['22-04-2015'],"[86, 87, 88, 89]","[760, 770, 780, 790]",38,VICTOIRE
reprendre tête de cloison du sas administration,['01-07-2015'],"[80, 81, 82, 83, 86, 87, 88, 89, 90, 91, 92]","[700, 710, 720, 730, 760, 770, 780, 790, 800, 813, 827]",16,VICTOIRE
"reprendre tête de cloison du sas administration
S.A.M. Nord
METALLERIE – SERRURERIE",['01-07-2015'],[79],[691],25,VICTOIRE
reprendre un limon de passerelle trop court. 25/06/14 : concerne la passerelle rivière,['18-06-2014'],"[77, 78, 79, 80]","[673, 682, 691, 700]",37,VICTOIRE
"reprendre un limon de passerelle trop court. 25/06/14 : concerne la passerelle rivière. 22/07/15 : dé-
but septembre. 16/09/15 : pas de date de livraison",['18-06-2014'],[86],[760],35,VICTOIRE
repères 1 et 8 en alu donc à charge SOGEA,['10-04-2013'],"[5, 6, 7, 8]","[33, 40, 47, 54]",5,VICTOIRE
"reste à fournir nuancier TRESPA, store, porte de placard et échantillon bois pour
marche et passerelles
S.A.M. Nord
METALLERIE – SERRURERIE",['08-07-2015'],[80],[700],25,VICTOIRE
"reste à fournir nuancier TRESPA, store, porte de placard et échantillon bois pour marche et passe-
relles",['08-07-2015'],[81],[710],22,VICTOIRE
reste à fournir échantillon bois pour marche et passerelles,['08-07-2015'],"[83, 86]","[730, 760]",20,VICTOIRE
"reste à fournir échantillon bois pour marche et passerelles
S.A.M. Nord
METALLERIE – SERRURERIE",['08-07-2015'],[82],[720],23,VICTOIRE
"réception bâtis de porte / maçonnerie le 23/09/15 à 11h30
S.A.M. Nord
METALLERIE – SERRURERIE",['16-09-2015'],[86],[760],24,VICTOIRE
"réservation au droit coursive au-dessus local MNS à scier pour hauteur fini de 500mm en alignant les
deux réservations
Réception support par CRI du 12/03/14
- fosse de plongée, reprendre désaffleur entre les deux levées de coulage des bajoyers. Reste à vérifier la dimen-
sion en plan (∅ constant à vérifier sur la hauteur)
ASSISTANT MAITRISE D’OUVRAGE",['09-04-2014'],[54],[440],21,VICTOIRE
réunion finalisation prestation cloisons doublages le 04/12/13 à 16h00,['20-11-2013'],"[32, 33]","[231, 239]",8,VICTOIRE
réunion mise au point prestation cloisons doublages le 20/11/13 à 16h00,['06-11-2013'],"[30, 31]","[215, 223]",8,VICTOIRE
suppression du caillebotis dans le local chlore,['08-07-2015'],"[80, 81, 82, 83, 86, 87, 88, 89, 90, 91, 92]","[700, 710, 720, 730, 760, 770, 780, 790, 800, 813, 827]",38,VICTOIRE
"synthèse avec faux plafonds (toile tendue) au droit grand canon le 29/01/14 à
10h30",['08-01-2014'],[37],[271],3,VICTOIRE
transmettre dossier EXE complet à DEKRA,['15-04-2015'],"[68, 69, 70]","[564, 573, 586]",21,VICTOIRE
"transmettre dossier EXE complet à DEKRA. 06/05/15 : URGENT, DERNIER RAPPEL",['15-04-2015'],"[71, 73, 75, 76, 77, 78]","[600, 627, 654, 664, 673, 682]",21,VICTOIRE
"échafaudage au-dessus fosse de plongée non conforme. A mettre en conformité et
compléter. Exiger attestation d’accessibilité du monteur avant utilisation",['09-12-2015'],[98],[845],25,VICTOIRE
"établir devis pour fourniture et pose de garde corps en périphérie de décaissé de
dalle en galerie technique au droit du bassin d’activité",['24-06-2015'],[78],[682],42,VICTOIRE
"Carrelage Hall d'entrée: GRANITOGRE SERIE MARTE -  référence GRIGIO MAGGIA 30X30 finition
Matt",['25-02-2015'],"[87, 88, 89, 90, 91, 92]","[773, 783, 793, 803, 819, 830]",7,SOG
"HEA en renfort linteau accès sous sol posé sur console. 22/01/14 : console dans l’épaisseur
du fer",['08-01-2014'],"[39, 40, 41, 42, 43, 44]","[289, 298, 307, 316, 325, 334]",34,SOG
"SNEF signale que les réservations demandées n’ont pas été prises en compte en RDC et R+1.
04/12/13 : pris en compte sur plans remis ce jour
Contrôle réservations en sous sol du 18/12/13
- Déboucher toutes les réservations
- Locaux TE / TA :
. 2 ventilations de bac tampon fosse de plongée à carotter
. 3 pièces à sceller bac tampon plongée à carotter : plan précis à fournir par EAS
. manque 4 réservations en PH pour COEXIA : plan précis à fournir par COEXIA
. manque 1 réservation COEXIA en voile cour anglaise
. vérifier si robinet de puisage dans socle casiers piscine
. vérifier siphon + évacuation sanitaires entrée et sanitaires douches piscine : confirmer nature des réseaux à pas-
ser par COEXIA
- Galeries techniques :
. voile à proximité local technique ludique à vérifier
. manque 1 réservation SNEF à proximité du local technique ludique
. manque 1 réservation COEXIA en voile infrastructure à côté du bassin d’apprentissage
. manque 3 réservations COEXIA à côté des bacs tampon
. vérifier possibilité de descendre réseau EU plages sous poutres autour du bassin d’activités (AI poutre à – 0.58
sauf une poutre à – 0.63)
. prévoir un gabarit pour vérification réservation grille de soufflage au sol
Contrôle réservations en RDC du 22/01/14
- manque 1∅200 dans local stockage univers petite enfance
- manque 1 réservation 20x40ht au droit douches à jets
- reprendre alignement 3 réservations rectangulaires dans salle fitness
- vérifier 2 réservations dans sanitaires publics
- vérifier 1 réservation dans local entretien vestiaires
- manque 1 réservation 35x35 en dalle haute du TGBT",['27-11-2013'],"[40, 40, 41, 41, 42, 42]","[296, 296, 305, 305, 314, 314]",42,SOG
"SNEF signale que les réservations demandées n’ont pas été prises en compte en RDC et R+1.
04/12/13 : pris en compte sur plans remis ce jour
Contrôle réservations en sous sol du 18/12/13
- Linteau entrée sous-sol à recouper
- Déboucher toutes les réservations
- Locaux TE / TA :
. 2 ventilations de bac tampon fosse de plongée à carotter
. 3 pièces à sceller bac tampon plongée à carotter : plan précis à fournir par EAS
. manque 4 réservations en PH pour COEXIA : plan précis à fournir par COEXIA
. manque 1 réservation COEXIA en voile cour anglaise
. vérifier si robinet de puisage dans socle casiers piscine
. vérifier siphon + évacuation sanitaires entrée et sanitaires douches piscine : confirmer nature des réseaux à pas-
ser par COEXIA
- Galeries techniques :
. voile à proximité local technique ludique à vérifier
. manque 1 réservation SNEF à proximité du local technique ludique
. manque 1 réservation COEXIA en voile infrastructure à côté du bassin d’apprentissage
. vérifier ∅200 manquant en voile bac tampon. 15/01/14 : pas nécessaire
. manque 3 réservations COEXIA à côté des bacs tampon
. vérifier possibilité de descendre réseau EU plages sous poutres autour du bassin d’activités (AI poutre à – 0.58
sauf une poutre à – 0.63)
. prévoir un gabarit pour vérification réservation grille de soufflage au sol",['27-11-2013'],"[36, 36, 37, 37, 38, 38, 39, 39]","[261, 261, 269, 269, 278, 278, 287, 287]",39,SOG
"URGENT poser les blocs portes des saunas. 16/09/15 : DERNIER RAPPEL, conséquence re-
tard sur carrelage",['09-09-2015'],"[86, 87, 88, 89]","[759, 769, 779, 789]",31,SOG
"Z1 à Z8 par SOGEA. Idem pour la Z11, Z12, Z15 à Z21 à charge SOGEA. Les Z9 et Z23 sont
à charge COEXIA
Synthèse",['17-04-2013'],"[22, 22, 23, 23, 24, 24, 25, 25, 26, 26, 27, 27, 28, 28, 29, 29, 30, 30, 31, 31, 32, 32, 33, 33, 34, 34, 35, 35, 36, 36, 37, 37, 38, 38, 39, 39, 40, 40, 41, 41, 42, 42, 43, 43, 44, 44, 45, 45, 46, 46, 47, 47, 48, 48, 49, 49, 49, 49, 51, 51]","[154, 154, 161, 161, 168, 168, 176, 176, 183, 183, 191, 191, 198, 198, 206, 206, 213, 213, 221, 221, 229, 229, 237, 237, 245, 245, 253, 253, 261, 261, 269, 269, 278, 278, 287, 287, 296, 296, 305, 305, 314, 314, 323, 323, 332, 332, 341, 341, 350, 350, 359, 359, 368, 368, 377, 377, 388, 388, 406, 406]",16,SOG
"Z13 et 14, pénétration dans bâtiment en point haut + attente au sol par SOGEA, descente
intérieure entre les 2 attentes par COEXIA. Il en va de même pour la Z10+Z24",['17-04-2013'],"[22, 22, 23, 23, 24, 24, 25, 25, 26, 26, 27, 27, 28, 28, 29, 29, 30, 30, 31, 31, 32, 32, 33, 33, 34, 34, 35, 35, 36, 36, 37, 37, 38, 38, 39, 39, 40, 40, 41, 41, 42, 42, 43, 43, 44, 44, 45, 45, 46, 46, 47, 47, 48, 48, 49, 49, 49, 49, 51, 51, 52, 52, 53, 53, 54, 54, 55, 55, 56, 56]","[154, 154, 161, 161, 168, 168, 176, 176, 183, 183, 191, 191, 198, 198, 206, 206, 213, 213, 221, 221, 229, 229, 237, 237, 245, 245, 253, 253, 261, 261, 269, 269, 278, 278, 287, 287, 296, 296, 305, 305, 314, 314, 323, 323, 332, 332, 341, 341, 350, 350, 359, 359, 368, 368, 377, 377, 388, 388, 406, 406, 422, 422, 431, 431, 440, 440, 449, 449, 458, 458]",13,SOG
"accord DR pour simplifier coffrage de modifier trémie escalier hélicoïdal en section
carrée (perpendiculaire) et modifier voile en « S » en voile droit sous les gradins avec un biais au
droit du raccordement sur le passage sous la rivière à bouée",['27-03-2013'],"[3, 5, 6, 8, 9]","[21, 33, 39, 53, 60]",22,SOG
"accord DR pour élargir cour anglaise de ventilation de la galerie du bassin sportif de
0,30m pour permettre passage banche",['27-03-2013'],"[3, 4, 5, 6, 8]","[21, 27, 33, 39, 53]",17,SOG
"accord des membres du comité de gestion du compte prorata pour ajout caméras
de surveillance y compris au droit des containers",['17-06-2015'],"[77, 78, 79, 80]","[672, 681, 690, 699]",52,SOG
"arrêter le gardiennage à partir du 09/03/15 au matin, date de reprise effective du
chantier",['18-02-2015'],"[61, 62]","[503, 511]",5,SOG
"bloc porte sauna blanc
AVANCEMENT –  PLANIFICATION
Intempéries :
35 jours
Voir détail sur CR 76.
Effectif :",['23-09-2015'],"[87, 88, 89, 90, 91]","[773, 783, 793, 803, 819]",12,SOG
"choix des teintes de la toile tendue 6 mois au plus tard avant la pose. 06/11/13 : choix pour
01/12/13",['11-09-2013'],"[30, 31, 32]","[216, 224, 232]",5,SOG
compléter enduit sur maçonnerie pour pose relevé de carrelage. A voir sur site avec,['09-09-2015'],"[85, 86, 87]","[749, 759, 769]",25,SOG
"compléter enduit sur maçonnerie pour pose relevé de carrelage. A voir sur site avec CRI.
30/09/15 : à solder dès le 05/10/15",['09-09-2015'],"[88, 89, 90, 91]","[779, 789, 799, 811]",24,SOG
"dans dalle formant plénum de soufflage derrière bain chaud, prévoir feuillure pour
pose des grilles de ventilation de 20x20mm",['24-06-2015'],"[78, 80, 81, 82, 83, 84, 85, 86, 87]","[681, 699, 709, 719, 729, 739, 749, 759, 769]",55,SOG
"date de limite pour terminer la terrasse technique (dalles sur plots et contre bar-
dage, couvertines, …) le 25/09/15. Ensuite MQB mettra en place ses gaines",['16-09-2015'],"[86, 87]","[759, 769]",43,SOG
"date de limite pour terminer la terrasse technique (dalles sur plots et contre bardage, couvertines, …)
le 25/09/15. Ensuite MQB mettra en place ses gaines. 30/09/15 : non terminé. 14/10/15 : contre bardage
non terminé",['16-09-2015'],"[90, 92, 98, 99]","[799, 826, 844, 853]",35,SOG
"diffuser plan de socles sur terrasse technique. 06/11/13 : tenir compte épaisseur complexe
isolant/étanchéité 100mm
Réservations en phase réalisation",['30-10-2013'],"[30, 30, 31, 31, 32, 32, 33, 33]","[213, 213, 221, 221, 229, 229, 237, 237]",19,SOG
"diffuser plan siphon et réseaux plages extérieurs à MONTARON pour le 20/09/13
Contrôle réservations en sous sol du 18/12/13
- Locaux TE / TA :
. vérifier si robinet de puisage dans socle casiers piscine
Contrôle réservations en RDC du 22/01/14
- valider VH local TGBT dans la porte du local
- vérifier alignement des réservations dans gradins
- vérifier alignement des réservations des trappes de lignes de nage
- manque toutes les réservations pour siphons de sol et caniveaux de la zone vestiaires sanitaires plon-
gée (plan non fourni)
Contrôle réservations de serrurerie du 22/01/14
- repères 4 et 6 : piochage si nécessaire lors de la pose
- repères 5 et 18 : reprise
- repère 8, 11 et 20 : vérification avec trait de niveau
- repère 10 : calfeutrement mortier après pose si nécessaire
Contrôle réservations en R+1 du 19/02/14
- vérifier alignement réservations sur coursive
- 2 réservations 300x300 à déplacer en hauteur sur coursive bassin ludique (soufflage canons de lu-
mière)
- vérifier alignement réservations au niveau terrasse technique zone plongée",['18-09-2013'],"[49, 49, 49, 49, 51, 51]","[377, 377, 388, 388, 406, 406]",29,SOG
"décaissé dans plancher bas local technique supprimé mais agrandi dans la galerie
technique (suivant plan MQB-EAS)",['06-03-2013'],"[1, 2, 3, 4, 5, 6, 7]","[10, 16, 21, 27, 33, 39, 46]",5,SOG
"dû au lot VRD environ 4 450m3 en apport et environ 32 100m3 en réemploi. Dû au
lot GO 16 000m3 (estimé en phase chantier 5 000m3)",['11-09-2013'],"[22, 23, 24, 25, 26, 29, 33, 35, 36, 37, 39, 40, 41, 43]","[158, 165, 172, 180, 187, 209, 241, 257, 265, 273, 292, 301, 310, 328]",13,SOG
"faire levé topo et définition des besoins réels pour le 25/09/13. 26/09/13 : en m3
remblais périphériques : 6400 pour 4000 marché
trottoir : 700 pour 2251 marché
voirie : 3529 pour 3651 marché
solarium : 735 pour 642 marché
espaces verts : 1210 pour 1320 marché
merlon paysager : 24600 pour 13000 marché (avec 0,20m de terre végétale et nivellement plat)
soit ≈ 37100 m3 pour 24700 m3 marché. Manque ≈ 10000m3",['11-09-2013'],"[24, 25, 26, 29, 39, 40]","[172, 180, 187, 209, 292, 301]",20,SOG
"faire levé topo et définition des besoins réels pour le 25/09/13. 26/09/13 : en m3
remblais périphériques : 6400 pour 4000 marché
trottoir : 700 pour 2251 marché
voirie : 3529 pour 3651 marché
solarium : 735 pour 642 marché
espaces verts : 1210 pour 1320 marché
merlon paysager : 24600 pour 13000 marché (avec 0,20m de terre végétale et nivellement plat)
soit ≈ 37100 m3 pour 24700 m3 marché. Manque ≈ 10000m3
VRD
23/10/13 :
- L’entreprise a remis au BERIM ce jour le plan indice A Projet de Murs de soutènement. Il sera complété par les
coupes et détail suivants :
- Coupe AA sur le talus de l’espace vert
- Coupe BB sur le profil n°13
- Détail de la constitution du sol sous mur préfabriqué.
- Fiche technique des murs préfabriqués, accompagné de la note de calcul de dimensionnement
- L’ensemble de ses documents devra être transmis au contrôleur technique en format papier pour visa.
TCE",['11-09-2013'],"[33, 35, 36]","[241, 257, 265]",27,SOG
"faire nettoyage de la charpente et contrôle des diverses quincailleries et serrage.
12/03/14 : RAPPEL nettoyage charpente. 26/03/14 : nettoyage refusée",['29-01-2014'],"[49, 51, 52, 53]","[378, 409, 423, 432]",18,SOG
"faire nettoyage de la charpente et contrôle des diverses quincailleries et serrage.
12/03/14 : RAPPEL nettoyage charpente. 26/03/14 : nettoyage refusée. 14/05/14 : nettoyage program-
mée en même temps que pose toile tendue. 11/03/15 : toute hauteur de poutre",['29-01-2014'],"[63, 64, 65, 66, 67, 68, 69, 70, 71, 72]","[520, 528, 536, 545, 554, 563, 572, 584, 599, 611]",5,SOG
"faire nettoyage de la charpente et contrôle des diverses quincailleries et serrage.
12/03/14 : RAPPEL nettoyage charpente. 26/03/14 : nettoyage refusée. 14/05/14 : nettoyage program-
mée en même temps que pose toile tendue. 11/03/15 : toute hauteur de poutre. 20/05/15 : nettoyage
sous face des poutre au droit des lacage de la toile tendue + remontée sur 50cm mini",['29-01-2014'],"[73, 74, 75, 76, 77]","[626, 638, 653, 663, 672]",5,SOG
"faire nettoyage de la charpente et contrôle des diverses quincailleries et serrage. 12/03/14 :
RAPPEL nettoyage charpente",['29-01-2014'],"[45, 46]","[343, 352]",32,SOG
"faire nettoyage de la charpente et contrôle des diverses quincailleries et serrage. 12/03/14 : RAPPEL
nettoyage charpente. 26/03/14 : nettoyage refusée. 14/05/14 : nettoyage programmée en même temps
que pose toile tendue",['29-01-2014'],"[54, 55, 56, 57, 58, 59, 60, 61, 62]","[441, 450, 459, 468, 477, 486, 495, 504, 512]",17,SOG
"faire proposition de gardes corps lestés en périphérie des bassins sportif et activi-
tés",['16-09-2015'],"[86, 87]","[759, 769]",37,SOG
"faire proposition d’habillage sous face d’entrée zone plongée en panneaux type Ema-
lith. Les ébrasements seront en toile tendue",['19-02-2014'],"[43, 44, 45, 46, 49, 51, 52, 53, 54, 55, 56, 57, 58, 59, 60, 61, 62, 63, 64]","[325, 334, 343, 352, 378, 409, 423, 432, 441, 450, 459, 468, 477, 486, 495, 504, 512, 520, 528]",46,SOG
"faire proposition d’habillage sous face d’entrée zone plongée en panneaux type Ema-
lith. Les ébrasements seront en toile tendue. 25/03/15 : validé en alucobom, faire un échantillon",['19-02-2014'],"[65, 66, 67, 68, 69, 70, 71, 72]","[536, 545, 554, 563, 572, 584, 599, 611]",8,SOG
"faire proposition d’habillage sous face d’entrée zone plongée en panneaux type Ema-
lith. Les ébrasements seront en toile tendue. 25/03/15 : validé en alucobom, faire un échantillon.
20/05/15 : alucobond en butée sur poutre BA, habillage latéraux en membrane. Comme proposé,
faire relevé et retombée d’étanchéité sur béton en périphérie et retour",['19-02-2014'],"[73, 74, 75]","[626, 638, 653]",10,SOG
"faire proposition d’habillage sous face d’entrée zone plongée en panneaux type Ema-
lith. Les ébrasements seront en toile tendue. 25/03/15 : validé en alucobom, faire un échantillon.
20/05/15 : alucobond en butée sur poutre BA, habillage latéraux en membrane. Comme proposé, faire
relevé et retombée d’étanchéité sur béton en périphérie et retour. 10/06/15 : confirmer date
d’intervention. 14/10/15 : à partir du 19/10/15",['19-02-2014'],"[76, 77, 78, 79, 80, 81, 82, 83, 84, 85, 86, 87, 88, 89, 90, 91, 92, 98]","[663, 672, 681, 690, 699, 709, 719, 729, 739, 749, 759, 769, 779, 789, 799, 811, 826, 844]",9,SOG
"faire vérification mise en place de tous les closoirs + calfeutrement coupe feu sous
bacs aciers de couverture",['25-03-2015'],"[65, 67, 68, 69, 71, 73, 75]","[536, 554, 563, 572, 599, 626, 653]",39,SOG
"faire vérification mise en place de tous les closoirs + calfeutrement coupe feu sous bacs aciers de
couverture. 10/06/15 : à terminer rapidement avant intervention faux plafonds. 01/07/15 : diffuser plan de repérage
validé par DEKRA. 08/07/15 : fait. Se conformer également à la fiche 73 de DEKRA. 26/08/15 : Fait, dossier
pour validation DEKRA en cours",['25-03-2015'],"[83, 84]","[729, 739]",20,SOG
"faire vérification étanchéité verrière petit canon de lumière. 16/09/15 : faire vérification et re-
prise sans délai des verrières plongée et petit canon, conséquence néfaste et retard sur autres
corps d’état. A solutionner définitivement",['09-09-2015'],"[86, 87, 88]","[759, 769, 779]",35,SOG
"faire vérification étanchéité verrière petit canon de lumière. 16/09/15 : faire vérification et reprise sans
délai des verrières plongée et petit canon, conséquence néfaste et retard sur autres corps d’état. A solutionner dé-
finitivement. 07/10/15 : toujours des infiltrations au droit de la verrière fosse de plongée ayant
pour conséquence le décollement de l’étanchéité",['09-09-2015'],"[89, 90]","[789, 799]",34,SOG
"faire vérification étanchéité verrière petit canon de lumière. 16/09/15 : faire vérification et reprise sans
délai des verrières plongée et petit canon, conséquence néfaste et retard sur autres corps d’état. A solutionner dé-
finitivement. 07/10/15 : toujours des infiltrations au droit de la verrière fosse de plongée ayant pour conséquence le
décollement de l’étanchéité. 28/10/15 : fuite persistante au niveau de la verrière de la fosse de plon-
gée, ayant pour conséquence l’impossibilité de terminer le carrelage en fond de fosse",['09-09-2015'],"[92, 98]","[826, 844]",27,SOG
"fournir échantillon de charpente et plafonds de revers teinté chêne clair
DOCUMENTS REMIS EN REUNION
Néant
VALIDATION PLANS
Voir tableau SOGEA en annexe au présent CR",['13-06-2013'],"[14, 16]","[97, 112]",7,SOG
"hauteur sous bassin apprentissage 1,87m et sous bassin loisirs 1,40m (coupes ar-
chitecte)",['06-03-2013'],"[1, 2, 3, 4, 5, 6, 7, 8, 9]","[10, 16, 21, 27, 33, 39, 46, 53, 60]",8,SOG
"la DIRECCTE demande un PPSPS et une VIC pour le personnel RAMERY en conven-
tion de prêt assimilé à de la sous-traitance",['22-04-2015'],"[69, 71, 73, 75]","[572, 599, 626, 653]",42,SOG
"le planning TCE a été diffusé pour analyse à toutes les entreprises avec retour pour
le 04/10/13. Réunion de signature du planning le 16/10/13 à 14h00 : toutes les entreprises sont
convoquées
Intempéries :
2 jours
1 jour (le 03/07/13 : pluie), 1 jour (le 18/09/13 : pluie)
Effectif :",['25-09-2013'],"[24, 25, 26]","[172, 180, 187]",32,SOG
"le planning TCE a été diffusé pour analyse à toutes les entreprises avec retour pour le 04/10/13. Réu-
nion de signature du planning le 16/10/13 à 14h00 : toutes les entreprises sont convoquées. 18/12/13 : non pré-
sents, non signés et convoqués le 08/01/14 : SAM+, SUEDE SAUNA
Intempéries :
23 jours
1 jour (le 03/07/13 : pluie), 1 jour (le 18/09/13 : pluie), 1 jour (le 10/10/13 : pluie), 1 jour (le 23/10/13 : vent), 1 jour
(le 25/10/13 : vent), 2 jours (les 28 et 29/10/13), 3 jours (le 04/11/13 : vent, le 05/11/13 : pluie, le 06/11/13 : pluie +
vent), 2 jours (les 07 et 08/11/13 : pluie et vent), 1 jour (le 14/11/13 : vent), 1 jour (le 19/11/13 : pluie), 1 jour (le
21/11/13 : neige), 1 jour (le 03/12/13 : gel), 1 jour (le 11/12/13 : gel), 2 jours (les 12 et 13/12/13 : gel), 1 jour (le
06/01/14 : pluie), 2 jours (les 14 et 15/01/14 : pluie), 1 jour (le 20/01/14 : pluie)
Effectif :",['25-09-2013'],"[39, 40]","[292, 301]",30,SOG
"manque 2 crosses en terrasse technique pour passage câbles électriques depuis le
R+1 au droit du lanterneau de désenfumage",['22-04-2015'],"[69, 71, 73, 75, 76, 77, 78, 79, 80, 81, 82]","[572, 599, 626, 653, 663, 672, 681, 690, 699, 709, 719]",41,SOG
"manque 4 réservations en PH sous-sol pour siphon de sol dans sanitaires/douches
individuels
ASSISTANT MAITRISE D’OUVRAGE",['26-03-2014'],"[47, 47, 48, 48, 49, 49]","[359, 359, 368, 368, 377, 377]",41,SOG
"manque des réservations pour SNEF dans vestiaires collectifs, bureau directeur et
TGBT",['25-06-2014'],"[60, 61, 62, 63, 64, 65, 66, 67, 68]","[495, 504, 512, 520, 528, 536, 545, 554, 563]",30,SOG
"manque deux réservations dans voile file 10 (sans recherche de responsabilité) de
2000x1000mm + ∅250mm. Utilisation de deux réservations 1000x1000mm de part et d’autre
dudit voile pour dédoubler la gaine initiale. Un carottage est à prévoir pour le ∅250mm man-
quant
ASSISTANT MAITRISE D’OUVRAGE",['16-10-2013'],"[27, 27, 28, 28, 29, 29, 30, 30, 32, 32]","[191, 191, 198, 198, 206, 206, 213, 213, 229, 229]",23,SOG
"manque sortie toiture pour hammam (costière fournie par MQB) : Doit contacter MQB
pour son implantation. 10/06/15 : MQB fournira la costière",['06-05-2015'],"[76, 77, 78, 79, 80, 81, 82, 83, 84, 85, 86, 87, 88, 89, 90, 91, 92, 98]","[663, 672, 681, 690, 699, 709, 719, 729, 739, 749, 759, 769, 779, 789, 799, 811, 826, 844]",39,SOG
"manque évacuations douches et pédiluves extérieurs. 17/06/15 : réalisation en même temps
que le GO",['10-06-2015'],"[77, 78, 79, 80, 81]","[672, 681, 690, 699, 709]",47,SOG
"membrane du tipi à poser verticalement (soudure verticale), par lé trapézoïdal. Faire plan
de calepinage sur la base d’un développé. 18/09/13 : suite à la visite de ce jour de la piscine de Laon,
réaliser un prototype pour validation de l’équivalent d’une trame. 30/10/13 : prototype prêt à partir
du 13/11/13. 13/11/13 : visite le 27/11/13 à 11h00. 04/12/13 : nouvelle date à caler. 18/12/13 : début
janvier 2014. 08/01/14 : visite le 15/01/14 à 10h30. 15/01/14 : nouvelle visite le 29/01/14à 10h30.
29/01/14 : à recaler au 05/02/14 à 10h30. 12/02/14 : terminer le prototype et confirmer une date pos-
sible de visite. Faire proposition de bouchon en extrémité des épines du tipi",['19-06-2013'],"[41, 42, 43, 44, 45, 46, 47, 48, 49, 51, 52, 53, 54]","[307, 316, 325, 334, 343, 352, 360, 369, 378, 409, 423, 432, 441]",24,SOG
"membrane du tipi à poser verticalement (soudure verticale), par lé trapézoïdal. Faire plan de calepinage
sur la base d’un développé. 18/09/13 : suite à la visite de ce jour de la piscine de Laon, réaliser un prototype pour
validation de l’équivalent d’une trame. 30/10/13 : prototype prêt à partir du 13/11/13. 13/11/13 : visite le
27/11/13 à 11h00",['19-06-2013'],"[31, 32, 33, 34, 35]","[222, 230, 238, 246, 254]",20,SOG
"membrane du tipi à poser verticalement (soudure verticale), par lé trapézoïdal. Faire plan de calepinage
sur la base d’un développé. 18/09/13 : suite à la visite de ce jour de la piscine de Laon, réaliser un prototype pour
validation de l’équivalent d’une trame. 30/10/13 : prototype prêt à partir du 13/11/13. 13/11/13 : visite le 27/11/13
à 11h00. 04/12/13 : nouvelle date à caler. 18/12/13 : début janvier 2014. 08/01/14 : visite le 15/01/14 à 10h30.
15/01/14 : nouvelle visite le 29/01/14à 10h30",['19-06-2013'],"[39, 40]","[289, 298]",22,SOG
"membrane du tipi à poser verticalement (soudure verticale), par lé trapézoïdal. Faire plan de calepinage
sur la base d’un développé. 18/09/13 : suite à la visite de ce jour de la piscine de Laon, réaliser un prototype pour
validation de l’équivalent d’une trame. 30/10/13 : prototype prêt à partir du 13/11/13. 13/11/13 : visite le 27/11/13
à 11h00. 04/12/13 : nouvelle date à caler. 18/12/13 : début janvier 2014. 08/01/14 : visite le 15/01/14 à 10h30.
15/01/14 : nouvelle visite le 29/01/14à 10h30. 29/01/14 : à recaler au 05/02/14 à 10h30. 12/02/14 : terminer le
prototype et confirmer une date possible de visite. Faire proposition de bouchon en extrémité des épines du tipi.
21/05/14 : attention à ne pas créer de décalage entre membrane et toile perforée, continuité à
assurer entre les deux",['19-06-2013'],"[55, 56, 57]","[450, 459, 468]",14,SOG
"nettoyer les coulures de bitume en divers endroits principalement au droit accès local es-
paces verts / panneaux solaires. 04/06/14 : nettoyage en fin d’intervention couverture étanchéité.
25/06/14 : programmé le 27/06/14",['28-05-2014'],"[60, 61, 62, 63, 64, 65, 66, 67, 68, 69, 70, 71, 72, 73, 74, 75, 76, 77, 78, 79, 80, 81, 82, 83, 84, 85, 86, 87, 88, 89, 90, 91, 92, 98, 99]","[495, 504, 512, 520, 528, 536, 545, 554, 563, 572, 584, 599, 611, 626, 638, 653, 663, 672, 681, 690, 699, 709, 719, 729, 739, 749, 759, 769, 779, 789, 799, 811, 826, 844, 853]",19,SOG
"piocher seuil de porte entre remise en forme et salle fitness + baie salle cardio. 29/07/15 : faire fi-
nitions",['10-06-2015'],"[82, 83, 84]","[719, 729, 739]",37,SOG
"poser les plots des DEP façade sud après réalisation des solarium en béton acidé.
14/10/15 : solarium terminé",['26-08-2015'],"[90, 91]","[799, 811]",21,SOG
"problème de décalage entre les châssis vestiaires et l’isolation (largeur de tapée ?).
02/04/14 : faire un essai de reprise de finition. 09/04/14 : essai validé, à réaliser en blanc RAL9010",['26-03-2014'],"[52, 54, 55, 56, 57, 58, 59, 60, 61, 62, 63, 64, 65, 66, 67, 68, 69, 70, 71, 72, 73, 74, 75]","[423, 441, 450, 459, 468, 477, 486, 495, 504, 512, 520, 528, 536, 545, 554, 563, 572, 584, 599, 611, 626, 638, 653]",26,SOG
"profil d’angle de carrelages blanc pour carrelage blanc et gris pour carrelage bleu
AVANCEMENT – PLANIFICATION
Intempéries :
31 jours
1 jour (le 03/07/13 : pluie), 1 jour (le 18/09/13 : pluie), 1 jour (le 10/10/13 : pluie), 1 jour (le 23/10/13 : vent), 1 jour
(le 25/10/13 : vent), 2 jours (les 28 et 29/10/13), 3 jours (le 04/11/13 : vent, le 05/11/13 : pluie, le 06/11/13 : pluie +
vent), 2 jours (les 07 et 08/11/13 : pluie et vent), 1 jour (le 14/11/13 : vent), 1 jour (le 19/11/13 : pluie), 1 jour (le
21/11/13 : neige), 1 jour (le 03/12/13 : gel), 1 jour (le 11/12/13 : gel), 2 jours (les 12 et 13/12/13 : gel), 1 jour (le
06/01/14 : pluie), 3 jours (les 14, 15 et 16/01/14 : pluie), 1 jour (le 20/01/14 : pluie), 1 jour (le 27/01/14 : pluie et
vent), 1 jour (le 07/02/14 : vent), 1 jour (le 13/02/14 : pluie et vent), 3 jours (les 27, 28/02/14 et 03/03/14 : pluie), 1
jour (le 21/03/14 : pluie)
Effectif :","['22-01-2014', '30-04-2014']","[46, 47, 48, 49, 49, 52]","[356, 364, 373, 382, 398, 427]",13,SOG
"prévoir isolant avec tôle alu au droit portes et châssis vestiaires personnel femmes, circula-
tion personnel et déchaussage groupe",['09-10-2013'],"[32, 34, 39, 40, 41, 42, 43, 44, 45, 46, 49, 51, 52, 53, 54, 55, 56, 57, 58]","[230, 246, 289, 298, 307, 316, 325, 334, 343, 352, 378, 409, 423, 432, 441, 450, 459, 468, 477]",31,SOG
"prévoir remise en place coffrets électriques (environ 10 répartis dans l’ensemble du
bâtiment). Prévoir également le branchement électrique du bungalow de EAS",['18-02-2015'],"[61, 62]","[503, 511]",4,SOG
"prévoir sur commande de désenfumage vestiaires individuels la reprise de l’amenée
d’air frais (volets fournis posés par MQB). Toutes les commandes de désenfumage comportant
une cartouche pour l’ouverture et une pour la fermeture",['25-03-2015'],"[65, 66, 67]","[536, 545, 554]",36,SOG
"prévoir sur commande de désenfumage vestiaires individuels la reprise de l’amenée
d’air frais (volets fournis posés par MQB). Toutes les commandes de désenfumage comportant une
cartouche pour l’ouverture et une pour la fermeture. 15/04/15 : prévoir bobine à émission sur les cof-
frets de commande du hall d’entrée et des 2 vestiaires. 14/10/15 : bobine 48V continu à émission,
faire valider le matériel à NAMIXIS",['25-03-2015'],"[90, 91, 92, 98, 99]","[799, 811, 826, 844, 853]",12,SOG
"prévoir sur commande de désenfumage vestiaires individuels la reprise de l’amenée d’air frais (volets
fournis posés par MQB). Toutes les commandes de désenfumage comportant une cartouche pour l’ouverture et
une pour la fermeture. 15/04/15 : prévoir bobine à émission sur les coffrets de commande du hall
d’entrée et des 2 vestiaires",['25-03-2015'],"[68, 69, 71, 73, 75, 76, 77, 78, 79, 80, 81, 82, 83, 84, 85, 86, 87, 88, 89]","[563, 572, 599, 626, 653, 663, 672, 681, 690, 699, 709, 719, 729, 739, 749, 759, 769, 779, 789]",25,SOG
"prévoir un relevé de 0,15m par rapport au niveau galeries techniques en périphérie
des trémies du carneau de ventilation",['03-04-2013'],"[4, 5, 6, 9]","[27, 33, 39, 60]",24,SOG
"prévoir vidange du carneau de ventilation en sous-sol. 19/03/14 : vidanger carneaux de
ventilation + décaissé pour gaines en galerie technique du bassin d’activité",['12-02-2014'],"[49, 51]","[378, 409]",21,SOG
"quantité disponible à l’origine 21 343m3, dont environ 4 000m3 ont été utilisés pour
le fond de forme du parking. Reste environ 17 300m3 théorique, 15 000m3 selon le relevé géo-
mètre missionné par SOGEA début mars (12 000m3 en 0/40, 2 000m3 en 0/80, 1 000m3 en
terre)",['11-09-2013'],"[22, 23, 24, 25, 26, 29, 33, 34, 35, 36, 37, 39, 40, 41, 43]","[158, 165, 172, 180, 187, 209, 241, 248, 257, 265, 273, 292, 301, 310, 328]",11,SOG
recréer un regard manquant dans chaufferie par fixation d’un regard en sous-face de,['11-06-2014'],"[59, 60, 61, 62, 63, 64, 65, 66, 67, 68, 69, 70, 71, 72, 73, 74, 75]","[486, 495, 504, 512, 520, 528, 536, 545, 554, 563, 572, 584, 599, 611, 626, 638, 653]",27,SOG
"recréer un regard manquant dans chaufferie par fixation d’un regard en sous-face de dalle.
10/06/15 : devant bac tampon fosse à poser, température des rejet environ 80°C",['11-06-2014'],"[76, 77]","[663, 672]",17,SOG
"refaire note de calcul charpente en tenant compte de la charge de neige zone C. 03/06/15 :
URGENT afin de lever avis DEKRA. Les ouvrages de finitions sont en cours notamment toile ten-
due. Si renfort de charpente nécessaire, il y a urgence à intervenir",['06-05-2015'],"[75, 76, 77, 78, 79]","[653, 663, 672, 681, 690]",46,SOG
"reprendre alignement du bandeau sur façade ouest (décalage à la jonction de 2 éléments).
28/05/14 : attention pose des couvertines en cours",['19-03-2014'],"[56, 57, 58, 59]","[459, 468, 477, 486]",21,SOG
"reprendre limons béton passerelle bassin ludique dans alignement des limons mé-
talliques",['23-09-2015'],"[87, 88, 89, 90, 92, 98]","[769, 779, 789, 799, 826, 844]",41,SOG
"reprendre réservations siphons de sol vestiaires. 01/07/15 : URGENT. 08/07/15 : reprendre en ur-
gence dans les zones en prédalles et faire valider par BET SOGEA en urgence les zones en dalles alvéolaires.
22/07/15 : dans circulation vestiaires collectifs et dans vestiaires individuels, carottage jusqu’au
ras de la costière maxi",['10-06-2015'],"[81, 82]","[709, 719]",37,SOG
"reprise des fonds de bassins à définir avec A&T et DRD. 09/09/15 : les fonds doivent être lisse
sans trous ni bosses. Pas de ponçage ni balayage. A finaliser pour le 05/10/15",['18-03-2015'],"[85, 86, 87, 88]","[749, 759, 769, 779]",10,SOG
"réception support avec SAE le 08/04/15 à 9h00. 18/03/15 : reportée à 10h00. 01/04/15 : reportée
au 15/04/15 à 10h00 pour cause de CISSCT le 08/04/15",['11-03-2015'],"[66, 67]","[545, 554]",25,SOG
"réservation au droit coursive au-dessus local MNS à scier pour hauteur fini de
500mm en alignant les deux réservations
Réception support par CRI du 12/03/14
- effectuer enduit sur maçonnerie recouverte de faïence
- fosse de plongée, reprendre désaffleur entre les deux levées de coulage des bajoyers. Reste à vérifier la dimen-
sion en plan (∅ constant à vérifier sur la hauteur)",['09-04-2014'],"[49, 49, 49, 49, 51, 51]","[377, 377, 388, 388, 406, 406]",34,SOG
"réunion le 26/02/14 à 9h00 pour réception supports avec CRI. 26/02/14 : compte tenu de
l’absence de CRI, la réunion est reportée au 12/03/14 à 9h00",['22-01-2014'],"[43, 44]","[325, 334]",33,SOG
"simplification de la structure GO en sous sol à voir + réduire hauteur de poutres en
PH sous sol sous pataugeoire",['03-04-2013'],"[4, 5, 6]","[27, 33, 39]",27,SOG
"suppression des dalles de plages extérieures (sauf pédiluve), prévoir un fond de
forme compacté avec pré-pentes. Le dallage des plages extérieures ayant une épaisseur de
0,15m",['27-03-2013'],"[3, 4, 5, 6, 7, 8, 9, 10, 11, 12, 13, 14, 15, 16, 17, 18, 19, 20, 21, 22, 23, 24, 25, 26, 27, 28, 29, 30, 31, 32, 33, 34]","[21, 27, 33, 39, 46, 53, 60, 67, 74, 81, 88, 95, 102, 110, 118, 126, 133, 141, 148, 155, 162, 169, 177, 184, 192, 199, 207, 214, 222, 230, 238, 246]",14,SOG
"suppression des dalles de plages extérieures (sauf pédiluve), prévoir un fond de forme compacté avec
pré-pentes. Le dallage des plages extérieures ayant une épaisseur de 0,15m. 11/12/13 : voir avec SI21 pour
traitement des douches extérieures e béton acidé en lieu et place du béton désactivé prévu au
marché, ce qui induirait une simplification du gros œuvre",['27-03-2013'],"[35, 36, 37, 38, 39, 40, 41, 42, 43, 44, 45, 46]","[254, 262, 270, 279, 289, 298, 307, 316, 325, 334, 343, 352]",5,SOG
"sur accès local technique plongée, fermer la membrane en retour de ce qui est po-
sé, faire une finition sur escalier et rampant, terminer DEP et trop plein",['25-03-2015'],"[65, 66, 67]","[536, 545, 554]",38,SOG
"sur accès local technique plongée, fermer la membrane en retour de ce qui est posé, faire
une finition sur escalier et rampant, terminer DEP et trop plein. 15/04/15 : voir pour passer DEP au droit
du caniveau à travers la membrane. 10/06/15 : confirmer date d’intervention",['25-03-2015'],"[76, 77, 78, 79, 80, 81, 82, 83, 84, 85, 86, 87, 88, 89, 90, 91, 92]","[663, 672, 681, 690, 699, 709, 719, 729, 739, 749, 759, 769, 779, 789, 799, 811, 826]",25,SOG
"sur accès local technique plongée, fermer la membrane en retour de ce qui est posé, faire une finition
sur escalier et rampant, terminer DEP et trop plein. 15/04/15 : voir pour passer DEP au droit du caniveau
à travers la membrane",['25-03-2015'],"[68, 69, 71, 73, 75]","[563, 572, 599, 626, 653]",28,SOG
"sur accès locaux technique tipi, faire complément ossature métallique pour support cou-
verture membrane",['01-04-2015'],"[68, 69, 71, 73, 75, 76, 77, 78, 79, 80, 81, 82, 83, 84, 85, 86, 87, 88, 89, 90, 91, 92]","[563, 572, 599, 626, 653, 663, 672, 681, 690, 699, 709, 719, 729, 739, 749, 759, 769, 779, 789, 799, 811, 826]",34,SOG
"sur palier R+1, problème d’étanchéité autour DEP en traversée de PH. 03/06/15 : refaire étan-
chéité avant réalisation des plafonds en sous face",['20-05-2015'],"[75, 76, 77, 78, 79, 80, 81, 82]","[653, 663, 672, 681, 690, 699, 709, 719]",54,SOG
"surbots sanitaires hauteur +0,07 :0,00",['22-01-2014'],"[39, 40, 41]","[289, 298, 307]",36,SOG
"synthèse RDC, R+1 et toiture le 10/09/13. Diffusion plan de réservations pour le 13/09/13. 18/09/13 :
plan présenté validé à compléter avec réservation pour bain chaud pour le 20/09/13. 25/09/13 : diffuser plan
de synthèse réservations RDC et R+1 y compris gradins sans délai",['05-09-2013'],"[24, 24, 25, 25, 26, 26]","[168, 168, 176, 176, 183, 183]",16,SOG
"terminer reprise béton pour libérer voile béton pour le peintre (au droit de la patau-
geoire)",['14-10-2015'],"[90, 92]","[799, 826]",42,SOG
"terminer toutes les reprises de béton avant réception de support. 14/05/14 : réception support faite
avec SAE et DRD sauf zone plongée et façade. Reprise à terminer pour le 04/06/14. 21/05/14 : en cours.
28/05/14 : réception reportée au 11/06/14 à 9h30. 11/06/14 : reprise finitions non terminées à finaliser
pour la réception reportée au 02/07/14 à 9h30",['07-05-2014'],"[58, 59, 60, 61, 62]","[477, 486, 495, 504, 512]",19,SOG
"une réservation au droit terrasse technique sur fosse plongée à décalée hors em-
prise charpente métallique",['11-03-2015'],"[63, 64, 65, 66, 67, 68, 69, 71, 72, 73, 75]","[520, 528, 536, 545, 554, 563, 572, 599, 611, 626, 653]",32,SOG
"une réservation à décaler, implanter dans la charpente métallique
Réception support par CRI du 12/03/14
- fosse de plongée, reprendre désaffleur entre les deux levées de coulage des bajoyers. Reste à vérifier la dimen-
sion en plan (∅ constant à vérifier sur la hauteur)
Synthèse Toile tendue / Surveillance des baignades / Electricité du 18/02/15
- réservation pour caméras Poséidon 65x55cm, découpée in situ
- sur plan de calepinage toile tendue, faire implantation des caméras et des réservations pour le
27/02/15
- caméras en milieu de bassin à régler juste après pose de la toile
ASSISTANT MAITRISE D’OUVRAGE",['25-06-2014'],"[61, 62]","[503, 511]",17,SOG
veiller à la bonne planimétrie et jonction entre éléments de foamglas. 26/02/14 : pose arrêtée par,['19-02-2014'],"[43, 44]","[325, 334]",48,SOG
"vider et nettoyer fosse de plongée après pose verrière
-11/06/14 : mettre DEP provisoires en façade nord pour évacuer les EP qui coulent dans le pla-
fonds de revers actuellement",['11-06-2014'],"[58, 59]","[477, 486]",29,SOG
"vider et nettoyer fosse de plongée après pose verrière. 25/06/14 : terminer en aspirant le
résiduel",['11-06-2014'],"[61, 62, 63, 64, 65, 66, 67, 68, 69, 70, 71, 72, 73, 74, 75, 76]","[504, 512, 520, 528, 536, 545, 554, 563, 572, 584, 599, 611, 626, 638, 653, 663]",23,SOG
"visite de validation des reprises de finitions béton le 19/03/14 à 9h00. 19/03/14 : vu ce jour les re-
prises, à effectuer zone par zone pour validation chaque semaine en 4 zones. 09/04/14 : visite le 29/04/14 à
10h00. 30/04/14 : recalée au 07/05/14 à 9h00, avec SAE pour réception de support",['19-02-2013'],"[52, 53]","[423, 432]",22,SOG
"vu ce jour avec CSPS, pas de prescription particulière entre ancrage et ligne de vie. Si ligne
de vie retenue, prévoir 1 ancrage au droit de chaque accès. Dans tous les cas, support potelet prévu au
marché à poser. Accès depuis porte en façade mezzanine local CTA remise en forme et depuis lanter-
neau désenfumage escalier hélicoïdal file 15",['29-05-2013'],"[13, 16, 22, 23, 24, 25, 26, 27, 28, 29, 30, 31, 32, 33, 34, 35, 39, 40, 41, 42, 43, 44, 45, 46, 47, 48, 49, 51, 52, 53, 54, 55]","[88, 110, 155, 162, 169, 177, 184, 192, 199, 207, 214, 222, 230, 238, 246, 254, 289, 298, 307, 316, 325, 334, 343, 352, 360, 369, 378, 409, 423, 432, 441, 450]",29,SOG
"vérifier le coefficient d’absorption solaire du triple vitrage et fournir un échantillon. 17/04/13 : échantil-
lon remis ce jour, coefficient d’absorption solaire de 20. 24/04/13 : attention, il doit y avoir un vitrage stadip",['27-03-2013'],"[8, 9, 12, 13, 14, 15, 16, 17, 18, 19, 20, 21, 22, 23, 24, 25, 26, 27, 28]","[53, 60, 81, 88, 95, 102, 110, 118, 126, 133, 141, 148, 155, 162, 169, 177, 184, 192, 199]",15,SOG
"à ce jour SOGEA a pris en compte toutes les demandes de réservations oubliées ou
complémentaires. Plus aucune ne sera prise en compte. Une campagne de carottages est pro-
grammée. DRD et SOGEA feront une synthèse entre les réservations oubliées ou mal position-
nées et les demandes complémentaires. A compter de ce jour, toute demande sera à charge de
l’entreprise requérante
Réception support par CRI du 12/03/14
- fosse de plongée, reprendre désaffleur entre les deux levées de coulage des bajoyers. Reste à vérifier la dimen-
sion en plan (∅ constant à vérifier sur la hauteur)
Synthèse Toile tendue / Surveillance des baignades / Electricité du 18/02/15
- réservation pour caméras Poséidon 65x55cm, découpée in situ
- caméras en milieu de bassin à régler juste après pose de la toile
ASSISTANT MAITRISE D’OUVRAGE",['22-04-2015'],"[69, 71, 73]","[571, 598, 625]",13,SOG
"à priori pas d’observation pour avoir un renfort dans une traverse de menuiserie alu
de mur rideau. A transcrire sur un plan de détail",['27-03-2013'],"[3, 4, 5, 6, 8, 9, 11, 12, 13, 14, 15, 16, 17, 18, 19, 20, 21, 22, 23, 24, 25, 26, 27, 28]","[21, 27, 33, 39, 53, 60, 74, 81, 88, 95, 102, 110, 118, 126, 133, 141, 148, 155, 162, 169, 177, 184, 192, 199]",19,SOG
2 réservations à reprendre sur coursive au droit gradins,['11-03-2015'],"[63, 64, 65, 66]","[520, 528, 536, 545]",32,SOG
"2 échelles perroquet + échelle accès maintenance avec crosse amovible confirmées dans fosse de
plongée",['07-05-2014'],[64],[530],5,SOG
"AS radier bac tampon à -3,00m",['20-03-2013'],"[2, 3, 4]","[16, 21, 27]",9,SOG
"BERIM confirme que les niveaux de remblais en périphérie de bâtiment dus par SOGEA sont le TN,
hors emprise des solariums dus au niveau – 0,13",['22-05-2013'],"[13, 15, 16, 22, 23]","[88, 102, 110, 155, 162]",24,SOG
DAC du sas d’entrée collectif à déplacer dans espace déchaussage,['14-10-2015'],"[90, 92, 98, 99]","[799, 826, 844, 853]",42,SOG
"SNEF signale que les réservations demandées n’ont pas été prises en compte en
RDC et R+1
ASSISTANT MAITRISE D’OUVRAGE",['27-11-2013'],"[33, 33]","[237, 237]",24,SOG
"SNEF signale que les réservations demandées n’ont pas été prises en compte en RDC et R+1.
04/12/13 : pris en compte sur plans remis ce jour
ASSISTANT MAITRISE D’OUVRAGE",['27-11-2013'],"[34, 34, 35, 35]","[245, 245, 253, 253]",18,SOG
Transmettre au BERIM la fiche technique de la chape,['23-04-2014'],[52],[423],34,SOG
URGENT faire VISA sur plans EXE SOGEA,['19-06-2013'],[20],[141],8,SOG
"URGENT poser les blocs portes des saunas. 16/09/15 : DERNIER RAPPEL, conséquence retard sur
carrelage. 14/10/15 : à partir du 02/11/15",['09-09-2015'],"[90, 92]","[799, 826]",26,SOG
"Z1 à Z8 par SOGEA. Idem pour la Z11, Z12, Z15 à Z21 à charge SOGEA. Les Z9 et Z23 sont à
charge COEXIA
Contrôle réservations en RDC du 22/01/14
- valider VH local TGBT dans la porte du local
- manque toutes les réservations pour siphons de sol et caniveaux de la zone vestiaires sanitaires plongée (plan
non fourni)
Contrôle réservations en R+1 du 19/02/14
- 2 réservations 300x300 à déplacer en hauteur sur coursive bassin ludique (soufflage canons de lumière)
- vérifier alignement réservations au niveau terrasse technique zone plongée",['17-04-2013'],"[54, 54, 55, 55]","[440, 440, 449, 449]",15,SOG
"Z1 à Z8 par SOGEA. Idem pour la Z11, Z12, Z15 à Z21 à charge SOGEA. Les Z9 et Z23 sont à
charge COEXIA
Contrôle réservations en RDC du 22/01/14
- valider VH local TGBT dans la porte du local
- manque toutes les réservations pour siphons de sol et caniveaux de la zone vestiaires sanitaires plongée (plan
non fourni)
Contrôle réservations en R+1 du 19/02/14
- 2 réservations 300x300 à déplacer en hauteur sur coursive bassin ludique (soufflage canons de lumière)
- vérifier alignement réservations au niveau terrasse technique zone plongée
Réception support par CRI du 12/03/14
- fosse de plongée, reprendre désaffleur entre les deux levées de coulage des bajoyers. Reste à vérifier la dimen-
sion en plan (∅ constant à vérifier sur la hauteur)
ASSISTANT MAITRISE D’OUVRAGE",['17-04-2013'],"[56, 56]","[458, 458]",18,SOG
"Z1 à Z8 par SOGEA. Idem pour la Z11, Z12, Z15 à Z21 à charge SOGEA. Les Z9 et Z23 sont à
charge COEXIA
Contrôle réservations en sous sol du 18/12/13
- Locaux TE / TA :
. vérifier si robinet de puisage dans socle casiers piscine
Contrôle réservations en RDC du 22/01/14
- valider VH local TGBT dans la porte du local
- manque toutes les réservations pour siphons de sol et caniveaux de la zone vestiaires sanitaires plongée (plan
non fourni)
Contrôle réservations en R+1 du 19/02/14
- 2 réservations 300x300 à déplacer en hauteur sur coursive bassin ludique (soufflage canons de lumière)
- vérifier alignement réservations au niveau terrasse technique zone plongée",['17-04-2013'],"[52, 52, 53, 53]","[422, 422, 431, 431]",18,SOG
"Z11, regard en pied de chute à confirmer",['17-04-2013'],"[22, 22, 23, 23, 24, 24, 25, 25, 26, 26, 27, 27, 28, 28, 29, 29, 30, 30, 31, 31, 32, 32, 33, 33, 34, 34, 35, 35, 36, 36, 37, 37, 38, 38, 39, 39, 40, 40, 41, 41, 42, 42, 43, 43, 44, 44, 45, 45, 46, 46, 47, 47, 48, 48, 49, 49, 49, 49, 51, 51, 52, 52, 53, 53, 54, 54, 55, 55, 56, 56]","[154, 154, 161, 161, 168, 168, 176, 176, 183, 183, 191, 191, 198, 198, 206, 206, 213, 213, 221, 221, 229, 229, 237, 237, 245, 245, 253, 253, 261, 261, 269, 269, 278, 278, 287, 287, 296, 296, 305, 305, 314, 314, 323, 323, 332, 332, 341, 341, 350, 350, 359, 359, 368, 368, 377, 377, 388, 388, 406, 406, 422, 422, 431, 431, 440, 440, 449, 449, 458, 458]",10,SOG
"accord AMVS pour tranchée commune eau et électricité pour alimentation chantier
depuis le carrefour du château d’eau",['17-04-2013'],[6],[39],27,SOG
"accord DR pour modifier voile en « S » en voile droit sous les gradins avec un biais au droit du raccor-
dement sur le passage sous la rivière à bouée",['27-03-2013'],"[12, 13, 14, 15, 16, 17, 18, 19, 20, 21, 22, 23]","[81, 88, 95, 102, 110, 118, 126, 133, 141, 148, 155, 162]",13,SOG
"accord DR pour simplifier coffrage de modifier trémie escalier hélicoïdal en section carrée (perpendicu-
laire) et modifier voile en « S » en voile droit sous les gradins avec un biais au droit du raccordement sur le passage
sous la rivière à bouée
- Isolation sous-dalle, à réaliser toute la zone sur VS et terre plein de la remise en forme et en-
trée administration + local compresseur. Mettre à jour plan de repérage pour soumettre à DEKRA",['27-03-2013'],[4],[27],22,SOG
"accord DR sur modification faux plafonds au droit de la poutre métallique de 20ml ajoutée (décalage
en pied de l’ordre de 50cm)",['05-09-2013'],"[27, 29, 30, 31, 32, 34, 35, 39, 40]","[192, 207, 214, 222, 230, 246, 254, 289, 298]",31,SOG
"accord DR sur verrière à 6 trames au lieu de 8 avec une double ossature dans la longueur. Vitrage 1,8
x 1,5m environ",['10-07-2013'],[25],[177],30,SOG
accès plateforme zone rivière validé,['17-06-2015'],"[77, 78]","[672, 681]",49,SOG
agrandir le passage de dalle des évacuations de goulottes des bains chaud et froid,['24-06-2015'],[78],[681],53,SOG
approvisionner sable pour calage des bondes de fond du bassin d’activités,['07-05-2014'],[55],[450],34,SOG
araser le seuil de la porte TGBT au niveau de la dalle intérieure,['07-10-2015'],[89],[789],41,SOG
"ascenseur plongée : gaine profondeur 1760mm, largeur dito plan architecte",['29-05-2013'],"[13, 15, 16, 22, 23, 24, 25, 26, 27]","[88, 102, 110, 155, 162, 169, 177, 184, 192]",25,SOG
assurer le calfeutrement coupe feu entre la zone vestiaires et la zone sanitaires/douches,['26-03-2014'],"[52, 54, 55]","[423, 441, 450]",27,SOG
"attention lors des interventions pour carottages : prendre toutes les mesures pour
que les carottes en dalle ne tombent pas directement au niveau inférieur (des carottes sont tom-
bées sur la CTA et des gaines lors de l’intervention du 27/01/14)",['29-01-2014'],[40],[298],42,SOG
"attention pour les douches extérieures, 1 fourreau par douche nécessaire",['22-01-2014'],"[39, 40, 41, 43, 44, 45, 46]","[289, 298, 307, 325, 334, 343, 352]",38,SOG
"attention à la pose de l’isolant FOAMGLAS sur le tipi de la fosse de plongée : des
vides importants entre panneau d’où création de pont thermique + tubes de garde corps de
chantier non coupé et incorporés à l’isolant. A reprendre avant surfaçage et collage étanchéité",['28-05-2014'],[56],[459],39,SOG
"attention à la pose de l’isolant FOAMGLAS sur le tipi de la fosse de plongée : des vides importants
entre panneau d’où création de pont thermique + tubes de garde corps de chantier non coupé et incorporés à
l’isolant. A reprendre avant surfaçage et collage étanchéité. 04/06/14 : reprise annoncée par l’entreprise",['28-05-2014'],[57],[468],37,SOG
"attention à la qualité des rendus béton (réapparition de ségrégation). Faire essai de reprise dans la
zone douche. 20/11/13 : validé",['13-11-2013'],[34],[246],34,SOG
"au droit du bassin ludique, réaliser double voile pour JD",['29-05-2013'],[13],[88],29,SOG
"au droit fosse de plongée, deux réservations à reprendre pour passage de gaines
(réservations dans charpente métallique",['18-06-2014'],[59],[486],32,SOG
bloc porte sauna blanc,['23-09-2015'],[92],[830],4,SOG
bruine LOTUS 10 couleur bleu,['18-06-2014'],"[87, 88, 89, 90, 91, 92]","[773, 783, 793, 803, 819, 830]",5,SOG
"calfeutrement CF à faire entre linteaux béton et châssis bois hall d’entrée sur hall bassins (linteaux bé-
ton ayant une flèche en sous face)",['03-06-2015'],"[76, 77, 78, 79, 80]","[663, 672, 681, 690, 699]",47,SOG
"chaque entreprise doit remettre en place les protections collectives chaque fois qu’elles sont dépo-
sées pour une intervention",['19-03-2014'],"[55, 56]","[450, 459]",8,SOG
"charpente métallique/verrière : produire un plan d’ossature de verrière pour étudier la reprise du porte
à faux par la charpente. 03/07/13 : vu en réunion de synthèse le 02/03/13 pour mise en place de 3 HEA400 dans
le sens de la largeur de la verrière sur lesquels celle-ci devra se poser : 1 à l’axe et les 2 autres au 2/3 de part et
d’autre. Un de ces HEA servant à stabiliser la charpente métallique",['19-06-2013'],"[25, 26]","[177, 184]",28,SOG
choix des teintes de la toile tendue 6 mois au plus tard avant la pose,['11-09-2013'],"[22, 23, 24, 25, 26, 27, 28, 29]","[158, 165, 172, 180, 187, 194, 201, 209]",5,SOG
"choix des teintes de la toile tendue 6 mois au plus tard avant la pose. 06/11/13 : choix pour 01/12/13
Matériaux de remblais du site",['11-09-2013'],"[33, 34]","[241, 248]",5,SOG
"choix teintes 1070 Blanc pour les plages, 7035 Gris clair pour les pédiluves",['04-06-2014'],[87],[773],4,SOG
clé porte sur façade sud à remettre à A&T,['21-05-2014'],"[55, 56, 57, 58]","[450, 459, 468, 477]",10,SOG
clés portes locaux techniques à remettre à MQB,['21-05-2014'],"[55, 56, 57, 58]","[450, 459, 468, 477]",10,SOG
"compléter le muret de la jardinière entre la passerelle et l’escalier d’accès au bassin ludique (retour sur
bassin)",['15-04-2015'],"[69, 71, 73, 75]","[572, 599, 626, 653]",38,SOG
compléter protections collectives fosse de plongée (plinthe + hauteur de lisse),['08-04-2015'],[67],[554],10,SOG
confirmer le RAL des menuiseries alu,['11-09-2013'],[27],[194],5,SOG
"confirmer le RAL des menuiseries alu
Matériaux de remblais du site",['11-09-2013'],"[22, 23, 24, 25, 26]","[158, 165, 172, 180, 187]",7,SOG
confirmer le débit rejeté sur le puisard en sous-sol,['27-03-2013'],"[3, 4, 5, 6]","[21, 27, 33, 39]",9,SOG
"confirmer résistance à l’écrasement du caniveau posé en pied de rampe accès
sous-sol",['17-06-2015'],[77],[672],51,SOG
"confirmer teint des poteaux bois intérieurs + clin dans murs rideaux
Matériaux de remblais du site",['30-10-2013'],[29],[209],6,SOG
confirmer teinte des poteaux bois intérieurs + clin dans murs rideaux,['30-10-2013'],[30],[216],5,SOG
contreventement horizontal de la charpente en bois,['06-03-2013'],"[1, 2, 3, 4, 5, 6, 7, 8, 9, 10, 11, 12, 13, 14, 15]","[10, 16, 21, 27, 33, 39, 46, 53, 60, 67, 74, 81, 88, 95, 102]",8,SOG
"cour anglaise de ventilation à araser à -0,02/0,00",['03-04-2013'],"[4, 5, 6]","[27, 33, 39]",27,SOG
couronne basse du moyen canon refusée. Gousset en partie basse non acceptable,['12-02-2014'],[43],[325],41,SOG
"couronne basse du moyen canon refusée. Gousset en partie basse non acceptable. 05/03/14 :
préciser le principe de reprise en fournissant un détail. Confirmer une date de reprise en inté-
grant le fait que la rivière est en cours de pose ou sera posé (protection à prévoir)",['12-02-2014'],[44],[334],40,SOG
"couronne basse du moyen canon refusée. Gousset en partie basse non acceptable. 05/03/14 : préci-
ser le principe de reprise en fournissant un détail. Confirmer une date de reprise en intégrant le fait que la rivière est
en cours de pose ou sera posé (protection à prévoir). 12/03/14 : intervention prévue le 24/03/14",['12-02-2014'],"[45, 46]","[343, 352]",38,SOG
"créer les engravures de 50x50 à chaque angle du bassin sportif et du bassin d’activités demandées
par MYRTHA",['25-09-2013'],"[29, 31, 32, 34, 35]","[207, 222, 230, 246, 254]",26,SOG
"dalle portée au droit de l’enrochement des plages extérieures AS=-0,20m",['27-03-2013'],"[3, 4, 5, 6]","[21, 27, 33, 39]",15,SOG
"dalle portée au droit de l’enrochement des plages extérieures AS=-0,20m. Comme exposé le
17/04/13, simplifier la structure semelles filantes / dalle portée par la réalisation de plots béton sous les poteaux",['27-03-2013'],[36],[262],6,SOG
"dalle portée au droit de l’enrochement des plages extérieures AS=-0,20m. Comme exposé le
17/04/13, simplifier la structure semelles filantes / dalle portée par la réalisation de plots béton sous les poteaux
métalliques de la rivière à bouées MYRTHA. Arase supérieure de plot béton à -0.13, dito niveau brut des plages in-
térieures",['27-03-2013'],"[8, 9, 11, 12, 13, 14, 15, 16, 17, 18, 19, 20, 21, 22, 23, 24, 25, 26, 27, 28, 29, 30, 31, 32, 33, 34, 35, 37, 38, 39, 40, 41, 42, 43, 44, 45]","[53, 60, 74, 81, 88, 95, 102, 110, 118, 126, 133, 141, 148, 155, 162, 169, 177, 184, 192, 199, 207, 214, 222, 230, 238, 246, 254, 270, 279, 289, 298, 307, 316, 325, 334, 343]",9,SOG
"date de limite pour terminer la terrasse technique (dalles sur plots et contre bardage, couvertines, …)
le 25/09/15. Ensuite MQB mettra en place ses gaines. 30/09/15 : non terminé",['16-09-2015'],"[88, 89]","[779, 789]",34,SOG
"diffuser plan de fondation et PH sous sol pour incorporation synthèse réseaux sous-
sol et établissement du plan de réservation",['20-03-2013'],[2],[16],9,SOG
"diffuser plan de socles sur terrasse technique
Charpente LC / Faux plafonds
- 24/04/13  prévoir une structure à souder en pied de charpente métallique des verrières
Réservations en phase réalisation",['30-10-2013'],"[29, 29]","[206, 206]",20,SOG
diffuser plan réseaux enterrés à MONTARON pour le 20/09/13,['18-09-2013'],"[23, 23, 24, 24]","[161, 161, 168, 168]",16,SOG
diffuser plan siphon et réseaux plages extérieurs à MONTARON pour le 20/09/13,['18-09-2013'],"[23, 23, 24, 24, 25, 25, 26, 26, 27, 27, 28, 28, 29, 29, 30, 30, 31, 31, 32, 32, 33, 33]","[161, 161, 168, 168, 176, 176, 183, 183, 191, 191, 198, 198, 206, 206, 213, 213, 221, 221, 229, 229, 237, 237]",17,SOG
"diffuser plan siphon et réseaux plages extérieurs à MONTARON pour le 20/09/13
Contrôle réservations en sous sol du 18/12/13
- Déboucher toutes les réservations
- Locaux TE / TA :
. 2 ventilations de bac tampon fosse de plongée à carotter
. 3 pièces à sceller bac tampon plongée à carotter : plan précis à fournir par EAS
. manque 4 réservations en PH pour COEXIA : plan précis à fournir par COEXIA
. manque 1 réservation COEXIA en voile cour anglaise
. vérifier si robinet de puisage dans socle casiers piscine
. vérifier siphon + évacuation sanitaires entrée et sanitaires douches piscine : confirmer nature des réseaux à pas-
ser par COEXIA
- Galeries techniques :
. voile à proximité local technique ludique à vérifier
. manque 1 réservation SNEF à proximité du local technique ludique
. manque 1 réservation COEXIA en voile infrastructure à côté du bassin d’apprentissage
. manque 3 réservations COEXIA à côté des bacs tampon
. vérifier possibilité de descendre réseau EU plages sous poutres autour du bassin d’activités (AI poutre à – 0.58
sauf une poutre à – 0.63)
. prévoir un gabarit pour vérification réservation grille de soufflage au sol
Contrôle réservations en RDC du 22/01/14
- manque 1∅200 dans local stockage univers petite enfance
- manque 1 réservation 20x40ht au droit douches à jets
- reprendre alignement 3 réservations rectangulaires dans salle fitness
- vérifier 2 réservations dans sanitaires publics
- vérifier 1 réservation dans local entretien vestiaires
- manque 1 réservation 35x35 en dalle haute du TGBT
- valider VH local TGBT dans la porte du local
- réservation à déboucher dans local compresseur
- réservation à déboucher dans local déchetterie
- 2 réservations à déboucher dans local espaces verts
- manque 1 réservation + 1 réservation à reprendre dans local technique plongée
- 2 réservations à déboucher dans local musculation
- manque 3 réservations dans chaufferie
- vérifier alignement des réservations dans gradins
- vérifier alignement des réservations des trappes de lignes de nage
- fournir gabarit pour vérification des réservations pour grille de sol sur plages
- manque toutes les réservations pour siphons de sol et caniveaux de la zone vestiaires sanitaires plongée (plan
non fourni)",['18-09-2013'],"[43, 43, 44, 44, 45, 45]","[323, 323, 332, 332, 341, 341]",47,SOG
"diffuser plan siphon et réseaux plages extérieurs à MONTARON pour le 20/09/13
Contrôle réservations en sous sol du 18/12/13
- Locaux TE / TA :
. 3 pièces à sceller bac tampon plongée à carotter : plan précis à fournir par EAS
. vérifier si robinet de puisage dans socle casiers piscine
- Galeries techniques :
. voile à proximité local technique ludique à vérifier
. manque 1 réservation SNEF à proximité du local technique ludique
. prévoir un gabarit pour vérification réservation grille de soufflage au sol
Contrôle réservations en RDC du 22/01/14
- manque 1∅200 dans local stockage univers petite enfance
- manque 1 réservation 20x40ht au droit douches à jets
- reprendre alignement 3 réservations rectangulaires dans salle fitness
- vérifier 2 réservations dans sanitaires publics
- vérifier 1 réservation dans local entretien vestiaires
- manque 1 réservation 35x35 en dalle haute du TGBT
- valider VH local TGBT dans la porte du local
- réservation à déboucher dans local compresseur
- réservation à déboucher dans local déchetterie
- 2 réservations à déboucher dans local espaces verts
- manque 1 réservation + 1 réservation à reprendre dans local technique plongée
- 2 réservations à déboucher dans local musculation
- manque 3 réservations dans chaufferie
- vérifier alignement des réservations dans gradins
- vérifier alignement des réservations des trappes de lignes de nage
- fournir gabarit pour vérification des réservations pour grille de sol sur plages
- manque toutes les réservations pour siphons de sol et caniveaux de la zone vestiaires sanitaires plongée (plan
non fourni)
Contrôle réservations de serrurerie du 22/01/14
- repères 4 et 6 : piochage si nécessaire lors de la pose
- repères 5 et 18 : reprise
- repère 8, 11 et 20 : vérification avec trait de niveau
- repère 10 : calfeutrement mortier après pose si nécessaire
Contrôle bassins ludique et apprentissage du 22/01/14
- piochage si nécessaire lors de la pose des panneaux verticaux
Contrôle bassin sportif et rivière du 03/02/14
- piochage si nécessaire lors de la pose des panneaux verticaux du bassin sportif.19/03/14 : fait par A&T
- fond de goulotte bassin sportif à rehausser. 19/03/14 : compenser par pièces métalliques par A&T",['18-09-2013'],"[46, 46]","[350, 350]",47,SOG
"diffuser plan siphon et réseaux plages extérieurs à MONTARON pour le 20/09/13
Contrôle réservations en sous sol du 18/12/13
- Locaux TE / TA :
. vérifier si robinet de puisage dans socle casiers piscine
- Galeries techniques :
. prévoir un gabarit pour vérification réservation grille de soufflage au sol
Contrôle réservations en RDC du 22/01/14
- valider VH local TGBT dans la porte du local
- vérifier alignement des réservations dans gradins
- vérifier alignement des réservations des trappes de lignes de nage
- manque toutes les réservations pour siphons de sol et caniveaux de la zone vestiaires sanitaires plongée (plan
non fourni)
Contrôle réservations de serrurerie du 22/01/14
- repères 4 et 6 : piochage si nécessaire lors de la pose
- repères 5 et 18 : reprise
- repère 8, 11 et 20 : vérification avec trait de niveau
- repère 10 : calfeutrement mortier après pose si nécessaire
Contrôle bassins ludique et apprentissage du 22/01/14
- piochage si nécessaire lors de la pose des panneaux verticaux
Contrôle bassin sportif et rivière du 03/02/14
- quais à prolonger du bassin sportif. 26/03/14 : trop large, à recouper
Contrôle réservations en R+1 du 19/02/14
- vérifier alignement réservations sur coursive
- 2 réservations 300x300 à déplacer en hauteur sur coursive bassin ludique (soufflage canons de lumière)
- vérifier alignement réservations au niveau terrasse technique zone plongée
Réception support par CRI du 12/03/14
- effectuer enduit sur maçonnerie recouverte de faïence
- fosse de plongée, reprendre désaffleur entre les deux levées de coulage des bajoyers. Reste à vérifier la dimen-
sion en plan (∅ constant à vérifier sur la hauteur)",['18-09-2013'],"[47, 47]","[359, 359]",39,SOG
"diffuser plan siphon et réseaux plages extérieurs à MONTARON pour le 20/09/13
Contrôle réservations en sous sol du 18/12/13
- Locaux TE / TA :
. vérifier si robinet de puisage dans socle casiers piscine
Contrôle réservations en RDC du 22/01/14
- valider VH local TGBT dans la porte du local
- vérifier alignement des réservations dans gradins
- vérifier alignement des réservations des trappes de lignes de nage
- manque toutes les réservations pour siphons de sol et caniveaux de la zone vestiaires sanitaires plongée (plan
non fourni)
Contrôle réservations de serrurerie du 22/01/14
- repères 4 et 6 : piochage si nécessaire lors de la pose
- repères 5 et 18 : reprise
- repère 8, 11 et 20 : vérification avec trait de niveau
- repère 10 : calfeutrement mortier après pose si nécessaire
Contrôle bassin sportif et rivière du 03/02/14
- quais à prolonger du bassin sportif. 26/03/14 : trop large, à recouper
Contrôle réservations en R+1 du 19/02/14
- vérifier alignement réservations sur coursive
- 2 réservations 300x300 à déplacer en hauteur sur coursive bassin ludique (soufflage canons de lumière)
- vérifier alignement réservations au niveau terrasse technique zone plongée
Réception support par CRI du 12/03/14
- effectuer enduit sur maçonnerie recouverte de faïence
- fosse de plongée, reprendre désaffleur entre les deux levées de coulage des bajoyers. Reste à vérifier la dimen-
sion en plan (∅ constant à vérifier sur la hauteur)",['18-09-2013'],"[48, 48]","[368, 368]",34,SOG
"diffuser plan siphon et réseaux plages extérieurs à MONTARON pour le 20/09/13
Réservations en phase réalisation",['18-09-2013'],"[34, 34, 35, 35, 36, 36, 37, 37, 38, 38, 39, 39, 40, 40, 41, 41, 42, 42]","[245, 245, 253, 253, 261, 261, 269, 269, 278, 278, 287, 287, 296, 296, 305, 305, 314, 314]",13,SOG
diffuser plan sorties bâtiment à MONTARON pour le 20/09/13,['18-09-2013'],"[23, 23, 24, 24, 25, 25, 26, 26, 27, 27, 28, 28, 29, 29, 30, 30, 31, 31, 32, 32, 33, 33]","[161, 161, 168, 168, 176, 176, 183, 183, 191, 191, 198, 198, 206, 206, 213, 213, 221, 221, 229, 229, 237, 237]",18,SOG
diffuser rapport de vérification des ouvrages béton,['18-03-2015'],[64],[530],7,SOG
déboucher réservations bains chaud et froid pour EAS. 22/04/15 : à finaliser,['15-04-2015'],"[69, 71, 73, 75, 76]","[572, 599, 626, 653, 663]",39,SOG
décaissé de sol ascenseur 30mm maxi,['10-07-2013'],"[20, 21]","[141, 148]",10,SOG
défaut aplomb voiles BA / menuiseries alu du sas d’entrée : faire proposition d’habillage alu,['14-05-2014'],"[56, 57, 58, 59]","[459, 468, 477, 486]",30,SOG
définir protections collectives après intervention carrelages autour des bassins,['08-04-2015'],[67],[554],16,SOG
"dégager la trémie du conduit de fumées (bac acier à couper) et recréer le relevé nécessaire (voir plan
architecte). 28/05/14 : URGENT ouvrir le bac acier pour le 06/06/14",['21-05-2014'],"[56, 57]","[459, 468]",32,SOG
"dégager réservation grilles de soufflage bain chaud depuis le sous-sol (largeur finie 350mm) Voir MQB
pour la pose de la grille",['06-05-2015'],[75],[653],50,SOG
délai d’intervention détaillé sur terrasse technique pour le 27/06/14,['25-06-2014'],"[60, 61]","[495, 504]",28,SOG
"déplacer câble d’alimentation électrique au droit hall bassin sportif pour permettre
solde étanchéité de plage",['18-06-2014'],[59],[486],33,SOG
"détail 43 à reprendre, incohérence des niveaux indiqués",['20-03-2013'],[3],[20],1,SOG
"développé de façade, prendre en compte le plan architecte marché n° 441 + les cotes figurant à la
DPGF du marché",['07-05-2013'],"[13, 14, 15, 16, 18]","[88, 95, 102, 110, 126]",22,SOG
faire calfeutrement autour des blocs portes quand vide supérieur à 5mm,['09-09-2015'],[86],[759],32,SOG
"faire calfeutrement autour des blocs portes quand vide supérieur à 5mm. 23/09/15 : calfeutre-
ment selon relevé contradictoire avec VICTOIRE de ce jour",['09-09-2015'],[87],[769],31,SOG
"faire calfeutrement autour des blocs portes quand vide supérieur à 5mm. 23/09/15 : calfeutrement se-
lon relevé contradictoire avec VICTOIRE de ce jour. 30/09/15 : en cours",['09-09-2015'],"[88, 89, 90]","[779, 789, 799]",29,SOG
faire détail sur bain chaud avec banquette de soufflage,['05-09-2013'],[21],[148],11,SOG
faire finition sol local produits,['02-12-2015'],"[98, 99]","[844, 853]",34,SOG
faire finition sur les massifs des poteaux LC extérieurs,['30-09-2015'],"[88, 89, 90, 92]","[779, 789, 799, 826]",37,SOG
faire finition sur les massifs des poteaux LC extérieurs. 02/12/15 : en cours,['30-09-2015'],[98],[844],25,SOG
faire implantation des siphons de sol avec CRI,['27-03-2013'],[3],[20],5,SOG
faire le tour des diverses menuiseries alu et ôter les cales,['25-11-2015'],"[98, 99]","[844, 853]",30,SOG
faire levé topo et définition des besoins réels pour le 25/09/13,['11-09-2013'],"[22, 23]","[158, 165]",14,SOG
"faire levé topo et définition des besoins réels pour le 25/09/13. 26/09/13 : en m3
remblais périphériques : 6400 pour 4000 marché",['11-09-2013'],[37],[273],10,SOG
faire nettoyage de la charpente et contrôle des diverses quincailleries et serrage,['29-01-2014'],"[40, 41, 43, 44]","[298, 307, 325, 334]",45,SOG
faire nettoyage des abords avec MONTARON,['11-03-2015'],"[63, 64, 65, 66, 67, 68]","[520, 528, 536, 545, 554, 563]",30,SOG
"faire point sur décaissé de dalle / épaisseur de chape
ASSISTANT MAITRISE D’OUVRAGE",['03-06-2015'],"[75, 76]","[652, 662]",10,SOG
"faire point sur décaissé de dalle / épaisseur de chape. 17/06/15 : + 3cm moyen dans hall
d’entrée et vestiaires public
ASSISTANT MAITRISE D’OUVRAGE",['03-06-2015'],[77],[671],7,SOG
"faire proposition à DEKRA d’insertion d’un isolant entre les 2 éléments de chaque épines métallique du
tipi",['02-12-2015'],[98],[844],36,SOG
"faire proposition à DEKRA d’insertion d’un isolant entre les 2 éléments de chaque épines métallique du
tipi. 16/12/15 : faire proposition isolation type VIPAC sur 0,50m de hauteur",['02-12-2015'],[99],[853],27,SOG
faire recharge fond bassin ludique au droit rabottage,['25-03-2015'],"[65, 66, 67, 68, 69, 71, 73, 75]","[536, 545, 554, 563, 572, 599, 626, 653]",33,SOG
"faire reprendre plans LUX ELEMENTS pour les douches courbes et les bains chaud et froid.
28/05/14 : vu ce jour, à diffuser avec les corrections signalées",['14-05-2014'],"[56, 57]","[459, 468]",29,SOG
faire reprise fosse de plongée selon constat établi avec CRI le 22/06/15,['24-06-2015'],[78],[681],54,SOG
faire reprise fosse de plongée selon constat établi avec CRI le 22/06/15. 08/07/15 : voir BET,['24-06-2015'],[80],[699],45,SOG
"faire reprise fosse de plongée selon constat établi avec CRI le 22/06/15. 08/07/15 : voir BET SOGEA
par rapport aux aciers mis à nu",['24-06-2015'],[81],[709],43,SOG
"faire saignée dans béton pédiluve extérieur est pour reprise fourreau d’alimentation
douche écrasé",['09-12-2015'],[98],[844],44,SOG
"faire saignée dans béton pédiluve extérieur est pour reprise fourreau d’alimentation douche écrasé.
16/12/15 : implantation par COEXIA",['09-12-2015'],[99],[853],33,SOG
faire sortie toiture au droit douches à jets remise en forme,['30-04-2014'],"[52, 54, 55]","[423, 441, 450]",35,SOG
faire synthèse des attentes demandés par SUEDE Sauna,['03-07-2013'],"[20, 21]","[141, 148]",9,SOG
faire trait de scie dans béton rampe accès sous-sol,['09-12-2015'],"[98, 99]","[844, 853]",43,SOG
"faire vérification altimétries des couronnes basses des charpentes métalliques des canons de lumière.
30/04/14 : vérification faite, conforme plan EXE",['02-04-2014'],[52],[423],29,SOG
"faire vérification mise en place de tous les closoirs + calfeutrement coupe feu sous bacs aciers de
couverture. 10/06/15 : à terminer rapidement avant intervention faux plafonds",['25-03-2015'],"[76, 77, 78]","[663, 672, 681]",27,SOG
"faire vérification mise en place de tous les closoirs + calfeutrement coupe feu sous bacs aciers de
couverture. 10/06/15 : à terminer rapidement avant intervention faux plafonds. 01/07/15 : diffuser plan de re-
pérage validé par DEKRA",['25-03-2015'],[79],[690],21,SOG
"faire vérification mise en place de tous les closoirs + calfeutrement coupe feu sous bacs aciers de
couverture. 10/06/15 : à terminer rapidement avant intervention faux plafonds. 01/07/15 : diffuser plan de repérage
validé par DEKRA. 08/07/15 : fait. Se conformer également à la fiche 73 de DEKRA",['25-03-2015'],"[80, 81, 82]","[699, 709, 719]",21,SOG
faire vérification serrage écrous charpente métallique,['24-06-2015'],[78],[681],49,SOG
faire étanchéité sur dalle béton sur entrée zone fosse,['10-06-2015'],"[76, 77, 78, 79, 80, 81, 82]","[663, 672, 681, 690, 699, 709, 719]",50,SOG
"fermer toutes les portes extérieures et remettre les barrières au droit des accès des sanitaires douches
vestiaires",['07-05-2014'],[54],[441],36,SOG
finaliser les sorties de bâtiments pour VRD,['17-04-2013'],"[22, 22, 23, 23, 24, 24, 25, 25, 26, 26, 27, 27, 28, 28, 29, 29, 30, 30, 31, 31, 32, 32, 33, 33, 34, 34, 35, 35, 36, 36, 37, 37, 38, 38, 39, 39, 40, 40, 41, 41, 42, 42, 43, 43, 44, 44, 45, 45, 46, 46, 47, 47]","[154, 154, 161, 161, 168, 168, 176, 176, 183, 183, 191, 191, 198, 198, 206, 206, 213, 213, 221, 221, 229, 229, 237, 237, 245, 245, 253, 253, 261, 261, 269, 269, 278, 278, 287, 287, 296, 296, 305, 305, 314, 314, 323, 323, 332, 332, 341, 341, 350, 350, 359, 359]",17,SOG
"finaliser remontée de la membrane sur béton au droit de l’accès aux locaux technique (local espaces
verts, production ECS, atelier)",['04-11-2015'],"[98, 99]","[844, 853]",29,SOG
finaliser études sur économie avec principe de bâche de lavage filtre. 26/06/13 : RAPPEL,['29-05-2013'],"[20, 21]","[141, 148]",3,SOG
"foamglas confirmé en 120mm sur toiture, 60mm en débord sauf entre file 1 à 9 sur terrasse haute cô-
té sud (120mm), 100mm sur les canons",['18-12-2013'],"[39, 40, 41, 42, 43, 44, 45]","[289, 298, 307, 316, 325, 334, 343]",31,SOG
fournir compte rendu de relevés des socles,['18-03-2015'],[64],[530],9,SOG
"fournir un détail de raccordement avec le textile ajouré. 19/06/13 : faire le détail sur la jonction mem-
brane/ossature/isolation thermique. 03/07/13 : vue ne réunion de synthèse le 02/07/13, contre bardage intérieur
isolé nécessaire sur hauteur du R+2 et couvertine à la jonction membrane/textile ajouré et pipeco autour de chaque
épine",['13-06-2013'],"[20, 21]","[141, 148]",7,SOG
fournir échantillon de charpente et plafonds de revers teinté chêne clair,['13-06-2013'],"[22, 23, 24, 25, 26, 27, 28]","[158, 165, 172, 180, 187, 194, 201]",4,SOG
"fournir échantillon de charpente et plafonds de revers teinté chêne clair
DOCUMENTS REMIS EN REUNION
De CRI à DR
- plan 1E, carnet de détails",['13-06-2013'],[15],[104],6,SOG
"fournir échantillon de charpente et plafonds de revers teinté chêne clair
DOCUMENTS REMIS EN REUNION
VALIDATION PLANS
AVANCEMENT – PLANIFICATION
Chantier arrêté et fermé du vendredi 02 août 2013 au soir jusqu’au lundi 26 août 2013 au matin
Intempéries :
1 jour
1 jour (le 03/07/13 : pluie),
Effectif :",['13-06-2013'],[20],[144],11,SOG
"fournir échantillon de charpente et plafonds de revers teinté chêne clair
DOCUMENTS REMIS EN REUNION
VALIDATION PLANS
AVANCEMENT – PLANIFICATION
Intempéries :
1 jour
1 jour (le 03/07/13 : pluie),
Effectif :",['13-06-2013'],[21],[151],10,SOG
"fournir échantillon de charpente et plafonds de revers teinté chêne clair
DOCUMENTS REMIS EN REUNION
VALIDATION PLANS
Voir tableau SOGEA en annexe au présent CR
AVANCEMENT – PLANIFICATION
Chantier arrêté et fermé du vendredi 02 août 2013 au soir jusqu’au lundi 26 août 2013 au matin
Intempéries :
1 jour
1 jour (le 03/07/13 : pluie),
Effectif :",['13-06-2013'],"[17, 18, 19]","[121, 129, 136]",12,SOG
fuite sur verrière rivière et bassin ludique,['24-06-2015'],[78],[681],48,SOG
gratter le sol du R+1 pour permettre pose plancher chauffant,['25-06-2014'],"[60, 61, 62, 63, 64, 65, 66]","[495, 504, 512, 520, 528, 536, 545]",33,SOG
"isolation sous-dalle, à réaliser toute la zone sur VS et terre plein de la remise en forme et entrée admi-
nistration + local compresseur. Mettre à jour plan de repérage pour soumettre à DEKRA",['03-04-2013'],"[5, 6, 8, 9]","[33, 39, 53, 60]",21,SOG
joint de maçonnerie à reprendre sur maçonnerie refaite dans vestiaires collectif,['25-06-2014'],"[60, 61, 62, 63, 64, 65]","[495, 504, 512, 520, 528, 536]",31,SOG
la porte d’accès à la zone plongée sera axée (dito plan RDC architecte indice D),['12-02-2014'],"[43, 44]","[325, 334]",44,SOG
lamelle ajoutée en sous face de bandeau refusée. Aligner le plafond de revers sur l’AI du bandeau,['26-02-2014'],[46],[352],38,SOG
"le bandeau LC filant s’arrête à 2cm de la membrane PVC du tipi avec un retour sur la largeur de la toi-
ture en porte à faux. La membrane est filante sur toute la hauteur du tipi",['05-06-2013'],"[25, 26, 27, 28, 29, 30, 31, 32, 33, 34, 35, 39, 40, 41, 42, 43, 44, 45]","[177, 184, 192, 199, 207, 214, 222, 230, 238, 246, 254, 289, 298, 307, 316, 325, 334, 343]",21,SOG
"le démarrage de la couverture du grand canon commencera, au plus tard, le 12/05/14. (après finalisa-
tion de la pose des murs de soutènements et de la pose de l’assainissement) délai de cette prestation 5 semaines
Les couvertures, hors grand canon seront terminées le 18/04/14",['16-04-2014'],[54],[441],29,SOG
"le planning TCE a été diffusé pour analyse à toutes les entreprises avec retour pour le 04/10/13. Réu-
nion de signature du planning le 16/10/13 à 14h00 : toutes les entreprises sont convoquées. 18/12/13 : non
présents, non signés et convoqués le 08/01/14 : SAM+, SUEDE SAUNA",['25-09-2013'],[36],[265],30,SOG
"le trait de niveau a été matérialisé sur le chantier en divers endroits A LA CRAIE BLANCHE, seul repé-
rage valable. AUCUN AUTRE MARQUAGE NE DOIT ETRE EFFECTUE SUR LES BETONS. 19/03/14 : RAPPEL. Le
cas échéant, un enduit global sur béton sera à réaliser aux frais des responsables ou du compte prorata",['29-01-2014'],"[55, 56, 57, 58, 67]","[450, 459, 468, 477, 554]",6,SOG
les EP façade sud passeront derrière les poteaux BA,['25-09-2013'],"[32, 34, 39, 40, 41, 42, 43, 44, 45, 46, 47, 49, 51]","[230, 246, 289, 298, 307, 316, 325, 334, 343, 352, 360, 378, 409]",29,SOG
"les bacs tampon sont confirmés carrelés, l’imperméabilisation est supprimée du marché",['22-04-2015'],"[71, 75]","[599, 653]",43,SOG
les ferrures de charpente seront galva,['06-03-2013'],"[14, 15, 16, 17, 18, 19, 20, 21, 22, 23, 24, 25, 26, 27, 28, 29, 30, 31, 32, 33, 34, 35]","[97, 104, 112, 121, 129, 136, 144, 151, 158, 165, 172, 180, 187, 194, 201, 209, 216, 224, 232, 241, 248, 257]",3,SOG
"les poteaux bois seront posés sur massifs béton dito plans architecte à +11,5cm à l’extérieur, au ni-
veau des différents quais d’appui à l’intérieur et à +11,5cm pour celui situé entre la pataugeoire et le bassin ludique",['24-07-2013'],"[27, 28, 29, 30, 31, 32, 34]","[192, 199, 207, 214, 222, 230, 246]",30,SOG
les pédiluves extérieurs seront étanchés carrelés par CRI,['16-09-2015'],[86],[759],40,SOG
les trous de banches seront rebouchés en creux,['10-07-2013'],[27],[192],27,SOG
les véhicules de société doivent être stationnés sur le parking et non aux abords du bâtiment,['01-04-2015'],[67],[554],7,SOG
"local compresseur considéré comme local à risque moyen CF1h. A vérifier dans no-
tice de sécurité",['24-04-2013'],[7],[46],3,SOG
main courante à retourner sur poteau,['18-03-2015'],[64],[530],9,SOG
manque 4 réservations en PH sous-sol pour siphon de sol dans sanitaires/douches indivi-,['26-03-2014'],"[49, 49, 51, 51]","[388, 388, 406, 406]",35,SOG
manque banc bassin d’activités + banc hammam,['12-03-2014'],[46],[352],41,SOG
manque carottage pour évacuations pédiluve remise en forme,['09-09-2015'],"[86, 87]","[759, 769]",28,SOG
"manque deux réservations dans voile file 10 (sans recherche de responsabilité) de 2000x1000mm +
∅250mm. Utilisation de deux réservations 1000x1000mm de part et d’autre dudit voile pour dédoubler la gaine ini-
tiale. Un carottage est à prévoir pour le ∅250mm manquant",['16-10-2013'],"[31, 31, 33, 33, 34, 34, 35, 35, 36, 36, 37, 37, 38, 38, 39, 39, 40, 40, 41, 41, 42, 42]","[221, 221, 237, 237, 245, 245, 253, 253, 261, 261, 269, 269, 278, 278, 287, 287, 296, 296, 305, 305, 314, 314]",22,SOG
manque socle autour canalisations dans infirmerie (+ 8/9cm),['22-07-2015'],"[81, 82, 83]","[709, 719, 729]",46,SOG
"manque sortie toiture pour hammam (costière fournie par MQB) : Doit contacter MQB pour son im-
plantation",['06-05-2015'],[75],[653],48,SOG
"manque sortie toiture pour hammam (costière fournie par MQB) : Doit contacter MQB pour son im-
plantation. 10/06/15 : MQB fournira la costière. 16/12/15 : au plus tard pour le 04/01/16",['06-05-2015'],[99],[853],10,SOG
manque surbots dans vestiaires zone fosse de plongée,['16-12-2015'],[99],[853],33,SOG
manque évacuations douches et pédiluves extérieurs,['10-06-2015'],[76],[663],50,SOG
"maçonnerie massage, hammam, saunas et local technique à 2,70 mini",['09-10-2013'],[34],[246],33,SOG
"membrane du tipi à poser verticalement (soudure verticale), par lé trapézoïdal. Faire plan de calepinage
sur la base d’un développé. 18/09/13 : suite à la visite de ce jour de la piscine de Laon, réaliser un prototype pour
validation de l’équivalent d’une trame",['19-06-2013'],"[25, 26, 27, 28]","[177, 184, 192, 199]",24,SOG
"membrane du tipi à poser verticalement (soudure verticale), par lé trapézoïdal. Faire plan de calepinage
sur la base d’un développé. 18/09/13 : suite à la visite de ce jour de la piscine de Laon, réaliser un prototype pour
validation de l’équivalent d’une trame. 30/10/13 : prototype prêt à partir du 13/11/13",['19-06-2013'],"[29, 30]","[207, 214]",19,SOG
"mettre en place cadenas à codes sur les coffrets électriques de chantier. Commu-
niquer les codes à SNEF uniquement",['24-06-2015'],[78],[681],47,SOG
mettre en place cadenas à codes sur les coffrets électriques de chantier. Communiquer les codes à,['24-06-2015'],[79],[690],45,SOG
"mettre un accès au caniveau technique en galeries techniques
- Prévoir platelage ponctuel amovible en périphérie du bassin d’apprentissage, à déplacer à
l’avancement + remettre barrière HERAS sur plots sur plages après carrelage + mettre échafau-
dage dans bassins sportif et d’activité pour empêcher chute dans le bassin à déplacer à
l’avancement. Mettre PPSPS à jour",['08-04-2015'],[67],[554],15,SOG
mettre une série de plan architecte dernier indice à disposition dans la salle de réunion,['26-02-2014'],[45],[343],43,SOG
mettre à jour plan architecte à diffuser et afficher sur chantier,['10-07-2013'],[20],[141],11,SOG
"mettre à jour plan de ventilation de la terrasse technique de la zone plongée en po-
sitionnant les grilles de reprise pour création de chevêtres métalliques
Charpente LC / Faux plafonds
- 24/04/13  prévoir une structure à souder en pied de charpente métallique des verrières
Réservations en phase réalisation",['23-10-2013'],"[28, 28]","[198, 198]",21,SOG
mettre à la cote les regards dans l’emprise des solariums extérieurs,['16-09-2015'],[86],[759],39,SOG
modification mur rideau façade sud au droit enrochement : panneau pleins sous enrochement,['08-01-2014'],"[39, 40, 41, 42]","[289, 298, 307, 316]",32,SOG
"même si pas d’intervention immédiate dans la fosse de plongée, la DIRECCTE demande la mise en
place de garde corps fixe sur palier à -6,00m contre chute à -10,00m",['22-04-2015'],"[71, 73]","[599, 626]",43,SOG
nettoyage sous-sol le 13/04/15,['08-04-2015'],[67],[554],16,SOG
nettoyer et désinfecter les gaines maçonnées de ventilation avant mise en service,['09-12-2015'],"[98, 99]","[844, 853]",40,SOG
"nettoyer galeries techniques (gravats issus de carottages + carottes, …)",['09-12-2015'],[98],[844],39,SOG
"nettoyer galeries techniques (gravats issus de carottages + carottes, …). 16/12/15 : semaine 52",['09-12-2015'],[99],[853],28,SOG
"nettoyer les coulures de bitume en divers endroits principalement au droit accès lo-
cal espaces verts / panneaux solaires",['28-05-2014'],[56],[459],40,SOG
"nettoyer les coulures de bitume en divers endroits principalement au droit accès local espaces verts /
panneaux solaires. 04/06/14 : nettoyage en fin d’intervention couverture étanchéité",['28-05-2014'],"[57, 58, 59]","[468, 477, 486]",39,SOG
"nécessité de créer 2 appuis : ajout de 2 poutres, à dimensionner en béton et en
acier, à proposer à DR
INSTALLATION DE CHANTIER
- Plan d'installation de chantier à mettre à jour",['06-03-2013'],[1],[10],7,SOG
"nécessité de créer 2 appuis : ajout de 2 poutres, à dimensionner en béton et en acier, à proposer à",['06-03-2013'],"[2, 3, 4, 5, 6, 6, 7, 7, 8, 8, 9, 9, 10, 10, 11, 11, 12, 12, 13, 13, 14, 14, 15, 15, 16, 16, 17, 17, 18, 18, 19, 19, 20, 20, 21, 21]","[15, 20, 26, 32, 38, 38, 45, 45, 52, 52, 59, 59, 66, 66, 73, 73, 80, 80, 87, 87, 94, 94, 101, 101, 109, 109, 117, 117, 125, 125, 132, 132, 140, 140, 147, 147]",4,SOG
passer les cuivres de désenfumage en plafonds,['25-02-2015'],"[62, 63, 64, 65, 66, 67]","[512, 520, 528, 536, 545, 554]",31,SOG
pb pour poser bâti support WC homme individuel,['27-03-2013'],[3],[20],6,SOG
piocher bèche béton pour permettre réalisation béton acidé,['26-08-2015'],"[83, 84, 85]","[729, 739, 749]",36,SOG
"piocher bèche béton pour permettre réalisation béton acidé. 16/09/15 : impossibilité technique,
faire finition au niveau du béton acidé",['26-08-2015'],[86],[759],26,SOG
piocher seuil de porte entre remise en forme et salle fitness + baie salle cardio,['10-06-2015'],"[76, 77, 78, 79, 80, 81]","[663, 672, 681, 690, 699, 709]",49,SOG
"plan GO PH sous sol diffusé vers le 15/05/13
Charpente métallique",['24-04-2013'],"[7, 7, 8, 8, 9, 9, 10, 10]","[45, 45, 52, 52, 59, 59, 66, 66]",9,SOG
plan GO fondation basse diffusé le 26/04/13,['24-04-2013'],"[7, 7]","[45, 45]",7,SOG
"plan base vie compagnons validé par DRD ce jour, à diffuser au CSPS",['18-02-2015'],"[61, 62]","[503, 511]",2,SOG
"plan des traverses intermédiaires dans mur rideau au droit de l’enrochement remis
ce jour par DRD",['29-01-2014'],[40],[298],46,SOG
"plans architectes en cours de mise à jour pour mise en conformité avec accessibili-
té
Carrelages",['11-09-2013'],"[22, 22]","[154, 154]",6,SOG
"plans architectes en cours de mise à jour pour mise en conformité avec accessibilité
Descentes EP",['11-09-2013'],"[23, 23, 24, 24, 25, 25]","[161, 161, 168, 168, 176, 176]",5,SOG
poser les costières pour permettre à MQB de réaliser les sorties toiture,['07-05-2014'],"[54, 55]","[441, 450]",37,SOG
poser les plots des DEP façade sud après réalisation des solarium en béton acidé,['26-08-2015'],"[83, 84, 85, 86, 87, 88, 89]","[729, 739, 749, 759, 769, 779, 789]",36,SOG
"poser les projecteurs de la fosse de plongée avant pose carneau de fumées, après
accès difficile",['28-05-2014'],[56],[462],2,SOG
"poser « à blanc » pour le 12/03/14 le bandeau sur l’entrée. 12/03/14 : reporté au 19/03/14.
19/03/14 : pose affleurante à l’édicule béton en corrigeant la coupe d’onglet",['26-02-2014'],[46],[352],40,SOG
poteau au droit du pédiluve principal (sortie des vestiaires) à prévoir toute hauteur,['30-04-2013'],"[13, 14, 15, 16, 17, 18, 19, 21, 22, 23, 24, 25, 26, 27, 28, 29, 30, 31, 32, 33, 34, 35]","[88, 95, 102, 110, 118, 126, 133, 148, 155, 162, 169, 177, 184, 192, 199, 207, 214, 222, 230, 238, 246, 254]",17,SOG
"pour pose vitrages manquants, pas de circulation de nacelle ou autre engin sur les solariums en béton
acidé. Si nécessaire remise en état des bétons acidés et des modelages de terre à charge financière de SOGEA",['25-11-2015'],"[98, 99]","[844, 853]",32,SOG
poutre 59 supprimée,['27-03-2013'],"[3, 4, 5]","[21, 27, 33]",11,SOG
prendre en compte la réservation du bloc porte sous-sol escalier file 15 : 1030x2100ht,['07-05-2013'],"[13, 14, 15, 16, 17, 18]","[88, 95, 102, 110, 118, 126]",20,SOG
"problème canalisations plancher chauffant affleurant à la chape dans vestiaires indi-
viduels. Réunion le 11/06/14 à 11h00",['04-06-2014'],[57],[468],41,SOG
"problème de cotes des châssis de la remise en forme (pb non présent sauf 2 unités
le 29/01/14)",['12-02-2014'],[41],[307],42,SOG
"problème de décalage entre les châssis vestiaires et l’isolation (largeur de tapée ?). 02/04/14 : faire un
essai de reprise de finition. 09/04/14 : essai validé, à réaliser en blanc RAL9010. 10/06/15 : URGENT",['26-03-2014'],"[76, 77, 78, 79, 80, 81]","[663, 672, 681, 690, 699, 709]",11,SOG
problème de plats débordants des épines verticales dans l’emprise du canon de lumière de la rivière,['02-04-2014'],[54],[441],26,SOG
"problème de plats débordants des épines verticales dans l’emprise du canon de lumière de la rivière
-16/04/14 : le démarrage de la couverture du grand canon commencera, au plus tard, le 12/05/14. (après finalisa-
tion de la pose des murs de soutènements et de la pose de l’assainissement) délai de cette prestation 5 semaines
Les couvertures, hors grand canon seront terminées le 18/04/14",['02-04-2014'],[52],[423],33,SOG
problème d’arase supérieur relevé sur coursive et plage fosse plongée. 28/05/14 : à voir par DRD,['07-05-2014'],[56],[459],27,SOG
"problème d’infiltration d’eau dans le bâtiment : calfeutrement, raccordement des DEP, …. La réalisa-
tion du plancher chauffant ne peut pas être effectuée",['07-05-2014'],"[54, 55]","[441, 450]",34,SOG
profil d’angle de carrelages blanc pour carrelage blanc et gris pour carrelage bleu,['30-04-2014'],[87],[773],3,SOG
protéger les menuiseries alu posées,['12-02-2013'],"[43, 44, 45, 46, 49, 51, 52, 53, 54, 55, 56, 57, 58, 59, 60, 61, 62, 63, 64, 65, 66, 67, 68, 69, 70, 71, 72, 73, 74, 75]","[325, 334, 343, 352, 378, 409, 423, 432, 441, 450, 459, 468, 477, 486, 495, 504, 512, 520, 528, 536, 545, 554, 563, 572, 584, 599, 611, 626, 638, 653]",40,SOG
"préparer les dossiers de demandes d’agrément de sous-traitants : original au MOA, copie par mail à",['30-08-2012'],"[4, 5, 6, 7, 9, 10]","[26, 32, 38, 45, 59, 66]",4,SOG
préparer plots béton pour support enrochement extérieur (40 unités de 40x40x20),['30-04-2014'],[52],[423],35,SOG
"préparer plots béton pour support enrochement extérieur (40 unités de 40x40x20). 14/05/14 : vu
ce jour pour fourniture de parpaings pleins",['30-04-2014'],[54],[441],32,SOG
"prévoir de recouper longueur des éléments LUX ELEMENT des bains chaud et froid pour intégrer la
pièce céramique formant goulotte",['06-05-2015'],[75],[653],53,SOG
"prévoir de recouper longueur des éléments LUX ELEMENT des bains chaud et froid pour intégrer la
pièce céramique formant goulotte. 10/06/15 : recouper de 223mm",['06-05-2015'],[76],[663],42,SOG
"prévoir finition zone fosse de plongée (trou de banche, reprise de coulage, …)",['25-11-2015'],[98],[844],33,SOG
"prévoir finition zone fosse de plongée (trou de banche, reprise de coulage, …). 16/12/15 : défini-
tion des reprises le 06/01/16",['25-11-2015'],[99],[853],24,SOG
prévoir réseaux EU/EP avant réalisation rampe accès,['17-04-2013'],"[22, 22, 23, 23, 24, 24, 25, 25, 26, 26, 27, 27, 28, 28, 29, 29, 30, 30, 31, 31, 32, 32, 33, 33, 34, 34, 35, 35, 36, 36, 37, 37, 38, 38, 39, 39, 40, 40, 41, 41, 42, 42, 43, 43, 44, 44, 45, 45, 46, 46, 47, 47, 48, 48, 49, 49, 49, 49, 51, 51, 52, 52, 53, 53, 54, 54, 55, 55, 56, 56]","[154, 154, 161, 161, 168, 168, 176, 176, 183, 183, 191, 191, 198, 198, 206, 206, 213, 213, 221, 221, 229, 229, 237, 237, 245, 245, 253, 253, 261, 261, 269, 269, 278, 278, 287, 287, 296, 296, 305, 305, 314, 314, 323, 323, 332, 332, 341, 341, 350, 350, 359, 359, 368, 368, 377, 377, 388, 388, 406, 406, 422, 422, 431, 431, 440, 440, 449, 449, 458, 458]",11,SOG
prévoir réservation 150x150 au droit des siphons de sol et évacuation de caniveau,['30-04-2013'],"[13, 14, 15, 16, 17, 18, 19]","[88, 95, 102, 110, 118, 126, 133]",18,SOG
prévoir un PVC∅100 en fond de trémie IS galerie technique,['03-04-2013'],"[4, 5, 6, 9, 13, 14, 15, 16, 17, 18, 19, 20, 21, 22, 23, 24, 25, 26, 27, 28, 29, 30, 31, 32, 33, 34, 35, 37, 38, 39, 40, 41, 42, 43, 44, 45, 46, 47, 48, 49, 51]","[27, 33, 39, 60, 88, 95, 102, 110, 118, 126, 133, 141, 148, 155, 162, 169, 177, 184, 192, 199, 207, 214, 222, 230, 238, 246, 254, 270, 279, 289, 298, 307, 316, 325, 334, 343, 352, 360, 369, 378, 409]",25,SOG
prévoir un chéneau avec DEP pour évacuation de la verrière de la fosse de plongée,['24-04-2013'],"[13, 14, 15, 16, 17, 18, 19, 21, 22, 23, 24, 25, 26, 27, 28, 29, 30, 31, 32, 33, 34, 35, 37, 38, 39, 40, 41, 42, 43, 44, 45, 46, 47, 48, 49, 51, 52, 53, 54, 55, 56, 57, 58, 59, 60, 61, 62, 63, 64, 65]","[88, 95, 102, 110, 118, 126, 133, 148, 155, 162, 169, 177, 184, 192, 199, 207, 214, 222, 230, 238, 246, 254, 270, 279, 289, 298, 307, 316, 325, 334, 343, 352, 360, 369, 378, 409, 423, 432, 441, 450, 459, 468, 477, 486, 495, 504, 512, 520, 528, 536]",16,SOG
prévoir un plan de calepinage du plafonds de revers,['17-07-2013'],"[27, 28, 29, 30, 31, 32, 33, 34, 35, 39, 40]","[192, 199, 207, 214, 222, 230, 238, 246, 254, 289, 298]",28,SOG
prévoir une barre de préhension de chaque côté des portes accessibles au PMR,['04-06-2014'],[64],[530],6,SOG
prévoir vidange du carneau de ventilation en sous-sol,['12-02-2014'],"[43, 44, 45]","[325, 334, 343]",43,SOG
"prévoir vidange du carneau de ventilation en sous-sol. 19/03/14 : vidanger gaines maçonnées
+ décaissé pour gaines en galerie technique du bassin d’activité",['12-02-2014'],[46],[352],31,SOG
"pédiluve sortie groupe, dalle à tronçonner de 5cm",['07-05-2014'],[55],[450],31,SOG
"pédiluve sortie groupe, dalle à tronçonner de 5cm + manque les 2 murets",['07-05-2014'],[54],[441],37,SOG
"pénétration rivière dans les menuiseries alu, axe aller = + 2.74, axe retour = + 1.90 hors tout",['25-09-2013'],"[29, 31, 32, 34, 35, 39, 40, 41, 42, 43]","[207, 222, 230, 246, 254, 289, 298, 307, 316, 325]",26,SOG
"quantité disponible à l’origine 21 343m3, dont environ 4 000m3 ont été utilisés pour le fond de forme
du parking. Reste environ 17 300m3 théorique, 15 000m3 selon le relevé géomètre missionné par SOGEA début",['11-09-2013'],[42],[319],6,SOG
quelques fissures à traiter dans l’enrochement,['18-02-2015'],[73],[628],2,SOG
"quid des défauts d’alignements mur rideau/longrine béton ? Attention à l’appui pour assurer
l’étanchéité",['26-02-2014'],[46],[352],37,SOG
raccorder les DEP façade nord. URGENT,['16-09-2015'],[86],[759],43,SOG
raccorder les DEP façade nord. URGENT. 23/09/15 : URGENT A REALISER SANS DELAI,['16-09-2015'],"[87, 88, 89]","[769, 779, 789]",39,SOG
"raccorder les DEP façade nord. URGENT. 23/09/15 : URGENT A REALISER SANS DELAI.
14/10/15 : annoncé terminé pour le 16/10/15",['16-09-2015'],[90],[799],37,SOG
reboucher les réservations créées inutilement sur le bandeau de rive LC façade nord,['12-02-2014'],"[43, 44, 45]","[325, 334, 343]",42,SOG
recaler planning selon les dates de mise hors d’eau hors d’air,['18-12-2013'],[36],[266],1,SOG
recouper socle BA limon passerelle rivière + finition à faire sur tous les socles BA,['25-06-2014'],"[60, 61, 62, 63, 64]","[495, 504, 512, 520, 528]",33,SOG
"recréer un regard manquant dans chaufferie par carottage et fixation d’un regard en
sous-face de dalle",['11-06-2014'],[58],[477],31,SOG
rediffuser plan sortie toiture,['28-05-2014'],[56],[462],1,SOG
refaire carottages pour refoulement bain chaud dans l’axe du fond du bassin,['24-06-2015'],"[78, 80]","[681, 699]",52,SOG
refaire cimentage maçonnerie intérieure hammam,['09-09-2015'],"[86, 87, 88, 89, 90, 91, 92, 98]","[759, 769, 779, 789, 799, 811, 826, 844]",29,SOG
rehausser muret bain chaud pour créer plénum de soufflage contre vitrage de façade,['06-05-2015'],"[75, 76, 77, 78, 79, 80, 81, 82, 83, 84]","[653, 663, 672, 681, 690, 699, 709, 719, 729, 739]",51,SOG
"remblais périphériques du bâtiment avec les matériaux du site. S’il manque des ma-
tériaux sur la globalité, les apports seront pour les prochains ouvrages
AVANCEMENT – PLANIFICATION
Intempéries :
1 jour
1 jour (le 03/07/13 : pluie),
Effectif :",['11-09-2013'],[22],[158],22,SOG
"remblais périphériques du bâtiment avec les matériaux du site. S’il manque des matériaux sur la glo-
balité, les apports seront pour les prochains ouvrages
AVANCEMENT – PLANIFICATION
Intempéries :
2 jours
1 jour (le 03/07/13 : pluie), 1 jour (le 18/09/13 : pluie)
Effectif :",['11-09-2013'],[23],[165],21,SOG
"remblais périphériques du bâtiment avec les matériaux du site. S’il manque des matériaux sur la glo-
balité, les apports seront pour les prochains ouvrages
TCE
AVANCEMENT – PLANIFICATION",['11-09-2013'],[24],[172],26,SOG
remettre barrières 1mht autour bassins,['18-03-2015'],"[64, 65, 66]","[528, 536, 545]",35,SOG
remettre en place benne,['18-03-2015'],[64],[528],34,SOG
"remettre en place nettoyage base vie et tous les consommables nécessaires à
l’hygiène",['18-03-2015'],[64],[528],33,SOG
remettre en état les sanitaires douches de la base vie compagnons,['16-09-2015'],"[86, 87]","[759, 769]",38,SOG
remettre un accès aux galeries techniques,['23-09-2015'],"[87, 88]","[769, 779]",41,SOG
remettre un accès aux galeries techniques. 07/10/15 : URGENT,['23-09-2015'],"[89, 90]","[789, 799]",39,SOG
rendez-vous avec DEKRA pour relecture RICT le 15/05/13 à 10h30 chez DEKRA,['24-04-2013'],[7],[46],4,SOG
reprendre alignement du bandeau sur façade ouest (décalage à la jonction de 2 éléments),['19-03-2014'],"[52, 54, 55]","[423, 441, 450]",24,SOG
"reprendre les quais du bassin sportif URGENT. 28/10/15 : définition avec CRI revu ce jour.
Bassins sportif et d’activité pour le 30/10/15",['21-10-2015'],[92],[826],35,SOG
"reprendre les socles des limons de passerelles. Vérifier la présence réelle de ferraillage dans ces mas-
sifs",['15-04-2015'],"[69, 71, 73, 75, 76, 77, 78, 79, 80, 81, 82]","[572, 599, 626, 653, 663, 672, 681, 690, 699, 709, 719]",36,SOG
"reprendre limons béton passerelle bassin ludique dans alignement des limons métalliques.
16/12/15 : au plus tard du 04/01/16 au 08/01/16",['23-09-2015'],[99],[853],15,SOG
"reprendre pose des couvertines de la zone tipi (pose refusée en l’état pour cause esthétique et étan-
chéité)",['02-12-2015'],[98],[844],38,SOG
reprendre pose membrane sur canons + 2 soudures en section courante sur tipi,['11-06-2014'],"[58, 59]","[477, 486]",26,SOG
"reprendre pose membrane sur canons + 2 soudures en section courante sur tipi. 25/06/14 : pro-
grammé le 26/06/14",['11-06-2014'],"[60, 61, 62, 63]","[495, 504, 512, 520]",22,SOG
reprendre réservations siphons de sol vestiaires,['10-06-2015'],"[76, 77, 78]","[663, 672, 681]",48,SOG
reprendre réservations siphons de sol vestiaires. 01/07/15 : URGENT,['10-06-2015'],[79],[690],39,SOG
"reprendre réservations siphons de sol vestiaires. 01/07/15 : URGENT. 08/07/15 : reprendre en
urgence dans les zones en prédalles et faire valider par BET SOGEA en urgence les zones en
dalles alvéolaires",['10-06-2015'],[80],[699],38,SOG
"reprendre réservations siphons de sol vestiaires. 01/07/15 : URGENT. 08/07/15 : reprendre en ur-
gence dans les zones en prédalles et faire valider par BET SOGEA en urgence les zones en dalles alvéolaires.
22/07/15 : dans circulation vestiaires collectifs et dans vestiaires individuels, carottage jusqu’au ras de la costière
maxi. 26/08/15 : fournir coudes PVC à CRI pour modification évacuation au droit des réservations
impossibles à reprendre structurellement",['10-06-2015'],[83],[729],31,SOG
"reprendre réservations trappes de ligne de nage URGENT. 14/05/14 : 3 réservations à piocher légè-
rement, 2 à trop large, et reste à vérifier l’implantation à l’axe entre 2 lignes d’eau. 21/05/14 : vérification avec",['07-05-2014'],[55],[450],35,SOG
"reprise béton, poncer les coutures de banches + reprise toute surface d’un voile si",['12-02-2014'],[41],[307],42,SOG
"reprise béton, poncer les coutures de banches + reprise toute surface d’un voile si trop de petites re-
prises de bullage ou arrachement ou ségrégation sur un voile",['12-02-2014'],"[43, 44, 45, 46]","[325, 334, 343, 352]",39,SOG
reprise des fonds de bassins à définir avec A&T et DRD,['18-03-2015'],"[64, 65, 66, 67, 68, 69, 71, 72, 73, 75, 76, 77, 78, 79, 80, 81, 82, 83, 84]","[528, 536, 545, 554, 563, 572, 599, 611, 626, 653, 663, 672, 681, 690, 699, 709, 719, 729, 739]",35,SOG
"reprise des fonds de bassins à définir avec A&T et DRD. 09/09/15 : les fonds doivent être lisse sans
trous ni bosses. Pas de ponçage ni balayage. A finaliser pour le 05/10/15. 07/10/15 : bassin d’activités vali-
dé, bassin sportif à terminer de reprendre pour le 09/10/15",['18-03-2015'],[89],[789],11,SOG
"reprise sur hall bassin ludique, réservation de grille à prévoir 1700x700mm entre
files 6 et 7, 8et 9 et 10 et 11
Charpente LC / Faux plafonds
- 24/04/13  prévoir une structure à souder en pied de charpente métallique des verrières
Réservations en phase réalisation",['16-10-2013'],"[27, 27]","[191, 191]",19,SOG
"reprise sur hall bassin ludique, réservation de grille à prévoir 1700x700mm entre files 6 et 7, 8 et 9 et
10 et 11",['16-10-2013'],"[28, 28, 29, 29, 30, 30, 31, 31, 32, 32, 33, 33]","[198, 198, 206, 206, 213, 213, 221, 221, 229, 229, 237, 237]",16,SOG
"reste 2 sorties toiture à réaliser (1 SNEF terrasse technique plongée). 04/06/14 : plan SNEF fourni.
25/06/14 : programmé les 26 et 27/06/14",['28-05-2014'],"[62, 63, 64, 65, 66]","[512, 520, 528, 536, 545]",16,SOG
"reste 2 sorties toiture à réaliser (1 SNEF terrasse technique plongée, 1 MQB ham-
mam)",['28-05-2014'],[56],[459],36,SOG
"reste 2 sorties toiture à réaliser (1 SNEF terrasse technique plongée, 1 MQB hammam). 04/06/14 :
plan SNEF fourni",['28-05-2014'],"[57, 58]","[468, 477]",34,SOG
"reste 2 sorties toiture à réaliser (1 SNEF terrasse technique plongée, 1 MQB hammam). 04/06/14 :
plan SNEF fourni. 18/06/14 : MQB fera un percement pour le repérage d’implantation",['28-05-2014'],[59],[486],19,SOG
"reste 2 sorties toiture à réaliser (1 SNEF terrasse technique plongée, 1 MQB hammam). 04/06/14 :
plan SNEF fourni. 25/06/14 : programmé les 26 et 27/06/14",['28-05-2014'],"[60, 61]","[495, 504]",16,SOG
retour de quai sur bassin d’apprentissage ? à supprimer,['18-06-2014'],[59],[486],28,SOG
"retourner contreventement charpente métallique des canons de lumière pour per-
mettre pose habillage bois",['24-06-2015'],[78],[681],51,SOG
"revoir les délais de fabrication des toiles pour revoir le détail de l’intervention. 06/11/13 : 2,5 semaines,
en 3 phases
Intempéries :
19 jours
1 jour (le 03/07/13 : pluie), 1 jour (le 18/09/13 : pluie), 1 jour (le 10/10/13 : pluie), 1 jour (le 23/10/13 : vent), 1 jour
(le 25/10/13 : vent), 2 jours (les 28 et 29/10/13), 3 jours (le 04/11/13 : vent, le 05/11/13 : pluie, le 06/11/13 : pluie +
vent), 2 jours (les 07 et 08/11/13 : pluie et vent), 1 jour (le 14/11/13 : vent), 1 jour (le 19/11/13 : pluie), 1 jour (le
21/11/13 : neige), 1 jour (le 03/12/13 : gel), 1 jour (le 11/12/13 : gel), 2 jours (les 12 et 13/12/13 : gel)
Effectif :",['23-10-2013'],[36],[266],9,SOG
revoir les nombres de marche et développer d’escaliers,['20-03-2013'],[3],[20],3,SOG
revoir l’implantation des siphons de sol des plages extérieures,['27-03-2013'],[3],[20],6,SOG
revoir planimétrie vestiaires MNS + vestiaires étage avant pose plancher chauffant,['18-02-2015'],"[61, 62, 63, 64, 65, 66]","[504, 512, 520, 528, 536, 545]",30,SOG
réaliser maçonnerie au droit pédiluves remise en forme,['28-05-2014'],[56],[459],33,SOG
réaliser relevé sur la coursive en périphérie de dalle au droit du local MNS,['15-01-2014'],"[39, 40]","[289, 298]",35,SOG
réception bâtis de porte / maçonnerie le 23/09/15 à 11h30,['16-09-2015'],[86],[759],41,SOG
réception support avec SAE le 08/04/15 à 9h00,['11-03-2015'],[63],[520],29,SOG
réception support avec SAE le 08/04/15 à 9h00. 18/03/15 : reportée à 10h00,['11-03-2015'],"[64, 65]","[528, 536]",27,SOG
réponse SOGEA fob15 : réservation 10x10x5 demandée par LMP. A voir,['07-05-2013'],"[20, 21]","[141, 148]",2,SOG
"réservation au droit coursive au-dessus local MNS à scier pour hauteur fini de 500mm en alignant les
deux réservations
Réception support par CRI du 12/03/14
- fosse de plongée, reprendre désaffleur entre les deux levées de coulage des bajoyers. Reste à vérifier la dimen-
sion en plan (∅ constant à vérifier sur la hauteur)
ASSISTANT MAITRISE D’OUVRAGE",['09-04-2014'],"[52, 52, 53, 53, 54, 54, 55, 55]","[422, 422, 431, 431, 440, 440, 449, 449]",23,SOG
"réservation au droit des pédiluve 160mm
Descentes EP",['19-06-2013'],"[22, 22]","[154, 154]",9,SOG
réservation de dalle plages 120mm et reste du bâtiment 70mm,['10-04-2013'],"[22, 22]","[154, 154]",7,SOG
réservation pour bains chaud et froid 5mm annoncé par CRI,['11-06-2014'],"[58, 59, 60, 61, 62, 63, 64, 65, 66, 67, 68, 69, 70, 71, 72, 73, 74, 75]","[477, 486, 495, 504, 512, 520, 528, 536, 545, 554, 563, 572, 584, 599, 611, 626, 638, 653]",25,SOG
"réservations soufflage au sol au droit châssis entre hall bassins et hall d’entrée à
piocher sur la hauteur pour permettre mise en place des boites de soufflage",['18-06-2014'],[59],[486],30,SOG
"réunion de coordination le 22/01/14 à 14h
Fin du compte rendu
Frédéric MALO
DUVAL RAYNAL SARL d’Architecture",['08-01-2014'],[37],[275],16,SOG
"réunion de mise au point des diverses sorties bâtiment à reprendre par le VRD le
20/11/13 à 14h00
ASSISTANT MAITRISE D’OUVRAGE",['13-11-2013'],"[31, 31]","[221, 221]",24,SOG
réunion le 05/02/14 à 9h00 pour point et définition reprise de réservations R+1,['22-01-2014'],[39],[289],38,SOG
"réunion le 05/02/14 à 9h00 pour point et définition reprise de réservations R+1. 29/01/14 : réunion
décalée au 19/02/14 à 9h00",['22-01-2014'],"[40, 41]","[298, 307]",39,SOG
réunion le 26/02/14 à 9h00 pour réception supports avec CRI,['22-01-2014'],"[39, 40, 41, 42]","[289, 298, 307, 316]",37,SOG
"sceller les pièces de refoulement en fond de bains chaud et froid (calé en sous face
de dalle)",['29-07-2015'],[82],[719],44,SOG
socle poteau LC sur plage entre pataugeoire et bassin ludique à recouper,['01-04-2015'],[68],[563],34,SOG
"socle poteau LC sur plage entre pataugeoire et bassin ludique à recouper. 22/04/15 : découpe
impossible structurellement, massif à uniformiser en dimension pour axer le poteau LC",['01-04-2015'],[69],[572],34,SOG
"suite au déplacement du bac tempon de la fosse de plongée, agrandissement de la
salle de musculation
Charpente métallique",['27-03-2013'],[3],[20],7,SOG
"suite réunion CISSCT, compléter coffrets électriques + éclairage circulation selon
principe défini avec MQB et SNEF",['08-04-2015'],[67],[554],9,SOG
"suite réunion CISSCT, rappel du port obligatoire des EPI par toute personne sur le chantier",['03-07-2013'],"[55, 56, 57, 58, 67]","[450, 459, 468, 477, 554]",3,SOG
"suppression des garde corps vitrés en partie haute des gradins et en pieds d’enrochement côté bas-
sin d’activités mai en conservant portillon vitré donnant sous l’enrochement",['08-01-2014'],[64],[530],3,SOG
suppression des gravillons sur les zones stériles des toitures végétalisées,['30-04-2013'],"[13, 14, 15, 16, 17, 18]","[88, 95, 102, 110, 118, 126]",19,SOG
"sur accès accueil plongée, faire un relevé béton sur l’emprise de l’ossature métallique pour éviter pé-
nétration eau",['01-04-2015'],"[68, 69, 71]","[563, 572, 599]",32,SOG
"sur portes accès groupe + personnel, prévoir gâche électrique 12V continu émission ou rupture",['19-03-2014'],"[52, 54, 55, 56, 57, 58]","[423, 441, 450, 459, 468, 477]",23,SOG
"surbots sanitaires hauteur +0,07/0,00. 19/02/14 : les surbots seront tracés sur site par DRD",['22-01-2014'],"[42, 43, 44, 45]","[316, 325, 334, 343]",32,SOG
surbots à terminer au R+1,['25-06-2014'],"[60, 61, 62, 63, 64, 65, 66]","[495, 504, 512, 520, 528, 536, 545]",32,SOG
"synthèse RDC, R+1 et toiture le 10/09/13. Diffusion plan de réservations pour le 13/09/13
Charpente LC / Faux plafonds
- 24/04/13  prévoir une structure à souder en pied de charpente métallique des verrières
ASSISTANT MAITRISE D’OUVRAGE",['05-09-2013'],"[22, 22]","[154, 154]",20,SOG
"synthèse RDC, R+1 et toiture le 10/09/13. Diffusion plan de réservations pour le 13/09/13.
18/09/13 : plan présenté validé à compléter avec réservation pour bain chaud pour le 20/09/13",['05-09-2013'],"[23, 23]","[161, 161]",15,SOG
tapée menuiserie alu sur vestiaires avec FOAMGLAS à prévoir en 130mm,['10-07-2013'],[25],[177],30,SOG
"tapée menuiserie alu sur vestiaires avec FOAMGLAS à prévoir en 130mm. 09/10/13 : tapé à prévoir
en 120mm pour tous les isolants en doublage façade",['10-07-2013'],"[27, 28]","[192, 199]",26,SOG
terminer finitions sur béquet coursive,['22-07-2015'],"[81, 82]","[709, 719]",46,SOG
terminer quai/jardinière bassin ludique au droit de la sortie pédiluve,['09-12-2015'],[98],[844],41,SOG
"terminer reprise béton au droit des préscellements de la charpente métallique : de nombreuses zones
restent à traiter (aciers apparents, écarteurs apparents, béton éclaté)",['12-03-2014'],[46],[352],42,SOG
terminer reprise pataugeoire,['07-05-2014'],[55],[450],33,SOG
"terminer toutes les reprises de béton avant réception de support. 14/05/14 : réception support faite
avec SAE et DRD sauf zone plongée et façade. Reprise à terminer pour le 04/06/14. 21/05/14 : en cours.
28/05/14 : réception reportée au 11/06/14 à 9h30",['07-05-2014'],"[56, 57]","[459, 468]",26,SOG
transmettre plan CRI des siphons de sol à COEXIA,['18-09-2013'],"[27, 27, 28, 28, 29, 29, 30, 30, 31, 31, 32, 32, 33, 33]","[191, 191, 198, 198, 206, 206, 213, 213, 221, 221, 229, 229, 237, 237]",14,SOG
"transmettre plan CRI des siphons de sol à COEXIA
Charpente LC / Faux plafonds
- 24/04/13  prévoir une structure à souder en pied de charpente métallique des verrières
ASSISTANT MAITRISE D’OUVRAGE",['18-09-2013'],"[23, 23, 24, 24, 25, 25, 26, 26]","[161, 161, 168, 168, 176, 176, 183, 183]",21,SOG
treillis soudés affleurant voire hors dalle sur zone vestiaires,['02-10-2013'],"[32, 34]","[230, 246]",30,SOG
"une réservation à décaler, implanter dans la charpente métallique
Réception support par CRI du 12/03/14
- fosse de plongée, reprendre désaffleur entre les deux levées de coulage des bajoyers. Reste à vérifier la dimen-
sion en plan (∅ constant à vérifier sur la hauteur)
ASSISTANT MAITRISE D’OUVRAGE",['25-06-2014'],[60],[494],12,SOG
"une réservation à décaler, implanter dans la charpente métallique
Réception support par CRI du 12/03/14
- fosse de plongée, reprendre désaffleur entre les deux levées de coulage des bajoyers. Reste à vérifier la dimen-
sion en plan (∅ constant à vérifier sur la hauteur)
Synthèse Toile tendue / Surveillance des baignades / Electricité du 18/02/15
- réservation pour caméras Poséidon 65x55cm, découpée in situ
- caméras en milieu de bassin à régler juste après pose de la toile
ASSISTANT MAITRISE D’OUVRAGE",['25-06-2014'],"[63, 64, 65, 66, 67]","[519, 527, 535, 544, 553]",15,SOG
"validation siphon de sol PVC 20x20 pour solarium, couleur sable",['22-01-2014'],"[44, 45, 52, 63, 65]","[337, 346, 427, 523, 539]",3,SOG
"validation siphon de sol PVC 20x20 pour solarium, couleur sable
AVANCEMENT –  PLANIFICATION
Intempéries :
31 jours
1 jour (le 03/07/13 : pluie), 1 jour (le 18/09/13 : pluie), 1 jour (le 10/10/13 : pluie), 1 jour (le 23/10/13 :
vent), 1 jour (le 25/10/13 : vent), 2 jours (les 28 et 29/10/13), 3 jours (le 04/11/13 : vent, le 05/11/13 :",['22-01-2014'],[51],[416],8,SOG
"validation siphon de sol PVC 20x20 pour solarium, couleur sable
Matériaux de remblais du site",['22-01-2014'],"[39, 40, 41, 42, 43]","[292, 301, 310, 319, 328]",5,SOG
"valider avec SDIS le classement du bâtiment en type X uniquement compte tenu de l’option retenue
remplaçant la salle de réunion par la fosse de plongée",['22-05-2013'],[29],[207],2,SOG
"valider la possibilité d’installer pompes nage à contre courant + cascade de la rivière à
bouées dans la galerie technique (puissance maxi = 2x3kW). 26/03/14 : formaliser l’accord par une
fiche visa",['19-03-2014'],[70],[583],3,SOG
valider les débits et sections des EP en vue d’une synthèse avec plombier,['27-03-2013'],"[3, 4, 5]","[21, 27, 33]",10,SOG
"veiller à la bonne pose et la continuité de la bande kraft sur les trapèzes isolant posés en fond d’onde
de bacs de couverture",['19-02-2014'],"[43, 44]","[325, 334]",48,SOG
verrière RAL9010,['11-12-2013'],"[38, 39, 40, 41, 42, 43, 44, 45, 46, 47, 48, 49, 49, 51, 52]","[282, 292, 301, 310, 319, 328, 337, 346, 356, 364, 373, 382, 398, 416, 427]",2,SOG
"verrière RAL9010
Matériaux de remblais du site",['11-12-2013'],"[35, 36, 37]","[257, 265, 273]",5,SOG
"vider et nettoyer fosse de plongée après pose verrière. 25/06/14 : terminer en aspirant le rési-
duel
-11/06/14 : mettre DEP provisoires en façade nord pour évacuer les EP qui coulent dans le plafonds de revers ac-
tuellement",['11-06-2014'],[60],[495],26,SOG
visite de validation des reprises de finitions béton le 19/03/14 à 9h00,['19-02-2013'],[45],[343],43,SOG
"visite de validation des reprises de finitions béton le 19/03/14 à 9h00. 19/03/14 : vu ce jour les
reprises, à effectuer zone par zone pour validation chaque semaine en 4 zones",['19-02-2013'],[46],[352],35,SOG
"voile dans local TA maintenu dito plans marché
Charpente métallique",['10-04-2013'],"[5, 6, 6, 16, 16, 17, 17, 18, 18, 19, 19, 20, 20, 21, 21]","[32, 38, 38, 109, 109, 117, 117, 125, 125, 132, 132, 140, 140, 147, 147]",6,SOG
"voile dans local TA maintenu dito plans marché
Gros Œuvre",['10-04-2013'],"[7, 7, 8, 8, 9, 9, 10, 10]","[45, 45, 52, 52, 59, 59, 66, 66]",6,SOG
"voile dans local TA maintenu dito plans marché
Gros Œuvre
Charpente métallique",['10-04-2013'],"[11, 11, 12, 12, 13, 13, 14, 14, 15, 15]","[73, 73, 80, 80, 87, 87, 94, 94, 101, 101]",6,SOG
"voile galerie technique sous hall d’entrée à décaler de 1,70m dans le terre plein
(décalé initialement de 1,20m)
Charpente métallique",['03-04-2013'],[4],[26],7,SOG
voir CR spécifique sur prestations restant à exécuter,['25-02-2015'],"[62, 63, 64, 65, 66, 67]","[512, 520, 528, 536, 545, 554]",31,SOG
voir pour cristallisation des carneaux de ventilation et nécessité des cuvettes d’ascenseurs,['20-03-2013'],[3],[20],4,SOG
voir pour déboucher fourreaux débouchant dans le TGBT conjointement avec SNEF,['28-05-2014'],"[56, 57]","[459, 468]",34,SOG
voir pour mettre éclairage provisoire dans les circulations en concertation avec SNEF,['04-11-2015'],"[98, 99]","[844, 853]",27,SOG
voir proposition technique constructive pour passage gaine dans VS hall d’entrée,['06-03-2013'],[1],[10],6,SOG
"voir réservation manquant pour porte accès terrasse basse depuis local CTA remise
en forme",['29-01-2014'],[40],[298],44,SOG
"voir réservation manquant pour porte accès terrasse basse depuis local CTA remise en forme.
12/02/14 : voir avec BET possibilité de sciage 2x1m",['29-01-2014'],[41],[307],39,SOG
"voir réservation manquant pour porte accès terrasse basse depuis local CTA remise en forme.
12/02/14 : voir avec BET possibilité de sciage 2x1m. 26/02/14 : impossibilité",['29-01-2014'],[43],[325],36,SOG
"vor avec sous-traitant charpente métallique la prise en charge de la réfection de la
rivière à bouées. De la limaille de fer due aux découpes de la charpente métallique a dégradé le
revêtement de la rivière",['07-10-2015'],[89],[789],43,SOG
vérifier attendus du permis de construire sur les demandes du SDIS,['24-03-2014'],[7],[46],4,SOG
vérifier la problématique soulevé par SOGEA de sas sur palier intermédiaire de l’escalier hélicoïdal,['20-03-2013'],[3],[20],2,SOG
vérifier le PPSPS de NFC pour la pose de la membrane perforée,['29-07-2015'],[82],[719],43,SOG
vérifier le coefficient d’absorption solaire du triple vitrage et fournir un échantillon,['27-03-2013'],"[3, 4, 5]","[21, 27, 33]",20,SOG
"vérifier le coefficient d’absorption solaire du triple vitrage et fournir un échantillon. 17/04/13 : échan-
tillon remis ce jour, coefficient d’absorption solaire de 20",['27-03-2013'],[6],[39],15,SOG
vérifier les plans de socles fournis par NAVIC pour les casiers,['24-07-2013'],[20],[141],11,SOG
"vérifier les plans de socles fournis par NAVIC pour les casiers. 05/09/13 : recalage des plans ar-
chitecte en cours",['24-07-2013'],[21],[148],11,SOG
vérifier réservation pour évacuation pédiluve remise en forme,['04-06-2014'],[57],[468],40,SOG
"vérifier si doublon entre les lots VRD et GO pour les remblais périphériques en pied
de bâtiment",['11-09-2013'],[22],[158],16,SOG
"vérifier si doublon entre les lots VRD et GO pour les remblais périphériques en pied de bâtiment.
18/09/13 : remblais à réaliser par MONTARON",['11-09-2013'],"[23, 24]","[165, 172]",15,SOG
"à ce jour SOGEA a pris en compte toutes les demandes de réservations oubliées ou com-
plémentaires. Plus aucune ne sera prise en compte. Une campagne de carottages est programmée.",['22-04-2015'],"[70, 72, 74]","[582, 609, 636]",6,SOG
"à ce jour SOGEA a pris en compte toutes les demandes de réservations oubliées ou complémen-
taires. Plus aucune ne sera prise en compte. Une campagne de carottages est programmée. DRD et SOGEA fe-
ront une synthèse entre les réservations oubliées ou mal positionnées et les demandes complémentaires. A
compter de ce jour, toute demande sera à charge de l’entreprise requérante
Réception support par CRI du 12/03/14
- fosse de plongée, reprendre désaffleur entre les deux levées de coulage des bajoyers. Reste à vérifier la dimen-
sion en plan (∅ constant à vérifier sur la hauteur)",['22-04-2015'],[75],[652],9,SOG
"à partir du 19/05/14, responsables fermeture bâtiment sont EAS pour le sous-sol et CRI pour le RDC",['14-05-2014'],"[55, 56, 57, 58, 67]","[450, 459, 468, 477, 554]",9,SOG
étudier entraxe réservations pour pose garde corps sur limons passerelle,['18-03-2015'],[64],[530],8,SOG
évacuer chutes d’isolant de plancher chauffant déversés au droit du local technique plongée,['03-06-2015'],"[76, 77, 78, 79, 80, 81, 82, 83]","[663, 672, 681, 690, 699, 709, 719, 729]",45,SOG
évacuer gravats en fond de fosse de plongée en concertation avec CRI,['09-12-2015'],[98],[844],42,SOG
évacuer gravats en fond de fosse de plongée en concertation avec CRI. 16/12/15 : semaine 52,['09-12-2015'],[99],[853],30,SOG
ôter cale de bois sous prédalle bassin d’activités,['11-06-2014'],[58],[477],31,SOG
"SNEF signale que les réservations demandées n’ont pas été prises en compte en RDC et R+1.
04/12/13 : pris en compte sur plans remis ce jour
Contrôle réservations en sous sol du 18/12/13
- Déboucher toutes les réservations
- Locaux TE / TA :
. 2 ventilations de bac tampon fosse de plongée à carotter
. 3 pièces à sceller bac tampon plongée à carotter : plan précis à fournir par EAS
. manque 4 réservations en PH pour COEXIA : plan précis à fournir par COEXIA
. manque 1 réservation COEXIA en voile cour anglaise
. vérifier si robinet de puisage dans socle casiers piscine
. vérifier siphon + évacuation sanitaires entrée et sanitaires douches piscine : confirmer nature des réseaux à pas-
ser par COEXIA
- Galeries techniques :
. voile à proximité local technique ludique à vérifier
. manque 1 réservation SNEF à proximité du local technique ludique
. manque 1 réservation COEXIA en voile infrastructure à côté du bassin d’apprentissage
. manque 3 réservations COEXIA à côté des bacs tampon
. vérifier possibilité de descendre réseau EU plages sous poutres autour du bassin d’activités (AI poutre à – 0.58
sauf une poutre à – 0.63)
. prévoir un gabarit pour vérification réservation grille de soufflage au sol
Contrôle réservations en RDC du 22/01/14
- manque 1∅200 dans local stockage univers petite enfance
- manque 1 réservation 20x40ht au droit douches à jets
- reprendre alignement 3 réservations rectangulaires dans salle fitness
- vérifier 2 réservations dans sanitaires publics
- vérifier 1 réservation dans local entretien vestiaires
- manque 1 réservation 35x35 en dalle haute du TGBT",['27-11-2013'],"[40, 41, 42]","[296, 305, 314]",42,COEXIA
"SNEF signale que les réservations demandées n’ont pas été prises en compte en RDC et R+1.
04/12/13 : pris en compte sur plans remis ce jour
Contrôle réservations en sous sol du 18/12/13
- Linteau entrée sous-sol à recouper
- Déboucher toutes les réservations
- Locaux TE / TA :
. 2 ventilations de bac tampon fosse de plongée à carotter
. 3 pièces à sceller bac tampon plongée à carotter : plan précis à fournir par EAS
. manque 4 réservations en PH pour COEXIA : plan précis à fournir par COEXIA
. manque 1 réservation COEXIA en voile cour anglaise
. vérifier si robinet de puisage dans socle casiers piscine
. vérifier siphon + évacuation sanitaires entrée et sanitaires douches piscine : confirmer nature des réseaux à pas-
ser par COEXIA
- Galeries techniques :
. voile à proximité local technique ludique à vérifier
. manque 1 réservation SNEF à proximité du local technique ludique
. manque 1 réservation COEXIA en voile infrastructure à côté du bassin d’apprentissage
. vérifier ∅200 manquant en voile bac tampon. 15/01/14 : pas nécessaire
. manque 3 réservations COEXIA à côté des bacs tampon
. vérifier possibilité de descendre réseau EU plages sous poutres autour du bassin d’activités (AI poutre à – 0.58
sauf une poutre à – 0.63)
. prévoir un gabarit pour vérification réservation grille de soufflage au sol",['27-11-2013'],"[36, 37, 38, 39]","[261, 269, 278, 287]",39,COEXIA
"Z1 à Z8 par SOGEA. Idem pour la Z11, Z12, Z15 à Z21 à charge SOGEA. Les Z9 et Z23 sont
à charge COEXIA
Synthèse",['17-04-2013'],"[22, 23, 24, 25, 26, 27, 28, 29, 30, 31, 32, 33, 34, 35, 36, 37, 38, 39, 40, 41, 42, 43, 44, 45, 46, 47, 48, 49, 49, 51]","[154, 161, 168, 176, 183, 191, 198, 206, 213, 221, 229, 237, 245, 253, 261, 269, 278, 287, 296, 305, 314, 323, 332, 341, 350, 359, 368, 377, 388, 406]",16,COEXIA
"Z13 et 14, pénétration dans bâtiment en point haut + attente au sol par SOGEA, descente
intérieure entre les 2 attentes par COEXIA. Il en va de même pour la Z10+Z24",['17-04-2013'],"[22, 23, 24, 25, 26, 27, 28, 29, 30, 31, 32, 33, 34, 35, 36, 37, 38, 39, 40, 41, 42, 43, 44, 45, 46, 47, 48, 49, 49, 51, 52, 53, 54, 54, 55, 56]","[154, 161, 168, 176, 183, 191, 198, 206, 213, 221, 229, 237, 245, 253, 261, 269, 278, 287, 296, 305, 314, 323, 332, 341, 350, 359, 368, 377, 388, 406, 422, 431, 440, 440, 449, 458]",13,COEXIA
"diffuser plan de socles sur terrasse technique. 06/11/13 : tenir compte épaisseur complexe
isolant/étanchéité 100mm
Réservations en phase réalisation",['30-10-2013'],"[30, 31, 32, 33]","[213, 221, 229, 237]",19,COEXIA
"diffuser plan siphon et réseaux plages extérieurs à MONTARON pour le 20/09/13
Contrôle réservations en sous sol du 18/12/13
- Locaux TE / TA :
. vérifier si robinet de puisage dans socle casiers piscine
Contrôle réservations en RDC du 22/01/14
- valider VH local TGBT dans la porte du local
- vérifier alignement des réservations dans gradins
- vérifier alignement des réservations des trappes de lignes de nage
- manque toutes les réservations pour siphons de sol et caniveaux de la zone vestiaires sanitaires plon-
gée (plan non fourni)
Contrôle réservations de serrurerie du 22/01/14
- repères 4 et 6 : piochage si nécessaire lors de la pose
- repères 5 et 18 : reprise
- repère 8, 11 et 20 : vérification avec trait de niveau
- repère 10 : calfeutrement mortier après pose si nécessaire
Contrôle réservations en R+1 du 19/02/14
- vérifier alignement réservations sur coursive
- 2 réservations 300x300 à déplacer en hauteur sur coursive bassin ludique (soufflage canons de lu-
mière)
- vérifier alignement réservations au niveau terrasse technique zone plongée",['18-09-2013'],"[49, 49, 51]","[377, 388, 406]",29,COEXIA
"manque 4 réservations en PH sous-sol pour siphon de sol dans sanitaires/douches
individuels
ASSISTANT MAITRISE D’OUVRAGE",['26-03-2014'],"[47, 48, 49]","[359, 368, 377]",41,COEXIA
"manque deux réservations dans voile file 10 (sans recherche de responsabilité) de
2000x1000mm + ∅250mm. Utilisation de deux réservations 1000x1000mm de part et d’autre
dudit voile pour dédoubler la gaine initiale. Un carottage est à prévoir pour le ∅250mm man-
quant
ASSISTANT MAITRISE D’OUVRAGE",['16-10-2013'],"[27, 28, 29, 30, 32]","[191, 198, 206, 213, 229]",23,COEXIA
"réservation au droit coursive au-dessus local MNS à scier pour hauteur fini de
500mm en alignant les deux réservations
Réception support par CRI du 12/03/14
- effectuer enduit sur maçonnerie recouverte de faïence
- fosse de plongée, reprendre désaffleur entre les deux levées de coulage des bajoyers. Reste à vérifier la dimen-
sion en plan (∅ constant à vérifier sur la hauteur)",['09-04-2014'],"[49, 49, 51]","[377, 388, 406]",34,COEXIA
"suite à la réunion organisée par la Maîtrise d’Ouvrage le 03/11/15, un avenant de prolongation de délai
sera notifié aux entreprises avec pour date limite de livraison au 28/02/15.
Avancement :
Gros Oeuvre
- finition en cours
- couverture étanchéité : reste terrasse technique, membrane + contre bardage terrasse technique. En cours
- pose mur rideau reste finitions
- pose réseau désenfumage reste finitions
- reprise finitions gros œuvre fosse de plongée en cours
Menuiseries intérieures
- cloisonnement doublage remise en forme sur une 1
ère hauteur fait, reste une plaque sur 2
ème hauteur + enduit à ter-
miner RETARD
- ossature bardage acoustique en cours
Serrurerie
Ascenseurs
- pose ascenseur fosse plongée terminé ???
Carrelages
- carrelages hall bassins, reste finitions en cours
- gradins en cours
- carrelages remise en forme en cours
- étanchéité vestiaires (individuel et personnel) en cours
- carrelages vestiaires individuels en cours
- faïence en cours
- fosse de plongée en cours
Faux plafonds
- ossature toutes zones en cours
Peinture
- peinture toutes zones en attente avancement TCE
Traitement d’Air – Chauffage – Traitement d’Eau – Plomberie
- pose bouches de soufflage en cours
- plomberie en cours
- électricité en cours
Electricité
- câblage en cours
- toute électricité zone bassins sportif et activité fait, reste pose appareillage
- poste transfo posé, reste raccordement intérieur
VRD
- borduration parking en cours
- apport de terre en cours
Planification :
Gros Oeuvre
- reprise finition couverture à partir du 19/03/15. RETARD. Intervention à partir du 16/11/15. RETARD. Couvertines
fosse de plongée pour le 27/11/15
- terrasse technique pour le 11/12/15
- reprise solde pose membrane sur tipi à partir du 07/04/15. RETARD. Intervention à partir du 16/11/15. RETARD.
Pour le 27/11/15
Bassins inox
- en attente avancement carrelage
Menuiseries intérieures
- approvisionnement habillage stratifiés perforés du 08/06/15 au 31/07/15
- pose habillage stratifiés perforés à partir du 24/08/15
- pose panneaux acoustiques en lames bois à partir du 05/10/15
- mise en fabrication banque d’accueil. Pose à partir du 15/02/16
- pose signalétique à partir du 15/01/16
- pose porte semaine 1",['04-11-2015'],"[97, 98]","[839, 848]",60,COEXIA
"synthèse RDC, R+1 et toiture le 10/09/13. Diffusion plan de réservations pour le 13/09/13. 18/09/13 :
plan présenté validé à compléter avec réservation pour bain chaud pour le 20/09/13. 25/09/13 : diffuser plan
de synthèse réservations RDC et R+1 y compris gradins sans délai",['05-09-2013'],"[24, 25, 26]","[168, 176, 183]",16,COEXIA
"SNEF signale que les réservations demandées n’ont pas été prises en compte en
RDC et R+1
ASSISTANT MAITRISE D’OUVRAGE",['27-11-2013'],[33],[237],24,COEXIA
"SNEF signale que les réservations demandées n’ont pas été prises en compte en RDC et R+1.
04/12/13 : pris en compte sur plans remis ce jour
ASSISTANT MAITRISE D’OUVRAGE",['27-11-2013'],"[34, 35]","[245, 253]",18,COEXIA
"Z1 à Z8 par SOGEA. Idem pour la Z11, Z12, Z15 à Z21 à charge SOGEA. Les Z9 et Z23 sont à
charge COEXIA
Contrôle réservations en RDC du 22/01/14
- valider VH local TGBT dans la porte du local
- manque toutes les réservations pour siphons de sol et caniveaux de la zone vestiaires sanitaires plongée (plan
non fourni)
Contrôle réservations en R+1 du 19/02/14
- 2 réservations 300x300 à déplacer en hauteur sur coursive bassin ludique (soufflage canons de lumière)
- vérifier alignement réservations au niveau terrasse technique zone plongée",['17-04-2013'],"[54, 54, 55]","[440, 440, 449]",16,COEXIA
"Z1 à Z8 par SOGEA. Idem pour la Z11, Z12, Z15 à Z21 à charge SOGEA. Les Z9 et Z23 sont à
charge COEXIA
Contrôle réservations en RDC du 22/01/14
- valider VH local TGBT dans la porte du local
- manque toutes les réservations pour siphons de sol et caniveaux de la zone vestiaires sanitaires plongée (plan
non fourni)
Contrôle réservations en R+1 du 19/02/14
- 2 réservations 300x300 à déplacer en hauteur sur coursive bassin ludique (soufflage canons de lumière)
- vérifier alignement réservations au niveau terrasse technique zone plongée
Réception support par CRI du 12/03/14
- fosse de plongée, reprendre désaffleur entre les deux levées de coulage des bajoyers. Reste à vérifier la dimen-
sion en plan (∅ constant à vérifier sur la hauteur)
ASSISTANT MAITRISE D’OUVRAGE",['17-04-2013'],[56],[458],18,COEXIA
"Z1 à Z8 par SOGEA. Idem pour la Z11, Z12, Z15 à Z21 à charge SOGEA. Les Z9 et Z23 sont à
charge COEXIA
Contrôle réservations en sous sol du 18/12/13
- Locaux TE / TA :
. vérifier si robinet de puisage dans socle casiers piscine
Contrôle réservations en RDC du 22/01/14
- valider VH local TGBT dans la porte du local
- manque toutes les réservations pour siphons de sol et caniveaux de la zone vestiaires sanitaires plongée (plan
non fourni)
Contrôle réservations en R+1 du 19/02/14
- 2 réservations 300x300 à déplacer en hauteur sur coursive bassin ludique (soufflage canons de lumière)
- vérifier alignement réservations au niveau terrasse technique zone plongée",['17-04-2013'],"[52, 53]","[422, 431]",18,COEXIA
"Z11, regard en pied de chute à confirmer",['17-04-2013'],"[22, 23, 24, 25, 26, 27, 28, 29, 30, 31, 32, 33, 34, 35, 36, 37, 38, 39, 40, 41, 42, 43, 44, 45, 46, 47, 48, 49, 49, 51, 52, 53, 54, 54, 55, 56]","[154, 161, 168, 176, 183, 191, 198, 206, 213, 221, 229, 237, 245, 253, 261, 269, 278, 287, 296, 305, 314, 323, 332, 341, 350, 359, 368, 377, 388, 406, 422, 431, 440, 440, 449, 458]",10,COEXIA
"diffuser plan de socles sur terrasse technique
Charpente LC / Faux plafonds
- 24/04/13  prévoir une structure à souder en pied de charpente métallique des verrières
Réservations en phase réalisation",['30-10-2013'],[29],[206],20,COEXIA
diffuser plan réseaux enterrés à MONTARON pour le 20/09/13,['18-09-2013'],"[23, 24]","[161, 168]",16,COEXIA
diffuser plan siphon et réseaux plages extérieurs à MONTARON pour le 20/09/13,['18-09-2013'],"[23, 24, 25, 26, 27, 28, 29, 30, 31, 32, 33]","[161, 168, 176, 183, 191, 198, 206, 213, 221, 229, 237]",17,COEXIA
"diffuser plan siphon et réseaux plages extérieurs à MONTARON pour le 20/09/13
Contrôle réservations en sous sol du 18/12/13
- Déboucher toutes les réservations
- Locaux TE / TA :
. 2 ventilations de bac tampon fosse de plongée à carotter
. 3 pièces à sceller bac tampon plongée à carotter : plan précis à fournir par EAS
. manque 4 réservations en PH pour COEXIA : plan précis à fournir par COEXIA
. manque 1 réservation COEXIA en voile cour anglaise
. vérifier si robinet de puisage dans socle casiers piscine
. vérifier siphon + évacuation sanitaires entrée et sanitaires douches piscine : confirmer nature des réseaux à pas-
ser par COEXIA
- Galeries techniques :
. voile à proximité local technique ludique à vérifier
. manque 1 réservation SNEF à proximité du local technique ludique
. manque 1 réservation COEXIA en voile infrastructure à côté du bassin d’apprentissage
. manque 3 réservations COEXIA à côté des bacs tampon
. vérifier possibilité de descendre réseau EU plages sous poutres autour du bassin d’activités (AI poutre à – 0.58
sauf une poutre à – 0.63)
. prévoir un gabarit pour vérification réservation grille de soufflage au sol
Contrôle réservations en RDC du 22/01/14
- manque 1∅200 dans local stockage univers petite enfance
- manque 1 réservation 20x40ht au droit douches à jets
- reprendre alignement 3 réservations rectangulaires dans salle fitness
- vérifier 2 réservations dans sanitaires publics
- vérifier 1 réservation dans local entretien vestiaires
- manque 1 réservation 35x35 en dalle haute du TGBT
- valider VH local TGBT dans la porte du local
- réservation à déboucher dans local compresseur
- réservation à déboucher dans local déchetterie
- 2 réservations à déboucher dans local espaces verts
- manque 1 réservation + 1 réservation à reprendre dans local technique plongée
- 2 réservations à déboucher dans local musculation
- manque 3 réservations dans chaufferie
- vérifier alignement des réservations dans gradins
- vérifier alignement des réservations des trappes de lignes de nage
- fournir gabarit pour vérification des réservations pour grille de sol sur plages
- manque toutes les réservations pour siphons de sol et caniveaux de la zone vestiaires sanitaires plongée (plan
non fourni)",['18-09-2013'],"[43, 44, 45]","[323, 332, 341]",47,COEXIA
"diffuser plan siphon et réseaux plages extérieurs à MONTARON pour le 20/09/13
Contrôle réservations en sous sol du 18/12/13
- Locaux TE / TA :
. 3 pièces à sceller bac tampon plongée à carotter : plan précis à fournir par EAS
. vérifier si robinet de puisage dans socle casiers piscine
- Galeries techniques :
. voile à proximité local technique ludique à vérifier
. manque 1 réservation SNEF à proximité du local technique ludique
. prévoir un gabarit pour vérification réservation grille de soufflage au sol
Contrôle réservations en RDC du 22/01/14
- manque 1∅200 dans local stockage univers petite enfance
- manque 1 réservation 20x40ht au droit douches à jets
- reprendre alignement 3 réservations rectangulaires dans salle fitness
- vérifier 2 réservations dans sanitaires publics
- vérifier 1 réservation dans local entretien vestiaires
- manque 1 réservation 35x35 en dalle haute du TGBT
- valider VH local TGBT dans la porte du local
- réservation à déboucher dans local compresseur
- réservation à déboucher dans local déchetterie
- 2 réservations à déboucher dans local espaces verts
- manque 1 réservation + 1 réservation à reprendre dans local technique plongée
- 2 réservations à déboucher dans local musculation
- manque 3 réservations dans chaufferie
- vérifier alignement des réservations dans gradins
- vérifier alignement des réservations des trappes de lignes de nage
- fournir gabarit pour vérification des réservations pour grille de sol sur plages
- manque toutes les réservations pour siphons de sol et caniveaux de la zone vestiaires sanitaires plongée (plan
non fourni)
Contrôle réservations de serrurerie du 22/01/14
- repères 4 et 6 : piochage si nécessaire lors de la pose
- repères 5 et 18 : reprise
- repère 8, 11 et 20 : vérification avec trait de niveau
- repère 10 : calfeutrement mortier après pose si nécessaire
Contrôle bassins ludique et apprentissage du 22/01/14
- piochage si nécessaire lors de la pose des panneaux verticaux
Contrôle bassin sportif et rivière du 03/02/14
- piochage si nécessaire lors de la pose des panneaux verticaux du bassin sportif.19/03/14 : fait par A&T
- fond de goulotte bassin sportif à rehausser. 19/03/14 : compenser par pièces métalliques par A&T",['18-09-2013'],[46],[350],47,COEXIA
"diffuser plan siphon et réseaux plages extérieurs à MONTARON pour le 20/09/13
Contrôle réservations en sous sol du 18/12/13
- Locaux TE / TA :
. vérifier si robinet de puisage dans socle casiers piscine
- Galeries techniques :
. prévoir un gabarit pour vérification réservation grille de soufflage au sol
Contrôle réservations en RDC du 22/01/14
- valider VH local TGBT dans la porte du local
- vérifier alignement des réservations dans gradins
- vérifier alignement des réservations des trappes de lignes de nage
- manque toutes les réservations pour siphons de sol et caniveaux de la zone vestiaires sanitaires plongée (plan
non fourni)
Contrôle réservations de serrurerie du 22/01/14
- repères 4 et 6 : piochage si nécessaire lors de la pose
- repères 5 et 18 : reprise
- repère 8, 11 et 20 : vérification avec trait de niveau
- repère 10 : calfeutrement mortier après pose si nécessaire
Contrôle bassins ludique et apprentissage du 22/01/14
- piochage si nécessaire lors de la pose des panneaux verticaux
Contrôle bassin sportif et rivière du 03/02/14
- quais à prolonger du bassin sportif. 26/03/14 : trop large, à recouper
Contrôle réservations en R+1 du 19/02/14
- vérifier alignement réservations sur coursive
- 2 réservations 300x300 à déplacer en hauteur sur coursive bassin ludique (soufflage canons de lumière)
- vérifier alignement réservations au niveau terrasse technique zone plongée
Réception support par CRI du 12/03/14
- effectuer enduit sur maçonnerie recouverte de faïence
- fosse de plongée, reprendre désaffleur entre les deux levées de coulage des bajoyers. Reste à vérifier la dimen-
sion en plan (∅ constant à vérifier sur la hauteur)",['18-09-2013'],[47],[359],39,COEXIA
"diffuser plan siphon et réseaux plages extérieurs à MONTARON pour le 20/09/13
Contrôle réservations en sous sol du 18/12/13
- Locaux TE / TA :
. vérifier si robinet de puisage dans socle casiers piscine
Contrôle réservations en RDC du 22/01/14
- valider VH local TGBT dans la porte du local
- vérifier alignement des réservations dans gradins
- vérifier alignement des réservations des trappes de lignes de nage
- manque toutes les réservations pour siphons de sol et caniveaux de la zone vestiaires sanitaires plongée (plan
non fourni)
Contrôle réservations de serrurerie du 22/01/14
- repères 4 et 6 : piochage si nécessaire lors de la pose
- repères 5 et 18 : reprise
- repère 8, 11 et 20 : vérification avec trait de niveau
- repère 10 : calfeutrement mortier après pose si nécessaire
Contrôle bassin sportif et rivière du 03/02/14
- quais à prolonger du bassin sportif. 26/03/14 : trop large, à recouper
Contrôle réservations en R+1 du 19/02/14
- vérifier alignement réservations sur coursive
- 2 réservations 300x300 à déplacer en hauteur sur coursive bassin ludique (soufflage canons de lumière)
- vérifier alignement réservations au niveau terrasse technique zone plongée
Réception support par CRI du 12/03/14
- effectuer enduit sur maçonnerie recouverte de faïence
- fosse de plongée, reprendre désaffleur entre les deux levées de coulage des bajoyers. Reste à vérifier la dimen-
sion en plan (∅ constant à vérifier sur la hauteur)",['18-09-2013'],[48],[368],34,COEXIA
"diffuser plan siphon et réseaux plages extérieurs à MONTARON pour le 20/09/13
Réservations en phase réalisation",['18-09-2013'],"[34, 35, 36, 37, 38, 39, 40, 41, 42]","[245, 253, 261, 269, 278, 287, 296, 305, 314]",13,COEXIA
diffuser plan sorties bâtiment à MONTARON pour le 20/09/13,['18-09-2013'],"[23, 24, 25, 26, 27, 28, 29, 30, 31, 32, 33]","[161, 168, 176, 183, 191, 198, 206, 213, 221, 229, 237]",18,COEXIA
finaliser les sorties de bâtiments pour VRD,['17-04-2013'],"[22, 23, 24, 25, 26, 27, 28, 29, 30, 31, 32, 33, 34, 35, 36, 37, 38, 39, 40, 41, 42, 43, 44, 45, 46, 47]","[154, 161, 168, 176, 183, 191, 198, 206, 213, 221, 229, 237, 245, 253, 261, 269, 278, 287, 296, 305, 314, 323, 332, 341, 350, 359]",17,COEXIA
manque 4 réservations en PH sous-sol pour siphon de sol dans sanitaires/douches indivi-,['26-03-2014'],"[49, 51]","[388, 406]",35,COEXIA
"manque deux réservations dans voile file 10 (sans recherche de responsabilité) de 2000x1000mm +
∅250mm. Utilisation de deux réservations 1000x1000mm de part et d’autre dudit voile pour dédoubler la gaine ini-
tiale. Un carottage est à prévoir pour le ∅250mm manquant",['16-10-2013'],"[31, 33, 34, 35, 36, 37, 38, 39, 40, 41, 42]","[221, 237, 245, 253, 261, 269, 278, 287, 296, 305, 314]",22,COEXIA
"mettre à jour plan de ventilation de la terrasse technique de la zone plongée en po-
sitionnant les grilles de reprise pour création de chevêtres métalliques
Charpente LC / Faux plafonds
- 24/04/13  prévoir une structure à souder en pied de charpente métallique des verrières
Réservations en phase réalisation",['23-10-2013'],[28],[198],21,COEXIA
"nécessité de créer 2 appuis : ajout de 2 poutres, à dimensionner en béton et en acier, à proposer à",['06-03-2013'],"[6, 7, 8, 9, 10, 11, 12, 13, 14, 15, 16, 17, 18, 19, 20, 21]","[38, 45, 52, 59, 66, 73, 80, 87, 94, 101, 109, 117, 125, 132, 140, 147]",6,COEXIA
"plan GO PH sous sol diffusé vers le 15/05/13
Charpente métallique",['24-04-2013'],"[7, 8, 9, 10]","[45, 52, 59, 66]",9,COEXIA
plan GO fondation basse diffusé le 26/04/13,['24-04-2013'],[7],[45],7,COEXIA
"plans architectes en cours de mise à jour pour mise en conformité avec accessibili-
té
Carrelages",['11-09-2013'],[22],[154],6,COEXIA
"plans architectes en cours de mise à jour pour mise en conformité avec accessibilité
Descentes EP",['11-09-2013'],"[23, 24, 25]","[161, 168, 176]",5,COEXIA
prévoir réseaux EU/EP avant réalisation rampe accès,['17-04-2013'],"[22, 23, 24, 25, 26, 27, 28, 29, 30, 31, 32, 33, 34, 35, 36, 37, 38, 39, 40, 41, 42, 43, 44, 45, 46, 47, 48, 49, 49, 51, 52, 53, 54, 54, 55, 56]","[154, 161, 168, 176, 183, 191, 198, 206, 213, 221, 229, 237, 245, 253, 261, 269, 278, 287, 296, 305, 314, 323, 332, 341, 350, 359, 368, 377, 388, 406, 422, 431, 440, 440, 449, 458]",11,COEXIA
recaler planning avec objectif carrelage,['28-10-2015'],"[97, 98]","[839, 848]",2,COEXIA
"reprise sur hall bassin ludique, réservation de grille à prévoir 1700x700mm entre
files 6 et 7, 8et 9 et 10 et 11
Charpente LC / Faux plafonds
- 24/04/13  prévoir une structure à souder en pied de charpente métallique des verrières
Réservations en phase réalisation",['16-10-2013'],[27],[191],19,COEXIA
"reprise sur hall bassin ludique, réservation de grille à prévoir 1700x700mm entre files 6 et 7, 8 et 9 et
10 et 11",['16-10-2013'],"[28, 29, 30, 31, 32, 33]","[198, 206, 213, 221, 229, 237]",16,COEXIA
"réservation au droit coursive au-dessus local MNS à scier pour hauteur fini de 500mm en alignant les
deux réservations
Réception support par CRI du 12/03/14
- fosse de plongée, reprendre désaffleur entre les deux levées de coulage des bajoyers. Reste à vérifier la dimen-
sion en plan (∅ constant à vérifier sur la hauteur)
ASSISTANT MAITRISE D’OUVRAGE",['09-04-2014'],"[52, 53, 54, 54, 55]","[422, 431, 440, 440, 449]",23,COEXIA
"réservation au droit des pédiluve 160mm
Descentes EP",['19-06-2013'],[22],[154],9,COEXIA
réservation de dalle plages 120mm et reste du bâtiment 70mm,['10-04-2013'],[22],[154],7,COEXIA
"réunion de mise au point des diverses sorties bâtiment à reprendre par le VRD le
20/11/13 à 14h00
ASSISTANT MAITRISE D’OUVRAGE",['13-11-2013'],[31],[221],24,COEXIA
"synthèse RDC, R+1 et toiture le 10/09/13. Diffusion plan de réservations pour le 13/09/13
Charpente LC / Faux plafonds
- 24/04/13  prévoir une structure à souder en pied de charpente métallique des verrières
ASSISTANT MAITRISE D’OUVRAGE",['05-09-2013'],[22],[154],20,COEXIA
"synthèse RDC, R+1 et toiture le 10/09/13. Diffusion plan de réservations pour le 13/09/13.
18/09/13 : plan présenté validé à compléter avec réservation pour bain chaud pour le 20/09/13",['05-09-2013'],[23],[161],15,COEXIA
transmettre plan CRI des siphons de sol à COEXIA,['18-09-2013'],"[27, 28, 29, 30, 31, 32, 33]","[191, 198, 206, 213, 221, 229, 237]",14,COEXIA
"transmettre plan CRI des siphons de sol à COEXIA
Charpente LC / Faux plafonds
- 24/04/13  prévoir une structure à souder en pied de charpente métallique des verrières
ASSISTANT MAITRISE D’OUVRAGE",['18-09-2013'],"[23, 24, 25, 26]","[161, 168, 176, 183]",21,COEXIA
"voile dans local TA maintenu dito plans marché
Charpente métallique",['10-04-2013'],"[6, 16, 17, 18, 19, 20, 21]","[38, 109, 117, 125, 132, 140, 147]",6,COEXIA
"voile dans local TA maintenu dito plans marché
Gros Œuvre",['10-04-2013'],"[7, 8, 9, 10]","[45, 52, 59, 66]",6,COEXIA
"voile dans local TA maintenu dito plans marché
Gros Œuvre
Charpente métallique",['10-04-2013'],"[11, 12, 13, 14, 15]","[73, 80, 87, 94, 101]",6,COEXIA
"2 échelles perroquet + échelle accès maintenance avec crosse amovible confirmées
dans fosse de plongée",['07-05-2014'],"[53, 54, 55, 56, 57, 58, 59, 60, 61, 62, 63, 64, 65, 66, 67, 68, 69, 70, 71, 72, 73, 74, 75, 76, 77, 78, 79, 80, 81, 82, 83, 84, 85, 86, 87, 88, 89, 90, 91, 92, 98, 99]","[435, 443, 452, 461, 470, 479, 488, 497, 506, 514, 522, 530, 538, 547, 556, 565, 574, 589, 602, 617, 628, 643, 655, 665, 674, 683, 692, 701, 711, 721, 731, 741, 751, 761, 771, 781, 791, 801, 815, 828, 846, 855]",7,LMP
"Transmettre une date pour implanter en présence de COEXIA les cabines douches,
WC, séparateur d’urinoir",['21-10-2015'],"[91, 92]","[815, 828]",19,LMP
"livrer les cadres des trappes de lignes de nage. 07/05/14 : livrer chez CRI trappes de ligne de
nage + hublots pour semaine 20",['22-01-2014'],"[53, 54, 55, 56, 57, 58, 59, 60, 61, 62, 63]","[435, 443, 452, 461, 470, 479, 488, 497, 506, 514, 522]",5,LMP
"ne pas poser les cabines et casiers dans les vestiaires remise en forme, des contre
cloisons doivent être réalisées préalablement",['30-09-2015'],"[88, 89, 90, 91, 92, 98, 99]","[781, 791, 801, 815, 828, 846, 855]",15,LMP
"portillons sur gradins (limite pieds chaussés / pieds nus) à prévoir avec paumelles à
ressort",['26-08-2016'],"[83, 84, 85, 86, 87, 88, 89, 90, 91, 92]","[731, 741, 751, 761, 771, 781, 791, 801, 815, 828]",13,LMP
"prévoir 2 sèche cheveux dans circulation face aux salles prestataires. 23/09/15 : prévoir 8
sèches cheveux zone groupes, 6 espace beauté et 2 face aux salles prestataires",['22-07-2015'],"[87, 88, 89, 90, 91, 92, 98, 99]","[771, 781, 791, 801, 815, 828, 846, 855]",11,LMP
"suite à la réunion organisée par la Maîtrise d’Ouvrage le 03/11/15, un avenant de prolongation de délai
sera notifié aux entreprises avec pour date limite de livraison au 28/02/15.
Avancement :
Gros Oeuvre
- finition en cours
- couverture étanchéité : reste terrasse technique, membrane + contre bardage terrasse technique. En cours
- pose mur rideau reste finitions
- pose réseau désenfumage reste finitions
- reprise finitions gros œuvre fosse de plongée en cours
Menuiseries intérieures
- cloisonnement doublage remise en forme sur une 1
ère hauteur fait, reste une plaque sur 2
ème hauteur + enduit à ter-
miner RETARD
- ossature bardage acoustique en cours
Serrurerie
Ascenseurs
- pose ascenseur fosse plongée terminé ???
Carrelages
- carrelages hall bassins, reste finitions en cours
- gradins en cours
- carrelages remise en forme en cours
- étanchéité vestiaires (individuel et personnel) en cours
- carrelages vestiaires individuels en cours
- faïence en cours
- fosse de plongée en cours
Faux plafonds
- ossature toutes zones en cours
Peinture
- peinture toutes zones en attente avancement TCE
Traitement d’Air – Chauffage – Traitement d’Eau – Plomberie
- pose bouches de soufflage en cours
- plomberie en cours
- électricité en cours
Electricité
- câblage en cours
- toute électricité zone bassins sportif et activité fait, reste pose appareillage
- poste transfo posé, reste raccordement intérieur
VRD
- borduration parking en cours
- apport de terre en cours
Planification :
Gros Oeuvre
- reprise finition couverture à partir du 19/03/15. RETARD. Intervention à partir du 16/11/15. RETARD. Couvertines
fosse de plongée pour le 27/11/15
- terrasse technique pour le 11/12/15
- reprise solde pose membrane sur tipi à partir du 07/04/15. RETARD. Intervention à partir du 16/11/15. RETARD.
Pour le 27/11/15
Bassins inox
- en attente avancement carrelage
Menuiseries intérieures
- approvisionnement habillage stratifiés perforés du 08/06/15 au 31/07/15
- pose habillage stratifiés perforés à partir du 24/08/15
- pose panneaux acoustiques en lames bois à partir du 05/10/15
- mise en fabrication banque d’accueil. Pose à partir du 15/02/16
- pose signalétique à partir du 15/01/16
- pose porte semaine 1",['04-11-2015'],"[97, 98]","[839, 848]",60,LMP
"suppression des garde corps vitrés en partie haute des gradins et en pieds
d’enrochement côté bassin d’activités mai en conservant portillon vitré donnant sous
l’enrochement",['08-01-2014'],"[37, 38, 39, 40, 41, 42, 43, 44, 45, 46, 47, 48, 49, 49, 51, 52, 53, 54, 55, 56, 57, 58, 59, 60, 61, 62, 63, 64, 65, 66, 67, 68, 69, 70, 71, 72, 73, 74, 75, 76, 77, 78, 79, 80, 81, 82]","[272, 281, 291, 300, 309, 318, 327, 336, 345, 354, 363, 372, 381, 396, 414, 425, 435, 443, 452, 461, 470, 479, 488, 497, 506, 514, 522, 530, 538, 547, 556, 565, 574, 589, 602, 617, 628, 643, 655, 665, 674, 683, 692, 701, 711, 721]",3,LMP
"séparatif vitré pataugeoire à ramener à 1,50m de hauteur, hauteur qui servira de ré-
férence pour tous les séparatifs du hall des bassins",['22-07-2015'],"[81, 82, 83, 84, 85, 86, 87, 88, 89, 90, 91, 92]","[711, 721, 731, 741, 751, 761, 771, 781, 791, 801, 815, 828]",11,LMP
confirmer le poids des gardes corps vitrés,['30-10-2013'],"[29, 30, 31, 32, 33]","[209, 216, 224, 232, 240]",1,LMP
diffuser rapport de vérification des ouvrages béton,['18-03-2015'],[64],[530],7,LMP
faire implantation des platines de gardes corps pour préparation par SOGEA,['16-09-2015'],[86],[761],13,LMP
faire test garde corps gradins et coursive,['08-04-2015'],"[67, 68, 69, 70, 71, 72, 76, 77, 78, 79, 80]","[556, 565, 574, 589, 602, 617, 665, 674, 683, 692, 701]",8,LMP
finaliser bilan financier du lot,['22-01-2014'],"[39, 40]","[291, 300]",4,LMP
fournir compte rendu de relevés des socles,['18-03-2015'],"[64, 65]","[530, 538]",9,LMP
fournir plan de socles,['19-06-2013'],"[15, 16, 17, 18, 19]","[104, 112, 120, 128, 135]",1,LMP
livrer les cadres des trappes de lignes de nage,['22-01-2014'],"[39, 40, 41, 42, 43, 44, 45, 46, 47, 48, 49, 49, 51, 52]","[291, 300, 309, 318, 327, 336, 345, 354, 363, 372, 381, 396, 414, 425]",4,LMP
main courante sur garde corps validée,['07-10-2015'],"[89, 90, 91, 92]","[791, 801, 815, 828]",17,LMP
main courante à retourner sur poteau,['18-03-2015'],"[64, 65, 66, 67, 68, 69, 70, 71, 72, 76, 77, 78, 79, 80, 81, 82, 83, 84, 85, 86, 87, 88, 89, 90, 91, 92]","[530, 538, 547, 556, 565, 574, 589, 602, 617, 665, 674, 683, 692, 701, 711, 721, 731, 741, 751, 761, 771, 781, 791, 801, 815, 828]",9,LMP
"modifier plans suivant plans architecte mis à jour, pour le 15/10/13",['02-10-2013'],"[25, 26, 27]","[179, 186, 194]",1,LMP
"nécessité de créer 2 appuis : ajout de 2 poutres, à dimensionner en béton et en acier, à proposer à",['06-03-2013'],"[6, 7, 8, 9, 10, 11, 12, 13, 14, 15, 16, 17, 18, 19, 20, 21]","[38, 45, 52, 59, 66, 73, 80, 87, 94, 101, 109, 117, 125, 132, 140, 147]",6,LMP
"plan GO PH sous sol diffusé vers le 15/05/13
Charpente métallique",['24-04-2013'],"[7, 8, 9, 10]","[45, 52, 59, 66]",9,LMP
plan GO fondation basse diffusé le 26/04/13,['24-04-2013'],[7],[45],7,LMP
portillons zone petite enfance à prévoir condamnables,['26-08-2015'],"[83, 84, 85, 86, 87, 88, 89, 90, 91, 92]","[731, 741, 751, 761, 771, 781, 791, 801, 815, 828]",12,LMP
protéger les casiers,['07-10-2015'],"[89, 90, 91, 92, 98, 99]","[791, 801, 815, 828, 846, 855]",17,LMP
prévoir 2 sèche cheveux dans circulation face aux salles prestataires,['22-07-2015'],"[81, 82, 83, 84, 85, 86]","[711, 721, 731, 741, 751, 761]",11,LMP
prévoir portillons pour fermer les pédiluves (OF) à barreaudage,['26-08-2015'],"[83, 84, 85, 86, 87, 88, 89, 90, 91, 92]","[731, 741, 751, 761, 771, 781, 791, 801, 815, 828]",11,LMP
prévoir une barre de préhension de chaque côté des portes accessibles au PMR,['04-06-2014'],"[57, 58, 59, 60, 61, 62, 63, 64, 65, 66, 67, 68, 69, 70, 71, 72, 73, 74, 76, 77, 78, 79, 80, 81, 82, 83, 84, 85, 86, 87, 88, 89, 90, 91, 92, 98, 99]","[470, 479, 488, 497, 506, 514, 522, 530, 538, 547, 556, 565, 574, 589, 602, 617, 628, 643, 665, 674, 683, 692, 701, 711, 721, 731, 741, 751, 761, 771, 781, 791, 801, 815, 828, 846, 855]",7,LMP
recaler planning avec objectif carrelage,['28-10-2015'],"[97, 98]","[839, 848]",2,LMP
revoir avec MOA la répartition des casiers dans les vestiaires personnel,['10-06-2015'],"[76, 77, 78, 79, 80, 81, 82, 83, 84, 85, 86, 87, 88, 89, 90, 91, 92, 98, 99]","[665, 674, 683, 692, 701, 711, 721, 731, 741, 751, 761, 771, 781, 791, 801, 815, 828, 846, 855]",9,LMP
"revoir les délais de fabrication des toiles pour revoir le détail de l’intervention
Intempéries :
4 jours
1 jour (le 03/07/13 : pluie), 1 jour (le 18/09/13 : pluie), 1 jour (le 10/10/13 : pluie), 1 jour (le 23/10/13 : vent)
Effectif :",['23-10-2013'],[28],[202],5,LMP
suppression affichage waterpolo,['08-04-2015'],"[67, 68, 69, 70, 71, 72, 76, 77, 78, 79, 80, 81, 82, 83, 84, 85, 86, 87, 88, 89, 90, 91, 92, 98, 99]","[556, 565, 574, 589, 602, 617, 665, 674, 683, 692, 701, 711, 721, 731, 741, 751, 761, 771, 781, 791, 801, 815, 828, 846, 855]",8,LMP
"voile dans local TA maintenu dito plans marché
Charpente métallique",['10-04-2013'],"[6, 16, 17, 18, 19, 20, 21]","[38, 109, 117, 125, 132, 140, 147]",6,LMP
"voile dans local TA maintenu dito plans marché
Gros Œuvre",['10-04-2013'],"[7, 8, 9, 10]","[45, 52, 59, 66]",6,LMP
"voile dans local TA maintenu dito plans marché
Gros Œuvre
Charpente métallique",['10-04-2013'],"[11, 12, 13, 14, 15]","[73, 80, 87, 94, 101]",6,LMP
vérifier si plan étage réservations transmis à SOGEA et à quelle date,['07-05-2014'],[53],[435],7,LMP
étudier entraxe réservations pour pose garde corps sur limons passerelle,['18-03-2015'],"[64, 65, 66]","[530, 538, 547]",8,LMP
prochaine réunion CISSCT le 08/01/14,"['02-10-2013', '30-04-2014']","[25, 26, 27, 28, 29, 30, 31, 32, 33, 34, 35, 36, 52, 53, 54, 55, 56, 57, 58, 59, 60, 61, 62, 63]","[177, 184, 192, 199, 207, 214, 222, 230, 238, 246, 254, 262, 423, 432, 441, 450, 459, 468, 477, 486, 495, 504, 512, 520]",1,VERITAS
"prochaine réunion CISSCT le 08/01/14. 08/01/14 : date à caler. 26/03/14 : CISSCT le
16/04/14 à 9h00",['02-10-2013'],"[47, 48, 49, 49, 51]","[360, 369, 378, 390, 408]",2,VERITAS
prochaine réunion CISSCT le 08/04/15 à 9h00,"['18-03-2015', '08-04-2015', '24-06-2015', '30-09-2015']","[64, 65, 66, 67, 68, 69, 70, 71, 72, 73, 74, 75, 76, 77, 78, 79, 80, 81, 82, 83, 84, 85, 86, 87, 88, 89, 90, 91, 92]","[528, 536, 545, 554, 563, 571, 583, 599, 611, 626, 638, 652, 662, 671, 680, 689, 698, 708, 718, 728, 738, 748, 758, 768, 778, 788, 798, 810, 826]",2,VERITAS
"préciser avec SOGEA et CRI les protections collectives à adopter pour les travaux
en bord de bassin",['04-06-2014'],"[57, 58, 59, 60, 61, 62, 63, 64, 65, 66]","[468, 477, 486, 495, 504, 512, 520, 528, 536, 545]",3,VERITAS
compléter protections collectives fosse de plongée (plinthe + hauteur de lisse),['08-04-2015'],[67],[554],10,VERITAS
définir avec DR et SOGEA les dispositifs de sécurité en toiture,['30-04-2013'],"[8, 9, 10, 11]","[53, 60, 67, 74]",1,VERITAS
définir protections collectives après intervention carrelages autour des bassins,['08-04-2015'],[67],[554],16,VERITAS
faire VIC avec AT DIAM et Michel ASSAINISSEMENT,['06-05-2015'],"[71, 72]","[599, 611]",3,VERITAS
"le trait de niveau a été matérialisé sur le chantier en divers endroits A LA CRAIE BLANCHE, seul repé-
rage valable. AUCUN AUTRE MARQUAGE NE DOIT ETRE EFFECTUE SUR LES BETONS. 19/03/14 : RAPPEL. Le
cas échéant, un enduit global sur béton sera à réaliser aux frais des responsables ou du compte prorata",['29-01-2014'],[67],[554],5,VERITAS
les véhicules de société doivent être stationnés sur le parking et non aux abords du bâtiment,['01-04-2015'],[67],[554],7,VERITAS
"mettre un accès au caniveau technique en galeries techniques
- Prévoir platelage ponctuel amovible en périphérie du bassin d’apprentissage, à déplacer à
l’avancement + remettre barrière HERAS sur plots sur plages après carrelage + mettre échafau-
dage dans bassins sportif et d’activité pour empêcher chute dans le bassin à déplacer à
l’avancement. Mettre PPSPS à jour",['08-04-2015'],[67],[554],15,VERITAS
mettre à jour le PGC,['22-04-2015'],"[69, 70, 71, 72]","[571, 583, 599, 611]",2,VERITAS
nettoyage sous-sol le 13/04/15,['08-04-2015'],[67],[554],16,VERITAS
prochaine réunion CISSCT le 02/10/13,['03-07-2013'],"[17, 18, 19, 20, 21, 22, 23, 24]","[118, 126, 133, 141, 148, 155, 162, 169]",1,VERITAS
prochaine réunion CISSCT le 08/01/14. 08/01/14 : date à caler,['02-10-2013'],"[37, 38, 39, 40, 41, 42, 43, 44, 45, 46]","[270, 279, 289, 298, 307, 316, 325, 334, 343, 352]",1,VERITAS
prochaine réunion CISSCT le 25/11/15 à 9h00. 18/11/15 : date à redéfinir,['30-09-2015'],"[98, 99]","[843, 852]",1,VERITAS
"suite réunion CISSCT, compléter coffrets électriques + éclairage circulation selon
principe défini avec MQB et SNEF",['08-04-2015'],[67],[554],9,VERITAS
"suite réunion CISSCT, rappel du port obligatoire des EPI par toute personne sur le chantier",['03-07-2013'],[67],[554],2,VERITAS
"à partir du 19/05/14, responsables fermeture bâtiment sont EAS pour le sous-sol et CRI pour le RDC",['14-05-2014'],[67],[554],6,VERITAS
"confirmer la hauteur de la retombée du pan incliné au droit verrière tipi pour incor-
poration bouche d’aspiration ventilation",['11-03-2015'],"[63, 64, 65, 66, 67, 68, 69, 70, 71, 72, 73, 74, 75, 76, 77, 78, 79]","[519, 527, 535, 544, 553, 562, 571, 583, 598, 610, 625, 637, 652, 662, 671, 680, 689]",19,ESEC
"confirmer le principe de fonctionnement des pédiluves souhaité : alimentation, trop plein,
évacuation",['22-01-2014'],"[40, 41, 42, 43, 44, 45, 46, 47, 48, 49, 49, 51]","[297, 306, 316, 324, 333, 342, 351, 360, 369, 378, 390, 408]",18,ESEC
"contacter EAU et FORCE pour confirmer que le compteur d’eau est de type à impulsion.
18/06/14 : transmettre besoin en eau à EAU et FORCE. 08/04/15 : organiser réunion concessionnaires",['23-04-2014'],"[67, 68, 69, 70]","[553, 562, 571, 583]",7,ESEC
"contacter EAU et FORCE pour confirmer que le compteur d’eau est de type à impulsion.
18/06/14 : transmettre besoin en eau à EAU et FORCE. 08/04/15 : organiser réunion concessionnaires.
06/05/15 : URGENT",['23-04-2014'],"[71, 72]","[598, 610]",8,ESEC
"contacter EAU et FORCE pour confirmer que le compteur d’eau est de type à impulsion.
18/06/14 : transmettre besoin en eau à EAU et FORCE. 08/04/15 : organiser réunion concessionnaires.
06/05/15 : URGENT ; 13/05/15 : Organisera une réunion des concessionnaires première quinzaine de
juin 2015. 20/05/15 : réunion le 03/06/15 à 14h00",['23-04-2014'],"[73, 74]","[625, 637]",9,ESEC
faire VISA sur fiche produit bâche bentonitique du bassin EP,['25-09-2013'],"[24, 25, 26, 28, 29, 30, 31, 32, 33, 34, 35, 36, 37, 40, 41, 43, 44, 45, 46, 47, 48, 49, 49, 51]","[169, 177, 184, 199, 207, 214, 222, 230, 238, 246, 254, 262, 270, 297, 306, 324, 333, 342, 351, 360, 369, 378, 390, 408]",21,ESEC
"faire plan de repérage des contre cloisons à réaliser dans vestiaires remise en
forme",['20-05-2015'],"[73, 75, 76]","[625, 652, 662]",20,ESEC
"faire proposition de complément de contrôle d’accès sur la zone remise en forme
humide",['19-03-2014'],"[46, 47, 48, 49, 52, 53, 54, 55, 56, 57, 58, 59, 60, 61, 62, 63, 64, 65, 66, 67, 68, 69, 70, 71, 72, 73, 74, 75, 76, 77, 78, 79]","[351, 360, 369, 378, 422, 431, 440, 449, 458, 467, 476, 485, 494, 503, 511, 519, 527, 535, 544, 553, 562, 571, 583, 598, 610, 625, 637, 652, 662, 671, 680, 689]",23,ESEC
"fournir un détail de raccordement avec le textile ajouré. 19/06/13 : faire le détail sur la jonction
membrane/ossature/isolation thermique",['13-06-2013'],"[15, 16]","[102, 110]",17,ESEC
"fournir un détail de raccordement avec le textile ajouré. 19/06/13 : faire le détail sur la jonction mem-
brane/ossature/isolation thermique. 03/07/13 : vue en réunion de synthèse le 02/07/13, contre bardage intérieur
isolé nécessaire sur hauteur du R+2 et couvertine à la jonction membrane/textile ajouré et pipeco autour de chaque
épine",['13-06-2013'],"[17, 18, 19, 22, 23, 24, 25, 26, 28, 29, 30, 31, 32, 33, 34, 35, 36]","[118, 126, 133, 155, 162, 169, 177, 184, 199, 207, 214, 222, 229, 238, 245, 254, 262]",18,ESEC
problème du nombre d’évacuation des EP de toiture à étudier selon plan remis par,['30-10-2013'],"[29, 30, 31, 32, 33]","[207, 214, 222, 230, 238]",18,ESEC
"problème imposte manquante sas ascenseur (x2) + infirmerie plongée (hauteur
châssis 2,10m)",['11-06-2014'],"[58, 59, 60, 62, 63, 64, 65, 66, 67]","[476, 485, 494, 511, 519, 527, 535, 544, 553]",20,ESEC
"préciser le niveau bas des canons de lumière pour définition des niveaux de toile
tendue et faire détail de finition toile/CTBX/ossature canon de lumière",['11-09-2013'],"[22, 23, 24]","[155, 162, 169]",19,ESEC
"transmettre à SOGEA la réservation du châssis bois entre remise en forme et hall
bassins",['19-02-2014'],"[42, 43]","[316, 324]",7,ESEC
"voir avec BERIM et MONTARON plan de profilage des espaces verts en fonction des
matériaux disponibles en remblais",['02-10-2013'],"[25, 26, 28, 29, 30, 31]","[177, 184, 199, 207, 214, 222]",15,ESEC
"voir avec BERIM et MONTARON plan de profilage des espaces verts en fonction des matériaux dispo-
nibles en remblais. 20/11/13 : établir plan d’aménagement paysager avec cote de niveaux pour le
04/12/13",['02-10-2013'],"[32, 33, 34, 35, 36]","[230, 238, 246, 254, 262]",9,ESEC
"voir le problème de l’étanchéité à l’air entre l’arrière de la membrane et les locaux
intérieurs",['30-10-2013'],"[29, 30, 31, 32, 33, 34, 35, 36, 37, 40, 41, 42, 43, 44, 45, 46, 47, 48]","[207, 214, 222, 230, 238, 246, 254, 262, 270, 297, 306, 316, 324, 333, 342, 351, 360, 369]",18,ESEC
"voir remarques DEKRA sur les évacuations des EP de toiture. Notamment sur la
zone Z22 représentant 1270m2 et évacuée par 5 trop pleins",['18-09-2013'],"[23, 24, 25, 26, 28, 29, 30, 31, 32, 33]","[162, 169, 177, 184, 199, 207, 214, 222, 230, 238]",19,ESEC
RDV choix luminaires le 24/06/14 à 10h00 chez BERIM,['11-06-2014'],"[58, 59]","[476, 485]",22,ESEC
RDV fixé le 25/09/13 à 10h00 chez DEKRA pour relecture RICT,['11-09-2013'],"[22, 23, 24]","[155, 162, 169]",18,ESEC
URGENT faire VISA sur plans EXE SOGEA,['19-06-2013'],"[15, 16, 17, 18, 19]","[102, 110, 118, 126, 133]",17,ESEC
confirmer choix carrelages sanitaires homme remise en forme,['15-04-2015'],[68],[562],18,ESEC
confirmer classe du bois pour bardage clin extérieur,['11-06-2014'],"[58, 59, 60, 63, 64]","[476, 485, 494, 519, 527]",22,ESEC
"confirmer le type de finition souhaitée sur les maçonnerie : enduite ou joints tirés au
fer",['06-11-2013'],[30],[214],20,ESEC
confirmer les hauteurs sous faux plafonds,['01-04-2015'],"[66, 67, 68]","[544, 553, 562]",17,ESEC
confirmer les plafonds CF à prévoir,['22-04-2015'],"[69, 71, 72, 73, 74]","[571, 598, 610, 625, 637]",15,ESEC
"confirmer les plafonds CF à prévoir
-29/04/15 : SOGEA souhaite connaître savoir à quel moment est prévue la pose des douces
courbes, avant ou après la réalisation de la chape. En zone bains chaud, faire une synthèse avec",['22-04-2015'],[70],[583],17,ESEC
confirmer les teintes des DEP,['11-03-2015'],[63],[519],17,ESEC
confirmer l’option triple vitrage également sur les verrières,['06-03-2013'],"[12, 13, 14, 15, 16, 17, 18, 19, 20, 21, 22, 23, 24]","[81, 88, 95, 102, 110, 118, 126, 133, 141, 148, 155, 162, 169]",3,ESEC
confirmer à MQB le % de vide dans barrage bois sur coursive,['05-03-2014'],"[44, 45, 46]","[333, 342, 351]",19,ESEC
contacter EAU et FORCE pour confirmer que le compteur d’eau est de type à impulsion,['23-04-2014'],"[54, 55, 56, 57, 58]","[440, 449, 458, 467, 476]",9,ESEC
"contacter EAU et FORCE pour confirmer que le compteur d’eau est de type à impulsion. 18/06/14 :
transmettre besoin en eau à EAU et FORCE",['23-04-2014'],"[59, 60, 61, 62, 63, 64, 65, 66]","[485, 494, 503, 511, 519, 527, 535, 544]",9,ESEC
diffuser CR réunion avec ARS,['07-05-2014'],"[53, 54, 55, 56, 57, 58, 59, 60, 61, 62, 63, 64, 65, 66, 67, 68, 69, 70, 71, 72, 73, 74, 75, 76, 77, 78, 79]","[431, 440, 449, 458, 467, 476, 485, 494, 503, 511, 519, 527, 535, 544, 553, 562, 571, 583, 598, 610, 625, 637, 652, 662, 671, 680, 689]",11,ESEC
diffuser plan RDC à MONTARON,['11-06-2014'],[58],[476],18,ESEC
diffuser plan de modification accès chantier à partir du 20/04/15,['01-04-2015'],[66],[544],18,ESEC
diffuser plans toile tendue à SNEF,['08-04-2015'],"[67, 68]","[553, 562]",19,ESEC
diffuser polychromie,['21-05-2014'],"[55, 56, 57, 58, 59, 60]","[449, 458, 467, 476, 485, 494]",12,ESEC
diffuser polychromie. 18/02/15 : pour le lots sols durs reste le hall d’entrée,['21-05-2014'],[61],[503],10,ESEC
diffuser à COEXIA plan CRI,['05-03-2014'],"[44, 45]","[333, 342]",20,ESEC
diffuser à SOGEA plan de repérage menuiseries bois,['05-03-2014'],"[44, 45]","[333, 342]",20,ESEC
donner la correspondance pour pate de verre du VITREO 109,['22-04-2015'],"[69, 70]","[571, 583]",15,ESEC
décaissé de sol ascenseur 30mm maxi,['10-07-2013'],"[18, 19, 22, 23, 24, 25, 26, 28, 29, 30, 31, 32, 33, 34, 35, 36, 37, 40, 41, 43, 44, 45, 46, 47, 48, 49, 49, 51, 52, 53, 54, 55, 56, 57, 58, 59, 60, 61, 62, 63, 64, 65, 66, 67, 68, 69, 70, 71, 72, 73, 74, 75, 76, 77, 78, 79]","[126, 133, 155, 162, 169, 177, 184, 199, 207, 214, 222, 230, 238, 246, 254, 262, 270, 297, 306, 324, 333, 342, 351, 360, 369, 378, 390, 408, 422, 431, 440, 449, 458, 467, 476, 485, 494, 503, 511, 519, 527, 535, 544, 553, 562, 571, 583, 598, 610, 625, 637, 652, 662, 671, 680, 689]",19,ESEC
définir finition et reprise sur façades béton,['11-06-2014'],"[58, 59, 60, 61, 62, 63, 64, 65, 66, 67]","[476, 485, 494, 503, 511, 519, 527, 535, 544, 553]",16,ESEC
définir niveau traverses dans mur rideau façade sud pour limiter enrochement,['08-01-2014'],"[37, 40, 41]","[270, 297, 306]",18,ESEC
"détail 43 à reprendre, incohérence des niveaux indiqués",['20-03-2013'],[12],[81],4,ESEC
"expliciter le mode de pose attendu pour la membrane PVC (pose horizontale ou ver-
ticale, le traitement des joints, calepinage, … ) et fournir un détail de raccordement avec le tex-
tile ajouré",['13-06-2013'],[14],[95],17,ESEC
"faire coupe sur bassin intermédiaire rivière à bouées en précisant le niveau haut de ce bassin et le rac-
cordement souhaité sur les 2 parties de rivière (amont et aval)",['15-05-2013'],"[12, 13, 14, 15, 16]","[81, 88, 95, 102, 110]",22,ESEC
faire coupes sur local musculation,['30-04-2013'],[12],[81],18,ESEC
faire croquis principe de douche + siphon des pédiluves extérieurs,['17-04-2013'],"[12, 13, 14, 15, 16, 17, 18, 19, 20, 21, 22, 23, 24, 27, 29, 30]","[81, 88, 95, 102, 110, 118, 126, 133, 141, 148, 155, 162, 169, 191, 206, 213]",11,ESEC
faire détail banc bassin d’activités et banc hammam,['12-03-2014'],"[45, 46]","[342, 351]",16,ESEC
faire détail de finition toile/CTBX/ossature canon de lumière,['11-09-2013'],"[25, 26, 28, 29, 30, 31, 32, 33, 34, 35, 36, 37, 40, 41, 43, 44, 45, 46, 47, 48, 49, 49, 51, 52, 53, 54, 55, 56, 57, 58, 59, 60]","[177, 184, 199, 207, 214, 222, 230, 238, 246, 254, 262, 270, 297, 306, 324, 333, 342, 351, 360, 369, 378, 390, 408, 422, 431, 440, 449, 458, 467, 476, 485, 494]",10,ESEC
faire détail finition châssis façade nord avec courbe du voile,['09-10-2013'],"[26, 28]","[184, 199]",18,ESEC
faire détail sur bain chaud avec banquette de soufflage,['05-09-2013'],[22],[155],17,ESEC
faire extrait de plan de pente de la zone pataugeoire,['02-04-2014'],[48],[369],15,ESEC
faire fiche VISA VRD,['24-04-2013'],"[12, 13, 14, 15, 16, 17, 18, 19, 20, 21, 22, 23, 24, 25, 26, 27, 29, 30, 31, 32, 33]","[81, 88, 95, 102, 110, 118, 126, 133, 141, 148, 155, 162, 169, 177, 184, 191, 206, 213, 221, 229, 238]",12,ESEC
faire implantation de la cascade de la rivière pour EAS,['02-04-2014'],[48],[369],15,ESEC
faire implantation des cônes acoustiques,['08-01-2014'],"[37, 40, 41]","[270, 297, 306]",18,ESEC
"faire plan de repérage des contre cloisons à réaliser dans vestiaires remise en forme
- 27/05/2015 : confirmer à l’entreprise Michel assainissement canalisation supplémentaire pour
sortie bain chaud et bain froid au niveau du solarium.
- 27/05/2015 : porte intérieur N°54 du local technique confirmer sens d’ouverture.",['20-05-2015'],[74],[637],22,ESEC
faire plan de repérage des locaux coupe feu avec plafond coupe feu,['06-05-2015'],"[71, 73, 74, 75, 76]","[598, 625, 637, 652, 662]",17,ESEC
"faire plan de repérage des locaux coupe feu avec plafond coupe feu
-13/05/15 : Organisera une réunion des concessionnaires première quinzaine de juin 2015",['06-05-2015'],[72],[610],18,ESEC
faire plan de repérage des échelles à crinoline,['26-02-2014'],"[43, 44, 45, 46, 47, 48, 49, 49, 51, 52, 53, 54, 55, 56, 57, 58, 59, 60, 61, 62, 63, 64, 65, 66, 67, 68, 69, 70, 71, 72, 73, 74, 75, 76]","[324, 333, 342, 351, 360, 369, 378, 390, 408, 422, 431, 440, 449, 458, 467, 476, 485, 494, 503, 511, 519, 527, 535, 544, 553, 562, 571, 583, 598, 610, 625, 637, 652, 662]",17,ESEC
faire plan modification du parking,['18-03-2015'],"[64, 65, 66, 67, 68, 69, 70, 71, 72, 73, 74, 75, 76, 77, 78, 79]","[527, 535, 544, 553, 562, 571, 583, 598, 610, 625, 637, 652, 662, 671, 680, 689]",18,ESEC
faire point sur modifications réservation bloc porte,['04-12-2013'],"[34, 35, 36, 37, 40, 41, 42, 43, 44, 45]","[246, 254, 262, 270, 297, 306, 316, 324, 333, 342]",11,ESEC
"faire proposition de complément de contrôle d’accès sur la zone remise en forme humide
-16/04/14 : Réunion pour les éclairages extérieurs, nivellement des espaces verts, plan et coupe
sur réseaux divers le 23/04/14 à 14h",['19-03-2014'],[49],[390],14,ESEC
"faire proposition de complément de contrôle d’accès sur la zone remise en forme humide
-16/04/14 : Réunion pour les éclairages extérieurs, nivellement des espaces verts, plan et coupe sur ré-
seaux divers le 23/04/14 à 14h.
-23/04/14 : Transmettre le plan gaz de GRDF à Montaron. Transmettre une proposition des PI au
SDIS pour validation. Contacter EAU et FORCE pour confirmer que le compteur d’eau est de type
à impulsion.
-23/04/14 : Transmettre au lot enrochement la réponse aux questions suivantes :
Date de la pose de la passerelle, date de la pose du petit escalier situé au bout de la rivière et la
date de la pose des gaines verticales à l’arrière de la rivière.",['19-03-2014'],[51],[408],20,ESEC
faire proposition d’une menuiserie alu vitrée sur accueil plongée,['19-03-2014'],"[46, 47]","[351, 360]",18,ESEC
faire synthèse des attentes demandés par SUEDE Sauna,['03-07-2013'],"[17, 18, 19, 22, 23, 24, 25, 26, 28, 29, 30, 31, 32, 33, 34, 35, 36, 37, 40, 41, 43]","[118, 126, 133, 155, 162, 169, 177, 184, 199, 207, 214, 222, 230, 238, 246, 254, 262, 270, 297, 306, 324]",19,ESEC
faire synthèse des avis avec DEKRA,['11-12-2013'],"[35, 36, 37]","[254, 262, 270]",17,ESEC
"faire synthèse des matériaux disponibles en fonction des relevés géomètres SOGEA, MONTARON et
DOE BREZILLON",['24-04-2013'],"[12, 13, 14, 15, 16, 17, 18]","[81, 88, 95, 102, 110, 118, 126]",14,ESEC
"faire synthèse des matériaux disponibles en fonction des relevés géomètres SOGEA, MONTARON et
DOE BREZILLON. 17/07/13 : URGENT, FAIRE SYNTHESE SUR LE REEMPLOI DES MATERIAUX DU
SITE ENTRE SOGEA ET MONTARON",['24-04-2013'],[19],[133],11,ESEC
"faire synthèse des matériaux disponibles en fonction des relevés géomètres SOGEA, MONTARON et
DOE BREZILLON. 17/07/13 : URGENT, FAIRE SYNTHESE SUR LE REEMPLOI DES MATERIAUX DU SITE ENTRE",['24-04-2013'],"[20, 21]","[141, 148]",9,ESEC
fermer plan coté des 2 espaces de plages humides de la pataugeoire,['18-06-2014'],[59],[485],17,ESEC
finaliser choix animation bruine de la pataugeoire,['19-03-2014'],"[46, 47]","[351, 360]",21,ESEC
finaliser le choix des câbles électriques entre transfo et TGBT et confirmer à SNEF,['21-05-2014'],[55],[449],12,ESEC
finaliser études sur économie avec principe de bâche de lavage filtre,['29-05-2013'],"[12, 13, 14, 15]","[81, 88, 95, 102]",22,ESEC
finaliser études sur économie avec principe de bâche de lavage filtre. 26/06/13 : RAPPEL,['29-05-2013'],"[16, 17, 18, 19, 22, 23, 24, 25, 26, 27, 28, 29, 30, 31, 32, 33, 34, 35, 36, 37]","[110, 118, 126, 133, 155, 162, 169, 177, 184, 191, 199, 206, 213, 221, 229, 238, 245, 253, 262, 270]",15,ESEC
formuler avis sur proposition SNEF de matériel de détection incendie,['15-04-2015'],"[68, 69, 70, 71, 72, 73, 74, 75, 76, 77, 78, 79]","[562, 571, 583, 598, 610, 625, 637, 652, 662, 671, 680, 689]",18,ESEC
formuler avis sur proposition de modification toile tendue,['11-03-2015'],[63],[519],19,ESEC
"formuler pré avis sur le 1
er projet de charpente métallique en 3D",['05-06-2013'],[13],[88],18,ESEC
"fournir un extrait de plan coté de la zone administration et remise en forme pour
implantation des cloisonnements",['26-03-2014'],[47],[360],18,ESEC
fournir à DRD les éléments pour établir avenant technique traitement d’eau,['19-02-2014'],"[42, 43, 44, 45, 46, 47, 48, 49, 49, 51, 52, 53, 54, 55, 56, 57, 58, 59, 60]","[316, 324, 333, 342, 351, 360, 369, 378, 390, 408, 422, 431, 440, 449, 458, 467, 476, 485, 494]",8,ESEC
fournir à EAS implantation fontaine dans rivière à bouées,['19-02-2014'],"[42, 43]","[316, 324]",8,ESEC
"fournir à SOGEA plans des faux plafonds avec indication des HSFP + plans des re-
levés carrelés",['29-01-2014'],[40],[297],19,ESEC
fournir éléments à SOGEA pour créer amenée d’air dans zone vestiaires individuels,['19-03-2014'],[46],[351],20,ESEC
local compresseur considéré comme local à risque moyen CF1h. A vérifier dans notice de sécurité,['24-04-2013'],"[12, 13]","[81, 88]",15,ESEC
mettre à jour détail sur bain chaud,['06-05-2015'],"[71, 72, 73, 74]","[598, 610, 625, 637]",17,ESEC
mettre à jour plan architecte à diffuser et afficher sur chantier,['10-07-2013'],"[18, 19]","[126, 133]",19,ESEC
organiser nouvelle réunion concessionnaires,['08-01-2014'],[37],[270],17,ESEC
pb pour poser bâti support WC homme individuel,['27-03-2013'],[12],[81],7,ESEC
"planning échafaudage MODULE à diffuser à SOGEA, CRI, MQB, SNEF",['25-06-2014'],[60],[494],17,ESEC
"préciser la finition des ébrasements et sous face de plancher haut au droit de chaque accès extérieur
de la zone plongée",['15-01-2014'],"[40, 41, 42]","[297, 306, 316]",17,ESEC
préciser le principe de pose des pavés de verre notamment avec l’isolant,['27-03-2013'],"[12, 13, 14, 15, 16, 17, 18, 19, 20, 21, 22, 23, 24]","[81, 88, 95, 102, 110, 118, 126, 133, 141, 148, 155, 162, 169]",10,ESEC
préciser par une coupe la cloison vitrée au R+1 zone fosse sur dalle entrée,['09-10-2013'],"[26, 28]","[184, 199]",19,ESEC
préciser prestation sur bac de réception des chaines de trop plein EP,['11-12-2013'],"[35, 36]","[254, 262]",16,ESEC
préparer dossier de consultation lot 17 relancé,['25-02-2015'],"[63, 64]","[519, 527]",15,ESEC
prévoir complément d’isolant au droit des menuiseries extérieures remise en forme,['09-10-2013'],"[26, 28, 29, 30, 31, 32, 33, 34, 35, 36, 37, 40, 41, 43, 44, 45, 46, 47, 48, 49, 49, 51, 52, 53, 54, 55, 56, 57, 58]","[184, 199, 207, 214, 222, 230, 238, 246, 254, 262, 270, 297, 306, 324, 333, 342, 351, 360, 369, 378, 390, 408, 422, 431, 440, 449, 458, 467, 476]",19,ESEC
prévoir un coffre CF autour DEP fitness + relaxation,['01-04-2015'],"[66, 67, 68, 69, 70, 71, 72, 73, 74]","[544, 553, 562, 571, 583, 598, 610, 625, 637]",16,ESEC
qui doit la tranchée pour les réseaux solaires,['07-05-2014'],[53],[431],12,ESEC
redessiner châssis 14,['09-04-2015'],"[67, 68]","[553, 562]",19,ESEC
redessiner rond point + dépose minute sur parking,['11-06-2014'],[58],[476],17,ESEC
rediffuser à SOGEA détail des pieds de chute EP façade sud,['12-03-2014'],"[45, 46]","[342, 351]",17,ESEC
relancer AMVS pour validation rejet assainissement,['05-03-2014'],[44],[333],18,ESEC
revoir aménagement zone relaxation remise en forme,['25-06-2014'],"[60, 63, 64, 65, 66, 67, 68, 69, 70, 71, 72, 73, 74, 75, 76, 77, 78, 79]","[494, 519, 527, 535, 544, 553, 562, 571, 583, 598, 610, 625, 637, 652, 662, 671, 680, 689]",17,ESEC
revoir les nombres de marche et développer d’escaliers,['20-03-2013'],"[12, 13, 14, 15, 16, 17, 18, 19, 20]","[81, 88, 95, 102, 110, 118, 126, 133, 141]",5,ESEC
revoir l’implantation des siphons de sol des plages extérieures,['27-03-2013'],"[12, 13, 14, 15, 16, 17, 18, 19, 20, 21, 22, 23, 24, 27, 29, 30, 31, 32, 33, 34, 35, 36, 37, 40, 41, 43, 44, 45, 46, 47, 48]","[81, 88, 95, 102, 110, 118, 126, 133, 141, 148, 155, 162, 169, 191, 206, 213, 221, 229, 238, 245, 253, 262, 270, 297, 306, 324, 333, 342, 351, 360, 369]",8,ESEC
revoir plan des pédiluves extérieurs avec implantation douche et siphon,['06-11-2013'],[30],[214],21,ESEC
réponse SOGEA fob15 : réservation 10x10x5 demandée par LMP. A voir,['07-05-2013'],"[12, 13, 14, 15, 16, 17, 18, 19, 22, 23, 24, 25, 26, 27]","[81, 88, 95, 102, 110, 118, 126, 133, 155, 162, 169, 177, 184, 191]",20,ESEC
réunion GTC le 30/04/14 à 11h00,['12-03-2014'],"[45, 46, 47, 48, 49, 49, 51]","[342, 351, 360, 369, 378, 390, 408]",19,ESEC
réunion Traitement d’Eau le 30/04/14 à 9h00,['12-03-2014'],"[45, 46, 47, 48, 49, 49, 51]","[342, 351, 360, 369, 378, 390, 408]",19,ESEC
réunion avec AMVS et CG59 le 16/10/13 à 10h00 sur site,['09-10-2013'],[26],[184],17,ESEC
transmettre DEP façade sud à Montaron,['07-05-2014'],[53],[431],13,ESEC
transmettre coupe goulotte fosse plongée à EAS,['07-05-2014'],[53],[431],13,ESEC
transmettre coupe sur plancher chauffant à SOGEA,['05-06-2013'],[13],[88],17,ESEC
transmettre dwg R+1 à CRI,['11-06-2014'],[58],[476],15,ESEC
transmettre le choix du RAL du mobilier urbain et des mâts d’éclairage public,['28-05-2014'],"[56, 57, 58]","[458, 467, 476]",13,ESEC
"transmettre le plan gaz de GRDF à Montaron. Transmettre une proposition des PI au SDIS pour vali-
dation. Contacter EAU et FORCE pour confirmer que le compteur d’eau est de type à impulsion",['23-04-2014'],[52],[422],9,ESEC
transmettre plans LMP des portillons à SNEF pour implantation contrôle d’accès,['24-06-2015'],"[78, 79]","[680, 689]",10,ESEC
"transmettre une proposition des PI au SDIS pour validation. Contacter EAU et FORCE pour confirmer
que le compteur d’eau est de type à impulsion",['23-04-2014'],[53],[431],10,ESEC
valider les animations de la zone pataugeoire avec AMVS,['12-02-2014'],"[45, 46]","[342, 351]",18,ESEC
"voir avec BERIM et MONTARON plan de profilage des espaces verts en fonction des matériaux dispo-
nibles en remblais. 20/11/13 : établir plan d’aménagement paysager avec cote de niveaux pour le 04/12/13.
08/01/14 : URGENT pour le 15/01/14 dernier délai",['02-10-2013'],[37],[270],10,ESEC
"voir avec BERIM et MONTARON plan de profilage des espaces verts en fonction des matériaux dispo-
nibles en remblais. 20/11/13 : établir plan d’aménagement paysager avec cote de niveaux pour le 04/12/13.
08/01/14 : URGENT pour le 15/01/14 dernier délai. 22/01/14 : présence en réunion le 22/01/14 obligatoire",['02-10-2013'],"[40, 41, 43, 44]","[297, 306, 324, 333]",9,ESEC
voir avec COEXIA le principe des échangeurs,['14-05-2014'],"[54, 55, 56, 57, 58, 59, 60, 61, 62, 63, 64]","[440, 449, 458, 467, 476, 485, 494, 503, 511, 519, 527]",11,ESEC
"voir avec concessionnaires débit et pression pour alimentation poteaux incendie
(2unités = 120m3/h pendant 2h)",['05-03-2014'],[44],[333],17,ESEC
voir finition verrière et habillage intérieur selon principe remis par SOGEA ce jour,['18-09-2013'],"[23, 24]","[162, 169]",18,ESEC
voir possibilité de réduire goulottes sur pataugeoire pour allonger muret,['30-10-2013'],"[29, 30, 31, 32, 33, 34, 35, 36, 37]","[207, 214, 222, 230, 238, 246, 254, 262, 270]",16,ESEC
voir pour choix bruine pataugeoire,['28-05-2014'],"[56, 57, 58]","[458, 467, 476]",13,ESEC
voir pour cristallisation des carneaux de ventilation et nécessité des cuvettes d’ascenseurs,['20-03-2013'],"[12, 13, 14, 15, 16]","[81, 88, 95, 102, 110]",6,ESEC
"voir pour cristallisation des carneaux de ventilation et nécessité des cuvettes d’ascenseurs.
03/07/13 : devis SOGEA reçu, avis à formuler",['20-03-2013'],[17],[118],6,ESEC
voir pour modifier espace beauté pour recréer alège et non liinteau,['11-12-2013'],"[35, 36]","[254, 262]",17,ESEC
voir problème DEP sur façade nord,['19-03-2014'],[46],[351],19,ESEC
voir problème de fermeture coupe feu de part et d’autre de l’escalier au droit du TGBT,['30-04-2013'],[12],[81],19,ESEC
voir problème forme coursive avec console,['25-09-2013'],"[24, 25, 26]","[169, 177, 184]",21,ESEC
voir regard en pied de bâtiment zone fosse à ≈-7m,['19-03-2014'],"[46, 47]","[351, 360]",22,ESEC
"vérifier attendus du permis de construire sur les demandes du SDIS. 07/05/13 : défense incendie (à
charge MOA)",['24-03-2014'],[12],[81],17,ESEC
vérifier et valider les plans de socles de casiers mis à jour par NAVIC,['23-10-2013'],"[28, 29, 30, 31]","[199, 207, 214, 222]",17,ESEC
vérifier la finition des pédiluves et douches extérieurs,['06-11-2013'],"[30, 31, 32, 33, 34]","[214, 222, 230, 238, 246]",21,ESEC
"vérifier les plans de socles fournis par NAVIC pour les casiers. 05/09/13 : recalage des plans archi-
tecte en cours",['24-07-2013'],[22],[155],16,ESEC
vérifier plans OTIS sur dimensions cuvettes + tête de GO irréalisable,['27-03-2013'],[12],[81],9,ESEC
vérifier qui doit isolation locaux musculation et clubs,['11-06-2014'],"[58, 59, 60, 62, 63, 64, 65, 66, 67]","[476, 485, 494, 511, 519, 527, 535, 544, 553]",21,ESEC
vérifier qui doit la fourniture du compresseur bouteille de plongée,['06-03-2013'],"[12, 13, 14, 15, 16, 17, 18, 19, 20]","[81, 88, 95, 102, 110, 118, 126, 133, 141]",2,ESEC
vérifier qui doit les diverses grilles de ventilation,['23-10-2013'],"[28, 29, 30, 31, 32, 33, 34, 35, 36, 37, 40, 41, 43, 44, 45, 46, 47, 48, 49, 49, 51, 52, 53, 54, 55, 56, 57, 58, 59, 60, 61, 62, 63, 64, 65, 66, 67, 68, 69, 70, 71, 72, 73, 74, 75, 76, 77, 78, 79]","[199, 207, 214, 222, 230, 238, 246, 254, 262, 270, 297, 306, 324, 333, 342, 351, 360, 369, 378, 390, 408, 422, 431, 440, 449, 458, 467, 476, 485, 494, 503, 511, 519, 527, 535, 544, 553, 562, 571, 583, 598, 610, 625, 637, 652, 662, 671, 680, 689]",17,ESEC
vérifier réservation en dalle dans local clubs sur plan de synthèse,['01-04-2015'],"[66, 67, 68]","[544, 553, 562]",18,ESEC
établir et diffuser plan des accès au bâtiment en phase chantier,['14-05-2014'],[54],[440],11,ESEC
étudier vidéosurveillance,['25-02-2015'],"[63, 64]","[519, 527]",16,ESEC
"chaque entreprise doit remettre en place les protections collectives chaque fois
qu’elles sont déposées pour une intervention",['19-03-2014'],"[46, 47, 48, 49, 49, 52, 53, 54]","[352, 360, 369, 378, 390, 423, 432, 441]",9,NAMIXIS
"confirmer à DRD, BERIM et SNEF le type de centrale incendie",['11-06-2014'],"[58, 63, 64]","[477, 520, 528]",2,NAMIXIS
faut-il un report de position des bobines des coffrets de commande sur le CMSI ?,['20-05-2015'],"[73, 74, 75]","[626, 638, 652]",2,NAMIXIS
"la dernière entreprise quittant le chantier est tenue de fermer le portail et vérifier que le portillon est
fermé. SOGEA remettra en service la fermeture du portail avec un cadenas à code. 26/08/15 : RAPPEL, le
portail à l’entrée de la voie d’accès au chantier est à fermer chaque soir pour éviter l’intrusion
de gens du voyage",['24-06-2015'],"[83, 88, 89, 92]","[729, 779, 789, 826]",21,NAMIXIS
"le trait de niveau a été matérialisé sur le chantier en divers endroits A LA CRAIE
BLANCHE, seul repérage valable. AUCUN AUTRE MARQUAGE NE DOIT ETRE EFFECTUE SUR
LES BETONS",['29-01-2014'],"[40, 41, 42, 43, 44, 45, 51]","[298, 307, 316, 325, 334, 343, 408]",7,NAMIXIS
"le trait de niveau a été matérialisé sur le chantier en divers endroits A LA CRAIE BLANCHE,
seul repérage valable. AUCUN AUTRE MARQUAGE NE DOIT ETRE EFFECTUE SUR LES BETONS.
19/03/14 : RAPPEL. Le cas échéant, un enduit global sur béton sera à réaliser aux frais des responsables
ou du compte prorata",['29-01-2014'],"[46, 47, 48, 49, 49, 52, 53, 54, 59, 60, 61, 62, 63, 64, 65, 66, 76, 78, 79, 83, 88, 89, 92]","[352, 360, 369, 378, 390, 423, 432, 441, 486, 495, 504, 512, 520, 528, 536, 545, 662, 680, 689, 729, 779, 789, 826]",8,NAMIXIS
"les véhicules de société doivent être stationnés sur le parking et non aux abords du
bâtiment",['01-04-2015'],"[66, 78, 79, 83, 88, 89, 92]","[545, 680, 689, 729, 779, 789, 826]",13,NAMIXIS
"prédalles PH sous-sol commandées. Modifications de réservation impossible, carot-
tages à charge du demandeur",['10-07-2013'],"[18, 19, 20, 21]","[126, 133, 141, 148]",6,NAMIXIS
"réunion SSI le 14/10/15 à 10h30
TCE
TCE
TCE
TCE
TCE
TCE
TCE
TCE
REMARQUES CONCERNANT TOUTES LES ENTREPRISES",['30-09-2015'],"[88, 89]","[779, 789]",12,NAMIXIS
"suite réunion CISSCT, rappel du port obligatoire des EPI par toute personne sur le
chantier",['03-07-2013'],"[17, 18, 19, 20, 21, 22, 23, 24, 25, 26, 27, 28, 29, 30, 31, 32, 33, 34, 35, 36, 37, 38, 39, 40, 41, 42, 43, 44, 45, 46, 47, 48, 49, 49, 51, 52, 53, 54, 59, 60, 61, 62, 63, 64, 65, 66, 76, 77, 78, 79, 80, 81, 82, 83, 88, 89, 92, 98, 99]","[118, 126, 133, 141, 148, 155, 162, 169, 177, 184, 192, 199, 207, 214, 222, 230, 238, 246, 254, 262, 270, 279, 289, 298, 307, 316, 325, 334, 343, 352, 360, 369, 378, 390, 408, 423, 432, 441, 486, 495, 504, 512, 520, 528, 536, 545, 662, 671, 680, 689, 698, 708, 718, 729, 779, 789, 826, 843, 852]",5,NAMIXIS
"un nettoyage du chantier a été effectué, maintenir le chantier propre. Chaque en-
treprise doit nettoyer quotidiennement son poste de travail et mettre les déchets à la benne",['25-03-2015'],"[65, 66]","[536, 545]",12,NAMIXIS
"étudier la demande de DEKRA (avec SNEF) d’avoir déclenchement simultanée AF et
désenfumage dans zone vestiaires individuels : modification type alarme incendie ?
TCE
REMARQUES CONCERNANT TOUTES LES ENTREPRISES",['11-03-2015'],"[63, 64]","[520, 528]",6,NAMIXIS
SOGEA établira une convention d’utilisation de grue et la diffusera à TCE,['03-07-2013'],"[17, 18, 19, 20, 21, 22, 23, 24, 25, 26, 27, 28, 29, 30, 31, 32, 33, 34, 35, 36, 37, 38, 39, 40]","[118, 126, 133, 141, 148, 155, 162, 169, 177, 184, 192, 199, 207, 214, 222, 230, 238, 246, 254, 262, 270, 279, 289, 298]",5,NAMIXIS
aligner les containers en limite sud du chantier contre la clôture de chantier,['18-03-2015'],"[64, 65, 66]","[528, 536, 545]",12,NAMIXIS
"confirmer à DRD, BERIM et SNEF le type de centrale incendie
TCE
REMARQUES CONCERNANT TOUTES LES ENTREPRISES",['11-06-2014'],"[59, 60, 61, 62]","[486, 495, 504, 512]",4,NAMIXIS
"faire et diffuser CR de la réunion de ce jour
TCE
REMARQUES CONCERNANT TOUTES LES ENTREPRISES",['19-02-2014'],[42],[316],4,NAMIXIS
faire réponse aux observations du CSPS sur registre journal,['29-07-2015'],"[83, 88, 89, 92]","[729, 779, 789, 826]",22,NAMIXIS
formuler avis sur dossier incendie transmis par SNEF,['29-07-2015'],"[84, 85]","[738, 748]",1,NAMIXIS
"formuler avis sur dossier incendie transmis par SNEF
TCE
REMARQUES CONCERNANT TOUTES LES ENTREPRISES",['29-07-2015'],[82],[718],4,NAMIXIS
"formuler avis sur dossier incendie transmis par SNEF
TCE
TCE
TCE
TCE
TCE
TCE
REMARQUES CONCERNANT TOUTES LES ENTREPRISES",['29-07-2015'],[83],[729],9,NAMIXIS
"formuler avis sur proposition SNEF de matériel de détection incendie
TCE",['15-04-2015'],"[68, 69, 70]","[563, 572, 584]",2,NAMIXIS
horaire de mise en service de l’alarme est 19h – 6h00,['24-06-2015'],"[83, 88, 89, 92]","[729, 779, 789, 826]",22,NAMIXIS
"la fermeture du bâtiment est répartie entre CRI, MODULE, SNEF, MQB. SOGEA fournira les clés aux
intéressés. La répartition des portes est inscrite sur le plan en salle de réunion",['24-06-2015'],"[79, 83, 88, 89, 92]","[689, 729, 779, 789, 826]",12,NAMIXIS
"le trait de niveau a été matérialisé sur le chantier en divers endroits A LA CRAIE BLANCHE, seul repé-",['29-01-2014'],[77],[671],4,NAMIXIS
"mettre à jour le cahier des charges SSI
TCE
REMARQUES CONCERNANT TOUTES LES ENTREPRISES",['25-03-2015'],[65],[536],4,NAMIXIS
nettoyer le chantier,['10-06-2015'],"[78, 79, 83, 88, 89, 92]","[680, 689, 729, 779, 789, 826]",9,NAMIXIS
prévoir déplacement containers pour le 09/10/15,['23-09-2015'],"[88, 89, 92]","[779, 789, 826]",27,NAMIXIS
"rappel, respecter les installations communes, les remises en état sont facturées au compte prorata",['16-09-2015'],"[88, 89, 92]","[779, 789, 826]",26,NAMIXIS
tenir compte du CR du CSPS du 17/03/15,['18-03-2015'],"[64, 65, 66]","[528, 536, 545]",12,NAMIXIS
voir courrier AMVS joint,['30-09-2015'],[88],[779],27,NAMIXIS
"à partir du 19/05/14, responsables fermeture bâtiment sont EAS pour le sous-sol et",['14-05-2014'],[54],[441],9,NAMIXIS
"à partir du 19/05/14, responsables fermeture bâtiment sont EAS pour le sous-sol et CRI pour le RDC",['14-05-2014'],"[59, 60, 61, 62, 63, 64, 65, 66]","[486, 495, 504, 512, 520, 528, 536, 545]",8,NAMIXIS
"accord DRD pour remplacer portail coulissant par portail double battant ouverture
vers le tipi, inverser le sens d’ouverture du portail sur la rampe d’accès sous-sol (ouverture vers
la rampe)",['07-10-2015'],"[89, 90, 91, 92, 97, 98, 99]","[792, 802, 818, 829, 838, 847, 856]",8,POSEIDON
"baie informatique dans le local atelier (zone fosse de plongée), écran de contrôle
dans le local MNS, bandeau lumineux et sirène sur voile façade bassin sportif opposée au gra-
dins",['05-09-2013'],"[21, 22, 23, 24, 25, 26, 27, 28]","[150, 157, 164, 171, 179, 186, 194, 201]",4,POSEIDON
"faire déclaration de sous-traitance
ESPACES VERTS –  CLOTURES",['30-04-2014'],"[71, 72]","[603, 619]",5,POSEIDON
"préciser dimension de la réservation à prévoir dans la toile tendue pour les caméras. 08/01/14 :
pour le 17/01/14 dernier délai",['30-10-2013'],"[37, 38, 39]","[273, 282, 292]",3,POSEIDON
"une réservation à décaler, implanter dans la charpente métallique
Réception support par CRI du 12/03/14
- fosse de plongée, reprendre désaffleur entre les deux levées de coulage des bajoyers. Reste à vérifier la dimen-
sion en plan (∅ constant à vérifier sur la hauteur)
Synthèse Toile tendue / Surveillance des baignades / Electricité du 18/02/15
- réservation pour caméras Poséidon 65x55cm, découpée in situ
- sur plan de calepinage toile tendue, faire implantation des caméras et des réservations pour le
27/02/15
- caméras en milieu de bassin à régler juste après pose de la toile
ASSISTANT MAITRISE D’OUVRAGE",['25-06-2014'],"[61, 62]","[503, 511]",17,POSEIDON
"vu avec AMVS le 02/06/14 pour supprimer motorisation de portail + interphonie + portails
sur extension parking. DRD et BERIM demande que soit néanmoins prévu les fourreaux. Etablir plan de
fourreaux à diffuser à BERIM et MONTARON",['04-06-2014'],"[71, 72, 76, 77, 79, 80, 82]","[603, 619, 666, 675, 693, 703, 722]",7,POSEIDON
"à ce jour SOGEA a pris en compte toutes les demandes de réservations oubliées ou
complémentaires. Plus aucune ne sera prise en compte. Une campagne de carottages est pro-
grammée. DRD et SOGEA feront une synthèse entre les réservations oubliées ou mal position-
nées et les demandes complémentaires. A compter de ce jour, toute demande sera à charge de
l’entreprise requérante
Réception support par CRI du 12/03/14
- fosse de plongée, reprendre désaffleur entre les deux levées de coulage des bajoyers. Reste à vérifier la dimen-
sion en plan (∅ constant à vérifier sur la hauteur)
Synthèse Toile tendue / Surveillance des baignades / Electricité du 18/02/15
- réservation pour caméras Poséidon 65x55cm, découpée in situ
- caméras en milieu de bassin à régler juste après pose de la toile
ASSISTANT MAITRISE D’OUVRAGE",['22-04-2015'],"[69, 71, 73]","[571, 598, 625]",13,POSEIDON
clôture et portail RAL7024,['07-10-2015'],"[89, 90, 91, 92, 97, 98, 99]","[792, 802, 818, 829, 838, 847, 856]",8,POSEIDON
définir le sous-traitant pour la pose des caméras et le passage des câbles,['30-10-2013'],"[29, 30, 31, 32, 33, 34, 35, 36, 37, 38, 39, 40, 41, 42, 43, 44, 45, 46, 47, 48, 49, 49, 51, 52, 53, 54, 55, 56, 57, 58, 59, 60, 61, 62, 63, 64, 65, 66, 67, 68, 69, 70, 71, 72, 73, 74]","[209, 216, 224, 232, 240, 248, 256, 265, 273, 282, 292, 301, 310, 319, 328, 337, 346, 355, 364, 373, 382, 398, 416, 426, 436, 444, 453, 462, 471, 480, 489, 498, 507, 515, 523, 531, 539, 548, 557, 566, 575, 591, 603, 619, 629, 645]",4,POSEIDON
faire déclaration de sous-traitance,['30-04-2014'],"[52, 53, 54, 55, 56, 57, 58, 59, 60, 61, 62, 63, 64, 65, 66, 67, 68, 69, 70, 73, 74]","[426, 436, 444, 453, 462, 471, 480, 489, 498, 507, 515, 523, 531, 539, 548, 557, 566, 575, 591, 629, 645]",3,POSEIDON
fournir plan de cheminements pour le 17/01/14,['08-01-2014'],"[37, 38, 39, 40, 41, 42, 43, 44, 45, 46, 47, 48, 49, 49, 51, 52, 53, 54, 55, 56, 57, 58, 59, 60, 61, 62, 63, 64, 65, 66, 67, 68, 69, 70, 71, 72, 73, 74]","[273, 282, 292, 301, 310, 319, 328, 337, 346, 355, 364, 373, 382, 398, 416, 426, 436, 444, 453, 462, 471, 480, 489, 498, 507, 515, 523, 531, 539, 548, 557, 566, 575, 591, 603, 619, 629, 645]",4,POSEIDON
"fournir un plan d’attente électrique pour portail, portillon, …",['09-09-2015'],"[85, 86, 87, 88, 89, 90, 91, 92, 97, 98, 99]","[752, 762, 772, 782, 792, 802, 818, 829, 838, 847, 856]",5,POSEIDON
implanter en X et Y le transfo EDF,['26-08-2015'],"[83, 84, 85, 86]","[732, 742, 752, 762]",3,POSEIDON
préciser dimension de la réservation à prévoir dans la toile tendue pour les caméras,['30-10-2013'],"[29, 30, 31, 32, 33, 34, 35, 36]","[209, 216, 224, 232, 240, 248, 256, 265]",4,POSEIDON
"revoir les délais de fabrication des toiles pour revoir le détail de l’intervention
Intempéries :
4 jours
1 jour (le 03/07/13 : pluie), 1 jour (le 18/09/13 : pluie), 1 jour (le 10/10/13 : pluie), 1 jour (le 23/10/13 : vent)
Effectif :",['23-10-2013'],[28],[202],5,POSEIDON
"revoir les délais de fabrication des toiles pour revoir le détail de l’intervention
Intempéries :
6 jours
1 jour (le 03/07/13 : pluie), 1 jour (le 18/09/13 : pluie), 1 jour (le 10/10/13 : pluie), 1 jour (le 23/10/13 : vent), 2 jours
(les 28 et 29/10/13)
Effectif :",['23-10-2013'],[29],[210],8,POSEIDON
"revoir les délais de fabrication des toiles pour revoir le détail de l’intervention. 06/11/13 : 2,5 se-
maines, en 3 phases
Intempéries :
10 jours
1 jour (le 03/07/13 : pluie), 1 jour (le 18/09/13 : pluie), 1 jour (le 10/10/13 : pluie), 1 jour (le 23/10/13 : vent), 1 jour
(le 25/10/13 : vent), 2 jours (les 28 et 29/10/13), 3 jours (le 04/11/13 : vent, le 05/11/13 : pluie, le 06/11/13 : pluie +
vent)
Effectif :",['23-10-2013'],[30],[217],10,POSEIDON
"une réservation à décaler, implanter dans la charpente métallique
Réception support par CRI du 12/03/14
- fosse de plongée, reprendre désaffleur entre les deux levées de coulage des bajoyers. Reste à vérifier la dimen-
sion en plan (∅ constant à vérifier sur la hauteur)
Synthèse Toile tendue / Surveillance des baignades / Electricité du 18/02/15
- réservation pour caméras Poséidon 65x55cm, découpée in situ
- caméras en milieu de bassin à régler juste après pose de la toile
ASSISTANT MAITRISE D’OUVRAGE",['25-06-2014'],"[63, 64, 65, 66, 67]","[519, 527, 535, 544, 553]",15,POSEIDON
voir CR spécifique du cabinet TESSON,"['02-09-2015', '09-09-2015', '16-09-2015', '23-09-2015', '30-09-2015']","[84, 85, 86, 87, 88, 89, 90, 91, 92]","[742, 752, 762, 772, 782, 792, 802, 818, 829]",4,POSEIDON
"à ce jour SOGEA a pris en compte toutes les demandes de réservations oubliées ou com-
plémentaires. Plus aucune ne sera prise en compte. Une campagne de carottages est programmée.",['22-04-2015'],"[70, 72, 74]","[582, 609, 636]",6,POSEIDON
établir dossier d’exécution,['05-09-2013'],"[21, 22, 23, 24, 25, 26, 27, 28]","[150, 157, 164, 171, 179, 186, 194, 201]",4,POSEIDON
"établir dossier d’exécution. 30/10/13 : rappel en intégrant l’implantation des divers maté-
riel",['05-09-2013'],[29],[209],3,POSEIDON
"TRACER SUR SITE L’EMPRISE DES TRIPODES AVANT REALISATION DU
PLANCHER CHAUFFANT",['30-04-2014'],"[52, 53, 54]","[426, 435, 444]",4,ELISATH
"TRACER SUR SITE L’EMPRISE DES TRIPODES AVANT REALISATION DU PLANCHER CHAUFFANT.
21/05/14 : vérifier sur site l’implantation des fourreaux posés par SNEF pour le 13/06/14
DERNIER DELAI",['30-04-2014'],"[55, 56, 57]","[453, 462, 471]",5,ELISATH
"faire proposition de contrôle d’accès complémentaire au droit de la remise en forme
humide",['25-06-2014'],"[60, 61, 62, 63, 64, 65, 66, 67, 68, 69, 70, 71, 72, 73, 74, 75, 76, 77, 78, 79, 80, 81, 82, 83, 84, 85, 86, 87, 88, 89, 90, 92, 97, 98, 99]","[498, 507, 515, 523, 531, 539, 548, 557, 566, 575, 591, 603, 619, 629, 645, 656, 666, 675, 684, 693, 702, 712, 722, 732, 742, 752, 762, 772, 782, 792, 802, 829, 838, 847, 856]",4,ELISATH
"fournir les besoins en gros œuvre. 11/12/13 : relecture du marché et précisions apportées
ce jour. Plan à fournir sans délais, le gros œuvre étant avancé, certaines incorporations ne sont
plus possibles",['18-09-2013'],"[35, 36, 37, 38, 39]","[256, 265, 273, 282, 292]",3,ELISATH
"fournir les dimensions et l’implantation des divers appareils à intégrer dans la
banque d’accueil",['08-07-2015'],"[80, 81]","[702, 712]",9,ELISATH
"présence obligatoire en réunion le 17/06/15 pour synthèse avec électricien. 17/06/15 : présence obli-
gatoire en réunion le 24/06/15 pour synthèse avec électricien. 24/06/15 : présence obligatoire en réunion
le 01/07/15 pour synthèse avec électricien",['03-06-2015'],"[78, 79, 80, 81, 82, 83, 84, 85, 86, 87]","[684, 693, 702, 712, 722, 732, 742, 752, 762, 772]",7,ELISATH
consulter sous-traitant pour câblage,['19-03-2014'],"[46, 47, 48, 49, 49, 51]","[355, 364, 373, 381, 397, 415]",2,ELISATH
consulter sous-traitant pour câblage. 30/04/14 : faire déclaration de sous-traitance,['19-03-2014'],"[52, 53, 54, 55, 56, 57, 58, 59, 60, 61, 62, 63, 64, 65, 66, 67, 68, 69, 70, 71, 72, 73, 74, 75, 76, 77, 78, 79, 80, 81, 82, 83, 84, 85, 86, 87, 88, 89, 90, 91, 92, 97, 98, 99]","[426, 435, 444, 453, 462, 471, 480, 489, 498, 507, 515, 523, 531, 539, 548, 557, 566, 575, 591, 603, 619, 629, 645, 656, 666, 675, 684, 693, 702, 712, 722, 732, 742, 752, 762, 772, 782, 792, 802, 817, 829, 838, 847, 856]",2,ELISATH
faire vérification implantation des attentes mises en place par SNEF,['18-03-2015'],"[64, 65, 66, 67, 68, 69, 70, 71, 72, 73, 74, 75, 76, 77, 78, 79, 80, 81, 82, 83, 84, 85, 86, 87, 88, 89, 90, 92, 97, 98, 99]","[531, 539, 548, 557, 566, 575, 591, 603, 619, 629, 645, 656, 666, 675, 684, 693, 702, 712, 722, 732, 742, 752, 762, 772, 782, 792, 802, 829, 838, 847, 856]",4,ELISATH
fournir les besoins en gros oeuvre,['18-09-2013'],"[23, 24, 25, 26, 27, 28, 29, 30, 31, 32, 33, 34]","[164, 171, 179, 186, 194, 201, 209, 216, 224, 232, 240, 248]",1,ELISATH
"fournir les dimensions et l’implantation des divers appareils à intégrer dans la banque d’accueil.
29/07/15 : RAPPEL URGENT",['08-07-2015'],"[82, 83, 84, 85, 86, 87, 88, 89, 90, 92, 97, 98, 99]","[722, 732, 742, 752, 762, 772, 782, 792, 802, 829, 838, 847, 856]",9,ELISATH
présence obligatoire en réunion le 17/06/15 pour synthèse avec électricien,['03-06-2015'],"[75, 76]","[656, 666]",5,ELISATH
"présence obligatoire en réunion le 17/06/15 pour synthèse avec électricien. 17/06/15 : présence
obligatoire en réunion le 24/06/15 pour synthèse avec électricien",['03-06-2015'],[77],[675],6,ELISATH
"revoir cheminement des câbles, plan de fourreaux fourni après coulage des dalles",['19-03-2014'],"[46, 47, 48, 49, 49, 51, 52, 53, 54, 55, 56, 57, 58, 59, 60, 61, 62, 63, 64, 65, 66, 67, 68, 69, 70, 71, 72, 73, 74, 75, 76, 77, 78, 79, 80, 81, 82, 83, 84, 85, 86, 87, 88, 89, 90, 91, 92, 97, 98, 99]","[355, 364, 373, 381, 397, 415, 426, 435, 444, 453, 462, 471, 480, 489, 498, 507, 515, 523, 531, 539, 548, 557, 566, 575, 591, 603, 619, 629, 645, 656, 666, 675, 684, 693, 702, 712, 722, 732, 742, 752, 762, 772, 782, 792, 802, 817, 829, 838, 847, 856]",2,ELISATH
"revoir les délais de fabrication des toiles pour revoir le détail de l’intervention. 06/11/13 : 2,5 semaines,
en 3 phases
Intempéries :
17 jours
1 jour (le 03/07/13 : pluie), 1 jour (le 18/09/13 : pluie), 1 jour (le 10/10/13 : pluie), 1 jour (le 23/10/13 : vent), 1 jour
(le 25/10/13 : vent), 2 jours (les 28 et 29/10/13), 3 jours (le 04/11/13 : vent, le 05/11/13 : pluie, le 06/11/13 : pluie +
vent), 2 jours (les 07 et 08/11/13 : pluie et vent), 1 jour (le 14/11/13 : vent), 1 jour (le 19/11/13 : pluie), 1 jour (le
21/11/13 : neige), 1 jour (le 03/12/13 : gel), 1 jour (le 11/12/13 : gel)
Effectif :",['23-10-2013'],[35],[257],11,ELISATH
"confirmer la finition des pédiluves extérieurs en tenant compte de la nécessité d’une
étanchéité sur le support béton",['26-08-2015'],"[83, 84, 85]","[728, 738, 748]",20,TESSON
"confirmer la hauteur de la retombée du pan incliné au droit verrière tipi pour incor-
poration bouche d’aspiration ventilation",['11-03-2015'],"[63, 64, 81, 82, 83, 84, 85, 86, 87]","[519, 527, 708, 718, 728, 738, 748, 758, 768]",19,TESSON
"confirmer le principe de fonctionnement des pédiluves souhaité : alimentation, trop
plein, évacuation",['22-01-2014'],"[39, 40, 41, 43, 44]","[288, 297, 306, 324, 333]",19,TESSON
"confirmer que l’éclairage public au droit des quais bus (hors limite de prestation)
est dans le marché travaux",['22-07-2015'],"[81, 82, 83, 84, 85, 86, 87]","[708, 718, 728, 738, 748, 758, 768]",18,TESSON
faire un point sur les pores équipées de gâches électriques,['16-09-2015'],"[86, 87]","[758, 768]",17,TESSON
"fournir un détail de raccordement avec le textile ajouré. 19/06/13 : faire le détail sur la jonction mem-
brane/ossature/isolation thermique. 03/07/13 : vue en réunion de synthèse le 02/07/13, contre bardage intérieur
isolé nécessaire sur hauteur du R+2 et couvertine à la jonction membrane/textile ajouré et pipeco autour de chaque
épine",['13-06-2013'],"[25, 26, 27, 28, 29, 30, 31, 33, 35, 36]","[177, 184, 192, 199, 207, 214, 222, 238, 254, 262]",7,TESSON
problème du nombre d’évacuation des EP de toiture à étudier selon plan remis par,['30-10-2013'],"[29, 30, 31, 32, 33]","[207, 214, 222, 230, 238]",18,TESSON
"préciser la finition des ébrasements et sous face de plancher haut au droit de
chaque accès extérieur de la zone plongée",['15-01-2014'],"[38, 39, 40, 41]","[279, 288, 297, 306]",18,TESSON
"voir avec BERIM et MONTARON plan de profilage des espaces verts en fonction des
matériaux disponibles en remblais",['02-10-2013'],"[25, 26, 27, 28, 29, 30, 31]","[177, 184, 192, 199, 207, 214, 222]",15,TESSON
"voir avec BERIM et MONTARON plan de profilage des espaces verts en fonction des matériaux dispo-
nibles en remblais. 20/11/13 : établir plan d’aménagement paysager avec cote de niveaux pour le
04/12/13",['02-10-2013'],"[32, 33, 34, 35, 36]","[230, 238, 246, 254, 262]",9,TESSON
"voir avec BERIM et MONTARON plan de profilage des espaces verts en fonction des matériaux dispo-
nibles en remblais. 20/11/13 : établir plan d’aménagement paysager avec cote de niveaux pour le 04/12/13.
08/01/14 : URGENT pour le 15/01/14 dernier délai. 22/01/14 : présence en réunion le 22/01/14 obliga-
toire",['02-10-2013'],"[39, 40, 41, 42, 43, 44]","[288, 297, 306, 315, 324, 333]",10,TESSON
"voir le problème de l’étanchéité à l’air entre l’arrière de la membrane et les locaux
intérieurs",['30-10-2013'],"[29, 30, 31, 32, 33, 34, 35, 36, 37, 38, 39, 40, 41, 43, 44]","[207, 214, 222, 230, 238, 246, 254, 262, 270, 279, 288, 297, 306, 324, 333]",18,TESSON
"vérifier et confirmer la limite de prestation entre SNEF et MONTARON pour la pose
du transfo électrique",['29-07-2015'],"[82, 83]","[718, 728]",18,TESSON
URGENT finaliser le projet vidéosurveillance,['22-07-2015'],"[81, 82, 83, 84, 85, 86, 87]","[708, 718, 728, 738, 748, 758, 768]",17,TESSON
confirmer classe du bois pour bardage clin extérieur,['11-06-2014'],"[62, 63, 64]","[512, 519, 527]",1,TESSON
confirmer la nécessité des panneaux perforés en zone plongée (CTBX 22mm),['08-07-2015'],"[81, 82, 83, 84, 85, 86, 87]","[708, 718, 728, 738, 748, 758, 768]",14,TESSON
"confirmer le type de finition souhaitée sur les maçonnerie : enduite ou joints tirés au
fer",['06-11-2013'],[30],[214],20,TESSON
confirmer les teintes des DEP,['11-03-2015'],[63],[519],17,TESSON
confirmer à MQB le % de vide dans barrage bois sur coursive,['05-03-2014'],[44],[333],19,TESSON
"contacter EAU et FORCE pour confirmer que le compteur d’eau est de type à impulsion. 18/06/14 :
transmettre besoin en eau à EAU et FORCE",['23-04-2014'],"[63, 64]","[519, 527]",7,TESSON
diffuser CR réunion avec ARS,['07-05-2014'],"[63, 64, 81, 82, 83, 84, 85, 86, 87]","[519, 527, 708, 718, 728, 738, 748, 758, 768]",8,TESSON
diffuser à COEXIA plan CRI,['05-03-2014'],[44],[333],20,TESSON
diffuser à SOGEA plan de repérage menuiseries bois,['05-03-2014'],[44],[333],20,TESSON
décaissé de sol ascenseur 30mm maxi,['10-07-2013'],"[25, 26, 27, 28, 29, 30, 31, 32, 33, 34, 35, 36, 37, 38, 39, 40, 41, 42, 43, 44, 63, 64, 81]","[177, 184, 192, 199, 207, 214, 222, 230, 238, 246, 254, 262, 270, 279, 288, 297, 306, 315, 324, 333, 519, 527, 708]",9,TESSON
définir finition et reprise sur façades béton,['11-06-2014'],"[63, 64]","[519, 527]",10,TESSON
définir niveau traverses dans mur rideau façade sud pour limiter enrochement,['08-01-2014'],"[37, 38, 39, 40, 41]","[270, 279, 288, 297, 306]",18,TESSON
faire VISA sur fiche produit bâche bentonitique du bassin EP,['25-09-2013'],"[25, 26, 27, 28, 29, 30, 31, 32, 33, 34, 35, 36, 37, 38, 39, 40, 41, 42, 43, 44]","[177, 184, 192, 199, 207, 214, 222, 230, 238, 246, 254, 262, 270, 279, 288, 297, 306, 315, 324, 333]",13,TESSON
"faire choix de la perforation des panneaux stratifiés dus par le lot menuiserie intérieur dans la hall bas-
sin sportif (∅8mm, entraxe multiple 32mm)",['08-07-2015'],"[81, 82, 83, 84, 85, 86, 87]","[708, 718, 728, 738, 748, 758, 768]",16,TESSON
faire détail de finition toile/CTBX/ossature canon de lumière,['11-09-2013'],"[25, 26, 27, 28, 29, 30, 31, 32, 33, 34, 35, 36, 37, 38, 39, 40, 41, 42, 43, 44]","[177, 184, 192, 199, 207, 214, 222, 230, 238, 246, 254, 262, 270, 279, 288, 297, 306, 315, 324, 333]",10,TESSON
faire détail des distributeurs de cintres et de jetons,['08-07-2015'],"[81, 82, 83, 84, 85, 86, 87]","[708, 718, 728, 738, 748, 758, 768]",11,TESSON
faire détail finition châssis façade nord avec courbe du voile,['09-10-2013'],"[26, 27, 28]","[184, 192, 199]",18,TESSON
faire fiche VISA VRD,['24-04-2013'],"[25, 26, 33]","[177, 184, 238]",1,TESSON
faire implantation des cônes acoustiques,['08-01-2014'],"[37, 38, 39, 40, 41]","[270, 279, 288, 297, 306]",18,TESSON
faire plan de repérage des échelles à crinoline,['26-02-2014'],"[43, 44, 63, 64]","[324, 333, 519, 527]",17,TESSON
faire plan modification du parking,['18-03-2015'],"[64, 81, 82, 83]","[527, 708, 718, 728]",18,TESSON
faire point sur modifications réservation bloc porte,['04-12-2013'],"[34, 35, 36, 37, 38, 39, 40, 41, 43, 44]","[246, 254, 262, 270, 279, 288, 297, 306, 324, 333]",11,TESSON
faire proposition de complément de contrôle d’accès sur la zone remise en forme humide,['19-03-2014'],"[63, 64, 81, 82, 83, 84, 85, 86, 87]","[519, 527, 708, 718, 728, 738, 748, 758, 768]",5,TESSON
faire synthèse des attentes demandés par SUEDE Sauna,['03-07-2013'],"[25, 26, 27, 28, 29, 30, 31, 32, 33, 34, 35, 36, 37, 38, 39, 40, 41, 42, 43]","[177, 184, 192, 199, 207, 214, 222, 230, 238, 246, 254, 262, 270, 279, 288, 297, 306, 315, 324]",8,TESSON
faire synthèse des avis avec DEKRA,['11-12-2013'],"[35, 36, 37, 38]","[254, 262, 270, 279]",17,TESSON
finaliser études sur économie avec principe de bâche de lavage filtre. 26/06/13 : RAPPEL,['29-05-2013'],"[25, 26, 28, 33, 36, 37]","[177, 184, 199, 238, 262, 270]",3,TESSON
formuler avis sur proposition SNEF de matériel de détection incendie,['15-04-2015'],"[81, 82, 83, 84, 85, 86, 87]","[708, 718, 728, 738, 748, 758, 768]",10,TESSON
formuler avis sur proposition de modification toile tendue,['11-03-2015'],[63],[519],19,TESSON
fournir le RAL de la clôture + RAL de la peinture de façade orange,['23-09-2015'],[87],[768],19,TESSON
fournir référence RAL des portes grillagées intérieures,['16-09-2015'],[86],[758],18,TESSON
fournir référence RAL des portes grillagées intérieures. 23/09/15 : URGENT,['16-09-2015'],[87],[768],18,TESSON
fournir typologie de la signalétique,['08-07-2015'],"[81, 82, 83, 84, 85, 86, 87]","[708, 718, 728, 738, 748, 758, 768]",12,TESSON
fournir à DRD les éléments pour établir avenant technique traitement d’eau,['19-02-2014'],"[43, 44]","[324, 333]",16,TESSON
fournir à EAS implantation fontaine dans rivière à bouées,['19-02-2014'],[43],[324],17,TESSON
"fournir à SOGEA plans des faux plafonds avec indication des HSFP + plans des re-
levés carrelés",['29-01-2014'],[40],[297],19,TESSON
organiser nouvelle réunion concessionnaires,['08-01-2014'],"[37, 38]","[270, 279]",17,TESSON
poste 1.12 du lot menuiserie intérieure à localiser,['08-07-2015'],"[81, 82, 83, 84, 85, 86, 87]","[708, 718, 728, 738, 748, 758, 768]",13,TESSON
"problème imposte manquante sas ascenseur (x2) + infirmerie plongée (hauteur châssis 2,10m)",['11-06-2014'],"[63, 64]","[519, 527]",11,TESSON
préciser par une coupe la cloison vitrée au R+1 zone fosse sur dalle entrée,['09-10-2013'],"[26, 27, 28]","[184, 192, 199]",19,TESSON
préciser prestation sur bac de réception des chaines de trop plein EP,['11-12-2013'],"[35, 36]","[254, 262]",16,TESSON
préparer dossier de consultation lot 17 relancé,['25-02-2015'],"[62, 63, 64]","[512, 519, 527]",3,TESSON
prévoir complément d’isolant au droit des menuiseries extérieures remise en forme,['09-10-2013'],"[26, 27, 28, 29, 30, 31, 32, 33, 34, 35, 36, 37, 38, 39, 40, 41, 42, 43, 44]","[184, 192, 199, 207, 214, 222, 230, 238, 246, 254, 262, 270, 279, 288, 297, 306, 315, 324, 333]",19,TESSON
relancer AMVS pour validation rejet assainissement,['05-03-2014'],[44],[333],18,TESSON
revoir aménagement zone relaxation remise en forme,['25-06-2014'],"[62, 63, 64, 81, 82, 83, 84, 85, 86, 87]","[512, 519, 527, 708, 718, 728, 738, 748, 758, 768]",2,TESSON
revoir l’implantation des siphons de sol des plages extérieures,['27-03-2013'],"[33, 36, 37, 38, 39, 40, 41, 42, 43, 44]","[238, 262, 270, 279, 288, 297, 306, 315, 324, 333]",2,TESSON
revoir plan des pédiluves extérieurs avec implantation douche et siphon,['06-11-2013'],[30],[214],21,TESSON
réponse SOGEA fob15 : réservation 10x10x5 demandée par LMP. A voir,['07-05-2013'],"[25, 26]","[177, 184]",2,TESSON
réunion avec AMVS et CG59 le 16/10/13 à 10h00 sur site,['09-10-2013'],[26],[184],17,TESSON
transmettre à SOGEA la réservation du châssis bois entre remise en forme et hall bassins,['19-02-2014'],[43],[324],15,TESSON
"voir avec BERIM et MONTARON plan de profilage des espaces verts en fonction des matériaux dispo-
nibles en remblais. 20/11/13 : établir plan d’aménagement paysager avec cote de niveaux pour le 04/12/13.
08/01/14 : URGENT pour le 15/01/14 dernier délai",['02-10-2013'],"[37, 38]","[270, 279]",10,TESSON
voir avec COEXIA le principe des échangeurs,['14-05-2014'],"[63, 64]","[519, 527]",9,TESSON
"voir avec concessionnaires débit et pression pour alimentation poteaux incendie
(2unités = 120m3/h pendant 2h)",['05-03-2014'],[44],[333],17,TESSON
voir possibilité de réduire goulottes sur pataugeoire pour allonger muret,['30-10-2013'],"[29, 30, 31, 32, 33, 34, 35, 36, 37]","[207, 214, 222, 230, 238, 246, 254, 262, 270]",16,TESSON
voir pour modifier espace beauté pour recréer alège et non liinteau,['11-12-2013'],"[35, 36]","[254, 262]",17,TESSON
voir problème forme coursive avec console,['25-09-2013'],"[25, 26]","[177, 184]",14,TESSON
"voir remarques DEKRA sur les évacuations des EP de toiture. Notamment sur la zone Z22 représen-
tant 1270m2 et évacuée par 5 trop pleins",['18-09-2013'],"[25, 26, 27, 28, 29, 30, 31, 32, 33]","[177, 184, 192, 199, 207, 214, 222, 230, 238]",12,TESSON
vérifier et valider les plans de socles de casiers mis à jour par NAVIC,['23-10-2013'],"[28, 29, 30, 31]","[199, 207, 214, 222]",17,TESSON
vérifier la finition des pédiluves et douches extérieurs,['06-11-2013'],"[30, 31, 32, 33, 34]","[214, 222, 230, 238, 246]",21,TESSON
vérifier qui doit isolation locaux musculation et clubs,['11-06-2014'],"[63, 64]","[519, 527]",12,TESSON
vérifier qui doit les diverses grilles de ventilation,['23-10-2013'],"[28, 29, 30, 31, 32, 33, 34, 35, 36, 37, 38, 39, 40, 41, 42, 43, 44, 63, 64, 81]","[199, 207, 214, 222, 230, 238, 246, 254, 262, 270, 279, 288, 297, 306, 315, 324, 333, 519, 527, 708]",17,TESSON
vérifier qui doit les grilles à ventelles en façades du local CTA remise en forme,['16-09-2015'],"[86, 87]","[758, 768]",18,TESSON
étudier vidéosurveillance,['25-02-2015'],"[62, 63, 64]","[512, 519, 527]",3,TESSON
"effectuer 3 échantillons de peinture sur béton (voile intérieur de la façade nord re-
péré sur site par DR) avec les références RAL6019 vert blanc, SE1534 vert flamboyant et
SE1533 vert pistache",['30-10-2013'],"[29, 30, 31, 32, 33, 34]","[208, 215, 223, 231, 240, 247]",3,SAE
"effectuer 3 échantillons de peinture sur béton (voile intérieur de la façade nord repéré sur
site par DR) avec les références RAL6019 vert blanc, SE1534 vert flamboyant et SE1533 vert pistache.
11/12/13 : fait. Faire nouveaux essais avec un produit plus opacifiant pour masquer les spectres des re-
prises béton. Nuancier à fournir. 29/01/14 : fiche produit remise ce jour. 12/02/14 : teinte de
l’échantillon 2 validée",['30-10-2013'],"[41, 42, 43, 44, 45, 46, 47, 48, 49, 51, 52, 53, 54, 55, 56, 57, 58, 59, 60, 61, 62, 63, 64, 65, 66, 67, 68, 69, 70, 71, 72, 73, 74]","[309, 318, 327, 336, 345, 354, 362, 371, 380, 413, 425, 434, 443, 452, 461, 470, 479, 488, 497, 506, 514, 522, 530, 538, 547, 556, 565, 574, 588, 601, 616, 628, 642]",4,SAE
"effectuer 3 échantillons de peinture sur béton (voile intérieur de la façade nord repéré sur site par DR)
avec les références RAL6019 vert blanc, SE1534 vert flamboyant et SE1533 vert pistache. 11/12/13 : fait.
Faire nouveaux essais avec un produit plus opacifiant pour masquer les spectres des reprises
béton. Nuancier à fournir",['30-10-2013'],"[35, 36, 37, 38, 39]","[255, 264, 272, 281, 290]",4,SAE
"prestations à exécuter à l’avancement : toile + peinture dans cardio et fitness, pein-
ture dans vide sous gradins, peinture puits de lumière vestiaires",['01-07-2015'],"[79, 80, 81, 82, 83, 84, 85, 86, 87, 88, 89, 90, 91]","[692, 701, 711, 721, 731, 741, 751, 761, 771, 781, 791, 801, 815]",2,SAE
"réception support avec SOGEA le 08/04/15 à 9h00. 18/03/15 : reportée à 10h00. 01/04/15 : re-
portée au 15/04/15 à 10h00 pour cause de CISSCT le 08/04/15",['11-03-2015'],"[66, 67]","[547, 556]",6,SAE
"réception supports avec SOGEA le 07/05/14 à 9h00. 07/05/14 : à la demande de SAE, réception re-
portée au 14/05/14 à 9h00. 14/05/14 : levée de réserves le 04/06/14 à 9h30. 28/05/14 : reportée au
11/06/14 à 9h30",['30-04-2014'],"[56, 57]","[461, 470]",7,SAE
"suite à la réunion organisée par la Maîtrise d’Ouvrage le 03/11/15, un avenant de prolongation de délai
sera notifié aux entreprises avec pour date limite de livraison au 28/02/15.
Avancement :
Gros Oeuvre
- finition en cours
- couverture étanchéité : reste terrasse technique, membrane + contre bardage terrasse technique. En cours
- pose mur rideau reste finitions
- pose réseau désenfumage reste finitions
- reprise finitions gros œuvre fosse de plongée en cours
Menuiseries intérieures
- cloisonnement doublage remise en forme sur une 1
ère hauteur fait, reste une plaque sur 2
ème hauteur + enduit à ter-
miner RETARD
- ossature bardage acoustique en cours
Serrurerie
Ascenseurs
- pose ascenseur fosse plongée terminé ???
Carrelages
- carrelages hall bassins, reste finitions en cours
- gradins en cours
- carrelages remise en forme en cours
- étanchéité vestiaires (individuel et personnel) en cours
- carrelages vestiaires individuels en cours
- faïence en cours
- fosse de plongée en cours
Faux plafonds
- ossature toutes zones en cours
Peinture
- peinture toutes zones en attente avancement TCE
Traitement d’Air – Chauffage – Traitement d’Eau – Plomberie
- pose bouches de soufflage en cours
- plomberie en cours
- électricité en cours
Electricité
- câblage en cours
- toute électricité zone bassins sportif et activité fait, reste pose appareillage
- poste transfo posé, reste raccordement intérieur
VRD
- borduration parking en cours
- apport de terre en cours
Planification :
Gros Oeuvre
- reprise finition couverture à partir du 19/03/15. RETARD. Intervention à partir du 16/11/15. RETARD. Couvertines
fosse de plongée pour le 27/11/15
- terrasse technique pour le 11/12/15
- reprise solde pose membrane sur tipi à partir du 07/04/15. RETARD. Intervention à partir du 16/11/15. RETARD.
Pour le 27/11/15
Bassins inox
- en attente avancement carrelage
Menuiseries intérieures
- approvisionnement habillage stratifiés perforés du 08/06/15 au 31/07/15
- pose habillage stratifiés perforés à partir du 24/08/15
- pose panneaux acoustiques en lames bois à partir du 05/10/15
- mise en fabrication banque d’accueil. Pose à partir du 15/02/16
- pose signalétique à partir du 15/01/16
- pose porte semaine 1",['04-11-2015'],"[97, 98]","[839, 848]",60,SAE
"Carrelage Hall d'entrée: GRANITOGRE SERIE MARTE -  référence GRIGIO MAGGIA 30X30 finition
Matt",['25-02-2015'],"[75, 76, 77, 78, 79, 80, 81, 82]","[657, 667, 676, 685, 694, 703, 713, 723]",9,SAE
SE1553 Vert Pistache de la Seigneurie,['03-06-2015'],"[78, 79, 80, 81, 82]","[685, 694, 703, 713, 723]",10,SAE
"SE1553 Vert Pistache de la Seigneurie
AVANCEMENT – PLANIFICATION
Intempéries :
35 jours
1 jour (le 03/07/13 : pluie), 1 jour (le 18/09/13 : pluie), 1 jour (le 10/10/13 : pluie), 1 jour (le 23/10/13 : vent), 1 jour
(le 25/10/13 : vent), 2 jours (les 28 et 29/10/13), 3 jours (le 04/11/13 : vent, le 05/11/13 : pluie, le 06/11/13 : pluie +
vent), 2 jours (les 07 et 08/11/13 : pluie et vent), 1 jour (le 14/11/13 : vent), 1 jour (le 19/11/13 : pluie), 1 jour (le
21/11/13 : neige), 1 jour (le 03/12/13 : gel), 1 jour (le 11/12/13 : gel), 2 jours (les 12 et 13/12/13 : gel), 1 jour (le
06/01/14 : pluie), 3 jours (les 14, 15 et 16/01/14 : pluie), 1 jour (le 20/01/14 : pluie), 1 jour (le 27/01/14 : pluie et
vent), 1 jour (le 07/02/14 : vent), 1 jour (le 13/02/14 : pluie et vent), 3 jours (les 27, 28/02/14 et 03/03/14 : pluie), 1
jour (le 21/03/14 : pluie), 2 jours (les 12 et 13/05/14 : pluie), 1 jour (le 04/06/14 : pluie), 1 jour (le 10/06/14 : pluie)
Effectif :",['03-06-2015'],"[75, 76]","[657, 667]",20,SAE
"SE1553 Vert Pistache de la Seigneurie
AVANCEMENT – PLANIFICATION
Intempéries :
35 jours
Voir détail sur CR 76.
Effectif :",['03-06-2015'],[77],[676],14,SAE
accord pour gouttelettes sur habillage puits de lumière avec 3 couches de peinture,['29-07-2015'],[82],[721],4,SAE
assurer le calfeutrement coupe feu entre la zone vestiaires et la zone sanitaires/douches,['26-03-2014'],[53],[432],6,SAE
"attention au épaisseur de chape commandée au sous-traitant : dans les vestiaires le
carrelage est scellé. Faire un point avec DRD sur l’ensemble des zones avant réalisation",['07-05-2014'],[53],[432],16,SAE
bruine LOTUS 10 couleur bleu,['18-06-2014'],"[75, 76, 77, 78, 79, 80, 81, 82]","[657, 667, 676, 685, 694, 703, 713, 723]",7,SAE
"choix teintes 1070 Blanc pour les plages, 7035 Gris clair pour les pédiluves",['04-06-2014'],"[75, 76, 77, 78, 79, 80, 81, 82]","[657, 667, 676, 685, 694, 703, 713, 723]",5,SAE
"effectuer 3 échantillons de peinture sur béton (voile intérieur de la façade nord repéré sur site par DR)
avec les références RAL6019 vert blanc, SE1534 vert flamboyant et SE1533 vert pistache. 11/12/13 : fait. Faire
nouveaux essais avec un produit plus opacifiant pour masquer les spectres des reprises béton. Nuancier à fournir.
29/01/14 : fiche produit remise ce jour",['30-10-2013'],[40],[300],4,SAE
erreur teinte façade. Prendre en compte plan remis ce jour,['17-06-2015'],"[77, 78]","[674, 683]",1,SAE
faire sortie toiture au droit douches à jets remise en forme,['30-04-2014'],[53],[432],12,SAE
faire visite de constat des reprises de SOGEA semaine 22 (date à caler avec,['20-05-2015'],[73],[628],5,SAE
le miroir de la salle fitness est supprimé du marché du présent lot,['08-07-2015'],"[80, 81, 82, 83, 84, 85, 86, 87, 88, 89, 90, 91, 92, 98, 99]","[701, 711, 721, 731, 741, 751, 761, 771, 781, 791, 801, 815, 828, 846, 854]",3,SAE
mettre en lasure les bâtis de porte bois,['03-06-2015'],[75],[655],1,SAE
"mettre en peinture les murs des vestiaires individuels, finition satiné",['09-09-2015'],"[85, 86]","[751, 761]",4,SAE
"problème de décalage entre les châssis vestiaires et l’isolation (largeur de tapée ?). 02/04/14 : faire un
essai de reprise de finition. 09/04/14 : essai validé, à réaliser en blanc RAL9010",['26-03-2014'],[53],[432],5,SAE
"problème de plats débordants des épines verticales dans l’emprise du canon de lumière de la rivière
-16/04/14 : le démarrage de la couverture du grand canon commencera, au plus tard, le 12/05/14. (après finalisa-
tion de la pose des murs de soutènements et de la pose de l’assainissement) délai de cette prestation 5 semaines
Les couvertures, hors grand canon seront terminées le 18/04/14",['02-04-2014'],[53],[432],10,SAE
"problème d’infiltration d’eau dans le bâtiment : calfeutrement, raccordement des
DEP, …. La réalisation du plancher chauffant ne peut pas être effectuée",['07-05-2014'],[53],[432],15,SAE
profil d’angle de carrelages blanc pour carrelage blanc et gris pour carrelage bleu,['30-04-2014'],"[75, 76, 77, 78, 79, 80, 81, 82]","[657, 667, 676, 685, 694, 703, 713, 723]",4,SAE
préparer plots béton pour support enrochement extérieur (40 unités de 40x40x20),['30-04-2014'],[53],[432],13,SAE
recaler planning avec objectif carrelage,['28-10-2015'],"[97, 98]","[839, 848]",2,SAE
reprendre alignement du bandeau sur façade ouest (décalage à la jonction de 2 éléments),['19-03-2014'],[53],[432],3,SAE
"reprise finitions non terminées par SOGEA, réception reportée au 02/07/14 à 9h30",['11-06-2014'],"[58, 59]","[479, 488]",5,SAE
réception support avec SOGEA le 08/04/15 à 9h00,['11-03-2015'],[63],[522],5,SAE
réception support avec SOGEA le 08/04/15 à 9h00. 18/03/15 : reportée à 10h00,['11-03-2015'],"[64, 65]","[530, 538]",5,SAE
réception support s avec SOGEA le 07/05/14 à 9h00,['30-04-2014'],[52],[425],5,SAE
"réception supports avec SOGEA le 07/05/14 à 9h00. 07/05/14 : à la demande de SAE, récep-
tion reportée au 14/05/14 à 9h00",['30-04-2014'],[53],[434],6,SAE
"réception supports avec SOGEA le 07/05/14 à 9h00. 07/05/14 : à la demande de SAE, réception re-
portée au 14/05/14 à 9h00. 14/05/14 : levée de réserves le 04/06/14 à 9h30",['30-04-2014'],"[54, 55]","[443, 452]",6,SAE
"sur portes accès groupe + personnel, prévoir gâche électrique 12V continu émission ou rupture",['19-03-2014'],[53],[432],2,SAE
"teinte jaune sur façade : RAL1003
AVANCEMENT – PLANIFICATION
Intempéries :
35 jours
Voir détail sur CR 76.
Effectif :",['24-06-2015'],"[78, 79, 80, 81, 82]","[685, 694, 703, 713, 723]",15,SAE
transmettre au BERIM la fiche technique de la chape,['23-04-2014'],[53],[432],11,SAE
"validation siphon de sol PVC 20x20 pour solarium, couleur sable",['22-01-2014'],"[75, 76, 77, 78, 79, 80, 81, 82]","[657, 667, 676, 685, 694, 703, 713, 723]",3,SAE
échantillon peinture façade et lasure sur bâti bois validé,['10-06-2015'],[76],[665],1,SAE
éclairage validé MODULLUM couleur AKZO gris 900 sablé,['18-06-2014'],"[75, 76, 77, 78, 79, 80, 81, 82]","[657, 667, 676, 685, 694, 703, 713, 723]",6,SAE
"revoir les délais de fabrication des toiles pour revoir le détail de l’intervention. 06/11/13 : 2,5 semaines,
en 3 phases
Intempéries :
14 jours
1 jour (le 03/07/13 : pluie), 1 jour (le 18/09/13 : pluie), 1 jour (le 10/10/13 : pluie), 1 jour (le 23/10/13 : vent), 1 jour
(le 25/10/13 : vent), 2 jours (les 28 et 29/10/13), 3 jours (le 04/11/13 : vent, le 05/11/13 : pluie, le 06/11/13 : pluie +
vent), 2 jours (les 07 et 08/11/13 : pluie et vent), 1 jour (le 14/11/13 : vent), 1 jour (le 19/11/13 : pluie)
Effectif :",['23-10-2013'],"[32, 33, 34]","[233, 241, 249]",8,SUEDE SAUNA
recaler planning avec objectif carrelage,['28-10-2015'],[99],[856],1,SUEDE SAUNA
"revoir les délais de fabrication des toiles pour revoir le détail de l’intervention. 06/11/13 : 2,5 semaines,
en 3 phases
Intempéries :
12 jours
1 jour (le 03/07/13 : pluie), 1 jour (le 18/09/13 : pluie), 1 jour (le 10/10/13 : pluie), 1 jour (le 23/10/13 : vent), 1 jour
(le 25/10/13 : vent), 2 jours (les 28 et 29/10/13), 3 jours (le 04/11/13 : vent, le 05/11/13 : pluie, le 06/11/13 : pluie +
vent), 2 jours (les 07 et 08/11/13 : pluie et vent)
Effectif :",['23-10-2013'],[31],[225],9,SUEDE SAUNA
"faire habillage autour des grilles de ventilation (entre la grille et la menuiserie alu ex-
térieure",['18-06-2014'],"[59, 60]","[488, 497]",2,AAB
"intégrer modifications suivantes : réduire l’enrochement au droit du stockage
bouées, le vitrage en haut des gradins est supprimé donc modifier hauteur enrochement pour
avoir entre 1,70 et 1,80 sur cette partie avec une surface lisse pour collage relevé carrelé de
50cm, dito en plage côté bassin d’activités, créer une jardinière côté bassin d’activités, créer
une banquette pour mise en place grilles de soufflage contre le mur rideau",['08-01-2014'],"[37, 38, 39, 40, 41, 42, 43, 44, 45, 46, 47, 48, 49, 49, 51, 52]","[272, 281, 291, 300, 309, 318, 327, 336, 345, 354, 362, 371, 380, 395, 413, 425]",6,AAB
"suite à la réunion organisée par la Maîtrise d’Ouvrage le 03/11/15, un avenant de prolongation de délai
sera notifié aux entreprises avec pour date limite de livraison au 28/02/15.
Avancement :
Gros Oeuvre
- finition en cours
- couverture étanchéité : reste terrasse technique, membrane + contre bardage terrasse technique. En cours
- pose mur rideau reste finitions
- pose réseau désenfumage reste finitions
- reprise finitions gros œuvre fosse de plongée en cours
Menuiseries intérieures
- cloisonnement doublage remise en forme sur une 1
ère hauteur fait, reste une plaque sur 2
ème hauteur + enduit à ter-
miner RETARD
- ossature bardage acoustique en cours
Serrurerie
Ascenseurs
- pose ascenseur fosse plongée terminé ???
Carrelages
- carrelages hall bassins, reste finitions en cours
- gradins en cours
- carrelages remise en forme en cours
- étanchéité vestiaires (individuel et personnel) en cours
- carrelages vestiaires individuels en cours
- faïence en cours
- fosse de plongée en cours
Faux plafonds
- ossature toutes zones en cours
Peinture
- peinture toutes zones en attente avancement TCE
Traitement d’Air – Chauffage – Traitement d’Eau – Plomberie
- pose bouches de soufflage en cours
- plomberie en cours
- électricité en cours
Electricité
- câblage en cours
- toute électricité zone bassins sportif et activité fait, reste pose appareillage
- poste transfo posé, reste raccordement intérieur
VRD
- borduration parking en cours
- apport de terre en cours
Planification :
Gros Oeuvre
- reprise finition couverture à partir du 19/03/15. RETARD. Intervention à partir du 16/11/15. RETARD. Couvertines
fosse de plongée pour le 27/11/15
- terrasse technique pour le 11/12/15
- reprise solde pose membrane sur tipi à partir du 07/04/15. RETARD. Intervention à partir du 16/11/15. RETARD.
Pour le 27/11/15
Bassins inox
- en attente avancement carrelage
Menuiseries intérieures
- approvisionnement habillage stratifiés perforés du 08/06/15 au 31/07/15
- pose habillage stratifiés perforés à partir du 24/08/15
- pose panneaux acoustiques en lames bois à partir du 05/10/15
- mise en fabrication banque d’accueil. Pose à partir du 15/02/16
- pose signalétique à partir du 15/01/16
- pose porte semaine 1",['04-11-2015'],"[97, 98]","[839, 848]",60,AAB
"« aplatir » un peu l’enrochement au droit du stockage des bouées et « habiller » le
mur de l’escalier avec un léger retour sur l’escalier",['30-04-2014'],"[52, 53]","[425, 434]",9,AAB
"Z1 à Z8 par SOGEA. Idem pour la Z11, Z12, Z15 à Z21 à charge SOGEA. Les Z9 et Z23 sont à
charge COEXIA
Contrôle réservations en RDC du 22/01/14
- valider VH local TGBT dans la porte du local
- manque toutes les réservations pour siphons de sol et caniveaux de la zone vestiaires sanitaires plongée (plan
non fourni)
Contrôle réservations en R+1 du 19/02/14
- 2 réservations 300x300 à déplacer en hauteur sur coursive bassin ludique (soufflage canons de lumière)
- vérifier alignement réservations au niveau terrasse technique zone plongée",['17-04-2013'],[54],[440],16,AAB
"Z11, regard en pied de chute à confirmer",['17-04-2013'],[54],[440],4,AAB
"Z13 et 14, pénétration dans bâtiment en point haut + attente au sol par SOGEA, descente intérieure
entre les 2 attentes par COEXIA. Il en va de même pour la Z10+Z24",['17-04-2013'],[54],[440],7,AAB
accord DR pour mise en place cascade en sortie de tunnel rivière,['08-01-2014'],"[37, 38, 39, 40, 41, 42, 43]","[272, 281, 291, 300, 309, 318, 327]",6,AAB
accord DR pour mise en place cascade en sortie de tunnel rivière. 05/03/14 : largeur 1m,['08-01-2014'],"[44, 45, 46, 47, 48, 49, 49, 51, 52]","[336, 345, 354, 362, 371, 380, 395, 413, 425]",6,AAB
essai de patine pour le 28/05/14,['21-05-2014'],"[55, 56]","[452, 461]",2,AAB
essai de patine pour le 28/05/14. 04/06/14 : à réaliser avec des nuances plus claires,['21-05-2014'],"[57, 58]","[470, 479]",2,AAB
"faire complément pour supprimer espace entre poteau et enrochement en sortie de
circulation sous enrochement côté bassin d’activités",['07-05-2014'],[53],[434],8,AAB
maquette remise ce jour,['11-12-2013'],"[35, 36]","[256, 264]",1,AAB
prestations terminées,['18-02-2015'],"[61, 62, 63]","[506, 514, 522]",2,AAB
prévoir 2 trappes d’accès sous enrochement (1x1m),['05-03-2014'],"[44, 45, 46, 47, 48, 49, 49, 51, 52]","[336, 345, 354, 362, 371, 380, 395, 413, 425]",6,AAB
"prévoir 2 trappes d’accès sous enrochement (1x1m). 07/05/14 : à remplacer par une trappe
en fond de zone stockage des bouée",['05-03-2014'],[53],[434],3,AAB
prévoir réseaux EU/EP avant réalisation rampe accès,['17-04-2013'],[54],[440],5,AAB
prévoir une trappe pour accès sous enrochement extérieur,['30-04-2014'],"[52, 53, 54, 55, 56, 57, 58]","[425, 434, 443, 452, 461, 470, 479]",9,AAB
"prévoir « habillage en enrochement du béton des gradins en sortie de circulation
sous enrochement",['07-05-2014'],[53],[434],9,AAB
quelques fissures à traiter dans l’enrochement,['18-02-2015'],"[61, 62, 63, 64, 65, 66, 67, 68, 69, 70, 71, 72, 73, 74, 75]","[506, 514, 522, 530, 538, 547, 556, 565, 574, 588, 601, 616, 628, 643, 655]",2,AAB
quelques fissures à traiter dans l’enrochement. 10/06/15 : traitement dans l’esprit du rocher,['18-02-2015'],"[76, 77, 78, 79, 80, 81, 82, 83, 84, 85, 86, 87, 88, 89]","[665, 674, 683, 692, 701, 711, 721, 731, 741, 751, 761, 771, 781, 791]",1,AAB
recaler planning avec objectif carrelage,['28-10-2015'],"[97, 98]","[839, 848]",2,AAB
"réservation au droit coursive au-dessus local MNS à scier pour hauteur fini de 500mm en alignant les
deux réservations
Réception support par CRI du 12/03/14
- fosse de plongée, reprendre désaffleur entre les deux levées de coulage des bajoyers. Reste à vérifier la dimen-
sion en plan (∅ constant à vérifier sur la hauteur)
ASSISTANT MAITRISE D’OUVRAGE",['09-04-2014'],[54],[440],21,AAB
"Carrelage Hall d'entrée: GRANITOGRE SERIE MARTE -  référence GRIGIO MAGGIA
30X30 finition Matt
AVANCEMENT – PLANIFICATION
Intempéries :
35 jours
1 jour (le 03/07/13 : pluie), 1 jour (le 18/09/13 : pluie), 1 jour (le 10/10/13 : pluie), 1 jour (le 23/10/13 : vent), 1 jour
(le 25/10/13 : vent), 2 jours (les 28 et 29/10/13), 3 jours (le 04/11/13 : vent, le 05/11/13 : pluie, le 06/11/13 : pluie +
vent), 2 jours (les 07 et 08/11/13 : pluie et vent), 1 jour (le 14/11/13 : vent), 1 jour (le 19/11/13 : pluie), 1 jour (le
21/11/13 : neige), 1 jour (le 03/12/13 : gel), 1 jour (le 11/12/13 : gel), 2 jours (les 12 et 13/12/13 : gel), 1 jour (le
06/01/14 : pluie), 3 jours (les 14, 15 et 16/01/14 : pluie), 1 jour (le 20/01/14 : pluie), 1 jour (le 27/01/14 : pluie et
vent), 1 jour (le 07/02/14 : vent), 1 jour (le 13/02/14 : pluie et vent), 3 jours (les 27, 28/02/14 et 03/03/14 : pluie), 1
jour (le 21/03/14 : pluie), 2 jours (les 12 et 13/05/14 : pluie), 1 jour (le 04/06/14 : pluie), 1 jour (le 10/06/14 : pluie)
Effectif :","['18-06-2014', '25-02-2015', '03-06-2015']","[60, 61, 62, 63, 65, 66, 67, 68, 69, 70, 71, 73, 74, 75, 76]","[499, 508, 516, 524, 540, 549, 558, 567, 576, 592, 603, 630, 646, 657, 667]",14,EAS
"Carrelage Hall d'entrée: GRANITOGRE SERIE MARTE -  référence GRIGIO MAGGIA 30X30
finition Matt",['25-02-2015'],"[64, 72, 75, 76, 77, 78, 79, 80, 81, 82, 87, 88, 89, 90, 91, 92, 97, 98]","[531, 619, 657, 667, 676, 685, 694, 703, 713, 723, 773, 783, 793, 803, 819, 830, 838, 847]",10,EAS
"SNEF signale que les réservations demandées n’ont pas été prises en compte en RDC et R+1.
04/12/13 : pris en compte sur plans remis ce jour
Contrôle réservations en sous sol du 18/12/13
- Déboucher toutes les réservations
- Locaux TE / TA :
. 2 ventilations de bac tampon fosse de plongée à carotter
. 3 pièces à sceller bac tampon plongée à carotter : plan précis à fournir par EAS
. manque 4 réservations en PH pour COEXIA : plan précis à fournir par COEXIA
. manque 1 réservation COEXIA en voile cour anglaise
. vérifier si robinet de puisage dans socle casiers piscine
. vérifier siphon + évacuation sanitaires entrée et sanitaires douches piscine : confirmer nature des réseaux à pas-
ser par COEXIA
- Galeries techniques :
. voile à proximité local technique ludique à vérifier
. manque 1 réservation SNEF à proximité du local technique ludique
. manque 1 réservation COEXIA en voile infrastructure à côté du bassin d’apprentissage
. manque 3 réservations COEXIA à côté des bacs tampon
. vérifier possibilité de descendre réseau EU plages sous poutres autour du bassin d’activités (AI poutre à – 0.58
sauf une poutre à – 0.63)
. prévoir un gabarit pour vérification réservation grille de soufflage au sol
Contrôle réservations en RDC du 22/01/14
- manque 1∅200 dans local stockage univers petite enfance
- manque 1 réservation 20x40ht au droit douches à jets
- reprendre alignement 3 réservations rectangulaires dans salle fitness
- vérifier 2 réservations dans sanitaires publics
- vérifier 1 réservation dans local entretien vestiaires
- manque 1 réservation 35x35 en dalle haute du TGBT",['27-11-2013'],"[40, 41, 42]","[296, 305, 314]",42,EAS
"SNEF signale que les réservations demandées n’ont pas été prises en compte en RDC et R+1.
04/12/13 : pris en compte sur plans remis ce jour
Contrôle réservations en sous sol du 18/12/13
- Linteau entrée sous-sol à recouper
- Déboucher toutes les réservations
- Locaux TE / TA :
. 2 ventilations de bac tampon fosse de plongée à carotter
. 3 pièces à sceller bac tampon plongée à carotter : plan précis à fournir par EAS
. manque 4 réservations en PH pour COEXIA : plan précis à fournir par COEXIA
. manque 1 réservation COEXIA en voile cour anglaise
. vérifier si robinet de puisage dans socle casiers piscine
. vérifier siphon + évacuation sanitaires entrée et sanitaires douches piscine : confirmer nature des réseaux à pas-
ser par COEXIA
- Galeries techniques :
. voile à proximité local technique ludique à vérifier
. manque 1 réservation SNEF à proximité du local technique ludique
. manque 1 réservation COEXIA en voile infrastructure à côté du bassin d’apprentissage
. vérifier ∅200 manquant en voile bac tampon. 15/01/14 : pas nécessaire
. manque 3 réservations COEXIA à côté des bacs tampon
. vérifier possibilité de descendre réseau EU plages sous poutres autour du bassin d’activités (AI poutre à – 0.58
sauf une poutre à – 0.63)
. prévoir un gabarit pour vérification réservation grille de soufflage au sol",['27-11-2013'],"[36, 37, 38, 39]","[261, 269, 278, 287]",39,EAS
"bloc porte sauna blanc
AVANCEMENT –  PLANIFICATION
Intempéries :
35 jours
Voir détail sur CR 76.
Effectif :",['23-09-2015'],"[87, 88, 89, 90, 91]","[773, 783, 793, 803, 819]",12,EAS
"suite à la réunion organisée par la Maîtrise d’Ouvrage le 03/11/15, un avenant de prolongation de délai
sera notifié aux entreprises avec pour date limite de livraison au 28/02/15.
Avancement :
Gros Oeuvre
- finition en cours
- couverture étanchéité : reste terrasse technique, membrane + contre bardage terrasse technique. En cours
- pose mur rideau reste finitions
- pose réseau désenfumage reste finitions
- reprise finitions gros œuvre fosse de plongée en cours
Menuiseries intérieures
- cloisonnement doublage remise en forme sur une 1
ère hauteur fait, reste une plaque sur 2
ème hauteur + enduit à ter-
miner RETARD
- ossature bardage acoustique en cours
Serrurerie
Ascenseurs
- pose ascenseur fosse plongée terminé ???
Carrelages
- carrelages hall bassins, reste finitions en cours
- gradins en cours
- carrelages remise en forme en cours
- étanchéité vestiaires (individuel et personnel) en cours
- carrelages vestiaires individuels en cours
- faïence en cours
- fosse de plongée en cours
Faux plafonds
- ossature toutes zones en cours
Peinture
- peinture toutes zones en attente avancement TCE
Traitement d’Air – Chauffage – Traitement d’Eau – Plomberie
- pose bouches de soufflage en cours
- plomberie en cours
- électricité en cours
Electricité
- câblage en cours
- toute électricité zone bassins sportif et activité fait, reste pose appareillage
- poste transfo posé, reste raccordement intérieur
VRD
- borduration parking en cours
- apport de terre en cours
Planification :
Gros Oeuvre
- reprise finition couverture à partir du 19/03/15. RETARD. Intervention à partir du 16/11/15. RETARD. Couvertines
fosse de plongée pour le 27/11/15
- terrasse technique pour le 11/12/15
- reprise solde pose membrane sur tipi à partir du 07/04/15. RETARD. Intervention à partir du 16/11/15. RETARD.
Pour le 27/11/15
Bassins inox
- en attente avancement carrelage
Menuiseries intérieures
- approvisionnement habillage stratifiés perforés du 08/06/15 au 31/07/15
- pose habillage stratifiés perforés à partir du 24/08/15
- pose panneaux acoustiques en lames bois à partir du 05/10/15
- mise en fabrication banque d’accueil. Pose à partir du 15/02/16
- pose signalétique à partir du 15/01/16
- pose porte semaine 1",['04-11-2015'],"[97, 98]","[839, 848]",60,EAS
"Carrelage Hall d'entrée: GRANITOGRE SERIE MARTE -  référence GRIGIO MAGGIA 30X30 finition
Matt
AVANCEMENT – PLANIFICATION
Intempéries :
35 jours
Voir détail sur CR 76.
Effectif :",['25-02-2015'],"[83, 84, 85, 86]","[733, 743, 753, 763]",11,EAS
SE1553 Vert Pistache de la Seigneurie,['03-06-2015'],"[78, 79, 80, 81, 82]","[685, 694, 703, 713, 723]",10,EAS
"SE1553 Vert Pistache de la Seigneurie
AVANCEMENT – PLANIFICATION
Intempéries :
35 jours
Voir détail sur CR 76.
Effectif :",['03-06-2015'],[77],[676],14,EAS
TRESPA NA 15 Indian Tera Cotta,['18-11-2015'],[99],[856],3,EAS
"TRESPA NA 15 Indian Tera Cotta
AVANCEMENT – PLANIFICATION
Intempéries :
35 jours
Voir détail sur CR 76.
Effectif :",['18-11-2015'],"[97, 98]","[838, 847]",9,EAS
"Z1 à Z8 par SOGEA. Idem pour la Z11, Z12, Z15 à Z21 à charge SOGEA. Les Z9 et Z23 sont à
charge COEXIA
Contrôle réservations en RDC du 22/01/14
- valider VH local TGBT dans la porte du local
- manque toutes les réservations pour siphons de sol et caniveaux de la zone vestiaires sanitaires plongée (plan
non fourni)
Contrôle réservations en R+1 du 19/02/14
- 2 réservations 300x300 à déplacer en hauteur sur coursive bassin ludique (soufflage canons de lumière)
- vérifier alignement réservations au niveau terrasse technique zone plongée",['17-04-2013'],[54],[440],16,EAS
"Z1 à Z8 par SOGEA. Idem pour la Z11, Z12, Z15 à Z21 à charge SOGEA. Les Z9 et Z23 sont à
charge COEXIA
Synthèse",['17-04-2013'],"[36, 37, 38, 39, 40, 41, 42, 43, 44, 45, 46]","[261, 269, 278, 287, 296, 305, 314, 323, 332, 341, 350]",10,EAS
"Z11, regard en pied de chute à confirmer",['17-04-2013'],"[36, 37, 38, 39, 40, 41, 42, 43, 44, 45, 46, 54]","[261, 269, 278, 287, 296, 305, 314, 323, 332, 341, 350, 440]",4,EAS
"Z13 et 14, pénétration dans bâtiment en point haut + attente au sol par SOGEA, descente intérieure
entre les 2 attentes par COEXIA. Il en va de même pour la Z10+Z24",['17-04-2013'],"[36, 37, 38, 39, 40, 41, 42, 43, 44, 45, 46, 54]","[261, 269, 278, 287, 296, 305, 314, 323, 332, 341, 350, 440]",7,EAS
"bain chaud, bain froid, hall d’entrée + coursive",['07-05-2014'],"[59, 63, 64, 65, 66, 67]","[489, 524, 531, 540, 549, 558]",5,EAS
bloc porte sauna blanc,['23-09-2015'],[92],[830],4,EAS
bruine LOTUS 10 couleur bleu,['18-06-2014'],"[59, 60, 61, 62, 63, 64, 65, 66, 67, 68, 69, 70, 71, 72, 73, 74, 75, 76, 77, 78, 79, 80, 81, 82, 83, 84, 85, 86, 87, 88, 89, 90, 91, 92, 97, 98, 99]","[489, 499, 508, 516, 524, 531, 540, 549, 558, 567, 576, 592, 603, 619, 630, 646, 657, 667, 676, 685, 694, 703, 713, 723, 733, 743, 753, 763, 773, 783, 793, 803, 819, 830, 838, 847, 856]",8,EAS
"choix teintes 1070 Blanc pour les plages, 7035 Gris clair pour les pédiluves",['04-06-2014'],"[59, 60, 63, 64, 65, 66, 67, 68, 69, 70, 71, 72, 73, 74, 75, 76, 77, 78, 79, 80, 81, 82, 83, 84, 85, 86, 87]","[489, 499, 524, 531, 540, 549, 558, 567, 576, 592, 603, 619, 630, 646, 657, 667, 676, 685, 694, 703, 713, 723, 733, 743, 753, 763, 773]",6,EAS
"diffuser plan siphon et réseaux plages extérieurs à MONTARON pour le 20/09/13
Contrôle réservations en sous sol du 18/12/13
- Déboucher toutes les réservations
- Locaux TE / TA :
. 2 ventilations de bac tampon fosse de plongée à carotter
. 3 pièces à sceller bac tampon plongée à carotter : plan précis à fournir par EAS
. manque 4 réservations en PH pour COEXIA : plan précis à fournir par COEXIA
. manque 1 réservation COEXIA en voile cour anglaise
. vérifier si robinet de puisage dans socle casiers piscine
. vérifier siphon + évacuation sanitaires entrée et sanitaires douches piscine : confirmer nature des réseaux à pas-
ser par COEXIA
- Galeries techniques :
. voile à proximité local technique ludique à vérifier
. manque 1 réservation SNEF à proximité du local technique ludique
. manque 1 réservation COEXIA en voile infrastructure à côté du bassin d’apprentissage
. manque 3 réservations COEXIA à côté des bacs tampon
. vérifier possibilité de descendre réseau EU plages sous poutres autour du bassin d’activités (AI poutre à – 0.58
sauf une poutre à – 0.63)
. prévoir un gabarit pour vérification réservation grille de soufflage au sol
Contrôle réservations en RDC du 22/01/14
- manque 1∅200 dans local stockage univers petite enfance
- manque 1 réservation 20x40ht au droit douches à jets
- reprendre alignement 3 réservations rectangulaires dans salle fitness
- vérifier 2 réservations dans sanitaires publics
- vérifier 1 réservation dans local entretien vestiaires
- manque 1 réservation 35x35 en dalle haute du TGBT
- valider VH local TGBT dans la porte du local
- réservation à déboucher dans local compresseur
- réservation à déboucher dans local déchetterie
- 2 réservations à déboucher dans local espaces verts
- manque 1 réservation + 1 réservation à reprendre dans local technique plongée
- 2 réservations à déboucher dans local musculation
- manque 3 réservations dans chaufferie
- vérifier alignement des réservations dans gradins
- vérifier alignement des réservations des trappes de lignes de nage
- fournir gabarit pour vérification des réservations pour grille de sol sur plages
- manque toutes les réservations pour siphons de sol et caniveaux de la zone vestiaires sanitaires plongée (plan
non fourni)",['18-09-2013'],"[43, 44, 45]","[323, 332, 341]",47,EAS
"diffuser plan siphon et réseaux plages extérieurs à MONTARON pour le 20/09/13
Contrôle réservations en sous sol du 18/12/13
- Locaux TE / TA :
. 3 pièces à sceller bac tampon plongée à carotter : plan précis à fournir par EAS
. vérifier si robinet de puisage dans socle casiers piscine
- Galeries techniques :
. voile à proximité local technique ludique à vérifier
. manque 1 réservation SNEF à proximité du local technique ludique
. prévoir un gabarit pour vérification réservation grille de soufflage au sol
Contrôle réservations en RDC du 22/01/14
- manque 1∅200 dans local stockage univers petite enfance
- manque 1 réservation 20x40ht au droit douches à jets
- reprendre alignement 3 réservations rectangulaires dans salle fitness
- vérifier 2 réservations dans sanitaires publics
- vérifier 1 réservation dans local entretien vestiaires
- manque 1 réservation 35x35 en dalle haute du TGBT
- valider VH local TGBT dans la porte du local
- réservation à déboucher dans local compresseur
- réservation à déboucher dans local déchetterie
- 2 réservations à déboucher dans local espaces verts
- manque 1 réservation + 1 réservation à reprendre dans local technique plongée
- 2 réservations à déboucher dans local musculation
- manque 3 réservations dans chaufferie
- vérifier alignement des réservations dans gradins
- vérifier alignement des réservations des trappes de lignes de nage
- fournir gabarit pour vérification des réservations pour grille de sol sur plages
- manque toutes les réservations pour siphons de sol et caniveaux de la zone vestiaires sanitaires plongée (plan
non fourni)
Contrôle réservations de serrurerie du 22/01/14
- repères 4 et 6 : piochage si nécessaire lors de la pose
- repères 5 et 18 : reprise
- repère 8, 11 et 20 : vérification avec trait de niveau
- repère 10 : calfeutrement mortier après pose si nécessaire
Contrôle bassins ludique et apprentissage du 22/01/14
- piochage si nécessaire lors de la pose des panneaux verticaux
Contrôle bassin sportif et rivière du 03/02/14
- piochage si nécessaire lors de la pose des panneaux verticaux du bassin sportif.19/03/14 : fait par A&T
- fond de goulotte bassin sportif à rehausser. 19/03/14 : compenser par pièces métalliques par A&T",['18-09-2013'],[46],[350],47,EAS
"diffuser plan siphon et réseaux plages extérieurs à MONTARON pour le 20/09/13
Réservations en phase réalisation",['18-09-2013'],"[36, 37, 38, 39, 40, 41, 42]","[261, 269, 278, 287, 296, 305, 314]",13,EAS
finaliser les sorties de bâtiments pour VRD,['17-04-2013'],"[36, 37, 38, 39, 40, 41, 42, 43, 44, 45, 46]","[261, 269, 278, 287, 296, 305, 314, 323, 332, 341, 350]",11,EAS
luminaire coursive HUBI VIII-I dark grey,['18-06-2014'],"[59, 62, 63, 64, 65, 66]","[489, 516, 524, 531, 540, 549]",8,EAS
"manque deux réservations dans voile file 10 (sans recherche de responsabilité) de 2000x1000mm +
∅250mm. Utilisation de deux réservations 1000x1000mm de part et d’autre dudit voile pour dédoubler la gaine ini-
tiale. Un carottage est à prévoir pour le ∅250mm manquant",['16-10-2013'],"[36, 37, 38, 39, 40, 41, 42]","[261, 269, 278, 287, 296, 305, 314]",16,EAS
profil d’angle de carrelages blanc pour carrelage blanc et gris pour carrelage bleu,['30-04-2014'],"[59, 63, 64, 65, 66, 67, 68, 69, 70, 71, 72, 73, 74, 75, 76, 77, 78, 79, 80, 81, 82, 83, 85, 86, 87]","[489, 524, 531, 540, 549, 558, 567, 576, 592, 603, 619, 630, 646, 657, 667, 676, 685, 694, 703, 713, 723, 733, 753, 763, 773]",4,EAS
prévoir réseaux EU/EP avant réalisation rampe accès,['17-04-2013'],"[36, 37, 38, 39, 40, 41, 42, 43, 44, 45, 46, 54]","[261, 269, 278, 287, 296, 305, 314, 323, 332, 341, 350, 440]",5,EAS
recaler planning avec objectif carrelage,['28-10-2015'],"[97, 98]","[839, 848]",2,EAS
"recaler planning avec objectif carrelage
Avancement :
Gros Oeuvre
- finition en cours
- couverture étanchéité : reste terrasse technique, membrane + contre bardage terrasse technique
- pose mur rideau reste finitions
- pose réseau désenfumage reste finitions
- reprise finitions gros œuvre fosse de plongée en cours
Menuiseries intérieures
- cloisonnement doublage remise en forme sur une 1
ère hauteur fait, reste une plaque sur 2
ème hauteur + enduit à ter-
miner RETARD
Serrurerie
Ascenseurs
- pose ascenseur fosse plongée en cours
Carrelages
- carrelages hall bassins, reste finitions en cours
- gradins en cours
- carrelages remise en forme en cours
- étanchéité vestiaires (individuel et personnel) en cours
- carrelages vestiaires individuels en cours
- faïence en cours
- fosse de plongée en cours
Faux plafonds
- ossature toile tendue zone pataugeoire en cours
- ossature toutes zones en cours
Peinture
- peinture toutes zones en cours",['28-10-2015'],[92],[830],29,EAS
"réservation au droit coursive au-dessus local MNS à scier pour hauteur fini de 500mm en alignant les
deux réservations
Réception support par CRI du 12/03/14
- fosse de plongée, reprendre désaffleur entre les deux levées de coulage des bajoyers. Reste à vérifier la dimen-
sion en plan (∅ constant à vérifier sur la hauteur)
ASSISTANT MAITRISE D’OUVRAGE",['09-04-2014'],[54],[440],21,EAS
"teinte jaune sur façade : RAL1003
AVANCEMENT – PLANIFICATION
Intempéries :
35 jours
Voir détail sur CR 76.
Effectif :",['24-06-2015'],"[78, 79, 80, 81, 82]","[685, 694, 703, 713, 723]",15,EAS
"validation siphon de sol PVC 20x20 pour solarium, couleur sable",['22-01-2014'],"[59, 64, 66, 67, 68, 69, 70, 71, 72, 73, 74, 75, 76, 77, 78, 79, 80, 81, 82]","[489, 531, 549, 558, 567, 576, 592, 603, 619, 630, 646, 657, 667, 676, 685, 694, 703, 713, 723]",3,EAS
"valider la possibilité d’installer pompes nage à contre courant + cascade de la rivière à
bouées dans la galerie technique (puissance maxi = 2x3kW). 26/03/14 : formaliser l’accord par une
fiche visa",['19-03-2014'],[70],[583],3,EAS
éclairage validé MODULLUM couleur AKZO gris 900 sablé,['18-06-2014'],"[59, 60, 63, 64, 65, 66, 67, 68, 69, 70, 71, 72, 73, 74, 75, 76, 77, 78, 79, 80, 81, 82]","[489, 499, 524, 531, 540, 549, 558, 567, 576, 592, 603, 619, 630, 646, 657, 667, 676, 685, 694, 703, 713, 723]",7,EAS
"SNEF signale que les réservations demandées n’ont pas été prises en compte en RDC et R+1.
04/12/13 : pris en compte sur plans remis ce jour
Contrôle réservations en sous sol du 18/12/13
- Déboucher toutes les réservations
- Locaux TE / TA :
. 2 ventilations de bac tampon fosse de plongée à carotter
. 3 pièces à sceller bac tampon plongée à carotter : plan précis à fournir par EAS
. manque 4 réservations en PH pour COEXIA : plan précis à fournir par COEXIA
. manque 1 réservation COEXIA en voile cour anglaise
. vérifier si robinet de puisage dans socle casiers piscine
. vérifier siphon + évacuation sanitaires entrée et sanitaires douches piscine : confirmer nature des réseaux à pas-
ser par COEXIA
- Galeries techniques :
. voile à proximité local technique ludique à vérifier
. manque 1 réservation SNEF à proximité du local technique ludique
. manque 1 réservation COEXIA en voile infrastructure à côté du bassin d’apprentissage
. manque 3 réservations COEXIA à côté des bacs tampon
. vérifier possibilité de descendre réseau EU plages sous poutres autour du bassin d’activités (AI poutre à – 0.58
sauf une poutre à – 0.63)
. prévoir un gabarit pour vérification réservation grille de soufflage au sol
Contrôle réservations en RDC du 22/01/14
- manque 1∅200 dans local stockage univers petite enfance
- manque 1 réservation 20x40ht au droit douches à jets
- reprendre alignement 3 réservations rectangulaires dans salle fitness
- vérifier 2 réservations dans sanitaires publics
- vérifier 1 réservation dans local entretien vestiaires
- manque 1 réservation 35x35 en dalle haute du TGBT",['27-11-2013'],"[40, 40, 41, 41, 42, 42]","[296, 296, 305, 305, 314, 314]",42,COE
"SNEF signale que les réservations demandées n’ont pas été prises en compte en RDC et R+1.
04/12/13 : pris en compte sur plans remis ce jour
Contrôle réservations en sous sol du 18/12/13
- Linteau entrée sous-sol à recouper
- Déboucher toutes les réservations
- Locaux TE / TA :
. 2 ventilations de bac tampon fosse de plongée à carotter
. 3 pièces à sceller bac tampon plongée à carotter : plan précis à fournir par EAS
. manque 4 réservations en PH pour COEXIA : plan précis à fournir par COEXIA
. manque 1 réservation COEXIA en voile cour anglaise
. vérifier si robinet de puisage dans socle casiers piscine
. vérifier siphon + évacuation sanitaires entrée et sanitaires douches piscine : confirmer nature des réseaux à pas-
ser par COEXIA
- Galeries techniques :
. voile à proximité local technique ludique à vérifier
. manque 1 réservation SNEF à proximité du local technique ludique
. manque 1 réservation COEXIA en voile infrastructure à côté du bassin d’apprentissage
. vérifier ∅200 manquant en voile bac tampon. 15/01/14 : pas nécessaire
. manque 3 réservations COEXIA à côté des bacs tampon
. vérifier possibilité de descendre réseau EU plages sous poutres autour du bassin d’activités (AI poutre à – 0.58
sauf une poutre à – 0.63)
. prévoir un gabarit pour vérification réservation grille de soufflage au sol",['27-11-2013'],"[36, 36, 37, 37, 38, 38, 39, 39]","[261, 261, 269, 269, 278, 278, 287, 287]",39,COE
"Z1 à Z8 par SOGEA. Idem pour la Z11, Z12, Z15 à Z21 à charge SOGEA. Les Z9 et Z23 sont
à charge COEXIA
Synthèse",['17-04-2013'],"[22, 23, 24, 25, 26, 27, 28, 29, 30, 31, 32, 33, 34, 35, 36, 36, 37, 37, 38, 38, 39, 39, 40, 40, 41, 41, 42, 42, 43, 43, 44, 44, 45, 45, 46, 47, 48, 49, 49, 51]","[154, 161, 168, 176, 183, 191, 198, 206, 213, 221, 229, 237, 245, 253, 261, 261, 269, 269, 278, 278, 287, 287, 296, 296, 305, 305, 314, 314, 323, 323, 332, 332, 341, 341, 350, 359, 368, 377, 388, 406]",16,COE
"Z13 et 14, pénétration dans bâtiment en point haut + attente au sol par SOGEA, descente
intérieure entre les 2 attentes par COEXIA. Il en va de même pour la Z10+Z24",['17-04-2013'],"[22, 23, 24, 25, 26, 27, 28, 29, 30, 31, 32, 33, 34, 35, 36, 36, 37, 37, 38, 38, 39, 39, 40, 40, 41, 41, 42, 42, 43, 43, 44, 44, 45, 45, 46, 47, 48, 49, 49, 51, 52, 53, 54, 54, 55, 56]","[154, 161, 168, 176, 183, 191, 198, 206, 213, 221, 229, 237, 245, 253, 261, 261, 269, 269, 278, 278, 287, 287, 296, 296, 305, 305, 314, 314, 323, 323, 332, 332, 341, 341, 350, 359, 368, 377, 388, 406, 422, 431, 440, 440, 449, 458]",13,COE
"diffuser plan de socles sur terrasse technique. 06/11/13 : tenir compte épaisseur complexe
isolant/étanchéité 100mm
Réservations en phase réalisation",['30-10-2013'],"[30, 31, 32, 33]","[213, 221, 229, 237]",19,COE
"diffuser plan siphon et réseaux plages extérieurs à MONTARON pour le 20/09/13
Contrôle réservations en sous sol du 18/12/13
- Locaux TE / TA :
. vérifier si robinet de puisage dans socle casiers piscine
Contrôle réservations en RDC du 22/01/14
- valider VH local TGBT dans la porte du local
- vérifier alignement des réservations dans gradins
- vérifier alignement des réservations des trappes de lignes de nage
- manque toutes les réservations pour siphons de sol et caniveaux de la zone vestiaires sanitaires plon-
gée (plan non fourni)
Contrôle réservations de serrurerie du 22/01/14
- repères 4 et 6 : piochage si nécessaire lors de la pose
- repères 5 et 18 : reprise
- repère 8, 11 et 20 : vérification avec trait de niveau
- repère 10 : calfeutrement mortier après pose si nécessaire
Contrôle réservations en R+1 du 19/02/14
- vérifier alignement réservations sur coursive
- 2 réservations 300x300 à déplacer en hauteur sur coursive bassin ludique (soufflage canons de lu-
mière)
- vérifier alignement réservations au niveau terrasse technique zone plongée",['18-09-2013'],"[49, 49, 51]","[377, 388, 406]",29,COE
"manque 4 réservations en PH sous-sol pour siphon de sol dans sanitaires/douches
individuels
ASSISTANT MAITRISE D’OUVRAGE",['26-03-2014'],"[47, 48, 49]","[359, 368, 377]",41,COE
"manque deux réservations dans voile file 10 (sans recherche de responsabilité) de
2000x1000mm + ∅250mm. Utilisation de deux réservations 1000x1000mm de part et d’autre
dudit voile pour dédoubler la gaine initiale. Un carottage est à prévoir pour le ∅250mm man-
quant
ASSISTANT MAITRISE D’OUVRAGE",['16-10-2013'],"[27, 28, 29, 30, 32]","[191, 198, 206, 213, 229]",23,COE
"réservation au droit coursive au-dessus local MNS à scier pour hauteur fini de
500mm en alignant les deux réservations
Réception support par CRI du 12/03/14
- effectuer enduit sur maçonnerie recouverte de faïence
- fosse de plongée, reprendre désaffleur entre les deux levées de coulage des bajoyers. Reste à vérifier la dimen-
sion en plan (∅ constant à vérifier sur la hauteur)",['09-04-2014'],"[49, 49, 51]","[377, 388, 406]",34,COE
"suite à la réunion organisée par la Maîtrise d’Ouvrage le 03/11/15, un avenant de prolongation de délai
sera notifié aux entreprises avec pour date limite de livraison au 28/02/15.
Avancement :
Gros Oeuvre
- finition en cours
- couverture étanchéité : reste terrasse technique, membrane + contre bardage terrasse technique. En cours
- pose mur rideau reste finitions
- pose réseau désenfumage reste finitions
- reprise finitions gros œuvre fosse de plongée en cours
Menuiseries intérieures
- cloisonnement doublage remise en forme sur une 1
ère hauteur fait, reste une plaque sur 2
ème hauteur + enduit à ter-
miner RETARD
- ossature bardage acoustique en cours
Serrurerie
Ascenseurs
- pose ascenseur fosse plongée terminé ???
Carrelages
- carrelages hall bassins, reste finitions en cours
- gradins en cours
- carrelages remise en forme en cours
- étanchéité vestiaires (individuel et personnel) en cours
- carrelages vestiaires individuels en cours
- faïence en cours
- fosse de plongée en cours
Faux plafonds
- ossature toutes zones en cours
Peinture
- peinture toutes zones en attente avancement TCE
Traitement d’Air – Chauffage – Traitement d’Eau – Plomberie
- pose bouches de soufflage en cours
- plomberie en cours
- électricité en cours
Electricité
- câblage en cours
- toute électricité zone bassins sportif et activité fait, reste pose appareillage
- poste transfo posé, reste raccordement intérieur
VRD
- borduration parking en cours
- apport de terre en cours
Planification :
Gros Oeuvre
- reprise finition couverture à partir du 19/03/15. RETARD. Intervention à partir du 16/11/15. RETARD. Couvertines
fosse de plongée pour le 27/11/15
- terrasse technique pour le 11/12/15
- reprise solde pose membrane sur tipi à partir du 07/04/15. RETARD. Intervention à partir du 16/11/15. RETARD.
Pour le 27/11/15
Bassins inox
- en attente avancement carrelage
Menuiseries intérieures
- approvisionnement habillage stratifiés perforés du 08/06/15 au 31/07/15
- pose habillage stratifiés perforés à partir du 24/08/15
- pose panneaux acoustiques en lames bois à partir du 05/10/15
- mise en fabrication banque d’accueil. Pose à partir du 15/02/16
- pose signalétique à partir du 15/01/16
- pose porte semaine 1",['04-11-2015'],"[97, 98]","[839, 848]",60,COE
"synthèse RDC, R+1 et toiture le 10/09/13. Diffusion plan de réservations pour le 13/09/13. 18/09/13 :
plan présenté validé à compléter avec réservation pour bain chaud pour le 20/09/13. 25/09/13 : diffuser plan
de synthèse réservations RDC et R+1 y compris gradins sans délai",['05-09-2013'],"[24, 25, 26]","[168, 176, 183]",16,COE
"SNEF signale que les réservations demandées n’ont pas été prises en compte en
RDC et R+1
ASSISTANT MAITRISE D’OUVRAGE",['27-11-2013'],[33],[237],24,COE
"SNEF signale que les réservations demandées n’ont pas été prises en compte en RDC et R+1.
04/12/13 : pris en compte sur plans remis ce jour
ASSISTANT MAITRISE D’OUVRAGE",['27-11-2013'],"[34, 35]","[245, 253]",18,COE
"Z1 à Z8 par SOGEA. Idem pour la Z11, Z12, Z15 à Z21 à charge SOGEA. Les Z9 et Z23 sont à
charge COEXIA
Contrôle réservations en RDC du 22/01/14
- valider VH local TGBT dans la porte du local
- manque toutes les réservations pour siphons de sol et caniveaux de la zone vestiaires sanitaires plongée (plan
non fourni)
Contrôle réservations en R+1 du 19/02/14
- 2 réservations 300x300 à déplacer en hauteur sur coursive bassin ludique (soufflage canons de lumière)
- vérifier alignement réservations au niveau terrasse technique zone plongée",['17-04-2013'],"[54, 54, 55]","[440, 440, 449]",16,COE
"Z1 à Z8 par SOGEA. Idem pour la Z11, Z12, Z15 à Z21 à charge SOGEA. Les Z9 et Z23 sont à
charge COEXIA
Contrôle réservations en RDC du 22/01/14
- valider VH local TGBT dans la porte du local
- manque toutes les réservations pour siphons de sol et caniveaux de la zone vestiaires sanitaires plongée (plan
non fourni)
Contrôle réservations en R+1 du 19/02/14
- 2 réservations 300x300 à déplacer en hauteur sur coursive bassin ludique (soufflage canons de lumière)
- vérifier alignement réservations au niveau terrasse technique zone plongée
Réception support par CRI du 12/03/14
- fosse de plongée, reprendre désaffleur entre les deux levées de coulage des bajoyers. Reste à vérifier la dimen-
sion en plan (∅ constant à vérifier sur la hauteur)
ASSISTANT MAITRISE D’OUVRAGE",['17-04-2013'],[56],[458],18,COE
"Z1 à Z8 par SOGEA. Idem pour la Z11, Z12, Z15 à Z21 à charge SOGEA. Les Z9 et Z23 sont à
charge COEXIA
Contrôle réservations en sous sol du 18/12/13
- Locaux TE / TA :
. vérifier si robinet de puisage dans socle casiers piscine
Contrôle réservations en RDC du 22/01/14
- valider VH local TGBT dans la porte du local
- manque toutes les réservations pour siphons de sol et caniveaux de la zone vestiaires sanitaires plongée (plan
non fourni)
Contrôle réservations en R+1 du 19/02/14
- 2 réservations 300x300 à déplacer en hauteur sur coursive bassin ludique (soufflage canons de lumière)
- vérifier alignement réservations au niveau terrasse technique zone plongée",['17-04-2013'],"[52, 53]","[422, 431]",18,COE
"Z11, regard en pied de chute à confirmer",['17-04-2013'],"[22, 23, 24, 25, 26, 27, 28, 29, 30, 31, 32, 33, 34, 35, 36, 36, 37, 37, 38, 38, 39, 39, 40, 40, 41, 41, 42, 42, 43, 43, 44, 44, 45, 45, 46, 47, 48, 49, 49, 51, 52, 53, 54, 54, 55, 56]","[154, 161, 168, 176, 183, 191, 198, 206, 213, 221, 229, 237, 245, 253, 261, 261, 269, 269, 278, 278, 287, 287, 296, 296, 305, 305, 314, 314, 323, 323, 332, 332, 341, 341, 350, 359, 368, 377, 388, 406, 422, 431, 440, 440, 449, 458]",10,COE
"diffuser plan de socles sur terrasse technique
Charpente LC / Faux plafonds
- 24/04/13  prévoir une structure à souder en pied de charpente métallique des verrières
Réservations en phase réalisation",['30-10-2013'],[29],[206],20,COE
diffuser plan réseaux enterrés à MONTARON pour le 20/09/13,['18-09-2013'],"[23, 24]","[161, 168]",16,COE
diffuser plan siphon et réseaux plages extérieurs à MONTARON pour le 20/09/13,['18-09-2013'],"[23, 24, 25, 26, 27, 28, 29, 30, 31, 32, 33]","[161, 168, 176, 183, 191, 198, 206, 213, 221, 229, 237]",17,COE
"diffuser plan siphon et réseaux plages extérieurs à MONTARON pour le 20/09/13
Contrôle réservations en sous sol du 18/12/13
- Déboucher toutes les réservations
- Locaux TE / TA :
. 2 ventilations de bac tampon fosse de plongée à carotter
. 3 pièces à sceller bac tampon plongée à carotter : plan précis à fournir par EAS
. manque 4 réservations en PH pour COEXIA : plan précis à fournir par COEXIA
. manque 1 réservation COEXIA en voile cour anglaise
. vérifier si robinet de puisage dans socle casiers piscine
. vérifier siphon + évacuation sanitaires entrée et sanitaires douches piscine : confirmer nature des réseaux à pas-
ser par COEXIA
- Galeries techniques :
. voile à proximité local technique ludique à vérifier
. manque 1 réservation SNEF à proximité du local technique ludique
. manque 1 réservation COEXIA en voile infrastructure à côté du bassin d’apprentissage
. manque 3 réservations COEXIA à côté des bacs tampon
. vérifier possibilité de descendre réseau EU plages sous poutres autour du bassin d’activités (AI poutre à – 0.58
sauf une poutre à – 0.63)
. prévoir un gabarit pour vérification réservation grille de soufflage au sol
Contrôle réservations en RDC du 22/01/14
- manque 1∅200 dans local stockage univers petite enfance
- manque 1 réservation 20x40ht au droit douches à jets
- reprendre alignement 3 réservations rectangulaires dans salle fitness
- vérifier 2 réservations dans sanitaires publics
- vérifier 1 réservation dans local entretien vestiaires
- manque 1 réservation 35x35 en dalle haute du TGBT
- valider VH local TGBT dans la porte du local
- réservation à déboucher dans local compresseur
- réservation à déboucher dans local déchetterie
- 2 réservations à déboucher dans local espaces verts
- manque 1 réservation + 1 réservation à reprendre dans local technique plongée
- 2 réservations à déboucher dans local musculation
- manque 3 réservations dans chaufferie
- vérifier alignement des réservations dans gradins
- vérifier alignement des réservations des trappes de lignes de nage
- fournir gabarit pour vérification des réservations pour grille de sol sur plages
- manque toutes les réservations pour siphons de sol et caniveaux de la zone vestiaires sanitaires plongée (plan
non fourni)",['18-09-2013'],"[43, 43, 44, 44, 45, 45]","[323, 323, 332, 332, 341, 341]",47,COE
"diffuser plan siphon et réseaux plages extérieurs à MONTARON pour le 20/09/13
Contrôle réservations en sous sol du 18/12/13
- Locaux TE / TA :
. 3 pièces à sceller bac tampon plongée à carotter : plan précis à fournir par EAS
. vérifier si robinet de puisage dans socle casiers piscine
- Galeries techniques :
. voile à proximité local technique ludique à vérifier
. manque 1 réservation SNEF à proximité du local technique ludique
. prévoir un gabarit pour vérification réservation grille de soufflage au sol
Contrôle réservations en RDC du 22/01/14
- manque 1∅200 dans local stockage univers petite enfance
- manque 1 réservation 20x40ht au droit douches à jets
- reprendre alignement 3 réservations rectangulaires dans salle fitness
- vérifier 2 réservations dans sanitaires publics
- vérifier 1 réservation dans local entretien vestiaires
- manque 1 réservation 35x35 en dalle haute du TGBT
- valider VH local TGBT dans la porte du local
- réservation à déboucher dans local compresseur
- réservation à déboucher dans local déchetterie
- 2 réservations à déboucher dans local espaces verts
- manque 1 réservation + 1 réservation à reprendre dans local technique plongée
- 2 réservations à déboucher dans local musculation
- manque 3 réservations dans chaufferie
- vérifier alignement des réservations dans gradins
- vérifier alignement des réservations des trappes de lignes de nage
- fournir gabarit pour vérification des réservations pour grille de sol sur plages
- manque toutes les réservations pour siphons de sol et caniveaux de la zone vestiaires sanitaires plongée (plan
non fourni)
Contrôle réservations de serrurerie du 22/01/14
- repères 4 et 6 : piochage si nécessaire lors de la pose
- repères 5 et 18 : reprise
- repère 8, 11 et 20 : vérification avec trait de niveau
- repère 10 : calfeutrement mortier après pose si nécessaire
Contrôle bassins ludique et apprentissage du 22/01/14
- piochage si nécessaire lors de la pose des panneaux verticaux
Contrôle bassin sportif et rivière du 03/02/14
- piochage si nécessaire lors de la pose des panneaux verticaux du bassin sportif.19/03/14 : fait par A&T
- fond de goulotte bassin sportif à rehausser. 19/03/14 : compenser par pièces métalliques par A&T",['18-09-2013'],[46],[350],47,COE
"diffuser plan siphon et réseaux plages extérieurs à MONTARON pour le 20/09/13
Contrôle réservations en sous sol du 18/12/13
- Locaux TE / TA :
. vérifier si robinet de puisage dans socle casiers piscine
- Galeries techniques :
. prévoir un gabarit pour vérification réservation grille de soufflage au sol
Contrôle réservations en RDC du 22/01/14
- valider VH local TGBT dans la porte du local
- vérifier alignement des réservations dans gradins
- vérifier alignement des réservations des trappes de lignes de nage
- manque toutes les réservations pour siphons de sol et caniveaux de la zone vestiaires sanitaires plongée (plan
non fourni)
Contrôle réservations de serrurerie du 22/01/14
- repères 4 et 6 : piochage si nécessaire lors de la pose
- repères 5 et 18 : reprise
- repère 8, 11 et 20 : vérification avec trait de niveau
- repère 10 : calfeutrement mortier après pose si nécessaire
Contrôle bassins ludique et apprentissage du 22/01/14
- piochage si nécessaire lors de la pose des panneaux verticaux
Contrôle bassin sportif et rivière du 03/02/14
- quais à prolonger du bassin sportif. 26/03/14 : trop large, à recouper
Contrôle réservations en R+1 du 19/02/14
- vérifier alignement réservations sur coursive
- 2 réservations 300x300 à déplacer en hauteur sur coursive bassin ludique (soufflage canons de lumière)
- vérifier alignement réservations au niveau terrasse technique zone plongée
Réception support par CRI du 12/03/14
- effectuer enduit sur maçonnerie recouverte de faïence
- fosse de plongée, reprendre désaffleur entre les deux levées de coulage des bajoyers. Reste à vérifier la dimen-
sion en plan (∅ constant à vérifier sur la hauteur)",['18-09-2013'],[47],[359],39,COE
"diffuser plan siphon et réseaux plages extérieurs à MONTARON pour le 20/09/13
Contrôle réservations en sous sol du 18/12/13
- Locaux TE / TA :
. vérifier si robinet de puisage dans socle casiers piscine
Contrôle réservations en RDC du 22/01/14
- valider VH local TGBT dans la porte du local
- vérifier alignement des réservations dans gradins
- vérifier alignement des réservations des trappes de lignes de nage
- manque toutes les réservations pour siphons de sol et caniveaux de la zone vestiaires sanitaires plongée (plan
non fourni)
Contrôle réservations de serrurerie du 22/01/14
- repères 4 et 6 : piochage si nécessaire lors de la pose
- repères 5 et 18 : reprise
- repère 8, 11 et 20 : vérification avec trait de niveau
- repère 10 : calfeutrement mortier après pose si nécessaire
Contrôle bassin sportif et rivière du 03/02/14
- quais à prolonger du bassin sportif. 26/03/14 : trop large, à recouper
Contrôle réservations en R+1 du 19/02/14
- vérifier alignement réservations sur coursive
- 2 réservations 300x300 à déplacer en hauteur sur coursive bassin ludique (soufflage canons de lumière)
- vérifier alignement réservations au niveau terrasse technique zone plongée
Réception support par CRI du 12/03/14
- effectuer enduit sur maçonnerie recouverte de faïence
- fosse de plongée, reprendre désaffleur entre les deux levées de coulage des bajoyers. Reste à vérifier la dimen-
sion en plan (∅ constant à vérifier sur la hauteur)",['18-09-2013'],[48],[368],34,COE
"diffuser plan siphon et réseaux plages extérieurs à MONTARON pour le 20/09/13
Réservations en phase réalisation",['18-09-2013'],"[34, 35, 36, 36, 37, 37, 38, 38, 39, 39, 40, 40, 41, 41, 42, 42]","[245, 253, 261, 261, 269, 269, 278, 278, 287, 287, 296, 296, 305, 305, 314, 314]",13,COE
diffuser plan sorties bâtiment à MONTARON pour le 20/09/13,['18-09-2013'],"[23, 24, 25, 26, 27, 28, 29, 30, 31, 32, 33]","[161, 168, 176, 183, 191, 198, 206, 213, 221, 229, 237]",18,COE
finaliser les sorties de bâtiments pour VRD,['17-04-2013'],"[22, 23, 24, 25, 26, 27, 28, 29, 30, 31, 32, 33, 34, 35, 36, 36, 37, 37, 38, 38, 39, 39, 40, 40, 41, 41, 42, 42, 43, 43, 44, 44, 45, 45, 46, 47]","[154, 161, 168, 176, 183, 191, 198, 206, 213, 221, 229, 237, 245, 253, 261, 261, 269, 269, 278, 278, 287, 287, 296, 296, 305, 305, 314, 314, 323, 323, 332, 332, 341, 341, 350, 359]",17,COE
manque 4 réservations en PH sous-sol pour siphon de sol dans sanitaires/douches indivi-,['26-03-2014'],"[49, 51]","[388, 406]",35,COE
"manque deux réservations dans voile file 10 (sans recherche de responsabilité) de 2000x1000mm +
∅250mm. Utilisation de deux réservations 1000x1000mm de part et d’autre dudit voile pour dédoubler la gaine ini-
tiale. Un carottage est à prévoir pour le ∅250mm manquant",['16-10-2013'],"[31, 33, 34, 35, 36, 36, 37, 37, 38, 38, 39, 39, 40, 40, 41, 41, 42, 42]","[221, 237, 245, 253, 261, 261, 269, 269, 278, 278, 287, 287, 296, 296, 305, 305, 314, 314]",22,COE
"mettre à jour plan de ventilation de la terrasse technique de la zone plongée en po-
sitionnant les grilles de reprise pour création de chevêtres métalliques
Charpente LC / Faux plafonds
- 24/04/13  prévoir une structure à souder en pied de charpente métallique des verrières
Réservations en phase réalisation",['23-10-2013'],[28],[198],21,COE
"nécessité de créer 2 appuis : ajout de 2 poutres, à dimensionner en béton et en acier, à proposer à",['06-03-2013'],"[6, 7, 8, 9, 10, 11, 12, 13, 14, 15, 16, 17, 18, 19, 20, 21]","[38, 45, 52, 59, 66, 73, 80, 87, 94, 101, 109, 117, 125, 132, 140, 147]",6,COE
"plan GO PH sous sol diffusé vers le 15/05/13
Charpente métallique",['24-04-2013'],"[7, 8, 9, 10]","[45, 52, 59, 66]",9,COE
plan GO fondation basse diffusé le 26/04/13,['24-04-2013'],[7],[45],7,COE
"plans architectes en cours de mise à jour pour mise en conformité avec accessibili-
té
Carrelages",['11-09-2013'],[22],[154],6,COE
"plans architectes en cours de mise à jour pour mise en conformité avec accessibilité
Descentes EP",['11-09-2013'],"[23, 24, 25]","[161, 168, 176]",5,COE
prévoir réseaux EU/EP avant réalisation rampe accès,['17-04-2013'],"[22, 23, 24, 25, 26, 27, 28, 29, 30, 31, 32, 33, 34, 35, 36, 36, 37, 37, 38, 38, 39, 39, 40, 40, 41, 41, 42, 42, 43, 43, 44, 44, 45, 45, 46, 47, 48, 49, 49, 51, 52, 53, 54, 54, 55, 56]","[154, 161, 168, 176, 183, 191, 198, 206, 213, 221, 229, 237, 245, 253, 261, 261, 269, 269, 278, 278, 287, 287, 296, 296, 305, 305, 314, 314, 323, 323, 332, 332, 341, 341, 350, 359, 368, 377, 388, 406, 422, 431, 440, 440, 449, 458]",11,COE
recaler planning avec objectif carrelage,['28-10-2015'],"[97, 98]","[839, 848]",2,COE
"reprise sur hall bassin ludique, réservation de grille à prévoir 1700x700mm entre
files 6 et 7, 8et 9 et 10 et 11
Charpente LC / Faux plafonds
- 24/04/13  prévoir une structure à souder en pied de charpente métallique des verrières
Réservations en phase réalisation",['16-10-2013'],[27],[191],19,COE
"reprise sur hall bassin ludique, réservation de grille à prévoir 1700x700mm entre files 6 et 7, 8 et 9 et
10 et 11",['16-10-2013'],"[28, 29, 30, 31, 32, 33]","[198, 206, 213, 221, 229, 237]",16,COE
"réservation au droit coursive au-dessus local MNS à scier pour hauteur fini de 500mm en alignant les
deux réservations
Réception support par CRI du 12/03/14
- fosse de plongée, reprendre désaffleur entre les deux levées de coulage des bajoyers. Reste à vérifier la dimen-
sion en plan (∅ constant à vérifier sur la hauteur)
ASSISTANT MAITRISE D’OUVRAGE",['09-04-2014'],"[52, 53, 54, 54, 55]","[422, 431, 440, 440, 449]",23,COE
"réservation au droit des pédiluve 160mm
Descentes EP",['19-06-2013'],[22],[154],9,COE
réservation de dalle plages 120mm et reste du bâtiment 70mm,['10-04-2013'],[22],[154],7,COE
"réunion de mise au point des diverses sorties bâtiment à reprendre par le VRD le
20/11/13 à 14h00
ASSISTANT MAITRISE D’OUVRAGE",['13-11-2013'],[31],[221],24,COE
"synthèse RDC, R+1 et toiture le 10/09/13. Diffusion plan de réservations pour le 13/09/13
Charpente LC / Faux plafonds
- 24/04/13  prévoir une structure à souder en pied de charpente métallique des verrières
ASSISTANT MAITRISE D’OUVRAGE",['05-09-2013'],[22],[154],20,COE
"synthèse RDC, R+1 et toiture le 10/09/13. Diffusion plan de réservations pour le 13/09/13.
18/09/13 : plan présenté validé à compléter avec réservation pour bain chaud pour le 20/09/13",['05-09-2013'],[23],[161],15,COE
transmettre plan CRI des siphons de sol à COEXIA,['18-09-2013'],"[27, 28, 29, 30, 31, 32, 33]","[191, 198, 206, 213, 221, 229, 237]",14,COE
"transmettre plan CRI des siphons de sol à COEXIA
Charpente LC / Faux plafonds
- 24/04/13  prévoir une structure à souder en pied de charpente métallique des verrières
ASSISTANT MAITRISE D’OUVRAGE",['18-09-2013'],"[23, 24, 25, 26]","[161, 168, 176, 183]",21,COE
"voile dans local TA maintenu dito plans marché
Charpente métallique",['10-04-2013'],"[6, 16, 17, 18, 19, 20, 21]","[38, 109, 117, 125, 132, 140, 147]",6,COE
"voile dans local TA maintenu dito plans marché
Gros Œuvre",['10-04-2013'],"[7, 8, 9, 10]","[45, 52, 59, 66]",6,COE
"voile dans local TA maintenu dito plans marché
Gros Œuvre
Charpente métallique",['10-04-2013'],"[11, 12, 13, 14, 15]","[73, 80, 87, 94, 101]",6,COE
"Carrelage Hall d'entrée: GRANITOGRE SERIE MARTE -  référence GRIGIO MAGGIA 30X30
finition Matt",['25-02-2015'],"[64, 72, 75, 76, 77, 78, 79, 80, 81, 82]","[531, 619, 657, 667, 676, 685, 694, 703, 713, 723]",10,EUROENV
"Carrelage Hall d'entrée: GRANITOGRE SERIE MARTE -  référence GRIGIO MAGGIA 30X30
finition Matt
AVANCEMENT –  PLANIFICATION
Intempéries :
35 jours
1 jour (le 03/07/13 : pluie), 1 jour (le 18/09/13 : pluie), 1 jour (le 10/10/13 : pluie), 1 jour (le 23/10/13 :
vent), 1 jour (le 25/10/13 : vent), 2 jours (les 28 et 29/10/13), 3 jours (le 04/11/13 : vent, le 05/11/13 :
pluie, le 06/11/13 : pluie + vent), 2 jours (les 07 et 08/11/13 : pluie et vent), 1 jour (le 14/11/13 : vent), 1
jour (le 19/11/13 : pluie), 1 jour (le 21/11/13 : neige), 1 jour (le 03/12/13 : gel), 1 jour (le 11/12/13 : gel),
2 jours (les 12 et 13/12/13 : gel), 1 jour (le 06/01/14 : pluie), 3 jours (les 14, 15 et 16/01/14 : pluie), 1
jour (le 20/01/14 : pluie), 1 jour (le 27/01/14 : pluie et vent), 1 jour (le 07/02/14 : vent), 1 jour (le
13/02/14 : pluie et vent), 3 jours (les 27, 28/02/14 et 03/03/14 : pluie), 1 jour (le 21/03/14 : pluie), 2
jours (les 12 et 13/05/14 : pluie), 1 jour (le 04/06/14 : pluie), 1 jour (le 10/06/14 : pluie)","['18-06-2014', '25-02-2015', '03-06-2015']","[60, 63, 65, 66, 67, 68, 69, 70, 71, 73, 74, 75, 76]","[499, 524, 540, 549, 558, 567, 576, 592, 603, 630, 646, 657, 667]",14,EUROENV
"confirmer les puissances électriques d’éclairage à BERIM et SNEF
-23/04/14 : Déclarer votre sous traitant de l’éclairage public. L’étude d’éclairement est en
cours de réalisation et transmettre avec celle-ci les fiches techniques du matériel. La demande est
faite à MONTARON pour la pose d’un fourreau diamètre 100 avec cuivre. Modifier
l’implantation des arbres au pourtour des panneaux solaire.",['02-04-2014'],"[51, 52, 53, 54, 55, 56]","[416, 426, 436, 444, 453, 462]",6,EUROENV
faire plan de clôture et portails pour validation  MOA/MOE,['04-06-2014'],"[57, 58, 59, 60, 61, 62, 63]","[471, 480, 489, 498, 507, 515, 523]",12,EUROENV
"fiches techniques à fournir des portails et portillons. 04/06/14 : rappel diffuser dossier matériel
pour validation",['14-05-2014'],"[57, 58, 59, 60, 61, 62, 63]","[471, 480, 489, 498, 507, 515, 523]",8,EUROENV
"vu avec AMVS le 02/06/14 pour supprimer motorisation de portail + interphonie +
portails sur extension parking. DRD et BERIM demande que soient néanmoins prévu les four-
reaux. Etablir plan de fourreaux à diffuser à BERIM et MONTARON",['04-06-2014'],"[57, 58, 59, 60, 61, 62, 63, 64, 65, 66, 67, 68, 69, 70]","[471, 480, 489, 498, 507, 515, 523, 531, 539, 548, 557, 566, 576, 592]",12,EUROENV
"Déclarer votre sous traitant de l’éclairage public. L’étude d’éclairement est en cours de réalisation et
transmettre avec celle-ci les fiches techniques du matériel. La demande est faite à MONTARON pour la pose d’un
fourreau diamètre 100 avec cuivre. Modifier l’implantation des arbres au pourtour des panneaux solaire",['23-04-2014'],"[57, 58, 59, 60, 61, 62, 63]","[471, 480, 489, 498, 507, 515, 523]",6,EUROENV
SE1553 Vert Pistache de la Seigneurie,['03-06-2015'],"[78, 79, 80, 81, 82]","[685, 694, 703, 713, 723]",10,EUROENV
"SE1553 Vert Pistache de la Seigneurie
AVANCEMENT – PLANIFICATION
Intempéries :
35 jours
Voir détail sur CR 76.
Effectif :",['03-06-2015'],[77],[676],14,EUROENV
"bain chaud, bain froid, hall d’entrée + coursive",['07-05-2014'],"[59, 61, 62, 63, 64, 65, 66, 67]","[489, 507, 515, 524, 531, 540, 549, 558]",5,EUROENV
bruine LOTUS 10 couleur bleu,['18-06-2014'],"[59, 60, 63, 64, 65, 66, 67, 68, 69, 70, 71, 72, 73, 74, 75, 76, 77, 78, 79, 80, 81, 82]","[489, 499, 524, 531, 540, 549, 558, 567, 576, 592, 603, 619, 630, 646, 657, 667, 676, 685, 694, 703, 713, 723]",8,EUROENV
"choix teintes 1070 Blanc pour les plages, 7035 Gris clair pour les pédiluves",['04-06-2014'],"[59, 60, 61, 62, 63, 64, 65, 66, 67, 68, 69, 70, 71, 72, 73, 74, 75, 76, 77, 78, 79, 80, 81, 82]","[489, 499, 507, 515, 524, 531, 540, 549, 558, 567, 576, 592, 603, 619, 630, 646, 657, 667, 676, 685, 694, 703, 713, 723]",6,EUROENV
confirmer les puissances électriques d’éclairage à BERIM et SNEF,['02-04-2014'],"[48, 49, 49, 57, 58, 59, 60, 61, 62, 63]","[373, 382, 398, 471, 480, 489, 498, 507, 515, 523]",2,EUROENV
diffuser plan d’éclairement et des réseaux d’éclairage pour le 23/04/14,['02-04-2014'],"[48, 49, 49, 51, 52, 53, 54, 55, 56, 57, 58, 59, 60, 61, 62, 63]","[373, 382, 398, 416, 426, 436, 444, 453, 462, 471, 480, 489, 498, 507, 515, 523]",2,EUROENV
fiches techniques à fournir des portails et portillons,['14-05-2014'],"[55, 56]","[453, 462]",9,EUROENV
implantation des portails parking à faire valider par le Maitre de l’Ouvrage,['14-05-2014'],"[55, 56]","[453, 462]",9,EUROENV
luminaire coursive HUBI VIII-I dark grey,['18-06-2014'],"[59, 63, 64, 65, 66]","[489, 524, 531, 540, 549]",8,EUROENV
note d’éclairement à transmettre,['14-05-2014'],"[56, 57, 58, 59, 60, 61, 62, 63]","[462, 471, 480, 489, 498, 507, 515, 523]",8,EUROENV
profil d’angle de carrelages blanc pour carrelage blanc et gris pour carrelage bleu,['30-04-2014'],"[59, 61, 62, 63, 64, 65, 66, 67, 68, 69, 70, 71, 72, 73, 74, 75, 76, 77, 78, 79, 80, 81, 82]","[489, 507, 515, 524, 531, 540, 549, 558, 567, 576, 592, 603, 619, 630, 646, 657, 667, 676, 685, 694, 703, 713, 723]",4,EUROENV
présence obligatoire au prochain rdv le 21/05/14 à 14h00 pour synthèse avec,['14-05-2014'],[54],[444],6,EUROENV
"présence obligatoire au prochain rdv le 21/05/14 à 14h00 pour synthèse avec MONTARON.
21/05/14 : absence le 21/05/14, présence obligatoire le 28/05/14 à 15h00",['14-05-2014'],[55],[453],8,EUROENV
"teinte jaune sur façade : RAL1003
AVANCEMENT – PLANIFICATION
Intempéries :
35 jours
Voir détail sur CR 76.
Effectif :",['24-06-2015'],"[78, 79, 80, 81, 82]","[685, 694, 703, 713, 723]",15,EUROENV
"validation siphon de sol PVC 20x20 pour solarium, couleur sable",['22-01-2014'],"[59, 61, 62, 64, 66, 67, 68, 69, 70, 71, 72, 73, 74, 75, 76, 77, 78, 79, 80, 81, 82]","[489, 507, 515, 531, 549, 558, 567, 576, 592, 603, 619, 630, 646, 657, 667, 676, 685, 694, 703, 713, 723]",3,EUROENV
éclairage validé MODULLUM couleur AKZO gris 900 sablé,['18-06-2014'],"[59, 60, 61, 62, 63, 64, 65, 66, 67, 68, 69, 70, 71, 72, 73, 74, 75, 76, 77, 78, 79, 80, 81, 82]","[489, 499, 507, 515, 524, 531, 540, 549, 558, 567, 576, 592, 603, 619, 630, 646, 657, 667, 676, 685, 694, 703, 713, 723]",7,EUROENV
"fournir dossier matériel principalement matériel d’éclairage sur base marché avec
possibilité de variante pour validation MOA et MOE. URGENT pour mise en commande
A&T
SI21",['26-08-2015'],"[83, 84, 85, 86, 87]","[733, 742, 752, 763, 773]",4,TROMONT
"choix teintes 1070 Blanc pour les plages, 7035 Gris clair pour les pédiluves",['04-06-2014'],[88],[782],8,TROMONT
ne pas oublier faire demande CONSUEL pour le 31/01/16,['16-12-2015'],[99],[856],1,TROMONT
profil d’angle de carrelages blanc pour carrelage blanc et gris pour carrelage bleu,['30-04-2014'],"[84, 88]","[742, 782]",7,TROMONT
réaliser les massifs de candélabres au droit du parvis entrée (béton désactivé),['30-09-2015'],"[89, 90, 91]","[793, 803, 819]",2,TROMONT
"réaliser les massifs de candélabres au droit du parvis entrée (béton désactivé)
A&T
SI21
POINTS SPECIFIQUES
Polychromie",['30-09-2015'],[88],[782],7,TROMONT
voir CR spécifique du cabinet TESSON,"['09-09-2015', '30-09-2015']","[85, 88, 89, 90, 91, 92]","[752, 782, 793, 803, 819, 830]",3,TROMONT
"voir CR spécifique du cabinet TESSON
A&T
POINTS SPECIFIQUES
Polychromie",['02-09-2015'],[84],[742],7,TROMONT
"voir CR spécifique du cabinet TESSON
A&T
SI21","['16-09-2015', '23-09-2015']","[86, 87]","[763, 773]",5,TROMONT
