cell,dates,nums_cr,pages_table_start,line_order,title
Donner les directives sur les interventions entreprises selon planning,['15-03-2011'],"[1, 2, 3, 4, 5, 6, 7, 8, 9, 10, 11, 12, 13, 14, 15, 16, 17, 18, 19, 20, 21, 22]","[4, 11, 19, 27, 36, 46, 55, 64, 78, 99, 120, 134, 153, 165, 177, 188, 204, 215, 226, 238, 250, 260]",6,OPC
"Donner les directives à JMS lors de votre réunion pour la déplantation des arbres sur le site. La CAPH récupère les arbres et devra être
présente pour réceptionner les arbres déplantés ",['15-03-2011'],"[1, 2, 3, 4]","[4, 11, 19, 27]",2,OPC
Définir et transmettre le circuit de diffusion et d’approbation des documents ,['15-03-2011'],"[1, 2, 3, 4]","[4, 11, 19, 27]",4,OPC
"Planning diffusé ce jour pour approbation ou remarques des entreprises avant le 18 Juillet 2011 ; passé ce délais, sans remarques des
entreprises le planning TCE sera notifié par OS et réputé contractuel ",['07-07-2011'],"[16, 17, 18, 19, 20, 21, 22]","[188, 204, 215, 226, 238, 250, 260]",3,OPC
"30/06/11 Prévoir réunion avec les pompiers en septembre
01/09/11Mettre les plans de charpente sur serveur et tenir informées par mail les entreprises de chaque mise à jour sur serveur 
Mettre à jour les plan charpente /couverture avec dimensionnement des lanterneaux 
Faire fiche observation sur dossier bardage ",['27-11-2011'],"[25, 26, 29, 30]","[292, 303, 323, 334]",4,OPC
"Attention pour essais efficacité désenfumage faire convocations : SOJA – COEXIA- BOUYGUES – EIFFAGE – PMN – SSI – POMPIERS (via
invitation MO) - BC ",['29-08-2013'],"[80, 81, 82, 83, 84]","[729, 743, 758, 772, 787]",2,OPC
Faire fiche observation sur plan calepinage bac acier de STEREC,['08-09-2011'],"[25, 26, 29, 30]","[292, 303, 323, 334]",7,OPC
"Fournir :
  plan des réseaux des drainages en épis sous l’emprise du bâtiment, le GO coule les plages et doit donc intervenir au niveau des galeries 
techniques : FAIT 
plan d’implantation des caméras de vidéosurveillance 
Une signalétique particulière devra être mentionnée sur le local refuge : « accès handicapé » 
PMN en attente retour sur choix échantillons proposés notamment : quincailleries : mat brillant ou satiné ? ",['08-09-2011'],"[25, 26, 29, 30]","[292, 303, 323, 334]",13,OPC
Gérer l’interface entre COLAS et SONDEFOR lors de la réalisation des enrobés et des premiers coulage de pieux,['12-04-2011'],"[5, 6, 7, 8, 9, 10, 11, 12]","[36, 46, 55, 64, 78, 99, 120, 134]",2,OPC
Prendre connaissance et répondre au CR  de D&H PAYSAGES du 10/05/10,['10-05-2010'],"[8, 9, 10, 11, 12]","[64, 78, 99, 120, 134]",3,OPC
RAS,['28-06-2012'],"[59, 60, 61, 62, 63, 64, 67, 68, 69, 70, 71, 72, 72, 75, 76, 77, 78, 79]","[426, 442, 458, 472, 486, 499, 527, 540, 554, 573, 592, 608, 626, 660, 677, 690, 703, 716]",1,OPC
Recalage planning à prévoir au sortir des intempéries,['09-02-2012'],"[31, 32]","[345, 358]",1,OPC
Répondre remarque BC sur profondeur eau dans pédiluve FAIT,['01-09-2011'],"[25, 26, 29, 30]","[292, 303, 323, 334]",6,OPC
Transmettre planning TCE,['16-06-2011'],"[13, 14, 15]","[153, 165, 177]",2,OPC
"Annule et remplace la précédente, suite à réunion avec l‘architecte. 
Désenfumage des vestiaires individuels 
La surface au sol des vestiaires individuels, relevée sur le tableau de surfaces du DCE, est de 270 m². 
La surface utile des ouvrants de désenfumage est au minimum de 1/200ème  de la surface ci-dessus, soit 1,35 m² 
Le skydome a une taille de 1,20m x 1,20m, soit 1,44 m², ce qui est conforme. 
Les entrées d’air doivent donc avoir au total une taille au moins égale à la taille de cette évacuation. 
Les grilles doivent avoir une surface utile de 1,44 m². 
La dimension brute de l’entrée d’air du coin bébé est de 0,50 m² ; 
Les entrées d’air sous les porte-habits du coin beauté sont doublées, à 2 x 1,30 m x 0,40 m, soit 1,04 m² ; 
L’entrée d’air du rangement fauteuils roulants est doublée, à 2 m x 0,50 m, soit 1 m². 
Surface brute totale 2,54 m². 
Pour obtenir la surface utile définie plus haut de 1,44 m² les grilles auront environ 60% de surface libre. 
Les gaines auront au minimum la taille des ouvrants qu’elles alimentent, ce qui signifie que la grille des entrées d’air agrandies sera doublée 
elle aussi. ",['01-09-2011'],"[19, 20]","[226, 238]",67,BET STRUCTURE
"Communauté d’Agglomération des Portes du Hainaut – Construction d’un Centre Aquatique à St Amand Les Eaux – CR MOE N° 59 
 du 10/01/13 ",['18-10-2012'],"[59, 60, 61, 62, 63, 64]","[426, 442, 458, 472, 486, 499]",11,BET STRUCTURE
"Fiches observations à faire sur le mode constructif transmis par TOMMASINI, en rappel nous n’acceptons pas de variante, pas de préfa sur 
le site si non prévue à la base. Exemple gradin et escaliers.. ",['29-03-2011'],"[3, 4, 5, 6, 7]","[19, 27, 36, 46, 55]",11,BET STRUCTURE
"Nous faisons suite à vos réponses sur la mise en place de renforts suite aux nécessitées de découpe de certains voiles BA : 
• 
Nous vous demandons l’étude de la mise en place d’un fer U à mettre en place dans l’épaisseur des voiles. 
• 
Pour les deux percements suite au déplacement des gaines de soufflage du hall des bassins et pour l’ajout d’un désenfumage dans la
circulation des vestiaires groupe 
fait ",['08-11-2012'],"[59, 60, 61, 62, 63, 64, 67, 68]","[426, 442, 458, 472, 486, 499, 527, 540]",21,BET STRUCTURE
"Nous sommes dans l’attente de vos dimensionnements sur les cadres métallique à mettre en place dans les percements en remplacement des
plats carbones ",['29-11-2012'],"[59, 60, 61, 62, 63, 64, 67, 68]","[426, 442, 458, 472, 486, 499, 527, 540]",24,BET STRUCTURE
"Nous supprimons l’étanchéité des gradins, il n’y aura donc pas de pente à créer sous ces derniers, attention le carrelage sera sceller sur cette 
zone donc prévoir réservation entre 5 et 6 CM sur le dessus, les élévations des murets ne sont pas concernés par ce mode de pose, acre en 
collés ",['30-06-2011'],"[15, 16, 17, 18]","[177, 188, 204, 215]",19,BET STRUCTURE
"POINT STEREC sur potelet de ligne de vie 
Les potelets font 400 mm de haut en standard. 
L’effort maxi en extrémité, en tète de potelets et dans l’axe du câble est de 1400 daN. 
Sur les grandes longueurs ou avec des absorbeurs d’énergie sur les petites longueurs, nous sommes en mesure d’abaisser ces efforts à 1000 
daN. 
STEREC NORD PICARDIE 
+ PLAN IMPLANTATION ",['25-08-2011'],"[18, 19]","[215, 226]",49,BET STRUCTURE
Page 5 sur 13 ,['18-10-2012'],"[59, 60, 61, 62, 63, 64]","[426, 442, 458, 472, 486, 499]",13,BET STRUCTURE
"RAPPEL URGEN T : transmettre plan des massifs support de charpente pour intégration des platines de pré scellement, et intégration des 
DEP ",['30-06-2011'],"[15, 16, 17, 18]","[177, 188, 204, 215]",24,BET STRUCTURE
Rappel sur les descentes de Charge à SONDEFOR= plan implantation ,['05-04-2011'],"[4, 5, 6, 7]","[27, 36, 46, 55]",15,BET STRUCTURE
Reprendre et fournir les plans suite rehausse du local PAC,['15-09-2011'],"[21, 22, 23]","[250, 260, 271]",6,BET STRUCTURE
Revoir l’implantation du chrono sur les MR! à mettre en oeuvre sur voiles BA,['08-09-2011'],"[21, 22, 23]","[250, 260, 271]",4,BET STRUCTURE
"Répondre aux remarque du BC suite ADEX 11 
Faisant suite à votre bordereau réponses reprenant les plans ST116, ST234 et ST235 suivant nos observations 
reprises dans notre ADEX n°11, veuillez trouver ci-après nos remarques : 
- Plan ST 116 : ---> observations maintenues concernant les escaliers : absence d'informations sur plan 
concernant les hauteurs de marches et girons. 
- Plan ST 234 : ---> observations maintenues concernant les pédiluves : absence d'informations sur plan , nous 
rappelons que la profondeur des pédiluves ne doit pas excéder 15 cm selon article X 8. 
- Plan ST 235 : ---> observations maintenues : absence d'informations sur plan. ",['01-09-2011'],"[19, 20]","[226, 238]",26,BET STRUCTURE
"Réponse Mr KIEFER à SICRE 
OCTANT confirme que la hauteur d’eau au niveau du bassin sportif sera de 2.00m constant 
OCTANT confirme que sur le bassin ludique, il s’agit de profondeur d’eau  
OCTANT valide également la modification de hauteur d’eau à 0.60 en bas de l’escalier d’accès au bassin ludique (au lieu de 0.45) ainsi que 
la modification de la profondeur d’eau à 1.14/1.16 sur l’autre escalier d’accès (côté plages) 
Le plan sera modifié en conséquence. ",['26-04-2011'],"[6, 7, 8, 9, 10, 11, 12, 13, 14]","[46, 55, 65, 78, 99, 120, 134, 153, 165]",24,BET STRUCTURE
"Réservation SOJA à prendre en compte, une gaine technique est nécessaire dans l’entrée des groupe, à prendre en compte sur les plans 
structure ",['24-05-2011'],"[10, 11, 12, 13, 14]","[99, 120, 134, 153, 165]",18,BET STRUCTURE
"Suite au point fait ce jour en présence du BC, transmettre l’analyse du rapport d’implantation des pieux de SONDEFOR et analyser les écart 
et justifier ou non des besoins en longrines de redressement ",['07-07-2011'],"[16, 17, 18, 19]","[188, 204, 215, 226]",30,BET STRUCTURE
"Suite au point fait ce jour sur l’arase inférieur du radier de la cuve d’ultrafiltration, l’arase doit être à 3.30 mètres de l’arase inférieure du 
PHRDJ ",['30-06-2011'],"[15, 16, 17, 18]","[177, 188, 204, 215]",15,BET STRUCTURE
"Sur vos plans de réservation ETDE, et notamment sur les réservations des siphons de sol, au lieu des 14 CM demandés par ETDE, mettre en 
place des réservations de 30X30 CM afin de permettre le calpinage des siphons sur les carreaux de carrelage. Urgent en reprise , le GO étaie 
les planchers ",['25-08-2011'],"[18, 19]","[215, 226]",32,BET STRUCTURE
"Transmettre d’urgence le plan de charpente pour BSM avec copie à BSM le Menuisier aluminium pour synthèse sur l’accroche du mur 
rideau aux pannes de rives 
Mail BSM 
Dans le cadre de l’affaire citée en objet, nous sommes toujours en attente des éléments du bureau d’étude  SICRE ( définition des profils PRS1, 
PRS2, PRS3 et PRS4 ;Assemblages). ",['16-06-2011'],"[13, 14, 15]","[153, 165, 177]",27,BET STRUCTURE
"Transmettre le plan de charpente au lot menuiserie aluminium pour synthèse sur l’accroche en tête de mur rideau sur les pièces de 
charpente ",['24-05-2011'],"[10, 11, 12, 13, 14]","[99, 120, 134, 153, 165]",21,BET STRUCTURE
"Transmettre le plan des platines de pré scellement et massifs de support des poteaux de charpente et massifs de poteaux de charpente avec 
DEP ",['23-06-2011'],"[14, 15, 16, 17, 18]","[165, 177, 188, 204, 215]",35,BET STRUCTURE
Vous annoncez remettre l’intégralité de vos plans EXE Structure pour fin juillet ,['30-06-2011'],"[15, 16, 17, 18]","[177, 188, 204, 215]",21,BET STRUCTURE
Vous demandez le planning présenté par TOMMASINI pour étude des délais de rendu EXE ,['12-04-2011'],"[5, 6, 7]","[36, 46, 55]",19,BET STRUCTURE
"Vous voudrez bien finaliser l’ensemble de vos plans, BSM reçoit encore des plans charpente, est-ce normal, plus de 4 mois avant la fin de la 
période de préparation… ",['20-10-2011'],"[24, 25, 26]","[283, 292, 303]",5,BET STRUCTURE
"Vous êtes en attente d’information concernant les prises de cotations et d’implantation de ces découpes pour calcul des renforts de feraillages,
nous vous transmettrons ces derniers à venir ",['10-01-2013'],"[59, 60, 61, 62, 63, 64, 67, 68]","[426, 442, 458, 472, 486, 499, 527, 540]",27,BET STRUCTURE
ANNOTATIONS ET RAPPEL SICRE A OCTANT SOJA ,['24-05-2011'],[10],[99],28,BET STRUCTURE
"Concernant les découpe des voiles en photos ci-dessus suivant point et demandes du 28/06/12, vous aviez annoncé qu’il n’était pas possible de
découper ces derniers sous réserve qu’ils étaient porteur, hors un des deux voiles n’est absolument pas porteur, c’est pourquoi nous vous invitons à
répondre de nouveau sur nos demandes ",['18-10-2012'],"[59, 60, 61, 62]","[426, 442, 458, 472]",8,BET STRUCTURE
"DEMANDE GO /confirmer par retour si les écarts constatés sur les pieux 42, 53, 56, 61, 78, 164 sont justifiable au calcul 
REPONSE SONDEFOR/ 
Faisant suite à la réception de vos éléments concernant le recollement des pieux 
de l’affaire citée en objet, certains pieux présentent un excentrement supérieur aux tolérances 
du CCTP, à savoir D/8. Le tableau joint récapitule les écarts constatés et pour les pieux dont 
l’excentrement est supérieur à D/8, la charge et le moment induit par l’excentrement. 
Avec ces valeurs, le calcul par le logiciel Robot bat montre que pour les pieux le 
béton seul suffit à reprendre le moment d’excentrement (section théorique = 0.0cm² - sauf pieu 
53 : 0.9 cm² à comparer à 5 HA 14). Or ces pieux sont tous armés, ils sont donc d’autant plus 
en mesure de reprendre le moment d’excentrement. Il n’y a pas d’adaptation à prévoir. 
Demande OCTANT / SICRE : A valider ",['07-07-2011'],"[16, 17, 18]","[188, 204, 215]",25,BET STRUCTURE
"DEMANDE TOMMASINI / SICRE 
Vous indiquez sur vos plans ""le plan est provisoire pour la préparation du chantier"" : cela veut il dire qu'a ce jour la MOE ne les a pas 
validé 
Comme demandé le jeudi 19/05/11 il est nécessaire que la MOE nous informe quand elle considère le plan BPE ce qui par recoupement avec 
les visas du Bureau de Contrôle nous permettra de lancer en fabrication nos armatures, préfabrication, ouvrages 
Sur vos carnets de longrine le numéro des ouvrages porteurs n'est pas indiqué ce qui ne permet pas de connaitre le sens de pose des 
longrines 
Sauf erreur la loi MOP indique au niveau des éléments préfabriqués ""résultant de la conception que le coffrage et le ferraillage"" est à la 
charge du MOE. Pouvez vous nous confirmer en retour que vous nous établirez bien les plans de préfabrication des longrines comme nous 
les avons indiqués sur nos modes opératoires 
A ce jour le ferraillage tel que vous l'avez conçu ne permet pas de préfabriquer les longrines de part la continuité des armatures inf et sup : 
il y a lieu que nous puissions nous coordonner sur ce point (pour nous les aciers arrêtés à l'axe des pieux devrait être suffisant) 
Concernant les appuis glissant pouvez vous nous indiquer les charges à reprendre afin de pouvoir définir sa nature, ep, .... 
Sur tout vos plans indicé vous ne matérialisé pas par un bullage les modifications apportés ce qui implique que l'analyse de chaque plan 
prend entre 4 et 8 h (verif des ouvrages, des côtes, .....) 
Nous vous remercions donc de nous renvoyer tous les plans indicés avec un bullage de chaque modification comme cela est d'usage 
Concernant les massifs de têtes de pieux nous n'avons pas le carnet de ferraillage actualisé suite à la dernière note de calcul de Sondefor 
Vous indiquez des n° de coupes sur vos plans mais ne les avons pas ce qui complique l'analyse de vos plans 
Nous vous remercions de bien vouloir nous diffuser les coupes correspondantes 
Les JD sont difficile à localiser sur vos plans et nécessiterait quelques détails lorsqu'il ne sont pas filant comme cela semble être le cas entre 
le bassin Ludique et le Hall (le JD semble se décaler dans le plancher) 
Concernant les canalisations vous n'avez indiquez : 
aucun fil d'eau  
diamètre 
aucune réservation dans les longrines 
nous vous rappelons que l'usage veut que la génératrice supérieure démarre 5 cm sous la dalle béton  
Sur vos plans vous avez identifié les zones de surcharges avec des lettre sauf à certain endroit ou vous indiqué un ""."" et une charge : que doit 
on conclure de cette représentation 
Concernant votre plan ST 110 ind B du 02/05 
il y a un rectangle de dessiné à proximité des pieux 153/154/159 : a quoi cela correspond il ? 
il y a 2 siphons de sol non raccordé à proximité de la PV 69 
La dalle entre L5/L8 et L6/PV7 est passé de -1.80 à niveau variable de - 2 à 2.69 ce qui n'est pas sans incidence pour nous puisque : 
Ouvrage + grand 
Dalle + compliqué 
Fondation de grue baissé de 79 cm ce qui fait que nous n'avons plus la distance de sécurité entre les 2 flèches de grues (nous devons donc 
rajouter un fut sur la G1) 
d'autres observations risques de voir le jour suite aux réponses que vous nous aurez apporté sur les généralités ci dessus 
Concernant votre plan ST 201 ind A : 
Les attentes des poteaux ne sont pas représentés sur les longrines 
Pourquoi n'avez vous pas indiqué des stabox alors que nous cela ne semblait pas vous poser de problème lors de notre entrevue du 12/4/11 
avec Monsieur SICRE et du 15/04/11 avec vous mêmes 
Comment est repris la longrine L175 et 65 sur la L13 (pas d'impact de dessiné, pas de réservations) 
dito L11 et L 79 sur L14 / L27 sur L 21 / L 26 sur L 22 / L 25 sur L24 / L 59 sur L65 / L62 sur L70 / L 61 sur L75 / L175 sur L10 
Sur la L69 il n'y a pas de goujons CRETT 
Concernant les butons B1 à B18 les cadres ont bien été indiqués non soudés par contre vous avez conservés des crosses dans les PV ce qui ne 
permet pas de faire les butons après les PV. N'étant qu'en compression nous avions envisagé ensemble le 15/04/11 des barres scellés après 
coup. Cela est il tjs possible 
Comment met on les crosses de la L5 dans la PV - voir si scellement chimique convient 
Comment est reprise la L7 sur la L8 et comment met ont les crosses de la L8 dans la PV - voir si scellement chimique possible ",['24-05-2011'],[10],[99],85,BET STRUCTURE
"Désenfumage des vestiaires collectifs 
La surface des vestiaires collectifs est de 142 m². 
La surface utile des ouvrants de désenfumage est au minimum de 1/200ème  de la surface ci-dessus, soit 0,71 m² 
Après consultation de l’architecte, la taille du skydome a été réduite à 1m x 1m. 
Les entrées d’air doivent donc avoir au total une taille au moins égale à la taille de cette évacuation. 
L’entrée d’air prévue par un ouvrant en façade a une surface de 1,14 m² 
Cette valeur est suffisante au regard de la taille du local. ",['01-09-2011'],"[19, 20]","[226, 238]",75,BET STRUCTURE
"Etudier la mise en œuvre de végétalisation sur la toiture courbe de l’accueil, une surcharge de 90 kg est à prendre en considération, dito ci-
dessus, cette demande est urgente pour ne pas retarder l’avancement de la charpente ",['09-02-2012'],"[31, 32]","[345, 358]",8,BET STRUCTURE
François-Régis KUENTZ ,['01-12-2011'],"[29, 30]","[323, 334]",15,BET STRUCTURE
GO annonce oralement les descentes de charges du bardage en terre cuite sur façades et annonce : 42kg/m² ,['05-04-2011'],"[4, 5]","[27, 36]",17,BET STRUCTURE
"Intégrer sur les plans du pédiluve extérieur le socle pour la mise en place des douchettes ETDE, à voir avec Mr KIEFER ",['16-02-2012'],[32],[358],10,BET STRUCTURE
Les entreprises demandent un envoi général des bordereaux et listing des modifications sur vos plans structures ,"['16-06-2011', '23-06-2011']","[14, 15]","[165, 177]",29,BET STRUCTURE
"Merci de vous prononcer sur la faisabilité des réservations que vous avez nommées saignées sur les plans de structures, comment mettre en 
œuvre un découpage ou la mise en place d’une réservation alors que les enrobages sont de 3 cm pour une réservation de 4 cm de profondeur ",['10-11-2011'],[26],[303],10,BET STRUCTURE
"Nous vous demandons de nous informer sur les réservations que vous devez avoir pris en compte sur les gradins suite au changements de 
mode de pose des sols carrelés et sols carrelés sur système d’étanchéité ",['23-06-2011'],[14],[165],32,BET STRUCTURE
Nous vous invitons à vous rendre sur site lors d’une visite de chantier ,['18-10-2012'],"[59, 60, 61, 62, 63, 64, 67]","[426, 442, 458, 472, 486, 499, 527]",4,BET STRUCTURE
"OBS sur ADEX N°11 suite à votre réponse : mr Cason répond :  
- Plan ST 116 : ---> observations maintenues concernant les escaliers : absence d'informations sur plan 
concernant les hauteurs de marches et girons. 
- Plan ST 234 : ---> observations maintenues concernant les pédiluves : absence d'informations sur plan , nous 
rappelons que la profondeur des pédiluves ne doit pas excéder 15 cm selon article X 8. 
- Plan ST 235 : ---> observations maitenues : absence d'informations sur plan. ",['25-08-2011'],[18],[215],41,BET STRUCTURE
"POINT DESENFUMAGE SOJA: 
Dominique Volant,  
Le 5 septembre 2011 ",['01-09-2011'],"[19, 20]","[226, 238]",52,BET STRUCTURE
"Plan ST101 A PL HAUT REZ DE JARDIN : ZONE BASSIN SPORTIF 01/07/2011 04/07/2011 OB 
Fournir l'avis technique des panneaux préfabriqués fixés sur poutres voiles, pour avis 
Plan ST116 0 ETAGE COUPES 29/06/2011 11/07/2011 OB 
Incomplet : absence d'information et de précisions. 
Plan ST222 0 PL HT REZ DE JARDIN ZONE BASSIN LUDIQUE PLAGES 
ARMATURES INFERIEURES 
11/07/2011 13/07/2011 OB 
Fournir avis technique favorable du CSTB des goujons utilisés, pour avis 
Plan ST228 0 PL HT REZ DE CHAUSSEE ETAGE : ZONE BASSIN LUDIQUE 
ELEVATIONS VOILES 
11/07/2011 13/07/2011 OB 
Fournir avis technique favorable du CSTB des goujons utilisés, pour avis 
Plan ST234 0 ARMATURES PEDILUVES 24/06/2011 11/07/2011 OB 
Nous rappelons que la profondeur des pédiluves ne doit pas excéder 15 centimètres 
selon article X8 : à respecter. 
Plan ST235 0 PL HT REZ DE JARDIN - ZONE LOCAUX TECHNIQUES DALLES 
ARMATURES 
07/07/2011 11/07/2011 OB 
Préciser sur plan : hauteurs / girons des escaliers ainsi que les réservations : 
ventilations etc... 
Plan ST237 0 REPARTITION ATTENTES ""HSB"" SUR DALLE BASSE BASSIN ZONE 
BASSIN SPORTIF 
08/07/2011 13/07/2011 OB 
Préciser la nature et caractéristiques de la résine utilisée pour scellements, pour avis ",['21-07-2011'],[17],[204],57,BET STRUCTURE
Point SICRE /  ,['10-05-2010'],"[8, 9]","[65, 78]",39,BET STRUCTURE
Point et observations du Bureau de Contrôle ,['21-07-2011'],[17],[204],32,BET STRUCTURE
"Point synthèse menuiseries intérieures suite à la réception des réservations de PMN: 
Suite au plan de réservation de PMN du 20/05/2011  
Ci-joint plan PDF avec modification réservations portes au niveau des vestiaires 
La porte 56 aura une réservation de 160 maxi au lieu des 172 demandés 
La porte 55 aura une réservation de 168 maxi  au lieu des 172 demandés 
Les portes 46, 47, 48, 49, 50, 51, 52, 53 auront une réservation de 115 
La porte 43 sera une porte tierce avec une réservation de 172       
Le plan sera mis à jour sur le serveur ftp dans la journée du 23/05/2011 avec un indice C ",['17-05-2011'],[9],[78],53,BET STRUCTURE
"Pourriez vous nous indiquer pourquoi les châssis repère 33, 35, 36, 56, et 59, n’ont pas d’imposte, alors que ce sont des châssis coupe feu. ",['21-03-2013'],"[69, 70, 71, 72, 72, 75, 76, 77, 78, 79, 80, 81, 82, 83, 84, 85]","[554, 573, 592, 608, 626, 660, 677, 690, 703, 716, 729, 743, 758, 772, 787, 802]",2,BET STRUCTURE
"Pouvez-vous nous indiquer la possibilité de découper les voiles ci-dessus suite aux remarques du BC, dans l’attente. Certains voiles sont non porteurs ",['28-06-2012'],"[59, 60, 61, 62]","[426, 442, 458, 472]",2,BET STRUCTURE
Prendre en compte le déplacement des compteurs AEP dans le local de tri sélectif ,['10-05-2010'],"[8, 9, 10, 11, 12, 13, 14]","[65, 78, 99, 120, 134, 153, 165]",41,BET STRUCTURE
Prendre en compte le déplacement des locaux chlore et acide pour agrandissement du local PAC ,['10-05-2010'],"[8, 9, 10, 11, 12, 13, 14]","[65, 78, 99, 120, 134, 153, 165]",37,BET STRUCTURE
"REMARQUE SICRE / BSM 
trouvez ci après nos observations sur les éléments reçus :  
- note de calculs des assemblages du bassin ludique : pas d'observation. Je confirme qu'il n'y a pas de contreflèche prévue sur les bois lamellés collés.
La charpente du bassin ludique étant visible, il n'y a pas de stabilité au feu exigée. 
- charpente zones hall et administration : le chéneau de l'administration doit être conforme au plan CM09 et CM10 (tube 100*100*4, console IPE180
et HEA100, fixation par tiges traversantes). Sur l'auvent d'entrée de hall, une synthèse doit être faite avec STEREC. Détail A : nous attirons l'attention
sur le fait que le tasseau support de bac de gauche a une arase supérieure variable. 
- proposition d'ossatures de chéneaux de l'entreprise VASSEUR et ROVIS (déjà répondu le 23-11-11). Détail 15 : l'attache par cheville doit être
justifiée, nous avions prévu des tiges traversantes. Détail 16 : prévoir des raidisseurs comme indiquéssur l'envoi du 23-11-11. Détail 17 : ce détail
n'existe pas, à moins qu'il y ait eu une modification de la charpente. A nous préciser ou à nous localiser. ",['01-12-2011'],"[29, 30]","[323, 334]",11,BET STRUCTURE
"Répondre à la demande de TOMMASINI sur les recharges dans le bassin d’apprentissage,(transmettre les valeurs de béton en plus et d’eau en moins).",['12-01-2012'],"[29, 30, 31, 32]","[323, 334, 345, 358]",17,BET STRUCTURE
Réponse ADEX 11 à 14 faite au BC ,['25-08-2011'],"[18, 19]","[215, 226]",34,BET STRUCTURE
"SUITE ADEX 14 
Faisant suite à votre bordereau réponses suivant nos observations reprises dans notre ADEX n°14, veuillez 
trouver ci-après nos remarques : 
- Vérification tubes Æ 200 x 200 x 5 pour reprise des façades mur rideau : ---> réserve levée concernant la 
structure tubulaire, toutefois reste la position de l'entreprise PMN pour juger de la compatibilité de 
déformations tubes avec le vitrage en murs rideaux : dans l'attente de confirmation PMN sur ce point. 
Concernant nos observations sur note de calculs NDC 02 A : 
- Page 10 : --->Provenance de l'acier utilisé, mode opératoire pour PRS, justification des cordons de 
soudures : réserves maintenues. 
- Page 29 : ----> Idem page 10 
- Page 36 : ----> Observation levée concernant la réponse SICRE sur le tube plein de 60 mm 
Concernant les autres remarques : nos observations sont maintenues.. 
- Page 45 : ---->Observations maintenues concernant les tubes : aucune information sur la provenance des 
tubes utilisés. 
- Page 49 : ----> Observations maintenues : en attente de réponses de BSM 
- Page 66 : -----> Idem page 49 
- Page 74 : -----> Pourquoi ne prenez-vous pas de boulons HR pour les assemblages ??? 
- Page 97 : -----> Observations maintenues : vérification non transmise. ",['01-09-2011'],"[19, 20]","[226, 238]",45,BET STRUCTURE
"SYNTHESE : 
Réunion du 10 mai 2011 chez Imatec 
présents: 
Imatec 
Soja 
Bet Sicre 
Suite à cette réunion, nous avons pris note des points suivants: 
Soja doit diffuser pour la fin de cette semaine ou au plus tard pour le tout début de la semaine 
prochaine le plan EXE de tous les réseaux en sous oeuvre en tenant compte pour les éviter, des 
longrines et des pieux de fondations. 
Suite impossibilité de passer par l'extérieur, un des réseaux PAC doit passer sous le bâtiment 
(passages sous longrines) 
Soja doit voir avec Octant avant la fin de cette semaine la possibilité de déplacer le local Acide et 
supprimer le local Floculent pour agrandir le local PAC. => incidence sur structure 
La mise au point de l'aménagement du local PAC doit se faire pour la semaine prochaine 
=> incidences très certaines sur la structure. 
Imatec doit donner les caractéristiques, contraintes de mise en oeuvre et l'altimétrie de la cuve Ultrafiltration. 
Soja doit diffuser pour fin de semaine prochaine ses plans d' EXE de tous les réseaux du rez de 
jardin après synthèses entre les différents réseaux et la structure. 
Imatec souhaite que sur ses plans d' EXE Soja mette en même temps les dimensions et altimétries 
des réservations à prévoir dans la structure. 
Soja doit définir toutes les dimensions des ventilations nécessaires aux différents locaux. 
Le niveau du radier sous le bac tampon du bassin ludique doit être revu en fonction de 
l'encombrement en hauteur du bac, de son accessibilité et des réseaux au dessus. 
Les gaines d'amenée d'air en rez de jardin seront en tôle. 
La réservation dans l'angle du local traitement d'eau et la gaine maçonnée de rejet d'air peut n'avoir 
que 1,20m de large afin d'éviter la jonction des murs. ",['10-05-2010'],"[8, 9]","[65, 78]",35,BET STRUCTURE
Salutations ,['01-12-2011'],"[29, 30]","[323, 334]",13,BET STRUCTURE
Transmettre au Gros œuvre les plans structure en format papier + mail ,['15-03-2011'],"[1, 2, 3, 4, 5, 6, 7]","[4, 11, 19, 27, 36, 46, 55]",2,BET STRUCTURE
"Transmettre et répondre aux demande de Monsieur  KIEFER sur l’implantation des trémies pour les amenées d’air frais de la gaine du
bassin sportif, cette demande est urgente et nous devons reprendre la zone ",['09-02-2012'],"[31, 32]","[345, 358]",5,BET STRUCTURE
Transmettre la descente de charge de la charpente au lot charpente pour vérification ,['15-03-2011'],"[1, 2, 3, 4, 5, 6, 7]","[4, 11, 19, 27, 36, 46, 55]",6,BET STRUCTURE
Transmettre la liste prévisionnelle des plans EXE ,['15-03-2011'],[1],[4],4,BET STRUCTURE
Transmettre la liste prévisionnelle des plans EXE A FAIRE ,['15-03-2011'],"[2, 3]","[11, 19]",4,BET STRUCTURE
Transmettre la liste prévisionnelle des plans EXE RAPPEL ,['15-03-2011'],"[4, 5, 6, 7]","[27, 36, 46, 55]",4,BET STRUCTURE
Transmettre le plan de charpente à PMN le menuiser aluminium F ,['07-07-2011'],"[16, 17]","[188, 204]",27,BET STRUCTURE
Transmettre le plan d’implantation des 4 pieux pour les pédiluves ,['09-06-2011'],"[12, 13, 14]","[134, 153, 165]",20,BET STRUCTURE
Transmettre les plans RDC + R+1 suite reprise des réservations FORCLUM ,['21-09-2011'],"[22, 23]","[260, 271]",8,BET STRUCTURE
Transmettre les plans de charpente EXE à OCTANT et SOJA pour synthèse ,['30-06-2011'],"[15, 16, 17, 18, 19]","[177, 188, 204, 215, 226]",12,BET STRUCTURE
Transmettre les plans structure à HSB en format papier suite validation en retour du Bureau de Contrôle ,['24-05-2011'],"[10, 11, 12, 13, 14]","[99, 120, 134, 153, 165]",23,BET STRUCTURE
Transmettre à PMN l’arase inférieur des tubes métalliques de support de mur rideau ,['08-09-2011'],"[20, 21, 22, 23, 24]","[238, 250, 260, 271, 283]",60,BET STRUCTURE
Transmettre à PMN l’arase inférieur des tubes métalliques de support de mur rideau FAIT par OCTANT ,['08-09-2011'],"[25, 26]","[292, 303]",2,BET STRUCTURE
Transmettre à SONDEFOR les notes de calcules et descentes de charges sur les pieux pour que ce dernier fournisse son étude ,['29-03-2011'],"[3, 4, 5, 6, 7]","[19, 27, 36, 46, 55]",8,BET STRUCTURE
"Une réservation sur la porte N°56 sera nécessaire pour son intégration, à placer sur les plans structure",['24-05-2011'],"[10, 11, 12, 13, 14]","[99, 120, 134, 153, 165]",12,BET STRUCTURE
"Vous transmettez des informations sur les Renfort métallique en lieu et place des plats carbones. 
 Il pourra être envisagé la mise en place de deux cadres en IPE120 en lieu et place des plats carbones. Cette solution n’empêcherait pas le 
développement de fissures à caractère esthétique. Nous localiser sur plan les réservations que vous voulez traiter de la sorte. ",['10-01-2013'],"[63, 64, 67, 68]","[486, 499, 527, 540]",25,BET STRUCTURE
Vous êtes invité à la réunion de synthèse qui se tiendra le Mardi après midi dans les locaux du GO ,['05-04-2011'],"[4, 5, 6, 7]","[27, 36, 46, 55]",13,BET STRUCTURE
"ci-joint en annexe une modification concernant les trémies  et dimensions des gaines de 
désenfumage des vestiaires ",['01-09-2011'],"[19, 20]","[226, 238]",78,BET STRUCTURE
transmettre les plans charpente à STEREC pour information ,['27-10-2011'],"[25, 26]","[292, 303]",7,BET STRUCTURE
"Annule et remplace la précédente, suite à réunion avec l‘architecte. 
Désenfumage des vestiaires individuels 
La surface au sol des vestiaires individuels, relevée sur le tableau de surfaces du DCE, est de 270 m². 
La surface utile des ouvrants de désenfumage est au minimum de 1/200ème  de la surface ci-dessus, soit 1,35 m² 
Le skydome a une taille de 1,20m x 1,20m, soit 1,44 m², ce qui est conforme. 
Les entrées d’air doivent donc avoir au total une taille au moins égale à la taille de cette évacuation. 
Les grilles doivent avoir une surface utile de 1,44 m². 
La dimension brute de l’entrée d’air du coin bébé est de 0,50 m² ; 
Les entrées d’air sous les porte-habits du coin beauté sont doublées, à 2 x 1,30 m x 0,40 m, soit 1,04 m² ; 
L’entrée d’air du rangement fauteuils roulants est doublée, à 2 m x 0,50 m, soit 1 m². 
Surface brute totale 2,54 m². 
Pour obtenir la surface utile définie plus haut de 1,44 m² les grilles auront environ 60% de surface libre. 
Les gaines auront au minimum la taille des ouvrants qu’elles alimentent, ce qui signifie que la grille des entrées d’air agrandies sera doublée 
elle aussi. ",['01-09-2011'],"[19, 20, 23]","[227, 238, 271]",49,BET FLUIDES
"Communauté d’Agglomération des Portes du Hainaut – Construction d’un Centre Aquatique à St Amand Les Eaux – CR MOE N° 59 
 du 10/01/13 ","['10-01-2013', '24-01-2013']","[59, 60, 61]","[427, 443, 459]",75,BET FLUIDES
"D&H renouvelle sa demande à OCTANT et/ou SOJA pour la confirmation du nombre et Ø des fourreaux à mettre à disposition des 
alarmes, caméra, et contrôle d’accès.  ",['16-06-2011'],"[13, 14, 15, 16, 17]","[153, 165, 177, 188, 204]",16,BET FLUIDES
"Instruire les devis ETDE sur : 
• 
La gaine de soufflage sur MR manquante , (description) du hall du bassin d’apprentissage, (habillage décrit pour le lot 
métallerie). 
• 
Le devis sur le remplacement de la gaine d’amenée AF désenfumage depuis le sous sol prévue initialement en béton 
• ",['20-10-2011'],"[24, 25, 26]","[283, 292, 303]",25,BET FLUIDES
"POINT REPONSE SOJA A ETDE 
Dimension des grilles de désenfumage  
Réponse SOJA DU 7/07/11  
Désenfumage des vestiaires individuels  
La surface des vestiaires individuels, relevée dur le tableau de surfaces du DCE, est de 270 m². 
La surface utile des ouvrants de désenfumage est au minimum de 1/200ème  de la surface ci-dessus, soit 1,35 m² 
Le skydome a une taille de 1,30m x 1,30m, soit 1,69 m², ce qui est conforme. 
Les entrées d’air doivent donc avoir au total une taille au moins égale à la taille de cette évacuation. 
Les grilles citées dans votre mail, que je n’ai pas vérifiées, sont respectivement de : 
650 mm x 400 mm = 0,26 m² 
650 mm x 400 mm =  0,26 m² 
1000 mm x 1000 mm = 1,00 m² 
1000 mm x 500 mm = 0,50 m² 
Donnent une surface totale de 2,02 m² 
Pour avoir une surface utile de 1,69 m², il faut donc que le pourcentage d’ouverture soit de 84% ou plus. Les gaines auront au minimum la 
taille des ouvrants qu’elles alimentent. 
Désenfumage des vestiaires collectifs 
La surface des vestiaires collectifs, relevée dur le tableau de surfaces du DCE, est de 142 m². 
La surface utile des ouvrants de désenfumage est au minimum de 1/200ème  de la surface ci-dessus, soit 0,71 m² 
Le skydome a une taille de 1,20m x 1,20m, soit 1,44 m², ce qui est largement conforme. 
Les entrées d’air doivent donc avoir au total une taille au moins égale à la taille de cette évacuation. 
L’entrée d’air prévue par un ouvrant en façade a une surface de 1,14 m² 
Cette valeur serait suffisante au regard de la taille du local, mais insuffisante pour l’évacuation prévue. 
Après consultation de l’architecte, la meilleure solution serait de réduire la taille du skydome à 1m x 1m. 
Le désenfumage serait alors conforme. ",['07-07-2011'],"[16, 17]","[188, 204]",46,BET FLUIDES
Page 6 sur 14 ,"['10-01-2013', '24-01-2013']","[59, 60, 61]","[427, 443, 459]",77,BET FLUIDES
"Rappel/ 
• 
Transmettre l’ensemble des notes de calculs demandés, et par ETDE et par le MO. ( voir listing ETDE). 
• 
Transmettre un plan d’implantation des socles pour les équipements tels les pompes, les pré-filtres, PAC, armoires et autres…. 
• 
Transmettre un plan complet du système de désenfumage au Bureau de Contrôle pour observations 
• 
Reprendre vos fonds de plans suite à la modification sur l’amenée d’air de la gaine de soufflage sur MR du hall bassin 
d’apprentissage, et pour ETDE, et pour SAM+ et pour vos futurs DOE. 
• 
Répondre à la demande de ETDE sur les types de chasses d’eau des WC , soit chasse directe soit réservoir 
• 
Suivant demande du BC, plan CF/cf 
• 
Transmettre vos observations suivant le carnet de matériel plomberie pour commande par ETDE des équipements ",['20-10-2011'],"[24, 25, 26]","[283, 292, 303]",17,BET FLUIDES
"Répondre à la demande d’ErDF sur les sections du câble d’alimentation du transformateur suite au bilan de puissance remanié de 400 à 800 
KWA ","['07-07-2011', '28-07-2011']","[16, 17, 18]","[188, 204, 215]",49,BET FLUIDES
Transmettre des fiches d’observations suite à la transmission des FT de ETDE ,['29-03-2011'],"[3, 4, 5, 6, 7]","[19, 27, 36, 46, 55]",7,BET FLUIDES
Transmettre les informations demandés par D&H sur les vidanges bassins ,['29-03-2011'],"[3, 4, 5, 6, 7]","[19, 27, 36, 46, 55]",5,BET FLUIDES
Transmettre à ETDE la technique retenue pour lutter contre les légionellose dans les réseaux d’eaux chaudes sanitaires ,['21-03-2013'],"[69, 70, 71, 72, 72, 75, 76]","[554, 573, 592, 608, 626, 660, 677]",11,BET FLUIDES
"Vous prononcer sur le CR de synthèse du 13/12/2012 
SOJA, ING.Mr HERBOMMEL 
OCTANT, MOE.Mr BRICHE 
ETDE, Mrs BULTEL & OISEL 
fournisseur PAC TRANE, Mr LEJEUNE 
MAITRISE D’OUVRAGE, Mr DEBAILLEUX 
Les points suivant ont étés abordé : 
1. 
POMPE A CHALEUR 
2. 
EAUX CHAUDE SANITAIRE 
3. 
ULTRAFILTRATION 
1) 
Point POMPE A CHALEUR : 
ETDE propose à SOJA une modification sur le principe de fonctionnement de la pompe à chaleur. 
Suite à cette demande de modification, SOJA demande à ETDE : 
• 
De transmettre cette proposition sous forme de plans PAC pour validation du BET SOJA. 
• 
L’ajout d’une vanne sur l’arrivée du ballon tampon sur les plans PAC qu’ETDE devra transmettre. 
• 
Un additif à l’analyse fonctionnelle. 
Suite à l’acceptation de principe par SOJA de cette modification ETDE, ETDE demande à SOJA : 
• 
De mettre à jour les plans EXE SOJA suite à la réception des plans PAC ETDE pour validations ou observations. 
• 
De mettre à jour le schéma de principe de la PAC. 
• 
De prévoir les modifications sur les schémas et plans de réseaux de traitement d’eau pour l’alimentation des bassins suite aux 
arrêts technique et pour les renouvellements journaliers sur les puits des eaux de nappe  et en conservant la possibilité de remplir 
les bassins pour les vidanges et pour le renouvellement journalier sur le réseaux AEP. 
OCTANT demande à la Maîtrise d’Ouvrage : 
• 
de bien vouloir prendre contact avec les usines d’embouteillage se servant des eaux de la même nappe afin d’établir une 
convention pour la prévention en cas de pollution de la nappe. Les analyses d’eaux babituelles en piscine ne traitent que les taux 
de chlore. 
2) 
POINT EAUX CHAUDES SANITAIRES 
Point sur les risques de légionelles 
• 
ETDE soulève le risque de contenance des volumes d’eaux stagnant dans les réseaux d’eaux chaude sanitaire, moins de trois litres 
de la production au puisage. 
• 
SOJA demande a ETDE à ce que les demandes du cahiers des charges soient scupuleusement resceptées, soit moins de trois litres 
afin de ne pas avoir à créer de choc thermique sur les réseaux. 
• 
SOJA demande à ETDE de bien vouloir vérifier en fonction du matériel retenu par l’entreprise et des longueurs de réseaux si 
l’obtention de la réglementation est atteinte. (vérification du volume d’eau dans le ou les échangeurs concernés et les réseaux 
attenants depuis la source de production jusqu’au(x) puisage(s)). 
3) 
POINT ULTRAFILTRATION 
ETDE demande à OCTANT / SOJA de rehausser la cuve extérieure de l’ultrafiltre à moins cinquante centimètres du niveau fini extérieur. 
Octant et D&H reprendrons à cet effet les aménagements des gradins minérals extérieurs d’accès aux plages végétales. ",['10-01-2013'],"[59, 60, 61, 62, 63, 64, 66, 67]","[427, 443, 459, 473, 487, 500, 514, 527]",66,BET FLUIDES
"-les visa n°06  des documentations techniques 36-37-38-39-40-41-42-43-44-45-46-47-48-49-50-51-52 et 53 
- le visa n°07 des documentations techniques 55, accompagné de la fiche technique de l’entreprise ",['15-12-2011'],"[29, 30]","[323, 334]",9,BET FLUIDES
":Vous annoncez que les surfaces utilent des grilles de désenfumage sont plus généralement à 70% de passage libre, surface utile
Il y a des incohérences entre vos demandes et la réalisté sur site, vous demandez des grilles au moins équivalente au gaines d’aménée d’air ; 
mais par exemple, vous demandez : 
Nous avons une gaine de 1000X500 sur l’extérieur, gaine d’arrivée d’air neuf, qui alimente une grille de 1000X900 intérieur, (dimensions 
ETDE, fiche technique 34 du 26/07/11) alors que la grille de façade fait 1000X500 ",['28-07-2011'],[18],[215],36,BET FLUIDES
Bilan de puissance à transmettre à ERDF par SOJA  ,['17-05-2011'],"[9, 10, 11, 12, 13, 14, 15, 16, 17, 18, 19, 20]","[79, 102, 120, 135, 153, 165, 177, 188, 204, 215, 227, 238]",12,BET FLUIDES
"D&H a transmis un mail récapitulatif sur les pénétrations réseaux à l’intérieur du bâtiment le 5 avril 2011 à 15h12 et demande à 
SOJA et OCTANT d’en faire une validation suite à une synthèse ",['17-05-2011'],"[9, 10, 11, 12, 13, 14, 15, 16, 17]","[79, 102, 120, 135, 153, 165, 177, 188, 204]",16,BET FLUIDES
DEMANDE BC à SOJA : ,['08-09-2011'],"[20, 21, 22, 23]","[238, 250, 260, 271]",59,BET FLUIDES
"DEMANDE ET OBS BC 
EL01 PLAN ELECTRICITE REZ DE JARDIN 17/09/2011 OB 
La ventilation haute et basse pour le transformateur ne doivent pas se trouver 
implanter au même endroit, les deux ventilations doivent être implanter au niveau 
du mur opposé de façon à réaliser un brassage d'air.(rappel) 
> EL02 PLAN REZ DE CHAUSSEE 17/09/2011 OB 
Nous préciser l'indice de protection aux influences externes, pour les prises de courants 
(bloc 2 PC encastré et protégé de type R).(Rappel) ",['15-09-2011'],"[21, 22]","[250, 260]",17,BET FLUIDES
"DEMANDES ETDE A SOJA 
- L’arrivée des réseaux issus du forage se situe trop près du mur, ce qui implique un passage profond 
sous les longrines ou un déplacement à prévoir de l’arrivée de ces réseaux, attention aux rayons de 
courbure des tubes (1) 
- Le siphon de sol se situant au milieu du local PAC sera surement problématique car il se situe sous la 
Pompe à Chaleur (2) 
- Merci de nous transmettre une coupe pour le passage avec le réseau EP ainsi que toutes les altimétries 
du réseau PAC (3) 
- Un réseau EU traverse la cuve d’ultrafiltration (4) 
- Les diamètres indiqués pour les forages DN160 et DN250 sont différents des diamètres indiqués 
dans le marché de base, ce qui impliquera une incidence financière. (5) Nous portons plus 
particulièrement l’attention sur le réseau de refoulement du forage qui est maintenant dimensionné 
pour un débit de 130 m3/h (d’où le DN250). Ce débit est incompatible avec l’étude de faisabilité 
géologique et hydrogéologique d’EGEE Développement de Novembre 2009 qui indique un débit de pointe 
de 60 m3/h. De plus les forages déjà réalisés à ce jour ont été dimensionnés avec ce débit de pointe. 
Nous sommes aujourd’hui dans l’attente du rapport des essais de ces forages. 
- Les dimensions de la fosse de relevage sur le plan sont 850x1050x1500 ht. 
Dans notre bordereau n°7, nous préconisions les dimensions 850x1700x1500 ht pour pouvoir implanter 
les deux pompes de relevage. 
Nous attendons un plan de coupe de cette fosse pour valider la profondeur de la fosse. 
- Comment sont prévus les raccordements des fourreaux électriques provenant des forages ? ",['24-05-2011'],[10],[102],38,BET FLUIDES
"Demande BC VERITAS 
CRCT N°4 DU BC 
Suite aux ADEX N°13 et 18 Nous n'avons pas reçu de suite à nos avis, la ventilation du local PAC n'a 
pas été précisée, ni son déclenchement en marche forcée, elle doit être 
conforme à la norme NFEN 378-3. Transmettre les plans modifiés 
reprenant l'ensemble des CCF ",['07-06-2012'],"[59, 60, 61]","[427, 443, 459]",8,BET FLUIDES
Demande ETDE ,['25-08-2011'],"[18, 19, 20]","[215, 227, 238]",69,BET FLUIDES
"Désenfumage des vestiaires collectifs 
La surface des vestiaires collectifs est de 142 m². 
La surface utile des ouvrants de désenfumage est au minimum de 1/200ème  de la surface ci-dessus, soit 0,71 m² 
Après consultation de l’architecte, la taille du skydome a été réduite à 1m x 1m. 
Les entrées d’air doivent donc avoir au total une taille au moins égale à la taille de cette évacuation. 
L’entrée d’air prévue par un ouvrant en façade a une surface de 1,14 m² 
Cette valeur est suffisante au regard de la taille du local. ",['01-09-2011'],[19],[227],57,BET FLUIDES
"Désenfumage des vestiaires collectifs 
La surface des vestiaires collectifs est de 142 m². 
La surface utile des ouvrants de désenfumage est au minimum de 1/200ème  de la surface ci-dessus, soit 0,71 m² 
Après consultation de l’architecte, la taille du skydome a été réduite à 1m x 1m. 
Les entrées d’air doivent donc avoir au total une taille au moins égale à la taille de cette évacuation. 
L’entrée d’air prévue par un ouvrant en façade a une surface de 1,14 m² 
Cette valeur est suffisante au regard de la taille du local. 
ci-joint en annexe une modification concernant les trémies  et dimensions des gaines de désenfumage des vestiaires ",['01-09-2011'],"[20, 23]","[238, 271]",58,BET FLUIDES
"Désenfumage des vestiaires collectifs 
La surface des vestiaires collectifs, relevée dur le tableau de surfaces du DCE, est de 142 m². 
La surface utile des ouvrants de désenfumage est au minimum de 1/200ème  de la surface ci-dessus, soit 0,71 m² 
Le skydome a une taille de 1,20m x 1,20m, soit 1,44 m², ce qui est largement conforme. 
Les entrées d’air doivent donc avoir au total une taille au moins égale à la taille de cette évacuation. 
L’entrée d’air prévue par un ouvrant en façade a une surface de 1,14 m² 
Cette valeur serait suffisante au regard de la taille du local, mais insuffisante pour l’évacuation prévue. 
Après consultation de l’architecte, la meilleure solution serait de réduire la taille du skydome à 1m x 1m. 
Le désenfumage serait alors conforme. ",['28-07-2011'],[18],[215],48,BET FLUIDES
ETDE demande l’implantation des thermostats des planchers chauffants pour demande de réservation ,['25-08-2011'],"[18, 19, 20]","[215, 227, 238]",66,BET FLUIDES
Etudier un système anti intrusion sur chaque tête de forage,['07-06-2012'],"[59, 60, 61]","[427, 443, 459]",1,BET FLUIDES
Extrait du PRDE transmis par Nicolas DERACHE Chargé d'affaires ErDF ,['10-05-2011'],[8],[65],5,BET FLUIDES
Fournir au BC le plan des clapets et volets CCF ,['30-06-2011'],"[15, 16, 17, 18]","[177, 188, 204, 215]",18,BET FLUIDES
"G.6.3 - 01 V1 PRESCRIPTION DU RESEAU DE DISTRIBUTION D’ELECTRICITE Page 8/24  
Accessibilité  
ERDF  
© Copyright ERDF 2008 01/12/2008  
3.5 Pénétration des câbles  
Les pénétrations se feront par l’intermédiaire de fourreaux conformes à la norme EN 50086-2-4 (C 68-114) et  
réalisées conformément au chapitre 3.1. de la note PRDE G.6.2 - 01 :  
- pour les canalisations HTA, par l’intermédiaire d’une nappe de cinq3 fourreaux de diamètre nominal  
160 mm²,  
- pour les canalisations BT, par l’intermédiaire de deux nappes superposées de cinq fourreaux4  
diamètre nominal 110 mm².  
L’emplacement des pénétrations sera mentionné dans le dossier d’exécution du local et conforme à l’annexe 4  
de ce chapitre. Les fourreaux utilisés et/ou en attente sont obturés.  
4 Équipement électrique du poste  
Les équipements des postes doivent faire l’objet d’une autorisation d’ERDF formalisée par une déclaration  
d’aptitude à l’exploitation selon les normes et les spécifications en vigueur lors de la réception de l’ouvrage  
concernant la pénétration des câbles.",['10-05-2011'],[8],[65],23,BET FLUIDES
"Les entrées d’air doivent donc avoir au total une taille au moins égale à la taille de cette évacuation. 
Les grilles citées dans votre mail, que je n’ai pas vérifiées, sont respectivement de : 
650 mm x 400 mm = 0,26 m² 
650 mm x 400 mm =  0,26 m² 
1000 mm x 1000 mm = 1,00 m² 
1000 mm x 500 mm = 0,50 m² 
Donnent une surface totale de 2,02 m² 
Pour avoir une surface utile de 1,69 m², il faut donc que le pourcentage d’ouverture soit de 84% ou plus. Les gaines auront au minimum la taille des 
ouvrants qu’elles alimentent. ",['07-07-2011'],[18],[215],31,BET FLUIDES
OCTANT : nous demandons ce jour à ETDE un plan PAC des grilles désenfumage sous les armoires portes habits ,['28-07-2011'],[18],[215],38,BET FLUIDES
"POINT DESENFUMAGE SOJA: 
Dominique Volant,  
Le 5 septembre 2011 ",['01-09-2011'],"[19, 20, 23]","[227, 238, 271]",34,BET FLUIDES
"POINT REPONSE SOJA A ETDE 
Dimension des grilles de désenfumage  
Réponse SOJA DU 7/07/11  
Désenfumage des vestiaires individuels  
La surface des vestiaires individuels, relevée dur le tableau de surfaces du DCE, est de 270 m². 
La surface utile des ouvrants de désenfumage est au minimum de 1/200ème  de la surface ci-dessus, soit 1,35 m² 
Le skydome a une taille de 1,30m x 1,30m, soit 1,69 m², ce qui est conforme. ",['07-07-2011'],[18],[215],21,BET FLUIDES
Prendre connaissance et répondre au CR  de D&H PAYSAGES du 10/05/10 ,"['29-03-2011', '10-05-2011']","[8, 9, 10, 11, 12, 13, 14, 15, 16, 17]","[65, 79, 102, 120, 135, 153, 165, 177, 188, 204]",25,BET FLUIDES
Prévoir présence en réunion le 26/09/13 pour essai efficacité désenfumage ,['29-08-2013'],"[80, 81, 82, 83, 84]","[729, 743, 758, 772, 787]",15,BET FLUIDES
Prévoir une armoire par zone de désenfumage qui intègrera l’ouverture et la fermeture de l’ensemble des équipements des corps d’état ,['08-12-2011'],"[29, 30]","[323, 334]",4,BET FLUIDES
"Répondre au mail ETDE en date du 17-12-12 (réunion MOE du 13/12/12) – Echangeur ECS  
Répondre au mail ETDE en date du 07-01-13 (réunion MOE du 13/12/12) – Départs pédiluves  
Transmettre les débits pressions des 2 compteurs AEP en local tri sélectif 
Fournir un SCHP de l'alimentation des bassins par le réseau des forages ",['10-01-2013'],"[59, 60, 61, 62, 63, 64, 66, 67, 68, 69, 70, 71, 72, 72, 75, 76, 77, 78, 79, 80]","[427, 443, 459, 473, 487, 500, 514, 527, 540, 554, 573, 592, 608, 626, 660, 677, 690, 703, 716, 729]",71,BET FLUIDES
"Répondre à l’ADEX 18 du BC sur : 
TZ-RDJ-SCH-001 A SCHEMA D'IMPLANTATION LOCAL TECHNIQUE PAC 28/04/2011 06/07/2011 
Thermique OB 
Ventilation du local à préciser ",['01-09-2011'],"[19, 20, 21, 22, 23]","[227, 238, 250, 260, 271]",27,BET FLUIDES
"Selon CR OPC, répondre aux demandes entreprises et BC ",['22-12-2011'],"[29, 30]","[323, 334]",11,BET FLUIDES
Selon demandes sur CR OPC et fiche visas ,['24-01-2013'],"[60, 61, 62, 63, 64, 66, 67, 68, 69, 70, 71, 72, 72, 75, 76, 77, 78, 79, 80]","[443, 459, 473, 487, 500, 514, 527, 540, 554, 573, 592, 608, 626, 660, 677, 690, 703, 716, 729]",73,BET FLUIDES
"Suite au remaniement du bilan des puissances électrique, confirmer la dimension du local du poste de transformation ","['07-07-2011', '28-07-2011']","[16, 17, 18]","[188, 204, 215]",51,BET FLUIDES
Transmettre au BC VERITAS les plans en format papier ,['30-06-2011'],"[15, 16, 17, 18, 19, 20]","[177, 188, 204, 215, 227, 238]",20,BET FLUIDES
Transmettre au GO le plan des réseaux sous parking de la zone de cantonnement + plan des réseaux réalisés ,['17-05-2011'],"[9, 10, 11, 12, 13, 14, 15, 16, 17, 18]","[79, 102, 120, 135, 153, 165, 177, 188, 204, 215]",10,BET FLUIDES
Transmettre les observations sur la PAC à ETDE ,['27-07-2011'],"[18, 19, 20]","[215, 227, 238]",56,BET FLUIDES
"Transmettre les plans et informations suite à l’ajout d’une cuve pour l’ultrafiltre, avec tracés des réseaux, altimétries et coupes TJRS EN ATTENTE 
DE RECEPTION tracés des réseaux entre cuve et bâtiment FAIT ",['28-06-2012'],"[59, 60, 61]","[427, 443, 459]",11,BET FLUIDES
"Transmettre les éléments demandés par ETDE, selon tableau transmis ",['29-03-2011'],"[3, 4, 5, 6, 7, 8, 9, 10, 11, 12, 13, 14, 15, 16, 17]","[19, 27, 36, 46, 55, 65, 79, 102, 120, 135, 153, 165, 177, 188, 204]",3,BET FLUIDES
Transmettre les éléments demandés par la CAPH ,['09-02-2012'],"[31, 32]","[345, 358]",2,BET FLUIDES
Transmettre une proposition de simulation de cycle des jeux d’eau pour le MO. ,['15-12-2011'],"[29, 30]","[323, 334]",6,BET FLUIDES
"Transmettre vos observations sur la plan PAC de ETDE sur les CCF sous les gradins, et mettre à jour le plan CVC RDC ",['14-02-2013'],"[63, 64, 66, 67, 68, 69, 70, 71, 72, 72, 75, 76, 77, 78, 79, 80]","[487, 500, 514, 527, 540, 554, 573, 592, 608, 626, 660, 677, 690, 703, 716, 729]",63,BET FLUIDES
"Transmettre à ETDE la technique retenue pour lutter contre les légionelloses dans les réseaux d’eaux chaudes sanitaires 
18/0713 
Suite demandes pompiers transmettre indications sur ventilation du local chlore ",['21-03-2013'],"[77, 78, 79, 80, 81]","[690, 703, 716, 729, 743]",13,BET FLUIDES
"Valider / observations à faire sur les fiches technique sur : 
• 
PAC 
• 
CTA HALL BASSIN 
• 
APPAREILS SANITAIRES en relation avec FACTIUM SCENARI ",['25-08-2011'],"[18, 19, 20, 21, 22, 23]","[215, 227, 238, 250, 260, 271]",64,BET FLUIDES
Veuillez rappeler à vos entreprises quelles doivent nous remettre leurs réservations dans les meilleurs délais.,['15-03-2011'],"[1, 2, 3, 4, 5, 6, 7, 8, 9, 10, 11, 12, 13, 14, 15, 16, 17, 18]","[4, 11, 19, 27, 36, 46, 55, 65, 79, 102, 120, 135, 153, 165, 177, 188, 204, 215]",1,BET FLUIDES
Vous annoncez le besoin d’un poste de 800KVA ,"['07-07-2011', '28-07-2011']","[16, 17, 18, 19, 20]","[188, 204, 215, 227, 238]",53,BET FLUIDES
ci-joint en annexe une modification concernant les trémies  et dimensions des gaines de désenfumage des vestiaires ,['01-09-2011'],[19],[227],59,BET FLUIDES
débits et pressions sur compteur eau afin que la MO puisse établir des devis auprès du concessionnaire EAUX et FORCE ,['01-12-2011'],"[29, 30]","[323, 334]",2,BET FLUIDES
"- 2 Fourreaux Ø 200 ;
- 1 Fourreau Ø 160 ; 
- La fourniture et pose du réseau, y compris ouverture / fermeture de tranchée et réfection de la voie pour raccordement au 
poste transformateur existant (pour la capitainerie). 
- Dans le cadre de la mission EXE : 
- SOJA transmettra le plan des pénétrations 
- D&H transmettra le plan EXE recalés des réseaux extérieurs en conséquences 
- Dans le cadre du marché de réalisation du centre aquatique seront effectuée : 
- par TOMMASINI ; les réservations nécessaires au réseau ; 
- par COLAS, pour câble CFo : tranchées + fourreaux sous voirie + regards de raccordement extérieurs à environ à 20 cm 
de la façade (ou + si présence de plots de fondations) ; 
- Par COLAS pour Tel : tranchées + fourreaux précédemment décrits+ regards de raccordement extérieurs à environ à 20 
cm de la façade (ou + si présence de plots de fondations) ; 
- Par FORCLUM pour Tel : Fourreaux et pénétrations depuis les regards de COLAS vers le nouveau transfo ; 
- Merci à SOJA de vérifier que les réservations, espaces de tirage, etc sont prévues depuis le regard jusqu’au Transfo. 
TELECOM : 
- Absence du concessionnaire à la réunion. Attente des coordonnées du contact qui sera transmis par M. DEBAILLEUX 
- Le plan EXE sera envoyé au concessionnaire, pour validation du tracé, du nombre et du diamètre des fourreaux, de l’écartement 
entre les cambre de tirage, etc. 
- Merci au concessionnaire de transmettre le type de chambres à mettre en place, et ses autres besoins. 
POUR L’ENSEMBLE DES SORTIES RESEAUX DU BATIMENT : 
- D&H a transmis un mail récapitulatif sur les pénétrations réseaux à l’intérieur du bâtiment le 5 avril 2011 à 15h12 et demande à 
SOJA et OCTANT d’en faire une validation suite à une synthèse ; 
- SOJA transmettra en retour à D&H le plan EXE précis de l’ensemble des pénétrations réseaux revu en conséquence ; 
- La fibre optique pourra être passée si nécessaire dans les fourreaux restant en attente. 
AUTRES POINTS CONCERNANT COLAS / D&H / MO 
- M. DEBAILLEUX transmettra son avis sur le Matériel d’éclairage ; 
- M.DEBAILLEUX transmettra ses orientations pour l’implantation de la buse vers la parcelle de la maison du gardien ; 
- D&H vérifiera le passage d’un bus dans le giratoire par le tracé sur plan d’une épure de giration ; taille du bus à préciser par M. 
DEBAILLEUX ; 
- D&H réalisera une coupe sur l’entrée du site, pour se rendre compte de l’effet du portail barreaudée métallique ; et pourra 
proposer une alternative en bois. 
- D&H précise à SOJA que le fil d‘eau de la sortie EU peut être abaissée, sans conséquence sur le Fe du raccordement à la station 
de refoulement, en réduisant la pente du réseau entre 1 et 2 %. 
- D&H recollera la PAC de la cours de service en fonction des dernières modifications et cotes d’implantation à transmettre par 
PONTIGNAC ; 
- COLAS réalisera 9 sondages de compactage (essais à la plaque), suivant plan de M. DEBAILLEUX ; ",['10-05-2011'],"[8, 9]","[65, 80]",133,BET VRD & PAYSAGES
"A l’initiative du MO, le rond point à été amoindri, voir avec COLAS les ajustements financier, vous devez reprendre les plans et les 
transmettre aux concernés et à OCTANT pour reprise des plans ARCHI ",['17-05-2011'],"[9, 10, 11, 12]","[80, 104, 120, 135]",142,BET VRD & PAYSAGES
"Communauté d’Agglomération des Portes du Hainaut – Construction d’un Centre Aquatique à St Amand Les Eaux – CR MOE N° 62 
 du 07/02/13 ","['18-10-2012', '10-01-2013', '07-02-2013', '14-03-2013', '16-05-2013']","[62, 63, 64, 66, 67, 68, 69, 70, 72, 72, 75, 76, 77, 78, 79, 80, 81, 82, 83, 84, 85, 86, 87, 88, 89]","[473, 487, 500, 514, 528, 540, 554, 573, 608, 626, 660, 677, 690, 703, 716, 729, 743, 758, 772, 787, 802, 817, 832, 847, 862]",11,BET VRD & PAYSAGES
"Demande D&H : réponse OCTANT à venir suite vérification sur site avec le lot GO et constat à venir 
Le bardage béton du parvis serait trop bas d’environ 20 cm. Octant demande à D&H d’étudier les possibilités d’abaisser les niveaux du 
parvis. Impossibilité technique en raison des réseaux déjà posés (profondeur hors gel, et pérennité sous voirie…), de l’évacuation des EP > 
modification des impluviums et du réseau EP déjà posé (TS), l’ajout de rampes d’accès au local vélo (TS), de caniveaux sous grille le long de 
la façade (TS) , le remplacement de bordures T2 déjà commandées par des caniveau CC2 (TS) > impliquant d’éventuels stationnements 
sauvages.. D&H demande à OCTANT de vérifier les plans d’EXE et leur bonne exécution, de vérifier via le contrôleur technique la 
possibilité d’adaptation des bardages en béton,…> Attente des suites à donner OCTANT  
- Sol en béton désactivé  ",['10-01-2013'],"[59, 60, 61, 62, 63, 64, 66, 67, 68]","[428, 444, 460, 473, 487, 500, 514, 528, 540]",17,BET VRD & PAYSAGES
"Demande D&H à OCTANT du 13/05 
Je reviens au sujet du contrôle d’accès et des alarmes centre aquatique de Saint-Amand. 
Le plan ci-joint fait la synthèse des types de serrures, alarmes, et sens d’ouverture des portails. Il correspond au DCE. 
Les portails accédant à la cour de service depuis le giratoire ne sont pas équipés d’alarme. Cela semble contradictoire avec le principe des 
autres portails (si clé pompier -> alarme). Pourriez vous me confirmer qu’il n’y a pas d’alarme à cet endroit ?  
Je reste disponible pour en discuter. 
Cordialement, 
Lucie Quiévreux 
Réponse/ nous ferons le point avec MO le 23/05/13 ",['16-05-2013'],"[72, 72, 75, 76, 77, 78, 79, 80, 81, 82, 83, 84, 85, 86, 87, 88, 89]","[608, 626, 660, 677, 690, 703, 716, 729, 743, 758, 772, 787, 802, 817, 832, 847, 862]",12,BET VRD & PAYSAGES
"En réponse à votre demande, merci de prendre connaissance du présent CR ou OEM TERMINALS / GROUPE HORANET  est en charge
du lot 18 ",['30-05-2011'],"[11, 12]","[120, 135]",39,BET VRD & PAYSAGES
"Le MO souhaite qu’apparaisse la remarque suivante : vous êtes surpris de la hauteur d’eau dans les buses d’EP se jetant dans le courant des 
Hamaïdes ",['17-05-2011'],"[9, 10, 11, 12]","[80, 104, 120, 135]",139,BET VRD & PAYSAGES
"POINT DH du 03/01/13
Concernant le local Vélo du Centre Aquatique de Saint-Amand, il est à prévoir une moins value pour l’annulation de 55 m²  de Béton 
désactivé à 79.20€/m², soit – 4 356.00€HT.  
Nous proposons un asphalte en remplacement. Merci à COLAS de nous informer de la faisabilité.  
Merci à OCTANT de vérifier ce qui était prévu à cet endroit suivant les plans marché des lots techniques du bâtiment, et de nous informer 
des suites à donner. ",['10-01-2013'],"[59, 60, 61, 62, 63, 64, 66, 67, 68]","[428, 444, 460, 473, 487, 500, 514, 528, 540]",8,BET VRD & PAYSAGES
Page 5 sur 13 ,"['18-10-2012', '10-01-2013', '07-02-2013', '14-03-2013', '16-05-2013']","[62, 63, 64, 66, 67, 68, 69, 70, 72, 72, 75, 76, 77, 78, 79, 80, 81, 82, 83, 84, 85, 86, 87, 88, 89]","[473, 487, 500, 514, 528, 540, 554, 573, 608, 626, 660, 677, 690, 703, 716, 729, 743, 758, 772, 787, 802, 817, 832, 847, 862]",13,BET VRD & PAYSAGES
"Voici une synthèse des derniers points abordés par Madame QUIEVREUX avec les différents interlocuteurs du projet. Merci de les prendre 
en compte et de les porter à connaissance par l’intermédiaire du Compte Rendu de Chantier :  
• 
JMS : Le nivellement de la noue est validé. 
• 
JMS : Les clôtures et portails en treillis de la plage minérale prévus d’une Ht 1.20 m, seront réduits à 1.00 m.  
• 
JMS : Les clôtures barreaudée de l’enceinte payante seront décalées pour correspondre à la limite cadastrale, en crête de noue 
(noue à l’intérieur du projet). 
• 
JMS : Vérifier la largeur de la noue sous la passerelle (de longueur 3.00 m). 
• 
JMS : Pour les OPR (voir dates à définir ci-dessous) les gazons devront avoir levés et les graminées et arbustes de l’enceinte 
payante plantés (hors arbres).  
• 
JMS/COLAS : Les clôtures doivent être réalisées le plus rapidement possible de façon à permettre à COLAS de faire ses 
revêtements de sols pour la date des OPR. 
• 
COLAS : Prévoir les fourreaux pour les alarmes potentielles des portails de la cours de service donnant sur le giratoire 
• 
COLAS : mettre en relation Jarbeau et Tomasini pour la réalisation de bétons similaires sur les gradins et la rampe d’accès PMR 
• 
CT et OCTANT : D&H a transmis ce jour à M. CAZON et à M. KIEFER le plan de synthèse du contrôle d’accès et des alarmes 
pour confirmation de l’absence d’alarme sur le portail du giratoire. 
• 
TCE : les OPR débutent le 7 juin : les entreprises transmettront leur date prévisionnelle de fin de travaux pour fixer un rendez-
vous sur site avec D&H et OCTANT les jeudis 6, 13, 20 ou 27 juin 2013. 
Cordialement, 
Lucie Quiévreux 
D&H architecture de paysage ",['16-05-2013'],"[72, 72, 75, 76, 77, 78, 79, 80, 81, 82, 83, 84, 85, 86, 87, 88, 89]","[608, 626, 660, 677, 690, 703, 716, 729, 743, 758, 772, 787, 802, 817, 832, 847, 862]",49,BET VRD & PAYSAGES
"A l’initiative du MO, le rond point à été amoindri, voir avec COLAS les ajustements financier, vous devez reprendre les plans et les transmettre aux
concernés et à OCTANT pour reprise des plans ARCHI 
VU 
LE 16/06/11 : Proposition D&H acceptée par MO ",['17-05-2011'],"[13, 14, 15]","[154, 166, 177]",4,BET VRD & PAYSAGES
"A l’initiative du MO, le rond point à été amoindri, voir avec COLAS les ajustements financier, vous devez reprendre les plans et les transmettre aux 
concernés et à OCTANT pour reprise des plans ARCHI > PROPOSITION TRANSMISE EN ATTENTE DE L’AVIS DE M. DEBAILLEUX. 
MERCI A OCTANT DE FAIRE SUIVRE L’INFORMATION ",['09-06-2011'],[12],[135],77,BET VRD & PAYSAGES
"A l’initiative du MO, le rond point à été amoindri, voir avec COLAS les ajustements financier, vous devez reprendre les plans et les transmettre aux 
concernés et à OCTANT pour reprise des plans ARCHI > PROPOSITION TRANSMISE EN ATTENTE DE L’AVIS DE M. DEBAILLEUX. 
MERCI A OCTANT DE FAIRE SUIVRE L’INFORMATION 
LE 16/06/11 : Le MO confirme que votre proposition est acceptée ",['09-06-2011'],[13],[154],36,BET VRD & PAYSAGES
A transmettre au MO en papier le plan du rond point,['15-12-2011'],"[29, 30, 31, 32]","[323, 334, 345, 358]",4,BET VRD & PAYSAGES
"COLAS à besoin très rapidement des sorties n° 14, 16, 17, 23, 24, ainsi que les réservations pour les 4 fourreaux (2 x 2 fourreaux diam 100)
supplémentaires pour les pédiluves (transmettre les niveaux auxquels vous souhaitez les faire arriver) ",['14-03-2013'],"[68, 69, 70]","[540, 554, 573]",60,BET VRD & PAYSAGES
"CONCESSIONNAIRES et RESEAUX 
AEP : 
- Besoins reprécisés par SOJA : Ø110 - 40 m3/h 
- EAU ET FORCE et/ou NOREADE ont (ou vont) transmettre leurs devis / étude pour : 
- le branchement sur la canalisation existante route de l’empire ; 
- la fourniture et pose de la canalisation en tranchée ouverte pour l’alimentation du centre aquatique depuis le 
branchement de la route de l’empire jusqu’aux compteurs, y compris fourniture et pose de 3 vannes (Bouche à clés) pour 
raccordement et purge, y compris coudes et pour passages à l’intérieur du bâtiment ; 
- la fourniture et pose de deux compteurs d’eau potable dans le bâtiment (salle de tri sélectif), à poser à la verticale sur un 
voile béton, emplacement à préciser par SOJA/OCTANT. L’un des compteurs est dédié à l’eau des bassins (tarif 
spécifique sans assainissement). 
- Dans le cadre de la mission EXE : 
- OCTANT / SOJA / SICRE transmettra le plan EXE de l’implantation des compteurs et de la pénétration pour le réseau 
AEP ; 
- D&H recalera la tranchée ouverte pour AEP 
- Dans le cadre du marché de réalisation du centre aquatique seront effectuée : 
- par COLAS ; la tranchée ouverte y compris pour la purge du réseau AEP et ajustement de la mise à la côte définitive des 
3 bouches à clés (+ transmettre la moins-value sur citerneau (prix marché citerneau : 6800€) ; 
- par TOMMASINI ; les réservations nécessaires au passage du réseau AEP à l’intérieur du bâtiment : fourreaux Ø160 + 
espaces nécessaires au tirage des canalisation ou des coudes ; 
- par le LOT METALLERIE ; si besoin, éventuellement, la protection des compteurs vis-à-vis des conteneurs de tri 
sélectifs. 
- Planning à préciser par Céline LANGLOIS (attente résultats forages PAC,…) : 
EU : 
- Non réalisé par COLAS 
- Rejets reprécisés par SOJA : 20 m3/h moyens sur 24 h 
- NOREADE ont (ou vont) transmettre leurs devis / étude pour : 
- la fourniture et pose du poste de refoulement (débit de pompe : 40 m3/h), Ø d’entrée : 200, y compris poste électrique ; 
- la fourniture et pose d’un compteur de refoulement ; 
- Dans le cadre de la mission EXE : 
- NOREADE précise que le Ø d’entrée ne peut pas être supérieur à 200 ; 
- SOJA transmettra le diamètre d’entrée en station de refoulement après vérification ; 
- D&H transmettra le plan, la coupe travers et profil en long pour le raccordement sur poste refoulement. 
- SOJA vérifiera les limites de prestation de SICRE en sortie de bâtiment et la coordination des entreprises pour les 
raccordements en sortie de bâtiment ; 
- SOJA transmettra à D&H le plan EXE des sorties de bâtiment pour le réseau EU ; 
- D&H recalera le plan EXE du réseau EU en conséquence ; 
- Dans le cadre du marché de réalisation du centre aquatique seront effectuée : 
- par COLAS ; la tranchée + fourreaux entre poste de refoulement et poste électrique, 
- par COLAS ; les tranchée et réseaux EU depuis les regards extérieurs pour le raccordement du bâtiment jusqu’au poste 
de refoulement (exclus). 
- par COLAS : les regards de raccordement extérieurs situés à environ à 20 cm de la façade (ou + si présence de plots de fondations). 
- ETDE précise qu’il ne doit les réseaux que jusqu’au voile béton. Qui s’assure du raccordement entre COLAS et EDTE ? 
- par TOMMASINI ; les réservations nécessaires au réseau ; 
- Planning à préciser par Céline LANGLOIS (Gros oeuvre avant poste de refoulement, essais préalables de mise en eaux avec la 
cuve SOJA) 
EP : 
- Réalisé par COLAS sauf les derniers regards avant pénétration bâtiment 
- Dans le cadre de la mission EXE : 
- SOJA vérifiera les limites de prestation de SICRE en sortie de bâtiment et la coordination des entreprises pour les 
raccordements en sortie de bâtiment ; 
- SOJA et D&H étudie avantages/inconvénients pour comparaison des deux solutions suivante : 1 - Passage autour 
transfo ; 2 - Passage vers escaliers parvis ; 
- SOJA et D&H transmettront plan EXE recalés en conséquences 
- Dans le cadre du marché de réalisation du centre aquatique seront effectuée : 
- par COLAS : tranchées + réseau complet jusqu’à l’exutoire + regards de raccordement extérieurs situés à environ à 20 
cm de la façade (ou + si présence de plots de fondations). 
- ETDE précise qu’il ne doit les réseaux que jusqu’au voile béton. Qui s’assure du raccordement entre COLAS et EDTE ? 
- par TOMMASINI ; les réservations nécessaires au réseau ; 
PAC : 
- Dans le cadre de la mission EXE : 
- SOJA transmettra à DH les plans EXE précis des sorties de bâtiments. Il n’est plus possible de faire aller les réseaux 
PAC vers la cours de service. Merci d’indiquer en façade du parvis les sorties réseaux. 
- D&H recalera ses plans EXE en conséquence. 
- SOJA vérifiera les limites de prestation de SICRE en sortie de bâtiment et la coordination des entreprises pour les 
raccordements en sortie de bâtiment ; 
- Dans le cadre du marché de réalisation du centre aquatique seront effectuée : 
- par COLAS : tranchées + fourreaux et chambres de tirage + regards de raccordement extérieurs situés à environ à 20 cm 
de la façade (ou + si présence de plots de fondations) ; 
- par TOMMASINI ; les réservations nécessaires au réseau ; 
- ETDE précise qu’il ne doit les réseaux que jusqu’au voile béton. Qui s’assure du raccordement entre COLAS et EDTE ? 
Qui s’assure des réseaux PAC extérieurs ? 
- Planning à préciser par Céline LANGLOIS (Gros oeuvre avant poste de refoulement, essais préalables de mise en eaux avec la 
cuve SOJA) 
ERDF : 
- Bilan énergétique à transmettre à ERDF par SOJA / FORCLUM 
- ERDF ont (ou vont) transmettre leurs devis / étude pour : 
- La fourniture et pose du câble CFo en tranchée ouverte du bâtiment jusqu’à la rue de l’Empire, sauf pour les passages 
sous voiries, pour lesquels COLAS mettra (ou a déjà mis en place) des fourreaux jusqu’au chambre de tirages situées à 
20 cm de la façade. 
- La fourniture et pose des câbles, sous les fourreaux suivants mis en place par COLAS (ext.) et FORCLUM (int. + 
pénétration) : 
- 1 Fourreau Tél Ø 63 (avec isolation galvanique) ",['10-05-2011'],"[8, 9]","[65, 80]",92,BET VRD & PAYSAGES
CR D&H PAYSAGES DU 10/05/10 : ,['10-05-2011'],"[8, 9]","[65, 80]",8,BET VRD & PAYSAGES
"CR D&H PAYSAGES DU 10/05/10 : 
CONCESSIONNAIRES et RESEAUX VOIR CR 
TELECOM : 
- Absence du concessionnaire à la réunion. Attente des coordonnées du contact qui sera transmis par M. DEBAILLEUX 
- Le plan EXE sera envoyé au concessionnaire, pour validation du tracé, du nombre et du diamètre des fourreaux, de l’écartement 
entre les cambre de tirage, etc. 
- Merci au concessionnaire de transmettre le type de chambres à mettre en place, et ses autres besoins. 
POUR L’ENSEMBLE DES SORTIES RESEAUX DU BATIMENT : 
- D&H a transmis un mail récapitulatif sur les pénétrations réseaux à l’intérieur du bâtiment le 5 avril 2011 à 15h12 et demande à 
SOJA et OCTANT d’en faire une validation suite à une synthèse ; 
- SOJA transmettra en retour à D&H le plan EXE précis de l’ensemble des pénétrations réseaux revu en conséquence ; 
- La fibre optique pourra être passée si nécessaire dans les fourreaux restant en attente. 
AUTRES POINTS CONCERNANT COLAS / D&H / MO 
- M. DEBAILLEUX transmettra son avis sur le Matériel d’éclairage ; 
- M.DEBAILLEUX transmettra ses orientations pour l’implantation de la buse vers la parcelle de la maison du gardien ; 
- D&H vérifiera le passage d’un bus dans le giratoire par le tracé sur plan d’une épure de giration ; taille du bus à préciser par M. 
DEBAILLEUX ; 
- D&H réalisera une coupe sur l’entrée du site, pour se rendre compte de l’effet du portail barreaudée métallique ; et pourra 
proposer une alternative en bois. 
- D&H précise à SOJA que le fil d‘eau de la sortie EU peut être abaissée, sans conséquence sur le Fe du raccordement à la station 
de refoulement, en réduisant la pente du réseau entre 1 et 2 %. 
- D&H recollera la PAC de la cours de service en fonction des dernières modifications et cotes d’implantation à transmettre par 
PONTIGNAC ; 
- COLAS réalisera 9 sondages de compactage (essais à la plaque), suivant plan de M. DEBAILLEUX ; ",['10-05-2011'],"[10, 11, 12]","[104, 120, 135]",28,BET VRD & PAYSAGES
Ci-joint l’information sur le rejet de la DEP du parvis : ,['10-01-2013'],"[59, 60, 61]","[428, 444, 460]",19,BET VRD & PAYSAGES
Ci-joint votre proposition d’aménagement du parvis ,['14-03-2013'],"[68, 69, 70]","[540, 554, 573]",62,BET VRD & PAYSAGES
"DEMANDE COLAS
Pourriez-vous intégrer dans les plans la modification de la longueur du dalot (passée à 11.29m contre 12.00m dans les plans). ",['04-05-2011'],"[7, 8, 9, 10, 11, 12]","[55, 65, 80, 104, 120, 135]",7,BET VRD & PAYSAGES
"Demande du MO d’étudier la mise en place d’un SPACHPAD extérieur sur environ 100M², nous vous transmettrons les informations dès finalisation
chez OCTANT et SOJA des implantations et passages réseaux. ",['18-10-2012'],"[59, 60, 61, 62, 63, 64, 66, 67, 68]","[428, 444, 460, 473, 487, 500, 514, 528, 540]",2,BET VRD & PAYSAGES
Instruire les devis COLAS,['02-05-2013'],[71],[592],1,BET VRD & PAYSAGES
Instruire les devis COLAS FAIT,['02-05-2013'],"[72, 72, 75, 76, 77, 78, 79]","[608, 626, 660, 677, 690, 703, 716]",1,BET VRD & PAYSAGES
"LE 16/06/11 : REPONSE COLAS 
Suite à la demande de la maitrise d’ouvrage en réunion, nous avons déjà réalisé l’élargissement des enrobés de 2 mètres dans l’anneau 
intérieur (Couche de forme et grave bitume sur 19cm) il y a 3 semaines lors de la réalisation des enrobés du chantier. Il n’y a aujourd’hui 
plus que la couche finale à réaliser. 
Concernant les essais sur les enrobés, la teneur en liant de l’extraction réalisée est de 4.62 pour 4.7 théorique, mais la tolérance est de plus ou 
moins 0.25% sur le dosage du bitume. R20 signifie bien 20% d’agrégats recyclés.",['09-06-2011'],[13],[154],12,BET VRD & PAYSAGES
"M. Debailleux nous ayant demandé de reprendre nos plans DET suivant l’implantation des forages PAC telles que vous 
les avez réalisé, merci de nous transmettre vos plans de recollement pour cette fin de semaine.  ",['24-05-2011'],[12],[135],82,BET VRD & PAYSAGES
Merci de vous rapprocher du BC suite avis sur éclairage de la rampe PMR (20 lux en tout point),['29-08-2013'],"[80, 81, 82, 83, 84, 85, 86, 87, 88, 89]","[729, 743, 758, 772, 787, 802, 817, 832, 847, 862]",49,BET VRD & PAYSAGES
"Nous avons demandé à COLAS de bien vouloir étudier la mise en place de soutènement par traverses paysagères tel que nous l’avions
proposé sur notre  ",['21-03-2013'],"[69, 70]","[554, 573]",12,BET VRD & PAYSAGES
Nous validons la proposition de support vélo « BRETAGNE SIMPLE GORGE SUR PLATINE » ,['10-01-2013'],"[59, 60, 61, 62, 63, 64, 66, 67, 68]","[428, 444, 460, 473, 487, 500, 514, 528, 540]",21,BET VRD & PAYSAGES
"OCTANT confirme que le forage FP1 (cour de service) a été déplacé pour se positionner sur une place de stationnement qui sera donc condamnée.
Concernant l’éclairage. …ne pourrions nous pas déplacer le candélabre de manière à ne pas mettre le forage en valeur durant la nuit en le positionnant 
plus dans l’axe  
De la place de livraison ? 
Merci de modifier les réseaux en fonction de cette nouvelle implantation 
PS : A noter que le point de forage FP1 correspond à celui situé dans la cour de service et que le FP 2 correspond à celui situé près du chemin de 
l’empire de  
Manière à être en accord avec le dossier de déclaration fourni à la MISE et à la DREAL.  
Merci de modifier la dénomination des forages sur plan. ",['05-04-2011'],"[5, 6]","[36, 46]",11,BET VRD & PAYSAGES
"POINT SOJA : 
Le réseau de vidange des bassins est le réseau pluvial, qui est dimensionné en diamètre et altimétrie.. 
Nous les raccordons à l’intérieur du bâtiment.  
Le débit sera limité pour passer dans les diamètres prévus pour le pluvial. 
Il n’y a donc pas, à l’extérieur pour les VRD, de réseau spécifique de vidange. ",['05-04-2011'],"[5, 6]","[36, 46]",21,BET VRD & PAYSAGES
"POUR L’ENSEMBLE DES SORTIES RESEAUX DU BATIMENT : 
- D&H a transmis un mail récapitulatif sur les pénétrations réseaux à l’intérieur du bâtiment le 5 avril 2011 à 15h12 et demande à 
SOJA et OCTANT d’en faire une validation suite à une synthèse ; > EN ATTENTE DONNEES.  D&H renouvelle sa demande à OCTANT et/ou 
SOJA pour la confirmation du nombre et Ø des fourreaux à mettre à disposition des alarmes, caméra, et contrôle d’accès 
LE 16/06/11 : En réponse nous sommes dans l’attente de la transmission du plan d’implantation du MO suite à l’option prise pour l’ajout de 
18 caméras 
- D&H réalisera une coupe sur l’entrée du site, pour se rendre compte de l’effet du portail barreaudée métallique ; et pourra 
proposer une alternative en bois. > PROPOSITION TRANSMISE EN ATTENTE DE L’AVIS DE FATMA SAADNIA / M. DEBAILLEUX. 
MERCI A OCTANT DE FAIRE SUIVRE L’INFORMATION 
LE 16/06/11 : OCTANT RELANCE FACTUM  
- D&H précise à SOJA que le fil d‘eau de la sortie EU peut être abaissée, sans conséquence sur le Fe du raccordement à la station 
de refoulement, en réduisant la pente du réseau entre 1 et 2 %.  
- D&H recollera la PAC de la cours de service en fonction des dernières modifications et cotes d’implantation à transmettre par 
PONTIGNAC ; > EN ATTENTE DONNEES PONTIGNAC.   
- 17/05/11 Pour la validation du plan réseau en pénétration du bâtiment, veuillez vous adressé à SOJA qui est le BET FLUIDE > EN ATTENTE 
DONNEES.  D&H renouvelle sa demande à OCTANT et/ou SOJA pour la confirmation du nombre et Ø des fourreaux à mettre à disposition des 
alarmes, caméra, et contrôle d’accès.  
Transmettre au MO les coupes sur l’entrée du bâtiment  > Merci de préciser la demande. ",['09-06-2011'],[13],[154],31,BET VRD & PAYSAGES
"POUR L’ENSEMBLE DES SORTIES RESEAUX DU BATIMENT : 
- D&H a transmis un mail récapitulatif sur les pénétrations réseaux à l’intérieur du bâtiment le 5 avril 2011 à 15h12 et demande à 
SOJA et OCTANT d’en faire une validation suite à une synthèse ; > EN ATTENTE DONNEES.  D&H renouvelle sa demande à OCTANT et/ou 
SOJA pour la confirmation du nombre et Ø des fourreaux à mettre à disposition des alarmes, caméra, et contrôle d’accès.  
- SOJA transmettra en retour à D&H le plan EXE précis de l’ensemble des pénétrations réseaux revu en conséquence ; > EN ATTENTE 
DONNEES.  SOJA doit confirmer les cheminements des fourreaux CFo et Cfa des PAC. 
- La fibre optique pourra être passée si nécessaire dans les fourreaux restant en attente. 
AUTRES POINTS CONCERNANT COLAS / D&H / MO 
- M. DEBAILLEUX transmettra son avis sur le Matériel d’éclairage ; > EN ATTENTE  
- M.DEBAILLEUX transmettra ses orientations pour l’implantation de la buse vers la parcelle de la maison du gardien ; > EN ATTENTE 
- D&H vérifiera le passage d’un bus dans le giratoire par le tracé sur plan d’une épure de giration ; taille du bus à préciser par M. 
DEBAILLEUX ; > PROPOSITION TRANSMISE EN ATTENTE DE L’AVIS DE M. DEBAILLEUX. MERCI A OCTANT DE FAIRE 
SUIVRE L’INFORMATION 
- D&H réalisera une coupe sur l’entrée du site, pour se rendre compte de l’effet du portail barreaudée métallique ; et pourra 
proposer une alternative en bois. > PROPOSITION TRANSMISE EN ATTENTE DE L’AVIS DE FATMA SAADNIA / M. DEBAILLEUX. 
MERCI A OCTANT DE FAIRE SUIVRE L’INFORMATION 
- D&H précise à SOJA que le fil d‘eau de la sortie EU peut être abaissée, sans conséquence sur le Fe du raccordement à la station 
de refoulement, en réduisant la pente du réseau entre 1 et 2 %.  
- D&H recollera la PAC de la cours de service en fonction des dernières modifications et cotes d’implantation à transmettre par 
PONTIGNAC ; > EN ATTENTE DONNEES PONTIGNAC.   
- COLAS réalisera 9 sondages de compactage (essais à la plaque), suivant plan de M. DEBAILLEUX ; > FAIT. Les résultats étant supérieurs à 50 
Mpa, DH valide le compactage réalisé.  
- 17/05/11 Pour la validation du plan réseau en pénétration du bâtiment, veuillez vous adressé à SOJA qui est le BET FLUIDE > EN ATTENTE 
DONNEES.  D&H renouvelle sa demande à OCTANT et/ou SOJA pour la confirmation du nombre et Ø des fourreaux à mettre à disposition 
des alarmes, caméra, et contrôle d’accès.  
Transmettre au MO les coupes sur l’entrée du bâtiment  > Merci de préciser la demande. 
Le MO souhaite qu’apparaisse la remarque suivante : vous êtes surpris de la hauteur d’eau dans les buses d’EP se jetant dans le courant des Hamaïdes 
> Dans le mail du 30/05/2011, COLAS précise que le niveau d’eau relevé est 10 cm plus haut qu’indiqué par les données géomètres et coupes 
DCE.  ",['09-06-2011'],[12],[135],73,BET VRD & PAYSAGES
"Pour faire suite au dernier CR OPC, et à la ligne suivante : « 09/06/11 attention SONDEFOR nous annonce qu’un pieu de la passerelle est implanté 
sur un puisard : synthèse à voir avec SICRE : merci de transmettre directives : travaux imminents », Nicolas MONIOT de COLAS m’a précisé par 
téléphone ce jour qu’il s’agissait du regard neuf situé derrière le séparateur. Ce regard est décalé par rapport à son implantation prévue aux plans 
d’EXE.  
M. MONIOT doit prochainement rencontrer M. PETIT de SONDEFOR, piqueter les fondations des pieux de la passerelle et préciser leurs solutions, 
qui pourrait être selon M. MONIOT :  
- 
de dévier le réseau récemment mis en œuvre, 
- 
de rabaisser ses rehausses provisoires destinées à signaler et protéger les regard jusqu’à son retour cet automne/hivers sur le chanter. 
Pourriez-vous lors des prochaines réunions, vérifier la problématique in-situe, s’assurer de leur coordination et leur faire préciser leurs interventions ? 
Attention, tous les regards doivent être visitables.  ",['17-05-2011'],"[14, 15]","[166, 177]",17,BET VRD & PAYSAGES
"Pour la validation du plan réseau en pénétration du bâtiment, veuillez vous adressé à SOJA qui est le BET FLUIDE",['17-05-2011'],"[9, 10, 11, 12]","[80, 104, 120, 135]",134,BET VRD & PAYSAGES
"Pour le chantier du centre aquatique de SAINT-AMAND-LES-EAUX, vous transmettez le plan des plantations et clôtures -  Indice B prenant en
compte les  modifications suivantes :  
1. 
Annulation des plantation du giratoire (LOT EV)  
Cette annulation entraine une moins-value financière. Merci à JMS de la transmettre (voir quantités annulées et nouvelles sur plan joints). 
2. 
Annulation du portail barreaudé métallique de l’entrée principale des véhicules et remplacement par un portail en bois (LOT EV).   
Cette annulation devrait entrainer une moins-value financière. Merci à JMS de la transmettre. Merci à JMS de transmettre également (RAPPEL) la 
fiche technique du portail bois et le principe des rotules pour une ouverture facilitée.  
3. 
Déplacement Palissade bois PAC PF2 (LOT EV) 
Simple recalage suite aux déplacements de la PAC.  
Sans incidence financière. Sans incidence sur planning. 
1. 
Modification des Gradins (LOT EV) 
Simple déplacement des plantations suite à l’ajout d’une cuve sous les gradins. 
Sans incidence financière. Sans incidence sur planning. ",['07-02-2013'],"[62, 63, 64, 66, 67, 68]","[473, 487, 500, 514, 528, 540]",43,BET VRD & PAYSAGES
"Pour l’organigramme des Clés de SAINT AMAND, ci-dessous la liste des portails extérieurs (du par le LOT EV) sur organigramme du maître 
d’ouvrage :  
- 
Portail à barreaudage simple vantail larg 1,00M, Ht 2,00M, serrure sur organigramme. Cylindre : 30x30. = portail piéton situé entre le 
giratoire et la cours de service. 
- 
 Portail à barreaudage double vantaux larg 3,00m, Ht 2,00M, serrure sur organigramme. Cylindre 30x30. = situé entre le parvis et la plage 
végétale, à l’ouest de l’entrée principale du bâtiment.  
Les autres portails sont dévérouillables :  
- 
soit par clé pompier,  
- 
soit par commande magnétique (sortie de secours plage).  
Toutes les info sont sur le plan VRD-EV 05 : PLANTATION ET CLOTURES. ",['07-02-2013'],"[62, 63, 64, 66, 67, 68]","[473, 487, 500, 514, 528, 540]",58,BET VRD & PAYSAGES
"Relancer COLAS sur les observations réseaux et dalot, et prendre contact avec le BC pour validation",['15-03-2011'],"[1, 2, 3, 4, 5, 6, 7]","[4, 11, 19, 27, 36, 46, 55]",1,BET VRD & PAYSAGES
Répondre à la demande de SOJA sur le FE du regard aux abords de l’accès aux locaux technique,['10-05-2011'],"[8, 9, 10, 11, 12]","[65, 80, 104, 120, 135]",3,BET VRD & PAYSAGES
"SONDEFOR nous annonce qu’un pieu de la passerelle est implanté sur un puisard
LE 07/07/11 : suite au point fait ce jour en présence de Monsieur MONIOT, ce dernier annonce le déplacement ultérieur du regard ",['17-05-2011'],"[16, 17, 18, 19, 20, 21, 22, 23, 24, 25, 26]","[189, 205, 216, 228, 239, 250, 260, 272, 283, 292, 303]",2,BET VRD & PAYSAGES
Transmettre au MO les coupes sur l’entrée du bâtiment ,['17-05-2011'],"[9, 10, 11, 12]","[80, 104, 120, 135]",136,BET VRD & PAYSAGES
Transmettre calcul du dimensionnement des DEP à COEXIA lot couverture,['05-09-2013'],"[81, 82, 83, 84, 85, 86, 87, 88, 89, 90, 91]","[743, 758, 772, 787, 802, 817, 832, 847, 862, 876, 889]",50,BET VRD & PAYSAGES
Transmettre les observations sur le dalot,['22-03-2011'],[2],[11],2,BET VRD & PAYSAGES
Transmettre les observations sur le dalot FAIT,['22-03-2011'],"[3, 4, 5, 6, 7]","[19, 27, 36, 46, 55]",2,BET VRD & PAYSAGES
Veuillez faire vérifier par COLAS l’altimétrie du courant des HAMAÏDES au sortir de la buse,['24-05-2011'],"[10, 11, 12]","[104, 120, 135]",37,BET VRD & PAYSAGES
"Veuillez faire vérifier par COLAS l’altimétrie du courant des HAMAÏDES au sortir de la buse > Fait. Voir mail du 30/05/2011, COLAS
précise que le niveau d’eau relevé est 10 cm plus haut qu’indiqué par les données géomètres et coupes DCE.  ",['24-05-2011'],[12],[135],79,BET VRD & PAYSAGES
"Veuillez faire vérifier par COLAS l’altimétrie du courant des HAMAÏDES au sortir de la buse > Fait. Voir mail du 30/05/2011, COLAS
précise que le niveau d’eau relevé est 10 cm plus haut qu’indiqué par les données géomètres et coupes DCE.  
LE 16/06/11 :Suite à la réunion de ce jour nous constatons de la baisse de 10 cm environ du courant des Hamaïdes, donc approximativement 
tel que dessiné sur les coupe D&H 
a 
Pour faire suite au dernier CR OPC, et à la ligne suivante : « 09/06/11 attention SONDEFOR nous annonce qu’un pieu de la passerelle est 
implanté sur un puisard : synthèse à voir avec SICRE : merci de transmettre directives : travaux imminents », Nicolas MONIOT de COLAS m’a 
précisé par téléphone ce jour qu’il s’agissait du regard neuf situé derrière le séparateur. Ce regard est décalé par rapport à son implantation 
prévue aux plans d’EXE.  
M. MONIOT doit prochainement rencontrer M. PETIT de SONDEFOR, piqueter les fondations des pieux de la passerelle et préciser leurs 
solutions, qui pourrait être selon M. MONIOT :  
- 
de dévier le réseau récemment mis en œuvre, 
- 
de rabaisser ses rehausses provisoires destinées à signaler et protéger les regard jusqu’à son retour cet automne/hivers sur le 
chanter. 
Pourriez-vous lors des prochaines réunions, vérifier la problématique in-situe, s’assurer de leur coordination et leur faire préciser leurs 
interventions ? Attention, tous les regards doivent être visitables.  ",['24-05-2011'],[13],[154],54,BET VRD & PAYSAGES
"Veuillez intégrer les modifications des hauteurs de gradines extérieures proposées de la façade Ouest sur les plages végétales. 
Les modifications en façades sont insignifiantes. 
Merci d’intégrer ces modifications sur vos plans de repérage altimétrique. ",['05-04-2011'],"[5, 6]","[36, 46]",15,BET VRD & PAYSAGES
Voir plan des IS selon envoie OPC du 13/05/13,['16-05-2013'],"[72, 72, 75, 76, 77, 78, 79, 80, 81, 82, 83, 84, 85, 86, 87, 88, 89]","[608, 626, 660, 677, 690, 703, 716, 729, 743, 758, 772, 787, 802, 817, 832, 847, 862]",2,BET VRD & PAYSAGES
"les teintes des éléments préfabriqués sont celles du nuancier Sitinao, suivantes :
- 
murs de soutènements, Blocs marche,… : St Emilion (beige foncé) 
- 
Blocs marche pour le contraste PMR : Perouge (rouge/rosé) ou Cararre (blanc) 
- 
Bordures collées, Bordures quai de bus : Carrare, 
- 
Dalles podotactiles, Guides-canne : Carrare, 
Pour les finitions : voir CCTP ",['15-09-2011'],"[21, 22]","[250, 260]",12,BET VRD & PAYSAGES
"Communauté d’Agglomération des Portes du Hainaut – Construction d’un Centre Aquatique à St Amand Les Eaux – CR MOE N° 75 
 du 06/06/13 ",['06-06-2013'],"[75, 76, 77, 78, 79, 80, 81, 82, 83, 84, 85, 86, 87, 88, 89, 90, 91]","[661, 678, 691, 704, 717, 730, 744, 759, 773, 788, 803, 818, 833, 848, 863, 876, 889]",53,BUREAU DE CONTRÔLE
"DEMANDE GO /confirmer par retour si les écarts constatés sur les pieux 42, 53, 56, 61, 78, 164 sont justifiable au calcul 
REPONSE SONDEFOR/ 
Faisant suite à la réception de vos éléments concernant le recollement des pieux 
de l’affaire citée en objet, certains pieux présentent un excentrement supérieur aux tolérances 
du CCTP, à savoir D/8. Le tableau joint récapitule les écarts constatés et pour les pieux dont 
l’excentrement est supérieur à D/8, la charge et le moment induit par l’excentrement. 
Avec ces valeurs, le calcul par le logiciel Robo bat montre que pour les pieux le 
béton seul suffit à reprendre le moment d’excentrement (section théorique = 0.0cm² - sauf pieu 
53 : 0.9 cm² à comparer à 5 HA 14). Or ces pieux sont tous armés, ils sont donc d’autant plus 
en mesure de reprendre le moment d’excentrement. Il n’y a pas d’adaptation à prévoir. 
Demande OCTANT / VERITAS : A valider ",['07-07-2011'],"[16, 17]","[189, 205]",14,BUREAU DE CONTRÔLE
"ETDE vous demande si le passage de gaine de CVC dans les locaux produits nécessite un traitement particulier 
LE 20/12/12 : Pouvez vous répondre à notre interrogation ",['05-07-2012'],"[59, 60, 61, 62, 63, 64, 66, 67, 68, 69, 70, 71, 72, 72, 74, 75, 76, 77, 78, 79, 80, 81, 82, 83, 84, 85, 86, 87, 88, 89, 90, 91]","[428, 444, 460, 474, 488, 501, 515, 529, 541, 555, 574, 592, 609, 627, 645, 661, 678, 691, 704, 717, 730, 744, 759, 773, 788, 803, 818, 833, 848, 863, 876, 889]",6,BUREAU DE CONTRÔLE
"POINT STEREC sur potelet de ligne de vie 
Les potelets font 400 mm de haut en standard. 
L’effort maxi en extrémité, en tète de potelets et dans l’axe du câble est de 1400 daN. 
Sur les grandes longueurs ou avec des absorbeurs d’énergie sur les petites longueurs, nous sommes en mesure d’abaisser ces efforts à 1000 
daN. 
STEREC NORD PICARDIE",['24-08-2011'],"[18, 19, 20, 21, 23]","[216, 228, 239, 250, 272]",22,BUREAU DE CONTRÔLE
Page 6 sur 13 ,['06-06-2013'],"[75, 76, 77, 78, 79, 80, 81, 82, 83, 84, 85, 86, 87, 88, 89]","[661, 678, 691, 704, 717, 730, 744, 759, 773, 788, 803, 818, 833, 848, 863]",55,BUREAU DE CONTRÔLE
"Rappel : pourriez vous nous transmettre suivant point fait les 10 et 17 Mai 2011 l’avis sur la suppression des drains en périphérie intérieur 
du bâtiment ",['17-05-2011'],"[9, 10, 11, 12, 13, 14, 15]","[82, 104, 121, 136, 154, 166, 177]",11,BUREAU DE CONTRÔLE
"Suite à la réunion « charpente » dans les locaux de VERITAS, en présence de Mr CASON de BSM et SICRE, confirmation faite par 
OCTANT / SOJA qu’aucuns réseaux électriques ou aérauliques ne chemineras dans les plénums d’habillage de charpente, l’ensemble des 
câble d’alimentation électrique passerons ponctuellement dans les ondes du bac acoustique /dans l’épaisseur de FOAMGLASS / à l’intérieur 
des épines des murs rideaux en périphérie de bassins. 
Les fourreaux devront être calfeutrés en bout ",['07-07-2011'],"[16, 17]","[189, 205]",24,BUREAU DE CONTRÔLE
"Vous annoncez faire une campagne de vérification des formes des pentes dans les zones mis en œuvre par Bauters, soit : vestiares groupes, 
vestiaires publics, zone circulation des douche et plages des deux bassins ",['21-03-2013'],"[69, 70, 71, 72, 72, 74, 75, 76, 77, 78, 79, 80, 81, 82, 83, 84, 85, 86, 87, 88, 89, 90, 91]","[555, 574, 592, 609, 627, 645, 661, 678, 691, 704, 717, 730, 744, 759, 773, 788, 803, 818, 833, 848, 863, 876, 889]",20,BUREAU DE CONTRÔLE
"Vous annoncez faire une première vérification des pentes et conformités PMR de la passerelle d’accès au parvis de l’accueil du centre 
aquatique ",['21-03-2013'],"[69, 70, 71, 72, 72, 74, 75, 76, 77, 78, 79, 80, 81, 82, 83, 84, 85, 86, 87, 88, 89, 90, 91]","[555, 574, 592, 609, 627, 645, 661, 678, 691, 704, 717, 730, 744, 759, 773, 788, 803, 818, 833, 848, 863, 876, 889]",23,BUREAU DE CONTRÔLE
"ADEX N°10 diffusé ce jour pour HSB, 1 observation sur hauteur de marche non conforme BL ",['16-06-2011'],"[13, 14, 15]","[154, 166, 177]",17,BUREAU DE CONTRÔLE
ADEX N°2 diffusé à colas ,['29-03-2011'],"[3, 4, 5, 6, 7, 8]","[20, 28, 36, 46, 56, 67]",3,BUREAU DE CONTRÔLE
ADEX N°9 diffusé ce jour à SICRE ,['16-06-2011'],"[13, 14, 15]","[154, 166, 177]",15,BUREAU DE CONTRÔLE
"ADEX no 3 du 07/04/2011 
pour l'affaire 1893172/1 - SAINT AMAND LES EAUX CONSTRUCTION D'UN CENTRE AQUATIQUE 
Plan Coupe sur Dalot 28/03/2011 / 28/03/2011 AF 
Note de calculs A cadre béton 300*125 31/03/2011 / 31/03/2011 AF ",['05-04-2011'],"[5, 6, 7, 8]","[36, 46, 56, 67]",10,BUREAU DE CONTRÔLE
"AVIS BC 
Emetteur : HSB 
Plan B BASSIN POLYVALENT - PLAN DES DONNEES DE LOT GROS OEUVRE 26/05/2011 08/06/2011 AF 
Plan 6052-401 D BASSIN POLYVALENT - PLAN DE BASSIN 26/05/2011 08/06/2011 AF ",['09-02-2012'],"[31, 32]","[345, 358]",11,BUREAU DE CONTRÔLE
BAUTERS relance le BC sur les observations à faire sur le dossier technique ,['16-02-2012'],[32],[358],101,BUREAU DE CONTRÔLE
"CR VERITAS suite à la réunion de désenfumage  
Nous vous prions de trouver ci-joint notre compte-rendu suite à la réunion du 26 Janvier 2012 sur site avec l' 
Adjudant Chef LEDRU représentant du Sdis d’Onnaing. 
A l'issue de cette réunion il a été abordé les points suivants : - le désenfumage naturel , la distribution intérieure, 
les espaces sécurisés GN8, l'aménagement pour permettre l'accès aux poteaux incendie. 
Etaient présents lors de cette réunion : 
- Communauté d'Agglo de la porte du Hainaut: M. DEBAILLEUX 
- Octant Architecture : M. BRICHE 
- Etat Major Sdis de Onnaing : M. l'Adjudant Chef LEDRU (sves prévention sécurité incendie) 
- Bureau Veritas : M. CASON (contrôleur technique) 
- SSICoor : M. SMETS (Coordonnateur SSI) 
- Ent. PMN 
- Ent. ETDE 
- Ent. FORCLUM 
- Ent. STEREC 
I)- DESENFUMAGE naturel : 
Ia) - Vestiaires collectifs : RDC 
- Il sera prévu un deuxième exutoire en toiture ainsi que la mise en place d'une amenée d'air frais 
complémentaire en façade de façon à assurer un balayage satisfaisant dans cette zone à désenfumer. 
Ib) - Vestiaires public : RDC 
- Il sera prévu un deuxième exutoire en toiture de façon à assurer un balayage satisfaisant dans cette zone à 
désenfumer. 
Ic) - Hall d'accueil : RDC + ETAGE 
- Il sera prévu un deuxième exutoire en toiture ainsi qu’une amenée d'air frais à l'étage en partie basse en façade 
coté zones administration et bureaux association 
- Les portes du sas d'entrée du hall au RDC seront utilisées comme amenées d'air frais à condition que celles-ci 
soient pourvues d'équipement leur permettant de rester en position d'ouverture. 
- Le bloc-porte deux vantaux n° 107 suivant plan architecte située à l'étage sera supprimé. 
- Le local archives n° E6 ne sera pas désenfumé. 
Id) - Rez de jardin : 
- Les gaines d'amenée d'air frais cheminant dans le vide sanitaire accessible seront en matériau CF 1/2 heure 
Ie) - Commandes de DF et implantations : 
- Les commandes de désenfumage et de refermeture du hall et des vestiaires public seront implantées au RDC 
au niveau de la bande d'accueil '' caisse suivant plan architecte '' : celles-ci seront repérées par zone de 
désenfumage, ces commandes de désenfumage devront être rendues visibles et facilement accessibles. 
- La commande de désenfumage et de refermeture des vestiaires collectifs sera implantée au RDC à l'intérieur 
de la zone à désenfumer, près de la porte deux vantaux : cette commande de désenfumage devra être rendue 
visible et facilement accessible. 
II)- DISTRIBUTION INTERIEURE : 
- La distribution intérieure est du type cloisonnement traditionnel il respectera les conditions relatives à l'article 
CO24 de l'arrêté du 25 Juin 1980 applicable. 
- Il a été rappelé notamment que les éléments verriers entre le vide sur bassin d'apprentissage et l'accès aux 
gradins seront PF 1/2 heure et que la cloison vitrée entre salle de réunion et la circulation accès aux gradins sera 
CF 1/2 heure 
- La batterie de portes n° 100, 101 et 102 seront PF 1/2 heure. 
- Les BP n° 96 et 97 seront PF 1/2 heure. 
III)- ESPACES SECURISES : 
- Les parois enveloppes des deux espaces sécurisés : salle d'entraînement F4 et la salle de repos E7 sont 
considérés comme étant des espaces sécurisés et respecteront les conditions prévues à l'article CO 59 de 
l'arrêté du 25 Juin 1980 à savoir : parois CF 1/2 heure, chassis vitrés ( éléments verriers ) PF 1/2 heure en 
chassis fixes, les bloc-portes seront CF 1/2 heure équipés de ferme-portes résistants au feu et d'un sélecteur de 
fermeture sur le BP 2 vantaux. 
- Autres prescriptions : les conditions relatives au CO59 § b, d, e, f et g devront être respectées. 
IV)- AMENAGEMENT ACCES POTEAUX INCENDIE : 
- A la demande du préventionniste il sera mis en place un aménagement pour permettre l'accès aux poteaux 
incendie 
Nous vous prions d'agréer, Monsieur, nos salutations distinguées. 
Le Chargé d'affaire 
JEAN-MARIE CASON 
Copies à : 
- ETAT MAJOR DU GROUPEMENT SUD 
- ETDE 
- FORCLUM 
- JAPAC Cabinet 
- Octant architecture 
- PMN 
- SOJA INGENIERIE ",['09-02-2012'],"[31, 32]","[345, 358]",99,BUREAU DE CONTRÔLE
"Concernant les essais d'efficacité du désenfumage des vestiaires et hall : le maître d'oeuvre peut-il donner une date afin que ces essais soient
effectués ? 
Date arrêtée le 29/08/13 en présence du BC le 26/09/13 ",['06-06-2013'],"[81, 82, 83]","[744, 759, 773]",63,BUREAU DE CONTRÔLE
"Concernant les essais d'efficacité du désenfumage des vestiaires et hall : le maître d'oeuvre peut-il donner une date afin que ces essais soient
effectués ??? 
REPONSE OCTANT 
Nous ne pouvons vous donner une date compte tenu de la relance récente du lot couverture, nous vous informons que la remise des offres est
effective au 20 Juin 2013. ",['06-06-2013'],"[75, 76, 77, 78, 79]","[661, 678, 691, 704, 717]",65,BUREAU DE CONTRÔLE
"Concernant les essais d'efficacité du désenfumage des vestiaires et hall : le maître d'oeuvre peut-il donner une date afin que ces essais soient
effectués ??? 
REPONSE OCTANT 
Nous ne pouvons vous donner une date compte tenu de la relance récente du lot couverture, nous vous informons que la remise des offres est
effective au 20 Juin 2013. 
Date arrêtée le 29/08/13 en présence du BC le 26/09/13 ",['06-06-2013'],[80],[730],66,BUREAU DE CONTRÔLE
Confirmation du RDV spécifique charpente entre VERITAS SICRE et BSM ,['07-07-2011'],"[16, 17]","[189, 205]",16,BUREAU DE CONTRÔLE
D&H vous demande de statuer sur le dossier PMR transmis le 10/09/2012. ,['10-01-2013'],"[59, 60, 61, 62, 63, 64, 66, 67, 68, 69, 70, 71, 72, 72, 74, 75, 76, 77, 78, 79, 80, 81, 82, 83, 84, 85, 86, 87, 88, 89, 90, 91]","[428, 444, 460, 474, 488, 501, 515, 529, 541, 555, 574, 592, 609, 627, 645, 661, 678, 691, 704, 717, 730, 744, 759, 773, 788, 803, 818, 833, 848, 863, 876, 889]",13,BUREAU DE CONTRÔLE
DEMANDE BC à SOJA : ,['08-09-2011'],"[20, 21, 23]","[239, 250, 272]",23,BUREAU DE CONTRÔLE
"Emetteur : SICRE 
Plan CM02 0 FACADES 28/06/2011 07/07/2011 AF 
Plan CM03 0 VUE EN PLAN TOITURES 28/06/2011 07/07/2011 AF 
Plan CM04 0 COUPES C-E-F-G-H-I 28/06/2011 07/07/2011 AF 
Plan CM05 0 COUPES J-K-L-M-N 28/06/2011 07/07/2011 AF 
Plan CM07 0 METHODE DE CONSTRUCTION 28/06/2011 07/07/2011 
Vu pour information 
Plan CM10 0 EPURE - ZONE VESTIAIRES ACCUEIL MNS 28/06/2011 07/07/2011 AF 
Plan CM11 0 DETAIL CHARPENTE 28/06/2011 07/07/2011 AF ",['09-02-2012'],"[31, 32]","[345, 358]",21,BUREAU DE CONTRÔLE
Emettre des observations sur la FT du DALOT,['15-03-2011'],"[1, 2]","[5, 12]",1,BUREAU DE CONTRÔLE
Emettre des observations sur la FT du DALOT FAIT suivant Avis n°1 et ADEX n°2,['15-03-2011'],"[3, 4, 5, 6, 7, 8]","[20, 28, 36, 46, 56, 67]",1,BUREAU DE CONTRÔLE
Emettre d’urgence les avis sur les plans béton de SICRE pour un avancement normal du Gros Œuvre FAIT ,['28-07-2011'],"[18, 19]","[216, 228]",4,BUREAU DE CONTRÔLE
"En rappel, les réunion débutent à 13h30 ",['20-10-2011'],"[24, 25, 26]","[283, 293, 304]",12,BUREAU DE CONTRÔLE
"En relation avec le BC, voir conformité des percements sur les habillages de fermeture en bas des corrections acoustique, les diamètres et nombres de 
percements nous paraissent insuffisant ",['18-10-2012'],"[59, 60, 61, 62, 63, 64, 66, 67, 68, 69, 70, 71, 72, 72, 74, 75, 76, 77, 78, 79, 80, 81, 82, 83, 84, 85, 86, 87, 88, 89, 90, 91]","[428, 444, 460, 474, 488, 501, 515, 529, 541, 555, 574, 592, 609, 627, 645, 661, 678, 691, 704, 717, 730, 744, 759, 773, 788, 803, 818, 833, 848, 863, 876, 889]",11,BUREAU DE CONTRÔLE
"En relation avec les demandes du Préventionniste, pouvez-vous nous indiquer la résistance au feu de la porte à prévoir pour le local chlore
ainsi que la résistance des parpaings que nous souhaitons mettre en œuvre pour répondre aux demandes du Pompier. ",['06-06-2013'],"[75, 76, 77, 78, 79, 80, 81, 82, 83, 84, 85, 86, 87, 88, 89, 90, 91]","[661, 678, 691, 704, 717, 730, 744, 759, 773, 788, 803, 818, 833, 848, 863, 876, 889]",59,BUREAU DE CONTRÔLE
"I)- Portillons dans circulations des gradins : 
- Ces dispositions sont refusées par le préventionniste :==> les portillons créer des obstacles à l'évacuation des 
Personnes ",['06-06-2013'],"[75, 76, 77, 78, 79, 80, 81, 82, 83, 84, 85, 86, 87, 88, 89, 90, 91]","[661, 678, 691, 704, 717, 730, 744, 759, 773, 788, 803, 818, 833, 848, 863, 876, 889]",35,BUREAU DE CONTRÔLE
"II)- Système de décondamnation des portes : 
- Le préventioniste a rappelé à la MO la réglementation en présence du public :==> les portes doivent pouvoir 
s'ouvrir de l'intéreur par simple poussée ou par la manœuvre facile d'un seul dispositif par vantail tel que bec de 
cane, poignée tournante ou crémone à poignée, selon article CO45 §2 de l'arrêté du 25 Juin 1980 applicable. ",['06-06-2013'],"[75, 76, 77, 78, 79, 80, 81, 82, 83, 84, 85, 86, 87, 88, 89, 90, 91]","[661, 678, 691, 704, 717, 730, 744, 759, 773, 788, 803, 818, 833, 848, 863, 876, 889]",40,BUREAU DE CONTRÔLE
"III)- Désenfumage des vestiaires groupés : 
- Bien que les dispositions prévues respectent l'IT246 de l'arrêté du 25 Juin 1980 pour le désenfumage naturel 
de ces vestiaires, le préventionniste attire l'attention du MO ( maître d'œuvre ) sur l'efficacité du désenfumage 
dans la zone de vestiaires groupés. ",['06-06-2013'],"[75, 76, 77, 78, 79, 80, 81, 82, 83, 84, 85, 86, 87, 88, 89, 90, 91]","[661, 678, 691, 704, 717, 730, 744, 759, 773, 788, 803, 818, 833, 848, 863, 876, 889]",45,BUREAU DE CONTRÔLE
"IV)- Localisation du stockage de chlore liquide à l'extérieur face à la prise d'air en façade de la CTA : 
- Le préventionniste attire l'attention sur les risques de propagation de vapeur de chlore en cas de fuite via la CTA 
: ===> il est donc demandé au MO d'isoler ce local par parois enveloppes CF 1 heure et BP CF 1/2 heure avec 
ferme-porte. ",['06-06-2013'],"[75, 76, 77, 78, 79, 80, 81, 82, 83, 84, 85, 86, 87, 88, 89, 90, 91]","[661, 678, 691, 704, 717, 730, 744, 759, 773, 788, 803, 818, 833, 848, 863, 876, 889]",50,BUREAU DE CONTRÔLE
Merci de nous indiquer si les joints CF des portes doivent être visitables ,['10-10-2013'],"[86, 87, 88, 89, 90, 91]","[818, 833, 848, 863, 876, 889]",66,BUREAU DE CONTRÔLE
"Note de calculs cadre béton 300*150 31/03/2011 31/03/2011 AF 
Erratum sur Adex 3 sur les dimensions des cadres béton ",['26-04-2011'],"[6, 7, 8]","[46, 56, 67]",13,BUREAU DE CONTRÔLE
"Nous souhaitons mettre en place un volet asservi sur grille de façade de la circulation des vestiaires groupe (coté IS) : importantes
déperditions + sensation de froid : merci de nous indiquer les contraintes et faisabilité ",['03-10-2013'],"[85, 86, 87, 88, 89, 90, 91]","[803, 818, 833, 848, 863, 876, 889]",64,BUREAU DE CONTRÔLE
"Nous vous prions de trouver ci-joint notre compte-rendu suite à la réunion du 16 mai 2013 sur site avec l' 
Adjudant Chef LEDRU représentant du Sdis de Onnaing. 
A l'issue de cette réunion il a été abordé les points suivants : - les portillons dans circulations des gradins , les 
système de décondamnation des portes, le désenfumage des vestiaires groupés et le stockage de chlore liquide 
sur l'extérieur à proximité de la prise d'air de la CTA en façade. 
Etaient présents lors de cette réunion : 
- Communauté d'Agglo de la porte du Hainaut: M. DEBAILLEUX 
- Octant Architecture : M. BRICHE 
- Etat Major Sdis de Onnaing : M. l'Adjudant Chef LEDRU ( sves prévention sécurité incendie ) 
- Bureau Véritas : M. CASON (contrôleur technique) ",['06-06-2013'],"[75, 76, 77, 78, 79, 80, 81, 82, 83, 84, 85, 86, 87, 88, 89, 90, 91]","[661, 678, 691, 704, 717, 730, 744, 759, 773, 788, 803, 818, 833, 848, 863, 876, 889]",31,BUREAU DE CONTRÔLE
"POINT TRANSFO 
200 A PLAN D'IMPLANTATION CFO-CFA - REZ DE JARDIN 15/06/2011 15/09/2011 OB 
La ventilation haute et basse pour le transformateur ne doivent pas se trouver 
implanter au même endroit, les deux ventilations doivent être implantées au niveau 
du mur opposé de façon à réaliser un brassage d'air.(rappel) 
REPONSE SOJA : en effet, il sera mis en œuvre un tube depuis l’une des grilles de façade jusqu’au mur opposé à ce local 
LE 22/12/11 : Informations complémentaires, le local sera équipé d’un extracteur mécanique ",['24-11-2011'],"[28, 29, 30]","[313, 324, 335]",16,BUREAU DE CONTRÔLE
Page 5 sur 12 ,['06-06-2013'],"[90, 91]","[876, 889]",25,BUREAU DE CONTRÔLE
"Point synthèse menuiseries intérieures suite à la réception des réservations de PMN: 
LE 24/05/11 : VOIR REPONSE OCTANT AU POINT MENUISERIE ALU ",['17-05-2011'],"[10, 11, 12]","[104, 121, 136]",14,BUREAU DE CONTRÔLE
"Point synthèse menuiseries intérieures suite à la réception des réservations de PMN: 
Suite au plan de réservation de PMN du 20/05/2011  
Ci-joint plan PDF avec modification réservations portes au niveau des vestiaires 
La porte 56 aura une réservation de 160 maxi au lieu des 172 demandés 
La porte 55 aura une réservation de 168 maxi  au lieu des 172 demandés 
Les portes 46, 47, 48, 49, 50, 51, 52, 53 auront une réservation de 115 
La porte 43 sera une porte tierce avec une réservation de 172       
Le plan sera mis à jour sur le serveur ftp dans la journée du 23/05/2011 avec un indice C ",['17-05-2011'],[9],[82],23,BUREAU DE CONTRÔLE
Pourriez vous vous présenter en réunion de chantier afin de faire un point sur les passages PMR des sanitaire RDC suite passage inférieur à 120cm ,['07-02-2013'],"[62, 63, 64, 66, 67, 68]","[474, 488, 501, 515, 529, 541]",15,BUREAU DE CONTRÔLE
"Pourriez-vous vous présenter en réunion de chantier afin de faire un point sur les passages PMR des sanitaire RDC suite passage inférieur à 
120 cm FAIT vu avec Monsieur CASON du BC VERITAS, pour le passage dans les locaux D1 D2 D5 et D6, il sera mis en œuvre des portes 
pour substitution aux passages à 120 cm ",['21-03-2013'],"[69, 70]","[555, 574]",17,BUREAU DE CONTRÔLE
Pouvez vous nous indiqué quel type d’isolant a été validé pour les remontées derrière les costières ,['20-09-2012'],"[59, 60, 61, 62, 63, 64, 66, 67, 68, 69, 70, 71, 72, 72, 74, 75, 76, 77, 78, 79, 80, 81, 82, 83, 84, 85, 86, 87, 88, 89, 90, 91]","[428, 444, 460, 474, 488, 501, 515, 529, 541, 555, 574, 592, 609, 627, 645, 661, 678, 691, 704, 717, 730, 744, 759, 773, 788, 803, 818, 833, 848, 863, 876, 889]",8,BUREAU DE CONTRÔLE
Pouvez-vous vous prononcer sur la suppression d’une partie des étanchéités contre voile à +20 cm du niveau du terrain extérieur ,['15-09-2011'],[22],[261],15,BUREAU DE CONTRÔLE
Relance sur le linéaire de flocage à réaliser sur les gaines d’amenées d’air au RDJ ,"['30-06-2011', '24-08-2011']","[18, 19, 20, 21, 22, 23, 24, 25, 26, 28, 29, 30]","[216, 228, 239, 250, 261, 272, 283, 293, 304, 313, 324, 335]",15,BUREAU DE CONTRÔLE
Renseigner SOJA et OCTANT sur le linéaire de flocage à réaliser sur les gaines d’amenées d’air pour chiffrage IMATEC ,['30-06-2011'],"[15, 16, 17, 18, 19, 20, 21, 22, 23, 24, 25, 26, 28, 29, 30]","[177, 189, 205, 216, 228, 239, 250, 261, 272, 283, 293, 304, 313, 324, 335]",19,BUREAU DE CONTRÔLE
"Renseigner SOJA et OCTANT sur le linéaire de flocage à réaliser sur les gaines d’amenées d’air pour chiffrage IMATEC VU, la gaine passera 
maçonnée au sol ",['30-06-2011'],"[31, 32]","[345, 358]",3,BUREAU DE CONTRÔLE
Répondre  à la demande de FORCLUM sur la mise en œuvre de la mise à la terre ,['07-07-2011'],"[16, 17]","[189, 205]",18,BUREAU DE CONTRÔLE
"Réponse SAM+ aux observations sur passerelle et GC 
Suite aux différents échanges sur le chantier repris en objet, veuillez trouver ci-joints les plans et détails des garde-corps avec filets destinés à la 
passerelle extérieure en vue de recevoir un avis de votre part à ce sujet. ",['09-02-2012'],"[31, 32]","[345, 358]",28,BUREAU DE CONTRÔLE
"Réponse de SCHINDLER suite à OBS sur VH de la gaine 
nous nous permettons d'apporter une précision concernant la ventilation haute des gaines d'ascenseur  
pour information > selon EN81-1 de 1986 annexe H > 5.2.3 le calcul de la VH est lié au nombre de baies du niveau qui en comporte le plus.  
selon EN81-1 de 1998, la VH  est de 1% de la surface de gaine.  
sur nos plans nous précisons:  
VH = 7dm² si 1 porte palière par niveau  
VH = 14dm² si 2 portes palières au même niveau  
dans ce cas présent, nous n'avons qu'une porte par niveau , donc la section de 7dm² est largement dimensionnée. ",['24-08-2011'],"[18, 19, 20, 21, 22, 23]","[216, 228, 239, 250, 261, 272]",13,BUREAU DE CONTRÔLE
Réponse faite à la demande sur la suppression du drain ,['16-06-2011'],"[13, 14, 15]","[154, 166, 177]",13,BUREAU DE CONTRÔLE
SAM+ vous à transmis les éléments relatif à votre refus sur les mailles des gardes corps de la passerelle ,['09-02-2012'],"[31, 32]","[345, 358]",6,BUREAU DE CONTRÔLE
"Suite réunion de ce jour, nous demandons à TOMMASINI de découper certains voiles afin de respecter les 120 de passage libre dans les circulations 
LE 07/06/12 : EN ATTENTE REPONSE SICRE ",['24-05-2012'],"[59, 60, 61, 62, 63, 64, 66, 67, 68, 69, 70, 71, 72, 72, 74, 75, 76, 77, 78, 79, 80, 81, 82, 83, 84, 85, 86, 87, 88, 89, 90, 91]","[428, 444, 460, 474, 488, 501, 515, 529, 541, 555, 574, 592, 609, 627, 645, 661, 678, 691, 704, 717, 730, 744, 759, 773, 788, 803, 818, 833, 848, 863, 876, 889]",3,BUREAU DE CONTRÔLE
"Suite à la réunion, transmettre l’avis sur la suppression du drain sous plateforme ",['10-05-2011'],"[8, 9, 10, 11, 12, 13, 14, 15]","[67, 82, 104, 121, 136, 154, 166, 177]",19,BUREAU DE CONTRÔLE
"Suite à transmission des éléments relatif aux pentes et devers sur les plages, merci de transmettre rapidement vos observations ",['20-10-2011'],"[24, 25, 26]","[283, 293, 304]",10,BUREAU DE CONTRÔLE
"Toujours aucunes réponse suite à notre demande sur le flocage ou non de la gaine d’amenée AF au RDJ, demande faite en juin ",['20-10-2011'],"[24, 25, 26]","[283, 293, 304]",8,BUREAU DE CONTRÔLE
Transmettre la liste des avis restés en suspends ,['06-06-2013'],"[75, 76, 77, 78, 79, 80, 81, 82, 83, 84, 85, 86, 87, 88, 89, 90, 91]","[661, 678, 691, 704, 717, 730, 744, 759, 773, 788, 803, 818, 833, 848, 863, 876, 889]",20,BUREAU DE CONTRÔLE
Transmettre l’avis sur la suppression du drain ,['24-05-2011'],"[10, 11, 12, 13, 14, 15]","[104, 121, 136, 154, 166, 177]",16,BUREAU DE CONTRÔLE
"Valider le dossier technique de STEREC sur le lot couverture étanchéité, compris système d’accroche des lignes de vie ",['20-10-2011'],"[24, 25, 26, 28, 29, 30]","[283, 293, 304, 313, 324, 335]",6,BUREAU DE CONTRÔLE
Valider le déplacement des compteurs AEP dans le local tri sélectif. ,['10-05-2011'],"[8, 9, 10, 11, 12]","[67, 82, 104, 121, 136]",21,BUREAU DE CONTRÔLE
"Vous annoncez en réunion que l’ensemble des poutres PRS du charpentier doivent être traitées en peinture intumescente, compris sous face ",['26-04-2011'],"[6, 7, 8, 9, 10, 11, 12, 13, 14, 15]","[46, 56, 67, 82, 104, 121, 136, 154, 166, 177]",15,BUREAU DE CONTRÔLE
Vous annoncez entreprendre les essais de portance sur site  ,['29-03-2011'],"[3, 4, 5, 6, 7, 8]","[20, 28, 36, 46, 56, 67]",5,BUREAU DE CONTRÔLE
Vous demandez à recevoir le plan d’implantation des grilles de VB / VH du transfo ,['24-11-2011'],"[28, 29, 30]","[313, 324, 335]",8,BUREAU DE CONTRÔLE
"Vous devez, suite à la proposition de SONDEFOR transmettre l’implantation de vos essais d’impédance ",['09-06-2011'],"[12, 13, 14, 15]","[136, 154, 166, 177]",18,BUREAU DE CONTRÔLE
"Vous diffusez les ADEX 5 SONDEFOR, 6 SICRE, 7 HSB, et 8 TOMMASINI, copie en annexe ",['10-05-2011'],"[8, 9, 10, 11, 12]","[67, 82, 104, 121, 136]",17,BUREAU DE CONTRÔLE
"Vous organisez une réunion spécifique charpente en vos locaux en présence de la Maîtrise d’œuvre SICRE, et l’entreprise de charpente BSM 
le 08 Juillet 2011 ",['30-06-2011'],[15],[177],22,BUREAU DE CONTRÔLE
Vous prononcer sur fixation manquante du poteau charpente à gauche du parvis (fixation dans le vide car ne plombe pas sur le socle béton) ,['04-07-2013'],"[76, 77, 78, 79, 80, 81, 82, 83, 84, 85, 86, 87, 88, 89, 90, 91]","[678, 691, 704, 717, 730, 744, 759, 773, 788, 803, 818, 833, 848, 863, 876, 889]",67,BUREAU DE CONTRÔLE
Vous êtes invité à la réunion qui se tiendra le  ,['22-03-2011'],[2],[12],3,BUREAU DE CONTRÔLE
"Communauté d’Agglomération des Portes du Hainaut – Construction d’un Centre Aquatique à St Amand Les Eaux – CR MOE N° 60 
 du 24/01/13 ","['21-11-2010', '22-12-2011', '18-10-2012', '02-05-2013']","[60, 67, 72, 72, 74, 75, 80, 81, 82, 83, 84, 85, 86, 87, 91]","[453, 535, 620, 638, 654, 671, 737, 752, 766, 780, 795, 810, 825, 840, 896]",21,SSI
"DEMANDES HSB : 
Bonjour,  
Pour pouvoir chiffrer la mise en place des robinets de puisage, pouvez-vous nous envoyer la position et les détails techniques des robinets
SVP ? (diamètre, limite de prestation, etc.)  
REPONSE OCTANT/ 
Voir plans PB SOJA, les robinets initialement sur voiles doivent être positionné dans les goulottes strictement en face des robinets initiaux ",['22-12-2011'],"[28, 29, 30, 31, 32]","[318, 329, 340, 353, 365]",22,SSI
"Date 
Consignes 
Début 
demandé 
Début Réel 
Remarques ","['17-03-2011', '23-06-2011', '30-06-2011', '21-07-2011', '22-09-2011', '27-10-2011', '03-11-2011', '01-12-2011', '08-12-2011', '16-02-2012', '23-02-2012', '01-03-2012', '08-03-2012']","[43, 43, 43, 43, 43, 43, 43, 43, 43, 43, 43, 43, 43, 43, 43, 43, 43, 43, 43, 43, 43, 43, 43]","[388, 388, 388, 388, 388, 388, 388, 388, 388, 388, 388, 388, 388, 388, 388, 388, 388, 388, 388, 388, 388, 388, 388]",37,SSI
Déplacer les ancrages de mise à l’eau PMR au plus proche des pédiluves  ,['12-10-2011'],"[24, 25, 26]","[287, 298, 307]",36,SSI
"Important 
Absence Absences aux réunions de chantier","['21-07-2011', '08-03-2012']","[43, 43]","[388, 388]",1405,SSI
"La sortie de goulotte (7) du bassin apprentissage/familles est tournée de 90 degrés par rapport aux plans marché. La replacer en direction 
du bac tampon.  ",['09-06-2011'],"[12, 13, 14]","[146, 159, 171]",40,SSI
"Modifier le fond du bassin ludique afin de retrouver une hauteur de marche conforme aux ERP, soit 16 cm ou moins A MENTIONNER SUR LES 
PLANS puis transmission au BC",['30-07-2011'],"[19, 20, 21, 22, 23, 24]","[232, 244, 256, 266, 278, 287]",7,SSI
Nous indiquer si possibilité de poser un DAS + boitier vert sur portail IS dans clôtures,['03-10-2013'],"[85, 86, 87, 88, 89, 90, 91]","[804, 819, 834, 849, 864, 877, 890]",1,SSI
Page 13 sur 13 ,"['22-12-2011', '02-05-2013']","[67, 80, 82, 83, 84, 85, 86, 87]","[535, 737, 766, 780, 795, 810, 825, 840]",10,SSI
Page 15 sur 16 ,"['18-10-2012', '02-05-2013']","[60, 74, 75]","[453, 654, 671]",23,SSI
"Plans et coupes du bassin ludique/familles 
La prise balai (10) dans la jardinière est inaccessible. La déplacer à proximité de l’un ou l’autre des deux escaliers. ",['09-06-2011'],"[12, 13, 14]","[146, 159, 171]",37,SSI
"Prendre en compte CR du BC suite réunion avec pompiers + plans mis 
à jour transmis le 31/01/12 ",['09-02-2012'],"[43, 43, 43, 43]","[388, 388, 388, 388]",439,SSI
"Prendre en compte la demande de TOLLIS sur l’intégration de la buse de massage dans la bouche du dragon, voir plan 3D fourni par le
prestataire du MO ",['02-05-2013'],"[71, 72, 72, 74, 75, 76, 77, 78, 79, 80, 81, 82, 83, 84, 85, 86, 87, 88]","[603, 620, 638, 654, 671, 685, 698, 711, 724, 737, 752, 766, 780, 795, 810, 825, 840, 856]",8,SSI
RAPPEL DES POINTS EN SUSPENS,['29-09-2011'],"[23, 23]","[275, 278]",6,SSI
"Retards
Production de documents : ","['17-03-2011', '23-06-2011', '30-06-2011', '21-07-2011', '22-09-2011', '27-10-2011', '03-11-2011', '01-12-2011', '08-12-2011', '16-02-2012', '23-02-2012', '01-03-2012', '08-03-2012']","[43, 43, 43, 43, 43, 43, 43, 43, 43, 43, 43, 43, 43, 43, 43, 43, 43, 43, 43, 43, 43, 43, 43, 43]","[388, 388, 388, 388, 388, 388, 388, 388, 388, 388, 388, 388, 388, 388, 388, 388, 388, 388, 388, 388, 388, 388, 388, 388]",1469,SSI
Répondre avis N° 13 du BC ,"['08-09-2011', '15-09-2011']","[43, 43, 43]","[388, 388, 388]",779,SSI
Répondre à l’avis N°15 du BC  ,"['25-08-2011', '08-12-2011']","[43, 43, 43]","[388, 388, 388]",1497,SSI
"ST AMAND LES EAUX - Centre Aquatique 
Croquis de détails /Dragon + Evidement « col de cygne » 
A l’attention de :  FANY MOSAÏQUE – Stéphanie CHATELET 
                        PL GRAFIK – M. LAPLACE 
Société WEDI  - Francis DUMAS 
OCTANT Architecture – M. VIGNESOULT 
Copie à :              OCTANT Architecture –  M. BRICHE 
                OCTANT Architecture –  Mme SAADNIA 
                                Ville St Amand Les Eaux - M. DEBAILLEUX 
Chevilly-Larue, le 21.05.2013 
Bonjour, 
Pour faire suite aux précédents documents adressés le 16.05.13, ci-joint sous formats PDF, quelques croquis de détails complémentaires, 
montrant les liaisons et évidements entre canalisations / lot Plomberie et la forme du dragon. 
En vue d’étude et d’exécution / lot plomberie et fin d’élaboration d’images 3D /dragon pour prochaine découpe numérique de la forme 
WEDI. 
Pour information et exécution. 
Bonne réception. 
Laurent Hernandez 
06 20 94 63 48 
Société Tollis 
183 boulevard Jean Mermoz 
94550 Chevilly-Larue ",['02-05-2013'],"[72, 72, 74, 75]","[620, 638, 654, 671]",43,SSI
"Suite à la synthèse faite en présence de SOJA /IMATEC le lundi 28/03/11 en nos locaux, transmettre le détail de votre escalier d’accès au BL, 
reprendre le cheminement des réseaux sur l’arrière du BS 
Il a été convenu que compte tenu des aspects esthétique du fond de bassins les refoullements serons centrés entre les marquages de lignes de 
nage ",['29-03-2011'],"[3, 4, 5, 6, 7, 8]","[22, 31, 40, 50, 59, 72]",13,SSI
"Transmettre au OCTANT  OPC les fiches technique des matériaux et matériels que vous souhaitez mettre en œuvre pour observation / copie 
BC ",['15-03-2011'],"[1, 2, 3, 4, 5, 6, 7, 8]","[7, 14, 22, 31, 40, 50, 59, 72]",5,SSI
Transmettre chiffrage pour la mise en œuvre d’un tube de diamètre 90 en inox ,['19-01-2012'],"[30, 31, 32]","[340, 353, 365]",32,SSI
"Transmettre les documents selon liste des documents à transmettre par les 
entreprises ","['15-03-2011', '17-03-2011']","[1, 2, 3, 4, 5, 6, 7, 8, 43, 43, 43, 43, 43, 43, 43, 43, 43]","[7, 14, 22, 31, 40, 50, 59, 72, 388, 388, 388, 388, 388, 388, 388, 388, 388]",7,SSI
Transmettre pour présentation au MO un marquage chimique des marquage des ligne d’eau en fond de bassin ,['16-06-2011'],"[13, 14, 15, 16, 17, 18, 19, 20, 21, 22, 23, 24]","[159, 171, 182, 198, 209, 221, 232, 244, 256, 266, 278, 287]",42,SSI
Transmettre vos dates de disponibilité pour réunion SSI en présence des lots technique,['15-03-2011'],"[1, 2, 3, 4, 5, 6, 7, 8, 9, 10, 11, 12, 13, 14, 15, 16, 17, 18, 19, 20, 21, 22, 23, 24, 25, 26, 28, 29, 30]","[5, 12, 20, 28, 36, 46, 56, 68, 84, 104, 121, 137, 155, 166, 178, 189, 205, 217, 228, 240, 251, 261, 272, 284, 293, 304, 313, 324, 335]",1,SSI
Transmettre vos plans PAC ,"['16-06-2011', '30-06-2011']","[43, 43]","[388, 388]",264,SSI
"Veuillez trouver ci-joint quelques remarques sur le bassin d’apprentissage / ludique : 
- 
Pourquoi avoir réduit les dimensions de la jardinière séparant la rampe d’accès de la zone d’apprentissage (cf croquis) 
- 
- Pourquoi avoir déplacé le siège de mise à l’eau PMR au niveau de la plus grande profondeur (1.20m) alors qu’il était positionné 
dans la zone à 0.80m proche de la sortie du pédiluve ? ",['24-05-2011'],"[10, 11, 12]","[111, 127, 146]",13,SSI
"Vous annoncez présenter un échantillon du plot de départ au MO 
• 
Prévoir une niche avec capot étanche pour plaque de starting block 
• 
Le câblage de liaison entre le plot et le PC de commande du local MNS devra passer en sous face de plancher pour ne laisser 
aucun réseau apparent ",['24-05-2011'],"[10, 11, 12]","[111, 127, 146]",21,SSI
"Vous confirmez que vous n’avez pas besoin des poutres BA en périphérie de bassins 
SICRE confirme pour le BS et conserve les poutres BA au pourtour du bassin ludique",['10-05-2011'],"[8, 9, 10, 11, 12]","[72, 91, 111, 127, 146]",19,SSI
" Fournir coupe sur grilles façades avec prise en compte remarques MOE : fixation sur 
un cadre ",['12-01-2012'],[43],[388],1100,SSI
" Nous avons constaté ce jour en votre présence, suite au remplissage du bassin sportif que les tôles de fond présentent des ondulations, la mise
en œuvre est refusée : nous donner rapidement l’impact planning et contraintes (livraison, installations chantier…) la réception est le",['05-09-2013'],"[81, 82, 83, 84, 85, 86, 87, 88, 89, 90, 91]","[752, 766, 780, 795, 810, 825, 840, 856, 870, 883, 896]",54,SSI
"+ répondre à l’avis N°18 : 
établissement du plan VMC du local 
PAC : FAIT ",['25-08-2011'],[43],[388],767,SSI
"01 – Fondations profondes 
SONDEFOR 
Important 
Absence Absences aux réunions de chantier",['30-06-2011'],[43],[388],19,SSI
"02 - Terrassements - Fondations - Gros œuvre 
TOMMASINI 
Important 
Absence Absences aux réunions de chantier",['23-06-2011'],[43],[388],51,SSI
"03 – Traitement des façades 
TOMMASINI 
Important 
Absence Absences aux réunions de chantier",['08-03-2012'],[43],[388],234,SSI
"04 – Charpente mixte lamellé collé 
BOIS SCIES MANUFACTURES 
Important 
: 
Absence Absences aux réunions de chantier",['16-02-2012'],[43],[388],298,SSI
"05 – Couverture – Etanchéité 
STEREC NORD PICARDIE ",['08-03-2012'],[43],[388],382,SSI
"06 – Menuiseries Ext. et Int. Alu  
PMN 
Important :  
Absence Absences aux réunions de chantier",['08-03-2012'],[43],[388],471,SSI
"07 – Plomberie - Sanitaires 
ETDE 
Important 
Absence Absences aux réunions de chantier",['01-03-2012'],[43],[388],550,SSI
"08 – Trait. D’eau – Animations aquatiques 
ETDE / IMATEC 
Important 
Absence Absences aux réunions de chantier",['23-02-2012'],[43],[388],636,SSI
"09 – Trait. D’air - Chauffage 
ETDE / IMATEC 
Important 
Absence Absences aux réunions de chantier",['08-12-2011'],[43],[388],704,SSI
"10 – Electricité  
FORCLUM  INFRA NORD 
Important 
Absence Absences aux réunions de chantier",['08-03-2012'],[43],[388],850,SSI
"11 – Menuiseries Intr. Bois – Mobilier 
VICTOIRE 
Important 
Absence Absences aux réunions de chantier",['23-02-2012'],[43],[388],980,SSI
"12 – Métallerie  
SAM+ 
Important 
Absence Absences aux réunions de chantier",['03-11-2011'],[43],[388],1011,SSI
"13 – Plafonds suspendus – Correction acoustique 
VICTOIRE 
Important ",['23-02-2012'],[43],[388],1134,SSI
"14 – Etanchéité - Revêtements de sols et muraux carrelés 
BAUTERS 
Important 
Absence Absences aux réunions de chantier",['03-11-2011'],[43],[388],1167,SSI
"15 – Peinture - Revêtements muraux – Sols souples 
IERA 
Important 
Absence Absences aux réunions de chantier",['01-03-2012'],[43],[388],1275,SSI
"16 - Equipement vestiaires cabines et casiers 
SUFFIXE 
Important 
Absence Absences aux réunions de chantier",['27-10-2011'],[43],[388],1315,SSI
"17 - Equipement de piscine 
La Maison de la Piscine 
Important 
Absence Absences aux réunions de chantier",['08-12-2011'],[43],[388],1362,SSI
"18 – Gestion informatisée des Contrôles d’accès  
OEM TERMINALS &SMART OBJET ",['21-07-2011'],[43],[388],1399,SSI
"19 – Ascenseur 
SCHINDLER 
Important 
Absence 
Absences aux réunions de chantier",['30-06-2011'],[43],[388],1463,SSI
"21 – Bassin inox 
HSB 
Important 
Absence Absences aux réunions de chantier",['01-12-2011'],[43],[388],1512,SSI
"22 – Mobiliers  
AOC.D 
Important 
Absence Absences aux réunions de chantier",['01-12-2011'],[43],[388],1568,SSI
"23 – Espaces verts 
JMS PAYSAGES 
Important 
Absence Absences aux réunions de chantier",['17-03-2011'],[43],[388],1606,SSI
"24 – VRD 
COLAS 
Important 
Absence Absences aux réunions de chantier",['17-03-2011'],[43],[388],1666,SSI
6 – OBSERVATIONS PAR CORPS D'ÉTAT ,"['15-03-2011', '07-07-2011', '21-07-2011', '09-02-2012', '28-06-2012', '03-10-2013']","[1, 2, 3, 4, 5, 6, 7, 8, 9, 10, 11, 12, 13, 14, 15, 16, 17, 18, 19, 20, 21, 22, 23, 24, 25, 26, 28, 29, 30, 31, 32, 59, 60, 61, 62, 63, 64, 66, 67, 68, 69, 70, 71, 72, 72, 74, 75, 76, 77, 78, 79, 80, 81, 82, 83, 84, 85, 86, 87, 88, 89, 90, 91]","[5, 12, 20, 28, 36, 46, 56, 68, 84, 104, 121, 137, 155, 166, 178, 189, 205, 217, 228, 240, 251, 261, 272, 284, 293, 304, 313, 324, 335, 347, 360, 428, 444, 460, 474, 488, 501, 515, 529, 541, 555, 574, 592, 609, 627, 645, 662, 679, 692, 705, 718, 731, 745, 760, 774, 789, 804, 819, 834, 849, 864, 877, 890]",7,SSI
: documents non exhaustifs,['12-12-2011'],[43],[388],1097,SSI
: fin impérative pour le,['12-01-2012'],[43],[388],141,SSI
A FAIRE ,['08-09-2011'],[43],[388],509,SSI
A compléter ,['31-03-2011'],[43],[388],663,SSI
"ADEX N°10 VERITAS AVEC OBSERVATION 
Plan 6052-421J A BASSIN POLYVALENT - COUPE J 05/05/2011 24/05/2011 OB 
La hauteur des marches des escaliers d'accès à la piscine ludique ne doit pas dépasser 
16 cm ",['16-06-2011'],"[13, 14, 15, 16, 17, 18]","[159, 171, 182, 198, 209, 221]",54,SSI
"ANNEXE(S) 
:  ",['22-09-2011'],[43],[388],1729,SSI
Absence Absences aux réunions de chantier,['23-02-2012'],[43],[388],1139,SSI
"Afin de valider votre proposition de phasage sur les habillages haut en bois LMC avec 
raccords pour pose avant couverture et avant bardage intérieur : présenter un prototype  ",['03-11-2011'],[43],[388],319,SSI
"Attention : page 5 de votre CCTP vous devez des aires complémentaires pour montage 
et roulage des engins : à faire avant intervention ",['10-11-2011'],[43],[388],326,SSI
"Attention laisser un voile en attente livraison CTA dans local E11 
(livraison mi-février) ",['22-12-2011'],[43],[388],155,SSI
"Attention nous vous rappelons que l’habillage de la gaine de ventilation du hall des 
bassins devra être mis en œuvre à partir de mi-janvier : préparer prototype pour 
validation MOE : l’entreprise s’est engagée pour le 08/12/11 ",['10-11-2011'],[43],[388],1087,SSI
Attention terminer travaux recharge dalle fond bassin ludique pour le ,['22-12-2011'],[43],[388],136,SSI
"Attention vos platines de pré-scellement de la passerelle devront être livrées au GO au 
moment du coulage des longrines : vous rapprocher de l’entreprise ",['01-09-2011'],[43],[388],1070,SSI
"Boucher trous banches acrotères zone vestiaires, évacuer terrasse et 
préparer supports pour lot étanchéité ",['23-02-2012'],[43],[388],201,SSI
Chiffrer la mise en œuvre de robinets de puisages dans les goulottes FAIT. ,['01-12-2011'],"[28, 29, 30]","[318, 329, 340]",15,SSI
Chiffrer suivant la demande du MO le plot de départ avec une plateforme HSB démontable ainsi que la plateforme OSB 12 ,['15-09-2011'],"[21, 22]","[256, 266]",23,SSI
"Chiffrer suivant la demande du MO le plot de départ avec une plateforme HSB démontable ainsi que la plateforme OSB 12 
Les grilles des goulottes seront grises 
Reprendre sur vos fond de plan les hauteurs des marches 
Transmettre plan des ancrages pour vérification suite point fait ce jour et renseignement transmis sur le plan DCE ",['15-09-2011'],[23],[278],40,SSI
"Ci-joint les informations pour la refabrication de la cascade pour intégration dans le dragon 
Croquis de détails /Dragon + Evidement « col de cygne » ",['02-05-2013'],"[72, 72, 74, 75]","[620, 638, 654, 671]",19,SSI
"Ci-joint les informations pour la refabrication de la cascade pour intégration dans le dragon 
Croquis de détails /Dragon + Evidement « col de cygne » 
ST AMAND LES EAUX - Centre Aquatique 
Croquis de détails /Dragon + Evidement « col de cygne » 
A l’attention de :  FANY MOSAÏQUE – Stéphanie CHATELET 
                        PL GRAFIK – M. LAPLACE 
Société WEDI  - Francis DUMAS 
OCTANT Architecture – M. VIGNESOULT 
Copie à :              OCTANT Architecture –  M. BRICHE 
                OCTANT Architecture –  Mme SAADNIA 
                                Ville St Amand Les Eaux - M. DEBAILLEUX 
Chevilly-Larue, le 21.05.2013 
Bonjour, 
Pour faire suite aux précédents documents adressés le 16.05.13, ci-joint sous formats PDF, quelques croquis de détails complémentaires, montrant les 
liaisons et évidements entre canalisations / lot Plomberie et la forme du dragon. 
En vue d’étude et d’exécution / lot plomberie et fin d’élaboration d’images 3D /dragon pour prochaine découpe numérique de la forme WEDI. 
Pour information et exécution. 
Bonne réception. 
Laurent Hernandez 
06 20 94 63 48 
Société Tollis 
183 boulevard Jean Mermoz 
94550 Chevilly-Larue 
Laurent.hernandez@tollis.com 
tel: 01 46 60 09 55 
fax: 01 49 73 97 69 ",['02-05-2013'],"[76, 77, 78, 79, 80, 81, 82, 83, 84, 85, 86, 87, 88]","[685, 698, 711, 724, 737, 752, 766, 780, 795, 810, 825, 840, 856]",38,SSI
Compte tenu des faibles surfaces de stockage : organiser vos évacuations ,['08-03-2012'],[43],[388],226,SSI
"Confirmer ces volumes d’eaux pour les bassins pour imputation des frais de mise en eau 
Volume bassins : 
Bassin sportif : 1 250 m3 
Bassin apprentissage et zone famille : 336 m3 ",['02-05-2013'],"[72, 72, 74, 75, 76, 77, 78, 79, 80, 81, 82, 83, 84, 85, 86, 87, 88]","[620, 638, 654, 671, 685, 698, 711, 724, 737, 752, 766, 780, 795, 810, 825, 840, 856]",52,SSI
Confirmer réservation raccord ZAG ,['09-06-2011'],[43],[388],1047,SSI
"Confirmer à SAM+  section et poids de la gaine habillée du hall des bassins pour 
établissement plan PAC entreprise : cette gaine sera mise en place dès le hors 
d’eau  ",['09-06-2011'],[43],[388],742,SSI
"Confirmée faire demande à SICRE 
pour stockage intermédiaire sur 
terrasse adjacente : FAIT livraison 
reportée au 02/03/12 ",['02-02-2012'],[43],[388],811,SSI
Contrôle des réservations portes prévu le 28/02/12 : transmettre PV ,['23-02-2012'],[43],[388],1115,SSI
"Contrôle vidéo des réseaux assainissement + test d’étanchéité remis en main 
propre ce jour ",['12-05-2011'],[43],[388],1687,SSI
"Date 
Date 
Date 
Date 
Date ",['30-06-2011'],[43],[388],1480,SSI
Diffuser plans fluides à FORCLUM ,['08-12-2011'],[43],[388],696,SSI
Doc en variante présentée ,['20-10-2011'],[43],[388],418,SSI
Démarrage bassin ludique le 12/03/12,['08-03-2012'],[43],[388],371,SSI
Démarrage pose des parpaings à partir du 27/02/12 ,['23-02-2012'],[43],[388],206,SSI
Démarrage travaux gaines le 05/03/12 ,['23-02-2012'],[43],[388],837,SSI
Démarrage travaux pose batterie froide et incorpo le 05/03/12 ,['23-02-2012'],[43],[388],628,SSI
Démarrer bassin ludique le 05/03/12,['16-02-2012'],[43],[388],353,SSI
Démarrer pose isolant sous dalle du local PAC ,['01-03-2012'],[43],[388],221,SSI
Démarrer socles casiers suivant plans transmis ,['08-12-2011'],[43],[388],119,SSI
Démarrer travaux isolant en soubassement ,['01-03-2012'],[43],[388],211,SSI
Démarrer travaux rebouchages autour de réservations charpente ,['01-03-2012'],[43],[388],216,SSI
Echantillon bardage validé par MOE : transmettre délais livraison ,['09-02-2012'],[43],[388],284,SSI
"Echantillons pavé béton et coloris murs, murets et bloc marche transmis ce jour ",['16-06-2011'],[43],[388],1697,SSI
Echantillons prévus remis à la réunion du 23/02/12 ,['16-02-2012'],[43],[388],1246,SSI
"Emetteur : HSB 
FICHE TECHNIQUE POOLLIFT 08/06/2011 
Vu pour information 
Respecter l'accessibilité aux personnes handicapées 
FICHE TECHNIQUE HANDIMOVE 08/06/2011 
Vu pour information 
Respecter l'accessibilité aux personnes handicapées 
FICHE TECHNIQUE ROIGK 08/06/2011 
Vu pour information 
Respecter l'accessibilité aux personnes handicapées ",['01-09-2011'],"[19, 20, 23, 24, 25]","[232, 244, 278, 287, 298]",35,SSI
En attente note de calcul de SOJA ,['30-06-2011'],[43],[388],750,SSI
En cors ,['14-11-2011'],[43],[388],619,SSI
En cours ,"['12-01-2012', '23-02-2012']","[43, 43]","[388, 388]",170,SSI
"Entreprise en intempéries semaine 05 et 06 : nous fournir relevés météo 
de janvier ",['02-02-2012'],[43],[388],173,SSI
Etablir convention compte prorata ,['12-05-2011'],[43],[388],71,SSI
FAIT ,"['17-03-2011', '07-04-2011', '14-04-2011', '21-04-2011', '12-05-2011', '19-05-2011', '23-06-2011', '30-06-2011', '28-07-2011', '08-09-2011', '17-11-2011', '01-12-2011', '22-12-2011', '12-01-2012', '02-02-2012', '16-02-2012', '23-02-2012', '01-03-2012']","[43, 43, 43, 43, 43, 43, 43, 43, 43, 43, 43, 43, 43, 43, 43, 43, 43, 43, 43, 43, 43, 43, 43, 43, 43]","[388, 388, 388, 388, 388, 388, 388, 388, 388, 388, 388, 388, 388, 388, 388, 388, 388, 388, 388, 388, 388, 388, 388, 388, 388]",163,SSI
FAIT  ,['25-08-2011'],[43],[388],1500,SSI
"FAIT : prendre en compte remarques 
acoustibel ",['08-12-2011'],[43],[388],129,SSI
FAIT compris adex N°18 ,['08-09-2011'],[43],[388],782,SSI
FAIT hors pâte de verre ,['16-02-2012'],[43],[388],1249,SSI
FAIT le 12/10/11 ,['29-09-2011'],[43],[388],787,SSI
FORCLUM à mis à disposition une enceinte sub sur site ,['21-07-2011'],"[17, 18, 19, 20, 21, 22, 23, 24]","[209, 221, 232, 244, 256, 266, 278, 287]",30,SSI
"FOURNIR FICHES TECHNIQUES, PV, PLANS, SOCLES, COUPE TYPE SUR 
BATITS SUPPORTS 
Semaine 
38 ",['01-09-2011'],[43],[388],1349,SSI
Faire convention grue avec le GO ,['23-02-2012'],[43],[388],449,SSI
Faire mise à jour du plan des socles ,['15-12-2011'],[43],[388],789,SSI
"Faire travaux recharge béton du bassin ludique (dès validation SICRE) 
livrer la zone au charpentier pour le 05/03/12 (compris délais séchage) 
démarrer travaux coffrage afin d’avancer au maximum durant délai 
commande ",['16-02-2012'],[43],[388],195,SSI
"Faire valider par BC saignées pour passage des fourreaux en dalle (zones coulées 
avant incorporations) ",['23-02-2012'],[43],[388],967,SSI
"Faire vos réceptions supports de la zone bassin ludique : transmettre vos
demandes spécifiques relatives au relevé géomètre au GO ",['15-12-2011'],[43],[388],340,SSI
"Fin pose des chéneaux bassin sportif le 12/03/12
Fin habillage des PRS le 02/03/12 ",['23-02-2012'],[43],[388],358,SSI
"Fin travaux BL le 16/12/11 (vu avec BSM stock des fonds bassin
sportif pour mise en place le 16/12/11) ",['01-12-2011'],[43],[388],1560,SSI
"Fin travaux BS le 08/11/11, resteront les équerres d’isolation à
poser en temps masqué ",['03-11-2011'],[43],[388],1555,SSI
"Fin travaux pose des chéneaux le 16/03/12 : NE PLUS
DECALER : incidence sur travaux couverture ",['08-03-2012'],[43],[388],376,SSI
Fin travaux étanchéité terrasse le 23/03/12 ,['08-03-2012'],[43],[388],463,SSI
"Finaliser détail raccordement des DEP dans poteau au droit du chéneau avec 
BSM ",['03-11-2011'],[43],[388],428,SSI
Fourni détail de fixation gaine suspendue à la charpente ,['09-02-2012'],[43],[388],1110,SSI
"Fournir : 
Carnet de câblage 
Détail de câblage de puissance, d’automatismes, de circuit de terre et liaison ",['08-09-2011'],[43],[388],908,SSI
Fournir FT des CTA au SSI + BC + SOJA ,['30-06-2011'],[43],[388],747,SSI
Fournir FT des isolants sous bardage ,['28-07-2011'],[43],[388],269,SSI
Fournir carnet matériels  ,"['31-03-2011', '21-04-2011']","[43, 43]","[388, 388]",581,SSI
Fournir carnet matériels et plans PAC ,['31-03-2011'],[43],[388],660,SSI
Fournir coupe de principe sur bardage ,['07-04-2011'],[43],[388],259,SSI
Fournir devis pour mise en œuvre VMC dans local PAC suivant demande BC ,['25-08-2011'],[43],[388],762,SSI
Fournir dossier homologation du bassin sportif ,['14-11-2013'],"[90, 91]","[883, 896]",13,SSI
Fournir détail d’habillage des hublots ,['28-07-2011'],[43],[388],491,SSI
Fournir détail jonction étanchéité entre plages et bassins ,['23-06-2011'],[43],[388],1203,SSI
Fournir fiche technique complexe plancher chauffant ,['21-07-2011'],[43],[388],752,SSI
Fournir fiche technique des goujons cret au BC : avis N°9 ,['23-06-2011'],[43],[388],81,SSI
"Fournir fiche technique trappes lignes de nages, copie BAUTERS ",['21-07-2011'],[43],[388],1393,SSI
Fournir fiche technique volet désenfumage : URGENT ,['23-02-2012'],[43],[388],444,SSI
Fournir plan PAC formes de pentes ,['21-07-2011'],[43],[388],1213,SSI
Fournir prototype des cabines en verre ,['08-12-2011'],[43],[388],1354,SSI
Fournir relevé géomètre zone bassin ludique au charpentier ,['12-01-2012'],[43],[388],160,SSI
Fournir réservations et coupe de principe sur zones plancher chauffant ,['29-09-2011'],[43],[388],1228,SSI
Fournir réservations gaine ascenseur et dimension fosse ,['21-04-2011'],[43],[388],1487,SSI
Fournir échantillon brise soleil ,['20-10-2011'],[43],[388],274,SSI
Fournir échantillon grille  ,['28-07-2011'],[43],[388],757,SSI
Fournir échantillons ,['17-03-2011'],[43],[388],254,SSI
Fournir échantillons plomberie ,['08-09-2011'],[43],[388],609,SSI
Fournir échantillons suivant liste annexée au présent CR ,['14-04-2011'],"[43, 43, 43, 43, 43, 43, 43]","[388, 388, 388, 388, 388, 388, 388]",576,SSI
"Il manque les socles des zones 
vestiaires collectifs ",['01-09-2011'],[43],[388],1352,SSI
"La MO nous confirme ce jour qu’il faudra prévoir 2 fourreaux AEP et deux 
comptages, + 1 comptage sur station rejet ",['26-05-2011'],[43],[388],592,SSI
La MOE vous rappelle que tous les réseaux doivent être prévus encastrés ,['28-07-2011'],[43],[388],604,SSI
La désinfection des bassins est à votre charge à planifier avec OPC ,['05-09-2013'],"[81, 82, 83, 84, 85, 86, 87, 88, 89, 90, 91]","[752, 766, 780, 795, 810, 825, 840, 856, 870, 883, 896]",57,SSI
"La fourniture des platines de siphons est à votre lot (voir limites de prestations 
avec carreleur) ",['21-07-2011'],[43],[388],599,SSI
"Laurent.hernandez@tollis.com 
tel: 01 46 60 09 55 
fax: 01 49 73 97 69 ",['02-05-2013'],"[72, 72, 74, 75]","[620, 638, 654, 671]",47,SSI
"Le 12/01/12 entreprise en attente 
plan synthèse des socles ",['08-12-2011'],[43],[388],123,SSI
"Le BC VERITAS vous demande un contrôle des soudures inox des bassins, pour les parties soudées sur site ",['30-07-2011'],"[15, 16, 17, 18, 19, 20, 21, 22, 23, 24]","[182, 198, 209, 221, 232, 244, 256, 266, 278, 287]",23,SSI
Le BC nous relance sur les contrôles des soudures ,['28-06-2012'],"[46, 59, 60, 61, 62, 63, 64, 66, 67, 68, 69, 70]","[406, 437, 453, 467, 481, 495, 508, 522, 535, 550, 568, 587]",14,SSI
"Le charpentier nous indique qu’il manque des socles pieds de poteaux de 
charpente zone bassin ludique les mettre en œuvre dès que les 
températures le permettent ",['09-02-2012'],[43],[388],187,SSI
Le plan des équipements des bassins soumis ce jour à MO et exploitant est validé ,['22-09-2011'],[43],[388],1538,SSI
"Le refoulement vers le bassin (8) est déplacé. Nous étudions cette possibilité par rapport aux autres réseaux sur le plan de synthèse. 
Réponse la semaine prochaine. ",['09-06-2011'],[12],[146],43,SSI
"Le refoulement vers le bassin (8) est déplacé. Nous étudions cette possibilité par rapport aux autres réseaux sur le plan de synthèse. Réponse la 
semaine prochaine. EN ATTENTE REPONSE SOJA ",['09-06-2011'],"[13, 14]","[159, 171]",36,SSI
Les crochets ascenseurs ont-ils été livrés au GO ? ,['01-12-2011'],[43],[388],1502,SSI
Les grilles des goulottes seront grises ,['15-09-2011'],"[21, 22]","[256, 266]",25,SSI
Les reprises effectuées sur fond bassins sont refusées : nous vous renvoyons à notre constat contradictoire établi le 14/11/13 ,['21-11-2010'],[91],[896],15,SSI
"Les tôles de fond de bassin du bassin d’apprentissage présentent les mêmes ondulations que le bassin sportif : A REPREDRE EGALEMENT
TRAVAUX REFUSES ",['12-09-2013'],"[82, 83, 84, 85, 86, 87, 88, 89, 90, 91]","[766, 780, 795, 810, 825, 840, 856, 870, 883, 896]",60,SSI
Livraison CTA étage le 29/02/12 ,['02-02-2012'],[43],[388],805,SSI
"Livraison PAC au mois de mai affiner la date et avertir SAM+ pour 
pose porte après mise en place dans local ",['16-02-2012'],[43],[388],826,SSI
Livraison cuve ultrafiltration et filtres le 19/10/11 ,['29-09-2011'],[43],[388],676,SSI
Livraison des CTA mi-février ,['22-12-2011'],[43],[388],795,SSI
"Livraison du bac le 02/03/12 : FAIT 
Pose des filets le 12/03/12 
Démarrage travaux terrasse le 07/03/12 : en cours ",['01-03-2012'],[43],[388],456,SSI
Luminaires hall bassin type A et A1 validés par SOJA ,['30-06-2011'],[43],[388],885,SSI
"L’entreprise s’est engagée ce jour à transmettre un dossier complet : fiches 
techniques, échantillons, PV… pour le 10/11/11 ",['27-10-2011'],[43],[388],1307,SSI
"L’entreprise s’est engagée pour 
semaine 42 ",['08-09-2011'],[43],[388],613,SSI
L’entreprise s’est engagée pour le ,['01-12-2011'],[43],[388],1096,SSI
"L’entreprise s’est engagée à fournir semaine 29 un dossier complet : 
_ fiches techniques 
Plans implantations… ",['30-06-2011'],[43],[388],1449,SSI
"L’entreprise s’est engagée à transmettre un dossier complet, PV, fiches
techniques, échantillons, plans de calepinage pour le 10/11/11 ",['03-11-2011'],[43],[388],1159,SSI
"L’entreprise s’est engagée à transmettre un dossier complet, PV, fiches 
techniques, échantillons pour le 10/11/11 ",['03-11-2011'],[43],[388],1001,SSI
L’entreprise s’est engagée à transmettre une réponse sur CR SSI semaine 40 ,['29-09-2011'],[43],[388],784,SSI
"Manque 1 porte tierce d’accès au local « robot laveur » 90+40 sur plages côté sportif 
(réservation maximale :1.40 de large x2.10) remplissage en grillage maille ",['16-06-2011'],[43],[388],1062,SSI
Merci d’indiquer sur CR le système de déverrouillage des portes pour présentation aux pompiers ,['30-06-2011'],[43],[388],7,SSI
Mettre en place les plaques de profondeurs ,['02-05-2013'],"[71, 72, 72, 74, 75, 76, 77, 78, 79, 80, 81, 82, 83, 84, 85, 86, 87, 88]","[603, 620, 638, 654, 671, 685, 698, 711, 724, 737, 752, 766, 780, 795, 810, 825, 840, 856]",10,SSI
Mettre en place les puisages dans les goulottes suivant plan affiché en salle de réunion annoté avec légende ,['12-01-2012'],"[29, 30, 31, 32]","[329, 340, 353, 365]",31,SSI
Mettre en place éclairage chantier au sous sol du bassin ludique ,['08-12-2011'],[43],[388],950,SSI
Mettre en place éclairage chantier zone vestiaires ,['22-12-2011'],[43],[388],955,SSI
"Mettre en œuvre les fonds des bassins  
LE 03/01/13 : NON FAIT A CE JOUR ",['18-10-2012'],"[59, 60, 61, 62, 63]","[437, 453, 467, 481, 495]",18,SSI
"Mettre en œuvre les fonds des bassins  
LE 21/01/13 : NON TERMINE ",['18-10-2012'],"[64, 66, 67, 68, 69, 70]","[508, 522, 535, 550, 568, 587]",18,SSI
"Mettre en œuvre vos plateformes de roulement avant démarrage 
charpente + prendre en compte demandes besoins chantier transmis par 
BSM ",['10-11-2011'],[43],[388],99,SSI
"Mise en œuvre de la gaine soufflage dans bassin sportif début mars : prévoir vos 
équipements en conséquence  ",['09-02-2012'],"[43, 43]","[388, 388]",814,SSI
"Modifier le fond du bassin ludique afin de retrouver une hauteur de marche conforme aux ERP, soit 16 cm ou moins ",['30-07-2011'],"[15, 16, 17, 18]","[182, 198, 209, 221]",21,SSI
"Nous ne pouvons accepter vos demandes d’intempéries, en effet les températures sont positives depuis une semaines, merci d’intervenir sans
délais ",['21-03-2013'],"[69, 70]","[568, 587]",25,SSI
Nous refusons le devis 6052 sur le comblement de l’ilot ,['22-12-2011'],"[28, 29, 30, 31, 32]","[318, 329, 340, 353, 365]",24,SSI
Nous sommes toujours dans l’attente de vos interventions sur les fonds des bassins intérieurs ,['08-03-2013'],"[67, 68, 69, 70]","[535, 550, 568, 587]",26,SSI
Nous transmettre votre CR de la réunion du 30/06/11 : FAIT ,['30-06-2011'],[43],[388],3,SSI
"Nous validons votre demande de démarrer la pose des panneaux 
bambous dès sortie fabrication soit début février (nous confirmer) : 
prévoir protections ",['12-01-2012'],[43],[388],167,SSI
Objectif fin travaux bassin sportif semaine 02 ,['01-12-2011'],[43],[388],331,SSI
Observations  ,['09-06-2011'],"[12, 13, 14]","[146, 159, 171]",30,SSI
Organisation de chantier selon directives de l’OPC ,['15-03-2011'],"[1, 2, 3, 4, 5, 6, 7, 8]","[7, 14, 22, 31, 40, 50, 59, 72]",9,SSI
Page 12 sur 12 ,['21-11-2010'],[91],[896],21,SSI
Page 14 sur 15 ,['02-05-2013'],[81],[752],13,SSI
Page 17 sur 18 ,['02-05-2013'],"[72, 72]","[620, 638]",15,SSI
Page 9 du lot 18 ,['30-06-2011'],[43],[388],893,SSI
Plans PAC remis le 21/04/11 : en attente retour SOJA ,['21-04-2011'],[43],[388],586,SSI
"Plans et coupes du bassin sportif 
L’hydraulicité du bassin sportif est modifiée. Sil y a une raison impérieuse, nous la faire connaitre. Sinon, revenir à ce qui est prévu au 
marché. ",['09-06-2011'],[12],[146],34,SSI
"Plans et coupes du bassin sportif 
L’hydraulicité du bassin sportif est modifiée. Sil y a une raison impérieuse, nous la faire connaitre. Sinon, revenir à ce qui est prévu au marché. 
LE 16/06/11 :point a faire avec SOJA pour les 80%/20% de reprise ",['09-06-2011'],"[13, 14]","[159, 171]",27,SSI
"Point SOJA sur les débits des pompes jeux suite aux questions HSB 
Réponse : pourriez-vous préciser la question ? 
Les jeux ne fonctionnent pas tous en même temps, mais selon des séquences programmées. De plus les pompes sont équipées de variateurs, afin de 
s’adapter au besoin de débit. ",['01-12-2011'],"[28, 29, 30]","[318, 329, 340]",10,SSI
"Pose des filets reportée au 19/03/12 : 
les travaux charpente ne sont pas 
terminés ",['01-03-2012'],[43],[388],461,SSI
"Poser coffret elec de toute urgence : l’entreprise s’est engagée pour fin semaine 
prochaine ",['08-12-2011'],[43],[388],945,SSI
"Poser luminaires dans galeries sous sol : attention URGENT compte tenu du 
changement d’heure, les travaux de l’entreprise ETDE sont prévus démarrés le ",['27-10-2011'],[43],[388],928,SSI
Prendre connaissance de vos limites de prestations avec le lot électricité ,['30-06-2011'],[43],[388],1454,SSI
Prendre connaissance de vos limites de prestations avec lot contrôle accès ,['30-06-2011'],[43],[388],890,SSI
Prendre connaissance du rapport SSI ,['30-06-2011'],"[43, 43]","[388, 388]",1442,SSI
"Prendre en compte CRCT N°1 du BC (fournir éprouvettes béton + mise 
en place écarteurs) ",['08-09-2011'],[43],[388],92,SSI
Prendre en compte RAR MOE ,['23-02-2012'],[43],[388],366,SSI
Prendre en compte VISA SOJA N°5 ,['24-11-2011'],[43],[388],691,SSI
"Prendre en compte choix DH transmis le 19/09/11 et présenter échantillons 
demandés ",['22-09-2011'],[43],[388],1703,SSI
Prendre en compte fiche VISA N°4 de SOJA sur échantillons transmis ,['01-09-2011'],[43],[388],901,SSI
Prendre en compte indications sur fruit des tableaux transmises ce jour par le GO ,['28-07-2011'],[43],[388],496,SSI
Prendre en compte tableau des portes annoté transmis par mail le 17/06/11 : ,['16-06-2011'],[43],[388],1052,SSI
Pris en compte ,['16-06-2011'],[43],[388],1067,SSI
Production d’échantillons : ,"['17-03-2011', '23-06-2011', '30-06-2011', '21-07-2011', '22-09-2011', '27-10-2011', '03-11-2011', '01-12-2011', '08-12-2011', '16-02-2012', '23-02-2012', '01-03-2012', '08-03-2012']","[43, 43, 43, 43, 43, 43, 43, 43, 43, 43, 43, 43, 43, 43, 43, 43, 43, 43, 43, 43, 43, 43, 43, 43]","[388, 388, 388, 388, 388, 388, 388, 388, 388, 388, 388, 388, 388, 388, 388, 388, 388, 388, 388, 388, 388, 388, 388, 388]",27,SSI
"Proposition sur liaison étanchéité 
présentée à BAUTERS le 26/08/11 ",['21-07-2011'],[43],[388],1536,SSI
Prototype prévu présenté le ,['03-11-2011'],[43],[388],322,SSI
Protéger vos bacs tampons du bassin sportif : ouvrages GO au dessus ,['13-10-2011'],[43],[388],681,SSI
"Prévoir démarrage des murs rideaux début avril, pour la pose des 
châssis fixes prioriser zone vestiaires afin d’activer le hors d’air et le 
démarrage  ",['01-03-2012'],[43],[388],536,SSI
Prévoir démarrage plancher chauffant début avril ,['08-03-2012'],[43],[388],842,SSI
"Prévoir démarrage pose châssis fixes début mars et murs rideaux bassin 
sportif mi-mars ",['12-01-2012'],[43],[388],522,SSI
Prévoir démarrage terre cuite début avril ,['16-02-2012'],[43],[388],289,SSI
Prévoir démarrage travaux bardage pour fin février ,['12-01-2012'],[43],[388],279,SSI
Prévoir démarrage travaux sur réseaux EU plages du bassin sportif à partir du ,['27-10-2011'],[43],[388],615,SSI
Prévoir démarrage travaux sur réseaux bassin sportif à partir du 14/11/11 ,['27-10-2011'],[43],[388],686,SSI
"Prévoir livraison sur site le 04/07/11 : 
FAIT ",['26-05-2011'],[43],[388],596,SSI
"Prévoir mise en eau des bassins pour tests étanchéité à partir du 10/08/13, constat MOE le 22/08/13 ",['25-07-2013'],"[78, 79, 80]","[711, 724, 737]",47,SSI
"Prévoir pose des portes CF fin mars zone sous sol du bassin sportif et vestiaires 
(brutes= hors finitions) ",['23-02-2012'],[43],[388],1121,SSI
Prévoir pose gaine suspendue bassin sportif fin mars ,['09-02-2012'],[43],[388],1105,SSI
"Prévoir réception BL semaine 43 
Démarrage BL le 08/11/10 pour une fin 24/12/11 ",['20-10-2011'],[43],[388],1549,SSI
Prévoir réception support fin septembre ,['08-09-2011'],[43],[388],506,SSI
Prévoir une campagne de finitions sur les assemblages des bassins inox ,['08-03-2013'],"[67, 68, 69, 70]","[535, 550, 568, 587]",28,SSI
Prévus transmis fin août : RETARD ,['23-06-2011'],[43],[388],42,SSI
"QUESTION SICRE 
sur votre plan 049-04-l où sont données les charges apportées par les bassins, à quoi correspond l'effort Bv? Quelle est la valeur de prfg? 
Merci de ma répondre rapidement ",['03-05-2011'],"[7, 8, 9]","[59, 72, 91]",16,SSI
RAPPEL,['16-06-2011'],"[13, 14]","[156, 168]",9,SSI
RAPPEL ,"['14-04-2011', '12-05-2011', '23-06-2011', '30-06-2011', '20-10-2011', '17-11-2011']","[43, 43, 43, 43, 43, 43]","[388, 388, 388, 388, 388, 388]",74,SSI
RAPPEL + février ,['02-02-2012'],[43],[388],176,SSI
RAPPEL : travaux non démarrés le ,['13-01-2012'],[43],[388],140,SSI
"RAPPEL du 09/06/11 : fournir tous vos détails en interface avec le bardage : coupes 
sur grilles, raccord ZAG, portes… ",['01-12-2011'],[43],[388],1093,SSI
RAS,['28-06-2012'],"[59, 60, 61, 62, 63, 64, 66, 67, 68, 69, 70, 71, 72, 72, 74, 75, 76, 77, 78, 79, 80, 81, 82, 83, 84]","[428, 444, 460, 474, 488, 501, 515, 529, 541, 555, 574, 592, 609, 627, 645, 662, 679, 692, 705, 718, 731, 745, 760, 774, 789]",1,SSI
RAS ,['15-09-2011'],"[21, 22, 23]","[253, 263, 275]",3,SSI
RETARD ,['17-03-2011'],[43],[388],1630,SSI
"ROUEN, le 14  mars  2012 
Céline LANGLOIS 
Directeur travaux 
25 – Forages 
PONTIGNAC 
Important 
Absence Absences aux réunions de chantier",['22-09-2011'],[43],[388],1739,SSI
Rappel sur la protection de vos ouvrages ,['10-05-2012'],"[39, 46, 59, 60, 61, 62, 63, 64, 66, 67, 68, 69, 70]","[380, 406, 437, 453, 467, 481, 495, 508, 522, 535, 550, 568, 587]",11,SSI
"Rappel, merci de bien vouloir vous préoccuper de vos ouvrages ",['19-04-2012'],[39],[380],9,SSI
Remettre contrôle géomètre de la charpente à STEREC,['01-03-2012'],[43],[388],367,SSI
Remettre en place les protections sur les goulottes ,['12-04-2012'],"[39, 46, 59, 60, 61, 62, 63, 64, 66, 67, 68, 69, 70]","[380, 406, 437, 453, 467, 481, 495, 508, 522, 535, 550, 568, 587]",7,SSI
"Remis le 15/12/11 en réunion  
IMPORTANT transmettre copie 
papier au BC : FAIT ",['06-10-2011'],[43],[388],1238,SSI
Remis le 19/01/12 ,['17-03-2011'],[43],[388],1196,SSI
"Remis le 26/01/12 restent plans de la 
banque d’accueil et échantillon du 
plafond bois ",['03-11-2011'],[43],[388],1006,SSI
Renforcer éclairage dans RDC ,['23-02-2012'],[43],[388],972,SSI
Reportée fin mars ,['10-11-2011'],[43],[388],1090,SSI
"Reportés respectivement semaine 12 et 
13 suite intempéries ",['12-01-2012'],[43],[388],526,SSI
Reprendre devis gaine désenfumage suivant demande MOE ,['08-09-2011'],[43],[388],774,SSI
Reprendre sur vos fond de plan les hauteurs des marches ,['15-09-2011'],"[21, 22]","[256, 266]",27,SSI
Retards aux réunions de chantier,"['17-03-2011', '23-06-2011', '30-06-2011', '21-07-2011', '22-09-2011', '27-10-2011', '03-11-2011', '01-12-2011', '08-12-2011', '16-02-2012', '23-02-2012', '01-03-2012', '08-03-2012']","[43, 43, 43, 43, 43, 43, 43, 43, 43, 43, 43, 43, 43, 43, 43, 43, 43, 43, 43, 43, 43, 43, 43, 43]","[388, 388, 388, 388, 388, 388, 388, 388, 388, 388, 388, 388, 388, 388, 388, 388, 388, 388, 388, 388, 388, 388, 388, 388]",21,SSI
"Revoir le détail de support du fond de jardinière pour mise en place d’une équerre périphérique et plaque de fond 
LE 22/12/11 : Nous refusons votre chiffrage sur les fonds des jardinières ",['01-12-2011'],"[28, 29, 30]","[318, 329, 340]",13,SSI
"Réception charpente bassin sportif avant pose BAC le 01/03/12
avec MO/MOE ",['23-02-2012'],[43],[388],363,SSI
"Réception du BL prévue le 10/11/11 
pour diffusion du PV le 11/11/11 ",['20-10-2011'],[43],[388],1553,SSI
"Réception supports ce jour : transmettre PV : vous rapprocher du GO pour 
réservations sur gradins : carrelage scellé ou collé : incidence sur préparation support ",['02-02-2012'],[43],[388],1241,SSI
"Réception supports mur rideaux prévus semaine 10 
Prévoir également réception réservations châssis ",['01-03-2012'],[43],[388],542,SSI
Répondre au CR SSI ,['01-09-2011'],[43],[388],769,SSI
Répondre aux demandes du BC ,['21-07-2011'],"[17, 18]","[209, 221]",32,SSI
Répondre aux demandes du BC sur les ressuages des soudures inox ,['22-12-2011'],"[28, 29, 30, 31, 32, 39, 46, 59, 60, 61, 62, 63, 64, 66, 67, 68, 69, 70, 71, 72, 72, 74, 75, 76, 77, 78, 79, 80, 81, 82, 83, 84, 85, 86, 87, 88]","[318, 329, 340, 353, 365, 380, 406, 437, 453, 467, 481, 495, 508, 522, 535, 550, 568, 587, 603, 620, 638, 654, 671, 685, 698, 711, 724, 737, 752, 766, 780, 795, 810, 825, 840, 856]",26,SSI
Répondre avis suspendu du BC N°23 ,['17-11-2011'],"[43, 43, 43]","[388, 388, 388]",104,SSI
Répondre d’urgence à l’avis N° 24 du BC ,['24-11-2011'],[43],[388],934,SSI
Répondre à avis du BC N°11 du BC ,['21-07-2011'],"[43, 43]","[388, 388]",86,SSI
Réponse SOJA DU 07/06/2011/ fiche d’observations aux plans ,['09-06-2011'],"[12, 13, 14]","[146, 159, 171]",28,SSI
Réponse transmise le 30/11/11 ,['17-11-2011'],[43],[388],514,SSI
"Si joint le détail du plot retenu à l’AO, et validé par le  MO : 
Transmettre photos et détail fournisseur de ce plot. ",['10-05-2011'],"[8, 9]","[72, 91]",25,SSI
Soumettre caractéristiques du bardage intérieur à l’acousticien ,['08-12-2011'],[43],[388],125,SSI
"Suite au point fait avec SOJA, vous n’aviez pas transmis les altimétries avec les niveaux NGF des réseaux de TE des bassins ",['24-05-2011'],"[10, 11, 12]","[111, 127, 146]",23,SSI
"Suite à la réunion sur le désenfumage, transmettre votre CR",['09-02-2012'],"[31, 32]","[347, 360]",1,SSI
"Tracer réservations gaine bassin sportif suivant plans transmis pour 
contrôle avant sciages ",['23-02-2012'],[43],[388],832,SSI
Transmettre DOE ,['23-06-2011'],[43],[388],39,SSI
Transmettre PV des tests de réinjection ,['19-05-2011'],[43],[388],1764,SSI
Transmettre au Bureau de Contrôle l’agrément de vos soudeurs ,['16-06-2011'],"[13, 14]","[159, 171]",38,SSI
Transmettre au GO coupe sur grilles de façades ,['10-11-2011'],[43],[388],1080,SSI
Transmettre au GO exigences support sur béton remplissage fonds bassins ,['20-10-2011'],[43],[388],1543,SSI
Transmettre au GO vos réceptions supports zone bassin ludique,['09-02-2012'],[43],[388],344,SSI
"Transmettre caractéristiques et contrainte de mise en œuvre de la cuve 
ultrafiltration ",['12-05-2011'],[43],[388],671,SSI
Transmettre carnet détail au GO ,['17-11-2011'],[43],[388],516,SSI
Transmettre chiffrage en moins value pour une ligne de nage et chiffrage pour 3 petites lignes de 20 mètre FAIT ,['12-10-2011'],"[24, 25, 26]","[287, 298, 307]",34,SSI
Transmettre coupe sur siphons ,['25-08-2011'],[43],[388],1218,SSI
Transmettre coupes verticales et horizontales sur grilles en applique sur bardage ,['09-06-2011'],[43],[388],1042,SSI
"Transmettre demandes d’agréments, fiche techniques, échantillons, plans et 
détails ",['02-02-2012'],[43],[388],1627,SSI
Transmettre descente de charge de la cuve ultrafiltration ,['21-04-2011'],[43],[388],665,SSI
Transmettre devis pour mise en place de 5 alimentations pour puisage d’eau dans les goulottes ,['24-11-2011'],"[28, 29, 30]","[318, 329, 340]",5,SSI
Transmettre dossier technique des étanchéités + coupes sur points singuliers ,['06-10-2011'],[43],[388],1233,SSI
"Transmettre détail détail sur arrêt végétalisation + relevés étanchéité, 
couvertines ",['21-07-2011'],[43],[388],409,SSI
Transmettre détail fixation du bardage acoustique à FORCLUM ,['15-12-2011'],[43],[388],131,SSI
"Transmettre détail fixations des escaliers sur les voiles : prendre en compte 
réservations bardage ",['23-02-2012'],[43],[388],1127,SSI
Transmettre détails sur points singuliers mise en œuvre étanchéité ,['21-07-2011'],[43],[388],1208,SSI
Transmettre essais densité des enrobés ,['19-05-2011'],[43],[388],1692,SSI
Transmettre fiche technique ALUCOBOND ,['20-10-2011'],[43],[388],415,SSI
"Transmettre fiche technique de vos équipements prévus installés sur la banque 
d’accueil ",['30-06-2011'],"[43, 43]","[388, 388]",896,SSI
Transmettre le chiffrage pour la reprise du col de cygne du bassin d’apprentissage ,['06-06-2013'],"[75, 76, 77, 78, 79, 80, 81, 82, 83, 84, 85, 86, 87, 88]","[671, 685, 698, 711, 724, 737, 752, 766, 780, 795, 810, 825, 840, 856]",54,SSI
Transmettre le nouvel échantillon de lot pour visuel du MO avec plateforme sur le coté ,['01-09-2011'],"[19, 20, 21, 22, 23, 24, 25, 26]","[232, 244, 256, 266, 278, 287, 298, 307]",19,SSI
Transmettre le plan du plot de départ revisité ,['25-08-2011'],[18],[221],33,SSI
Transmettre l’enceinte sub pour visuel ,['01-09-2011'],"[19, 20, 23, 24, 25]","[232, 244, 278, 287, 298]",24,SSI
Transmettre l’enceinte sub pour visuel RAPPEL ,['01-09-2011'],"[21, 22]","[256, 266]",21,SSI
Transmettre plan PAC système anti-noyade  ,['16-06-2011'],[43],[388],869,SSI
Transmettre plan des ancrages pour vérification suite point fait ce jour et renseignement transmis sur le plan DCE ,['15-09-2011'],"[21, 22]","[256, 266]",29,SSI
Transmettre plan du plancher chauffant ,['22-12-2011'],[43],[388],800,SSI
Transmettre pour interprétation le détail de l’accroche de l’étanchéité sur les bassins inox avec ou sans dilatation ,['25-08-2011'],"[18, 19, 20, 21, 22, 23, 24]","[221, 232, 244, 256, 266, 278, 287]",35,SSI
Transmettre procédé mise à la terre des bassins inox (interface avec HSB) au BC ,['06-10-2011'],[43],[388],922,SSI
Transmettre proposition des plaques de profondeur en braille ,['16-06-2011'],"[13, 14]","[159, 171]",40,SSI
Transmettre relevé bassin fini ,['10-11-2011'],[26],[307],11,SSI
"Transmettre relevé bassin fini 
Le 16/11/11 : En attente finition pour transmission ",['10-11-2011'],"[28, 29, 30, 31, 32, 39, 46, 59, 60, 61, 62, 63, 64, 66, 67, 68, 69, 70, 71, 72, 72, 74, 75, 76, 77, 78, 79, 80, 81, 82, 83, 84, 85, 86, 87, 88]","[318, 329, 340, 353, 365, 380, 406, 437, 453, 467, 481, 495, 508, 522, 535, 550, 568, 587, 603, 620, 638, 654, 671, 685, 698, 711, 724, 737, 752, 766, 780, 795, 810, 825, 840, 856]",3,SSI
Transmettre relevé géomètre des forages  ,['12-05-2011'],[43],[388],1759,SSI
Transmettre réservation brique acoustique du hall des bassins à BSM ,['17-11-2011'],[43],[388],109,SSI
"Transmettre réservation du bouton poussoir des cuvettes WC, prendre en 
compte remarque MOE sur reprises des efforts cuvette pour éviter que la paroi 
en verre se brise : transmettre détail ",['15-12-2011'],[43],[388],623,SSI
Transmettre réservations sols ,['17-03-2011'],[43],[388],1193,SSI
Transmettre un chiffrage pour la mise en place d’un robinet de puisage  ,['16-06-2011'],"[13, 14, 15, 16, 17, 18]","[159, 171, 182, 198, 209, 221]",49,SSI
Transmettre un échantillon de grille de goulotte ,['16-06-2011'],"[13, 14, 15, 16, 17, 18, 19, 20, 21, 22, 23, 24]","[159, 171, 182, 198, 209, 221, 232, 244, 256, 266, 278, 287]",44,SSI
Transmettre votre bilan de puissance au BET SOJA ,['17-03-2011'],[43],[388],1431,SSI
Transmettre votre compte rendu pour diffusion aux entreprises concernées,['07-07-2011'],[16],[189],2,SSI
"Transmettre à OCTANT vos besoins en fonds de banquettes massante NON FAIT 
LE 31/05/12 : EN COURS DE DIFFUSION AVEC COPIE GO ",['10-05-2012'],[46],[406],12,SSI
"Transmettre à OCTANT vos besoins en fonds de banquettes massante NON FAIT 
LE 31/05/12 : EN COURS DE DIFFUSION AVEC COPIE GO 
LE 20/12/12 : FAIT ",['10-05-2012'],"[59, 60, 61, 62, 63, 64, 66, 67, 68, 69, 70]","[437, 453, 467, 481, 495, 508, 522, 535, 550, 568, 587]",13,SSI
Transmettre à OCTANT vos besoins en fonds de banquettes massantes ,['10-05-2012'],[39],[380],13,SSI
Transmettre à SICRE le poids de vos éléments et plan PAC ,['15-03-2011'],"[1, 2, 3, 4, 5, 6, 7, 8]","[7, 14, 22, 31, 40, 50, 59, 72]",2,SSI
"Transmis ce jour : 
- 
Coupe sur siphon pente 1.5% 
- 
Coupe sur siphon pente 3% 
- 
Coupe sur siphon plancher chauffant pente 1.5% 
- 
Coupe traversée de paroi 
- 
Coupe détail scellement 
- 
Coupe détail étanchéité siphon 
- 
Coupe traversée dalle 
- 
Coupe raccordement étanchéité sol/mur ",['01-03-2012'],[43],[388],1267,SSI
Transmis le 13/10/11 ,['15-09-2011'],[43],[388],1078,SSI
Travaux non démarrés le 24/11/11 ,['27-10-2011'],[43],[388],689,SSI
Travaux sur chemin critique : ,"['17-03-2011', '23-06-2011', '30-06-2011', '21-07-2011', '22-09-2011', '27-10-2011', '03-11-2011', '01-12-2011', '08-12-2011', '16-02-2012', '23-02-2012', '01-03-2012', '08-03-2012']","[43, 43, 43, 43, 43, 43, 43, 43, 43, 43, 43, 43, 43, 43, 43, 43, 43, 43, 43, 43, 43, 43, 43, 43]","[388, 388, 388, 388, 388, 388, 388, 388, 388, 388, 388, 388, 388, 388, 388, 388, 388, 388, 388, 388, 388, 388, 388, 388]",29,SSI
Travaux tranchée commune à prévoir début 2012 ,['12-05-2011'],[43],[388],735,SSI
URGENT ,['15-12-2011'],[43],[388],343,SSI
"URGENT : attention aux dates de 
coulage (vous rapprocher GO) : FAIT ",['15-12-2011'],[43],[388],793,SSI
"URGENT : transmettre détail de fixation des verrières sur PRS, attention ces 
pièces sont prévues livrées sem 47, si vous avez besoins de pré-trous ceux doivent 
être réalisés avant les bains de galva ",['03-11-2011'],[43],[388],422,SSI
"Un prototype est demandé à 
l’entreprise ",['21-07-2011'],[43],[388],413,SSI
"Urgent : terminer travaux poutre voile entre bassin ludique et 
dégagement accès gradins : vous allez bloquer le démarrage de la 
charpente ",['02-02-2012'],[43],[388],180,SSI
VII – Entreprises ,['30-06-2011'],[43],[388],11,SSI
"Validation OCTANT, à faire approuver par le BC ",['12-01-2012'],"[29, 30, 31, 32]","[329, 340, 353, 365]",33,SSI
"Voir modification portes 23-24-6-5-12-14 
les portes extérieures en acier galva sont systématiquement à prévoir en finition laqué. 
(RAL identique aux menuiseries 7026 gris Granit) 
De même, les grilles de ventilation extérieures seront laquée soit dans la couleur 
brique si elles s'insèrent dans les panneaux terre cuite, soit RAL7026 gris Granit si 
elles sont positionnées dans des panneaux béton. ",['16-06-2011'],[43],[388],1059,SSI
"Vous annoncez présenter un échantillon du plot de départ au MO 
• 
Prévoir une niche avec capot étanche pour plaque de starting block 
• 
Le câblage de liaison entre le plot et le PC de commande du local MNS devra passer en sous face de plancher pour ne laisser aucun réseau 
apparent 
LE 16/0611 : Vous annoncez transmettre l’échantillon le 30/06/11 si terminé ",['24-05-2011'],"[13, 14, 15, 16, 17, 18]","[159, 171, 182, 198, 209, 221]",16,SSI
"Vous demandez des précisions sur le type d’ancrage pour les animations pédagogiques, parois ou fond ??? ",['25-08-2011'],"[18, 19, 20, 21, 22, 23, 24]","[221, 232, 244, 256, 266, 278, 287]",31,SSI
Vous demandez les FT des hublots sub à FORCLYUM ,['07-07-2011'],"[16, 17, 18, 19, 20, 21, 22, 23, 24]","[198, 209, 221, 232, 244, 256, 266, 278, 287]",25,SSI
"Vous demandez les plans structure en format papier, SICRE transmettra suite à la validation du BC ces derniers ",['24-05-2011'],"[10, 11, 12]","[111, 127, 146]",25,SSI
"Vous demandez les plans structure en format papier, SICRE transmettra suite à la validation du BC ces derniers 
LE 16/06/11 : suite au point fait ce jour avec le BET SICRE, et suivant vos demandes SICRE vous envoi des plans en DWG ",['24-05-2011'],"[13, 14]","[159, 171]",19,SSI
Vous devez prendre en compte notre demande de mise en œuvre du fond de la jardinière ,['09-02-2012'],"[31, 32]","[353, 365]",22,SSI
Vous devez vous présenter afin de faire un point sur le plot de départ ,['17-05-2011'],[9],[91],16,SSI
Vous prononcer sur proposition HSB sur liaison étanchéité avec bassin inox ,['15-09-2011'],[43],[388],1223,SSI
Vu ,['28-07-2011'],[43],[388],499,SSI
afin de ne pas bloquer le,['20-01-2012'],[43],[388],142,SSI
"charpentier 
Le 01/03/12 travaux en cours : 50% ",['20-01-2012'],[43],[388],152,SSI
"compte rendu suite à la réunion SSI organisé en date du 30 juin 2011.
L’ensemble des entreprises me fourniront leur dossier technique sous format papier. 
Les clapets coupe-feu seront auto commandés. 
La centrale de traitement d’air ayant un débit supérieure à 10000m³/h, il y aura lieu de mettre en 
place un SDAD pilotant l’arrêt des moteurs et la fermeture des registres. 
Les grilles d’amenées d’air des zones de désenfumages seront à déclenchement pneumatique 
afin de permettre une ouverture simultanée avec les exutoires. 
Les verrous électromagnétiques ou gâche seront admis au marquage NFS 61.937 et seront 
équipés de bris de glace de couleur verte. 
Les tourniqués installés à l’entrée de l’établissement se déverrouilleront lors du déclenchement 
du processus de l’alarme. 
Le BAAS de type Pr sera installé au niveau de la caisse, un report d’état sera installé dans le 
bureau de direction. 
Les sanitaires seront équipés de BAAS du type flash afin de respecter l’article GN8. 
La cahier des charges fonctionnelles sera présenté au service de prévention, un plan indiquant les 
issues maintenues fermés par l’équipement d’alarme sera également présenté. ",['21-07-2011'],"[17, 18, 19, 20, 21, 22, 23, 24, 25, 26, 28, 29, 30]","[205, 217, 228, 240, 251, 261, 272, 284, 293, 304, 313, 324, 335]",20,SSI
confirmer à HSB les modèles de luminaires et haut-parleur  ,['23-06-2011'],[43],[388],874,SSI
fournir tous vos détails en interface avec le bardage  ,['01-12-2011'],[43],[388],939,SSI
"transmettre à SAM+ les fiches produits de vos éléments et leurs poids ( luminaires et 
autres )  qui viennent dans les gaines de ventilation  des bassins ",['30-06-2011'],[43],[388],880,SSI
"équipotentielles 
Tracé des circuits terminaux, fourreaux, nombre et section de câbles, plans de câblage 
des tableaux, suspensions, accrochages, calfeutrements, socles 
Plan de détail d’équipement intérieur des locaux techniques : matériels, gaines, 
canalisations… ",['08-09-2011'],[43],[388],920,SSI
évacuer container,['10-10-2013'],"[86, 87, 88, 89, 90, 91]","[825, 840, 856, 870, 883, 896]",62,SSI
Constat contradictoire en votre présence le 29/03/11 ,['22-03-2011'],"[2, 3]","[12, 20]",20,Lot 1 –FONDATIONS PROFONDES
Fournir vos notes de calculs sans délais dès réception des éléments de SICRE,['05-04-2011'],"[4, 5, 6, 7, 8]","[28, 37, 47, 56, 68]",7,Lot 1 –FONDATIONS PROFONDES
"La vérification des hypothèses de calcul a été effectuée à partir des caractéristiques pressiométriques moyennes obtenues au droit des 
sondages Pr1 à Pr7 (cf. tableaux ci-joints). ",['26-04-2011'],"[6, 7, 8, 9]","[47, 56, 68, 84]",12,Lot 1 –FONDATIONS PROFONDES
"Les résultats obtenus appellent les remarques suivantes :  
▷ 
Ecart compris entre – 2% et  7 % sur les capacités portantes des pieux. Prendre 34 KPa au lieu de 40 KPa au sein de la couche 2 et les 
valeurs de Pl moyen définies dans le tableau ci-joint, 
▷ 
Tassements pour les pieux étudiés sensiblement du même ordre (à vérifier avec les tolérances de tassement des bassins). 
Remarque : les descentes de charge sur pieux périphériques prennent-elles en compte le frottement latéral des remblais d’apport sur les voiles ou un 
dispositif anti-frottement est-il prévu : point à valider. 
LE 04/05/11 : REPONSE FAIRE AU BC ",['26-04-2011'],"[7, 8, 9]","[56, 68, 84]",22,Lot 1 –FONDATIONS PROFONDES
Les têtes de pieux devrons être à l’arase des massifs selon demande du GO ,['22-03-2011'],"[2, 3, 4, 5, 6, 7, 8]","[12, 20, 28, 37, 47, 56, 68]",18,Lot 1 –FONDATIONS PROFONDES
"Suite à vos étude, vous transmettrez au BC et copie SOREIG les proportions de frottement et effet de pointe ",['22-03-2011'],"[2, 3, 4, 5, 6, 7, 8]","[12, 20, 28, 37, 47, 56, 68]",16,Lot 1 –FONDATIONS PROFONDES
"Transmettre au OCTANT  OPC les fiches technique des matériaux et matériels que vous souhaitez mettre en œuvre pour observation / copie 
BC ",['15-03-2011'],"[1, 2, 3, 4, 5, 6, 7, 8]","[5, 12, 20, 28, 37, 47, 56, 68]",3,Lot 1 –FONDATIONS PROFONDES
"Vous avez débuté vos prestations sur les pieux, vous avez réalisé un forage d’essai entre 16 et 18 mètres, vous annoncez une bonne tenue des 
sols traversés 
Livraison machine, livraison des armatures, base vie ",['24-05-2011'],"[10, 11, 12, 13, 14]","[105, 121, 137, 155, 166]",5,Lot 1 –FONDATIONS PROFONDES
Vous présenter afin de faire un point sur vos prestations,['17-05-2011'],"[9, 10, 11, 12]","[84, 105, 121, 137]",19,Lot 1 –FONDATIONS PROFONDES
Vous présentez afin de faire un point sur la transmission du plan de recollement de pieux ,['22-03-2011'],"[2, 3]","[12, 20]",10,Lot 1 –FONDATIONS PROFONDES
Vous présentez afin de faire un point sur les recépage de pieux en présence de TOMMASINI,['22-03-2011'],"[2, 3]","[12, 20]",8,Lot 1 –FONDATIONS PROFONDES
Vous présentez afin de faire un points sur les essais d’impédance des pieux ,['22-03-2011'],"[2, 3]","[12, 20]",12,Lot 1 –FONDATIONS PROFONDES
Chiffrer la fourniture et pose de 4 pieux pour le deuxième pédiluve ,['16-06-2011'],[13],[155],16,Lot 1 –FONDATIONS PROFONDES
Chiffrer la fourniture et pose de 4 pieux pour le deuxième pédiluve A FAIRE ,['16-06-2011'],"[14, 15]","[166, 178]",40,Lot 1 –FONDATIONS PROFONDES
"DEMANDE GO /confirmer par retour si les écarts constatés sur les pieux 42, 53, 56, 61, 78, 164 sont justifiable au calcul 
REPONSE SONDEFOR/ 
Faisant suite à la réception de vos éléments concernant le recollement des pieux 
de l’affaire citée en objet, certains pieux présentent un excentrement supérieur aux tolérances 
du CCTP, à savoir D/8. Le tableau joint récapitule les écarts constatés et pour les pieux dont 
l’excentrement est supérieur à D/8, la charge et le moment induit par l’excentrement. 
Avec ces valeurs, le calcul par le logiciel Robo bat montre que pour les pieux le 
béton seul suffit à reprendre le moment d’excentrement (section théorique = 0.0cm² - sauf pieu 
53 : 0.9 cm² à comparer à 5 HA 14). Or ces pieux sont tous armés, ils sont donc d’autant plus 
en mesure de reprendre le moment d’excentrement. Il n’y a pas d’adaptation à prévoir. ",['07-07-2011'],"[16, 17, 18, 19, 20, 23]","[189, 206, 217, 229, 240, 273]",14,Lot 1 –FONDATIONS PROFONDES
Le géomètre du MO confirme que le plan d’implantation Architecte indice C est conforme au permis de construire ,['24-05-2011'],"[10, 11, 12, 13, 14]","[105, 121, 137, 155, 166]",9,Lot 1 –FONDATIONS PROFONDES
Les résultats obtenus appellent les remarques suivantes :  ,['26-04-2011'],[6],[47],14,Lot 1 –FONDATIONS PROFONDES
Organisation de chantier selon directives de l’OPC ,['15-03-2011'],"[1, 2, 3]","[5, 12, 20]",7,Lot 1 –FONDATIONS PROFONDES
"Point pieux par TOMMASINI /le GO constate des décalages dans les axes des pieux n° 30 (7.5CM pour 5 ;3 autorisé), n°83 («37,8CM pour 
5.3 autorisé). Nous vous demandons donc de procéder à un pré recollement des pieux déjà coulé IMPERATIF ",['16-06-2011'],[13],[155],14,Lot 1 –FONDATIONS PROFONDES
"Point pieux par TOMMASINI /le GO constate des décalages dans les axes des pieux n° 30 (7.5CM pour 5 ;3 autorisé), n°83 («37,8CM pour 5.3 
autorisé). Nous vous demandons donc de procéder à un pré recollement des pieux déjà coulé IMPERATIF 
LE 23/06/11 : Réponse de TOMMASINI 
• 
Pieux 83 :  
o 
notre tableau de contrôle des pieux au 15/06/11 était bien établi sur la base du plan SICRE ind C ce qui doit expliquer 
l'écart important sur ce dernier 
o 
une mise à jour de notre tableau sera faite par notre service méthode d'ici fin de semaine sur la base du plan SICRE 
ind D reçu le 14/06/11 
• 
Pour le pieux 30 : merci de nous confirmer si nous pouvons couler la tête de pieux 
• 
Pour les pieux 43/82/88 : une différence entre écart relevé et maxi (sur base 1/8 du pieux) de moins de 5 mm a été constaté. comme 
vu avec le bureau contrôle le 16/06/11 cela est plus qu'acceptable (tolérance dans la précision du relevé). donc les têtes de pieux 
peuvent être coulées 
• 
Pour ce qui est des pieux 1/7/11/18/30/64/71/72/89 : nous vous remercions de nous confirmer ceux qui peuvent être justifiée et dont 
les têtes de pieux peuvent être coulées 
• 
Pour les essais d'impédance : si votre machine part bien le 23/06/11 et si l'ensemble de la plateforme est nettoyée et renivellée d'ici 
ce soir nous vous confirmons que vous devriez pouvoir faire l'ensemble des essais ce mardi 28/06/11  ",['16-06-2011'],[14],[166],38,Lot 1 –FONDATIONS PROFONDES
"Remarque : les descentes de charge sur pieux périphériques prennent-elles en compte le frottement latéral des remblais d’apport sur les 
voiles ou un dispositif anti-frottement est-il prévu : point à valider. ",['26-04-2011'],[6],[47],23,Lot 1 –FONDATIONS PROFONDES
Suite à la fin des forages et mise en œuvre de l’ensemble des pieux transmettre le plan de recollement des pieux,['16-06-2011'],"[13, 14, 15]","[155, 166, 178]",11,Lot 1 –FONDATIONS PROFONDES
Transmettre DOE ,['15-09-2011'],"[21, 22]","[251, 261]",2,Lot 1 –FONDATIONS PROFONDES
Transmettre les FT des granulats pour les plateformes GO ,['05-04-2011'],"[5, 6, 7, 8]","[37, 47, 56, 68]",10,Lot 1 –FONDATIONS PROFONDES
Transmettre les documents selon liste des documents à transmettre par les entreprises ,['15-03-2011'],"[1, 2, 3]","[5, 12, 20]",5,Lot 1 –FONDATIONS PROFONDES
Transmettre vos DOE ,['20-10-2011'],"[24, 25, 26, 28, 29, 30, 31, 32, 59, 60, 61, 62, 63, 64, 66, 67, 68, 69, 70, 71, 72, 72, 74, 75, 76, 77, 78, 79, 80, 81, 82, 83, 84, 85, 86, 87, 88, 89, 90, 91]","[284, 293, 304, 313, 324, 335, 348, 361, 429, 445, 461, 475, 489, 502, 516, 529, 542, 555, 574, 593, 609, 627, 645, 662, 679, 692, 705, 718, 731, 745, 760, 774, 789, 804, 819, 834, 849, 864, 878, 891]",2,Lot 1 –FONDATIONS PROFONDES
Transmettre vos essais d’impédance ,['07-07-2011'],"[16, 17, 18, 19, 20, 23]","[189, 206, 217, 229, 240, 273]",16,Lot 1 –FONDATIONS PROFONDES
Transmettre votre plan de recollement de pieux,['30-06-2011'],[15],[178],4,Lot 1 –FONDATIONS PROFONDES
Vous demandez ce jour une validation sur le plan d’implantation des pieux ,['24-05-2011'],"[10, 11, 12]","[105, 121, 137]",7,Lot 1 –FONDATIONS PROFONDES
Vous demandez à la MOE un plan d’implantation classique ,['22-03-2011'],[2],[12],14,Lot 1 –FONDATIONS PROFONDES
Vous proposez au BC des pieux pour essais d’impédance,['09-06-2011'],[12],[137],10,Lot 1 –FONDATIONS PROFONDES
"Vous proposez au BC des pieux pour essais d’impédance
LE 16/06/11 : vous avez proposé des pieux pour vos essais d’impédance au Bureau de Contrôle, ce dernier valide votre proposition ",['09-06-2011'],"[13, 14]","[155, 166]",8,Lot 1 –FONDATIONS PROFONDES
Vous proposez de mettre en place une plateforme pour la mise en œuvre des pieux de la coursive PRM ,['09-06-2011'],"[12, 13, 14]","[137, 155, 166]",12,Lot 1 –FONDATIONS PROFONDES
"dans votre note de calcul du 6.5.11 indice 1, manque 4 pieux: 
214;215;216;217 pour la rampe PMR. 
Merci de bien vouloir retransmettre les notes des pieux omis sans délais ",['10-05-2011'],[8],[68],26,Lot 1 –FONDATIONS PROFONDES
"dans votre note de calcul du 6.5.11 indice 1, manque 4 pieux: 
214;215;216;217 pour la rampe PMR. 
Merci de bien vouloir retransmettre les notes des pieux omis sans délais 
LE 17/05/11 : Réponse de SONDEFOR faite ",['10-05-2011'],[9],[84],18,Lot 1 –FONDATIONS PROFONDES
"▷ 
Ecart compris entre – 2% et  7 % sur les capacités portantes des pieux. Prendre 34 KPa au lieu de 40 KPa au sein de la couche 2 
et les valeurs de Pl moyen définies dans le tableau ci-joint, 
▷ 
Tassements pour les pieux étudiés sensiblement du même ordre (à vérifier avec les tolérances de tassement des bassins). ",['26-04-2011'],[6],[47],20,Lot 1 –FONDATIONS PROFONDES
"Bouchonner les réseaux de COLAS suite à la mise en œuvre des pieux / massifs / longrines de la grue G2  
LE 23/06/11 : A FAIRE ",['16-06-2011'],"[14, 15]","[167, 178]",23,Lot 2 – TERRASSEMENTS – FONDATIONS – GROS ŒUVRE
"Chiffrer la f&p d’un fourreau de fort diamètre, (160 / 200), pour le passage du réseau AEP depuis le parvis jusqu’au local de tri selectifs, 
vous devrez respecter un rayon de courbure homogène pour le passage du PE par NOREADE ","['10-05-2011', '17-05-2011']","[8, 9, 10, 11, 12, 13, 14]","[68, 84, 105, 121, 137, 155, 167]",42,Lot 2 – TERRASSEMENTS – FONDATIONS – GROS ŒUVRE
"Chiffrer les gaines maçonnées de TA au sous sol en moins value,  IMATEC chiffrera ces gaines en galva","['30-05-2011', '09-06-2011']","[12, 13, 14, 15, 16, 17]","[137, 155, 167, 178, 190, 206]",42,Lot 2 – TERRASSEMENTS – FONDATIONS – GROS ŒUVRE
"Communauté d’Agglomération des Portes du Hainaut – Construction d’un Centre Aquatique à St Amand Les Eaux – CR MOE N° 59 
 du 10/01/13 ","['29-09-2011', '24-01-2012', '22-11-2012', '31-01-2013', '07-02-2013', '14-02-2013', '21-02-2013', '14-03-2013', '21-03-2013', '02-05-2013', '04-07-2013', '25-07-2013', '26-09-2013']","[59, 60, 61, 63, 64, 66, 67, 67, 68, 68, 69, 69, 69, 69, 70, 70, 70, 70, 71, 71, 71, 72, 72, 72, 72, 72, 72, 74, 75, 76, 77, 78, 79, 80, 81, 82, 83, 84, 85, 86, 87, 88, 89]","[429, 445, 461, 489, 502, 516, 529, 529, 542, 542, 555, 555, 555, 555, 574, 574, 574, 574, 593, 593, 593, 609, 609, 609, 627, 627, 627, 645, 662, 679, 692, 705, 718, 731, 745, 760, 774, 789, 804, 819, 834, 849, 864]",53,Lot 2 – TERRASSEMENTS – FONDATIONS – GROS ŒUVRE
"Compte tenu que vous avez la charge du gardiennage du chantier durant toute la durée des travaux, veuillez faire le necessaire pour 
sécuriser le site ",['13-12-2012'],"[59, 60, 61, 62]","[429, 445, 461, 475]",79,Lot 2 – TERRASSEMENTS – FONDATIONS – GROS ŒUVRE
"Conformément à votre OS n°10, toute cheminée de coulage non supprimée entrainera la dépose immédiate du voile ",['15-09-2011'],"[21, 22]","[251, 261]",92,Lot 2 – TERRASSEMENTS – FONDATIONS – GROS ŒUVRE
"DEMANDE TOMMASINI AU MOE 
Ci dessous les observations que nous avons à faire sur votre CR du 24/05/11 (TC = Tommasini Construction) : 
Généralités :LE CR étant sur 19 pages nous ne pouvons en lire l'intégralité et considérons n'être concerné que pour les points indiqués 
MOU/MOE/SICRE/SPS/ Lot 2 et 3 - si d'autres sujet nous concerne nous vous remercions de nous le faire savoir explicitement dans notre 
chapitre 
REPONSE OCTANT : vous devez prendre connaissance de l’intégralité du CR et nous ne pouvons vous renseigner systématiquement sur les 
points vous concernant sur les autres lots. ",['30-05-2011'],"[11, 12]","[121, 137]",27,Lot 2 – TERRASSEMENTS – FONDATIONS – GROS ŒUVRE
"Dépose d’une partie des socles des WC suite plans SUFFIXE 
LE 10/01/13 A FAIRE D URGENCE 
LE 14/02/13 : RAPPEL ",['22-11-2012'],"[61, 62, 63, 64, 66, 67, 68]","[461, 475, 489, 502, 516, 529, 542]",33,Lot 2 – TERRASSEMENTS – FONDATIONS – GROS ŒUVRE
"Entreprendre une campagne de reprise des supports sur voiles bétons et cloisons 
Le 10/01/13 : en cours ",['22-11-2012'],"[59, 60, 61, 62, 63, 64, 66, 67, 68, 69, 70, 71, 72, 72]","[429, 445, 461, 475, 489, 502, 516, 529, 542, 555, 574, 593, 609, 627]",50,Lot 2 – TERRASSEMENTS – FONDATIONS – GROS ŒUVRE
"Etancher les regards d’assainissement en rez de jardin, et mettre en place en relation avec les besoins d’ETDE les grilles ou tampons de 
fermeture ; IDEM pour fosse de relevage, voir descriptif à la suite ci dessous ",['21-03-2013'],"[69, 70, 71, 72, 72]","[555, 574, 593, 609, 627]",140,Lot 2 – TERRASSEMENTS – FONDATIONS – GROS ŒUVRE
"Etancher les regards d’assainissement en rez de jardin, et mettre en place en relation avec les besoins d’ETDE les grilles ou tampons de fermeture ; 
IDEM pour fosse de relevage, voir descriptif à la suite ci-dessous, POSTE 2.11.2 et 2.11.3 ","['21-02-2013', '21-03-2013']","[74, 75, 76, 77, 78, 79, 80, 81, 82, 83, 84, 85, 86, 87]","[645, 662, 679, 692, 705, 718, 731, 745, 760, 774, 789, 804, 819, 834]",77,Lot 2 – TERRASSEMENTS – FONDATIONS – GROS ŒUVRE
"Etanchéité et drainage des murs de soubassement à mettre en place, bitume, ardoisé et drain à plot suivant CCTP 02.3.6 
LE 21/03/13 : VU avec le BC, Monsieur CASON annonce verbalement en réunion qu’il n’est pas absolument nécessaire du fait que la galerie 
technique soit au dessus des plus hautes eaux, de mettre en place l’étanchéité ardoisée prévue initialement au DCE",['21-02-2013'],"[69, 70, 71, 72, 72, 74]","[555, 574, 593, 609, 627, 645]",78,Lot 2 – TERRASSEMENTS – FONDATIONS – GROS ŒUVRE
Il manque la présence du géotextile sous les graillons des galeries techniques et du vide sanitaire ,['21-02-2013'],"[64, 66, 67, 68, 69, 70, 71, 72, 72, 74, 75, 76, 77]","[502, 516, 529, 542, 555, 574, 593, 609, 627, 645, 662, 679, 692]",107,Lot 2 – TERRASSEMENTS – FONDATIONS – GROS ŒUVRE
"Il à été convenu entre vous et ETDE qu’ETDE trace ses socles de matériel VU
LE 19/01/12 : Les socles i=ont étés tracé par ETDE sur site",['12-01-2012'],"[30, 31, 32]","[335, 348, 361]",48,Lot 2 – TERRASSEMENTS – FONDATIONS – GROS ŒUVRE
"Isolant locaux chlore en sous face de dalle, idem pour dessous du parvis 
LE 21/03/13 : NON FAIT",['21-02-2013'],"[69, 70, 71, 72, 72, 74, 75, 76, 77, 78, 79, 80, 81, 82, 83, 84, 85, 86, 87, 88, 89, 90, 91]","[555, 574, 593, 609, 627, 645, 662, 679, 692, 705, 718, 731, 745, 760, 774, 789, 804, 819, 834, 849, 864, 878, 891]",66,Lot 2 – TERRASSEMENTS – FONDATIONS – GROS ŒUVRE
"LE 10/05/10 : revoir les quantités de cette prestation comme abordés en réunion, ne sont nécessaire que les zone en remblais => TC : merci 
de préciser sur une coupe le niveau au vous voulez que nous arrêtions 
REPONSE OCTANT : les protections contre voiles sont nécessaire lorsqu’il y a terre ou remblais contre ces derniers pour annuler l’effet de 
frottement des terres et remblais ",['30-05-2011'],"[11, 12]","[121, 137]",32,Lot 2 – TERRASSEMENTS – FONDATIONS – GROS ŒUVRE
"Le remblai de la cuve en place est non conforme au CCTP, à reprendre ou chiffrer moins value en conséquence 
LE 21/03/13 : NON FAIT",['21-02-2013'],"[69, 70, 71, 72, 72]","[555, 574, 593, 609, 627]",71,Lot 2 – TERRASSEMENTS – FONDATIONS – GROS ŒUVRE
"Merci de bien vouloir relancer le BC sur les produits de cuvelage, (en rappel la non-conformité était liée à la mise en œuvre et non au 
produit), le cuvelage n’est pas étanche au niveau des « nids de graviers », à reprendre donc. ",['20-10-2011'],"[24, 25]","[284, 293]",43,Lot 2 – TERRASSEMENTS – FONDATIONS – GROS ŒUVRE
Mettre en œuvre formes de pente des pédiluves extérieurs suivant poste 02.5.4 de votre CCTP ,['04-07-2013'],"[76, 77, 78, 79, 80, 84]","[679, 692, 705, 718, 731, 789]",89,Lot 2 – TERRASSEMENTS – FONDATIONS – GROS ŒUVRE
"Mettre en œuvre la cloison en parpaing dans douches D4 voir plan architecte 
LE 14/02/13 : NON FAIT",['24-01-2012'],"[63, 64, 66, 67, 68]","[489, 502, 516, 529, 542]",48,Lot 2 – TERRASSEMENTS – FONDATIONS – GROS ŒUVRE
"Mettre en œuvre la finition pour fermeture de la porte en vide sanitaire, porte n°13 
LE 02/05/13 : NON FAIT ","['21-02-2013', '14-03-2013']","[69, 70, 71, 72, 72, 74, 75, 76, 77, 78, 79, 80, 81, 82, 83, 84, 85, 86]","[555, 574, 593, 609, 627, 645, 662, 679, 692, 705, 718, 731, 745, 760, 774, 789, 804, 819]",127,Lot 2 – TERRASSEMENTS – FONDATIONS – GROS ŒUVRE
"Mettre en œuvre la tablette de la zone change bébé 
LE 02/05/13 : Pas de plans PAC et mise en œuvre non faite ",['10-01-2013'],"[69, 70, 71, 72, 72]","[555, 574, 593, 609, 627]",43,Lot 2 – TERRASSEMENTS – FONDATIONS – GROS ŒUVRE
"Mettre en œuvre la ventilation basse du local PAC selon chiffrage GO 
LE 21/03/13 : NON FAIT",['21-02-2013'],"[69, 70]","[555, 574]",92,Lot 2 – TERRASSEMENTS – FONDATIONS – GROS ŒUVRE
"Mettre en œuvre les enduits des locaux chlore  
LE 21/03/13 : Suite point BC et tenu au feu des parpaings sans enduits il n’est pas nécessaire de mettre en œuvre les enduits, chiffrer la 
moins value correspondante sur les deux faces compris refends ",['07-02-2013'],"[69, 70, 71, 72, 72]","[555, 574, 593, 609, 627]",50,Lot 2 – TERRASSEMENTS – FONDATIONS – GROS ŒUVRE
"Mettre en œuvre les enduits des vestiaires groupes 
LE 14/02/13 : NON FAIT ",['13-09-2012'],"[63, 64, 66, 67, 68, 69]","[489, 502, 516, 529, 542, 555]",25,Lot 2 – TERRASSEMENTS – FONDATIONS – GROS ŒUVRE
"Mettre en œuvre les linteaux manquants suivant plan ST 105D, vous n’avez pas réalisé ces derniers, voir plan de localisation transmis par 
l’OPC  ",['31-01-2013'],"[61, 62]","[461, 475]",58,Lot 2 – TERRASSEMENTS – FONDATIONS – GROS ŒUVRE
Mettre en œuvre les ouvrages du parvis pour pose des pavés à venir suite ré intervention d’un lot étanchéité ,['23-05-2013'],"[72, 74]","[627, 645]",118,Lot 2 – TERRASSEMENTS – FONDATIONS – GROS ŒUVRE
"Mettre en œuvre les socles des DEP et autres équipements 
LE 14/02/13 : NON FAIT ",['07-02-2013'],"[63, 64, 66, 67, 68, 69]","[489, 502, 516, 529, 542, 555]",83,Lot 2 – TERRASSEMENTS – FONDATIONS – GROS ŒUVRE
"Mettre en œuvre les socles des pédiluves intérieurs au droit des pièces de goulottes 
LE 14/02/13 : NON FAIT",['06-12-2012'],"[63, 64, 66, 67, 68, 69, 70, 74]","[489, 502, 516, 529, 542, 555, 574, 645]",42,Lot 2 – TERRASSEMENTS – FONDATIONS – GROS ŒUVRE
"Mettre en œuvre les surbaux des gaines des vestiaires groupe à +10cm du fini 
LE 02/05/13 : FAIT ",['21-02-2013'],"[69, 70, 71, 72, 72]","[555, 574, 593, 609, 627]",86,Lot 2 – TERRASSEMENTS – FONDATIONS – GROS ŒUVRE
"Mettre en œuvre un socle dans l’alignement des voiles béton pour mise en œuvre par BAUTERS des plinthes 
LE 02/05/13 : NON FAIT ",['14-03-2013'],"[69, 70, 71, 72, 72, 74, 75]","[555, 574, 593, 609, 627, 645, 662]",121,Lot 2 – TERRASSEMENTS – FONDATIONS – GROS ŒUVRE
"Moins value socle accueil MNS 
LE 21/03/13 : NON FAIT",['21-02-2013'],"[69, 70, 71, 72, 72]","[555, 574, 593, 609, 627]",98,Lot 2 – TERRASSEMENTS – FONDATIONS – GROS ŒUVRE
Page 6 sur 16 ,"['29-09-2011', '24-01-2012', '22-11-2012', '31-01-2013', '07-02-2013', '14-02-2013', '21-02-2013', '14-03-2013', '21-03-2013', '02-05-2013', '04-07-2013', '25-07-2013', '26-09-2013']","[59, 60, 61, 63, 64, 66, 67, 67, 68, 68, 69, 69, 69, 69, 70, 70, 70, 70, 71, 71, 71, 72, 72, 72, 72, 72, 72, 74, 75, 76, 77, 78, 79, 80, 81, 82, 83, 84, 85, 86, 87, 88, 89]","[429, 445, 461, 489, 502, 516, 529, 529, 542, 542, 555, 555, 555, 555, 574, 574, 574, 574, 593, 593, 593, 609, 609, 609, 627, 627, 627, 645, 662, 679, 692, 705, 718, 731, 745, 760, 774, 789, 804, 819, 834, 849, 864]",55,Lot 2 – TERRASSEMENTS – FONDATIONS – GROS ŒUVRE
"Point 02.4.7 mettre en œuvre le cuvelage des gaines amenées d’air, fiche technique à transmettre au BC y compris coupe sur gaine à 
présenter au BC ",['21-02-2013'],"[64, 66, 67, 68]","[502, 516, 529, 542]",110,Lot 2 – TERRASSEMENTS – FONDATIONS – GROS ŒUVRE
"Point 02.4.7 mettre en œuvre le cuvelage des gaines amenées d’air, fiche technique à transmettre au BC y compris coupe sur gaine à présenter au BC 
LE 06/06/13 : Non fait",['21-02-2013'],"[69, 70, 71, 72, 72, 74, 75, 76, 77, 78, 79, 80, 81, 82, 83, 84, 85, 86]","[555, 574, 593, 609, 627, 645, 662, 679, 692, 705, 718, 731, 745, 760, 774, 789, 804, 819]",83,Lot 2 – TERRASSEMENTS – FONDATIONS – GROS ŒUVRE
"Point a faire sur les protections contre voile  
LE 10/05/10 : revoir les quantités de cette prestation comme abordés en réunion, ne sont nécessaire que les zone en remblais 
LE 09/06/11 : suite au point fait par téléphone, et sous réserve de l’acceptation du BC les zone à protéger doivent être à + 0.15CM du TN ",['04-05-2011'],"[12, 13, 14, 15, 16, 17, 18, 19, 20, 21, 22, 23, 24, 25, 26, 28, 29, 30]","[137, 155, 167, 178, 190, 206, 217, 229, 241, 251, 261, 273, 284, 293, 304, 313, 324, 335]",8,Lot 2 – TERRASSEMENTS – FONDATIONS – GROS ŒUVRE
"Point et observations du Bureau de Contrôle 
• 
Plan ST101 A PL HAUT REZ DE JARDIN : ZONE BASSIN SPORTIF 01/07/2011 04/07/2011 OB 
Fournir l'avis technique des panneaux préfabriqués fixés sur poutres voiles, pour avis 
• 
Plan ST222 0 PL HT REZ DE JARDIN ZONE BASSIN LUDIQUE PLAGES 
ARMATURES INFERIEURES 
11/07/2011 13/07/2011 OB 
Fournir avis technique favorable du CSTB des goujons utilisés, pour avis 
A FAIRE 
• 
Plan ST228 0 PL HT REZ DE CHAUSSEE ETAGE : ZONE BASSIN LUDIQUE 
ELEVATIONS VOILES 
11/07/2011 13/07/2011 OB 
Fournir avis technique favorable du CSTB des goujons utilisés, pour avis 
A FAIRE 
• 
Plan ST237 0 REPARTITION ATTENTES ""HSB"" SUR DALLE BASSE BASSIN ZONE 
BASSIN SPORTIF 
08/07/2011 13/07/2011 OB 
Préciser la nature et caractéristiques de la résine utilisée pour scellements, pour avis 
Vous annoncez de la HY 150 HILTI pour information, vous transmettrez les fiches technique au BC",['21-07-2011'],"[20, 21, 22, 23]","[241, 251, 261, 273]",33,Lot 2 – TERRASSEMENTS – FONDATIONS – GROS ŒUVRE
"Point fait sur les platines de pré scellement des poteaux de charpente et sur les DEP dans massifs béton : suite au fait transmettre votre point
de vue ",['30-05-2011'],"[11, 12, 13, 14, 15]","[121, 137, 155, 167, 178]",12,Lot 2 – TERRASSEMENTS – FONDATIONS – GROS ŒUVRE
"Point pieux/vous constaté des décalages dans les axes des pieux n° 30 (7.5CM pour 5 ;3 autorisé), n°83 («37,8CM pour 5.3 autorisé). ",['16-06-2011'],"[13, 14]","[155, 167]",25,Lot 2 – TERRASSEMENTS – FONDATIONS – GROS ŒUVRE
"Prendre contact avec votre fournisseur de panneau de brique acoustique pour mise en œuvre d’une laine acoustique noire en remplacement 
de la laine présentée dans l’échantillon ",['25-08-2011'],"[18, 19, 20, 23]","[217, 229, 241, 273]",44,Lot 2 – TERRASSEMENTS – FONDATIONS – GROS ŒUVRE
"Prendre en compte la demande d’OCTANT suite à l’erreur de DETDE, mettre en place des réservations de 30X30 sur les réservations des 
siphons des sols pour calepinage du carrelage ",['25-08-2011'],"[18, 19, 20, 23]","[217, 229, 241, 273]",52,Lot 2 – TERRASSEMENTS – FONDATIONS – GROS ŒUVRE
"Prolonger socle de 32 cm local C7 suivant demande SUFFIXE (vu avec BAUTERS : le carreleur doit au préalable dépose cornière angle et carrelage
vertical, couler directement sur carrelage au sol avec fers de scellement) ",['29-08-2013'],"[80, 81, 82, 83, 84, 85, 86, 87]","[731, 745, 760, 774, 789, 804, 819, 834]",111,Lot 2 – TERRASSEMENTS – FONDATIONS – GROS ŒUVRE
Protéger contre les risques de chute les terrassements périphérique au pieux ,['16-06-2011'],"[13, 14]","[155, 167]",23,Lot 2 – TERRASSEMENTS – FONDATIONS – GROS ŒUVRE
"Provisoirement une pose de barrière HERAS sera posé au pourtour des tête des forages, transmettre dans l’entre fait les fiches technique 
des ouvrages de protection des têtes de forage pour validation ",['12-04-2011'],"[5, 6, 7, 8, 9]","[37, 47, 56, 68, 84]",41,Lot 2 – TERRASSEMENTS – FONDATIONS – GROS ŒUVRE
Présenter la formulation de la composition des béton des panneaux préfabriqués matricés ,['30-05-2011'],"[11, 12, 13, 18, 19]","[121, 137, 155, 217, 229]",16,Lot 2 – TERRASSEMENTS – FONDATIONS – GROS ŒUVRE
Présenter vos plans PAC pour études à Mr KUENTZ qui sera présent le 15/04/11 en vos locaux pour point structure ,['12-04-2011'],"[5, 6, 7]","[37, 47, 56]",45,Lot 2 – TERRASSEMENTS – FONDATIONS – GROS ŒUVRE
"Prévoir une mise au point pour mettre une pente sur la recharge des dalles alvéolaires vers les DEP de STERC afin de ne pas avoir de
stagnation d’eau en toiture terrasse, (pas de végétalisation sur cette zone). ",['22-12-2011'],"[28, 29]","[313, 324]",48,Lot 2 – TERRASSEMENTS – FONDATIONS – GROS ŒUVRE
"QUESTION SICRE / GO 
Pour la grue G2, en maintenant l'axe de la grue telle que vous l'aviez prévu, avec un chassis de 6.00m x 6.00m, celui ci empiète sur l'angle de 
l'escalier. Dans ce cas les distances entre les pieux de grue et ceux du batiment ne sont pas incompatibles mais empêche l'éxécution de 
l'escalier et gêne certainement la pose de la passerelle tant que la grue sera en place. 
Peut on déplacer l'axe de la grue vers le sud (en maintenant l'implantation du pieu G5 et en déplaçant les pieux G6 à G8 pour un entraxe de 
6.00 x 6.00) ? 
Dans ce cas, l'angle extrême NE du bâtiment vestiaires serait à un peu plus de 58m de l'axe de la grue. ",['10-05-2011'],"[8, 9]","[68, 84]",39,Lot 2 – TERRASSEMENTS – FONDATIONS – GROS ŒUVRE
"Rappel sur les découpes des locaux produits, les allèges sont trop hautes 
LE 14/02/13 : NON FAIT",['19-07-2019'],"[63, 64, 66, 67, 68]","[489, 502, 516, 529, 542]",22,Lot 2 – TERRASSEMENTS – FONDATIONS – GROS ŒUVRE
"Reprendre le seuil et les finitions au pourtour de la porte du local transformation  
LE 02/05/13 : NON FAIT ","['21-02-2013', '14-03-2013']","[69, 70, 71, 72, 72, 74, 75, 76, 77, 78, 79, 80, 81, 82, 83, 84, 85, 86, 87, 88, 89, 90, 91]","[555, 574, 593, 609, 627, 645, 662, 679, 692, 705, 718, 731, 745, 760, 774, 789, 804, 819, 834, 849, 864, 878, 891]",124,Lot 2 – TERRASSEMENTS – FONDATIONS – GROS ŒUVRE
"Reprendre les sols des locaux vestiaires personnels étage pour obtenir une forme de pente 
LE 02/05/13 : Un rabotage des béton du dallage a été effectué par TOMMASINI, en attente de la réception de support de BAUTERS ",['14-03-2013'],"[71, 72, 72, 74, 75, 76, 77, 78, 79, 80]","[593, 609, 627, 645, 662, 679, 692, 705, 718, 731]",73,Lot 2 – TERRASSEMENTS – FONDATIONS – GROS ŒUVRE
"Suite au point fait ce jour en réunion sur le local PAC, ne pas couler la dalle de sol du local PAC.
ETDE doit transmettre un plan PAC du rayon de cintrage des PE de fort diamètre pour mise en oeuvre d’un réservation ",['24-05-2011'],"[10, 11, 12, 13]","[105, 121, 137, 155]",18,Lot 2 – TERRASSEMENTS – FONDATIONS – GROS ŒUVRE
Suite à nos demandes vous fournissez oralement les descentes de charges du bardage en terre cuite et annoncez : 42kg/m²,['05-04-2011'],"[4, 5, 6]","[28, 37, 47]",24,Lot 2 – TERRASSEMENTS – FONDATIONS – GROS ŒUVRE
"Transmettre au OCTANT  OPC les fiches technique des matériaux et matériels que vous souhaitez mettre en œuvre pour observation / copie 
BC ",['15-03-2011'],"[1, 2, 3]","[5, 12, 20]",3,Lot 2 – TERRASSEMENTS – FONDATIONS – GROS ŒUVRE
"Transmettre aux concernés une convention de prêt de grue, ( charpentier, couvreur, HSB etc. etc.). ",['16-06-2011'],"[13, 14, 15, 16, 17]","[155, 167, 178, 190, 206]",27,Lot 2 – TERRASSEMENTS – FONDATIONS – GROS ŒUVRE
"Transmettre les FT des complexes d’étanchéité des voiles périphérique avec copie BC et GEOTECHNICIEN pour analyse des frottements
des remblais sur les voiles, et impactant sur les DDC des pieux ",['26-04-2011'],"[6, 7, 8, 9, 10, 11, 12, 13, 14, 15, 16, 17, 18, 19, 20, 21, 22, 23, 24]","[47, 56, 68, 84, 105, 121, 137, 155, 167, 178, 190, 206, 217, 229, 241, 251, 261, 273, 284]",24,Lot 2 – TERRASSEMENTS – FONDATIONS – GROS ŒUVRE
Transmettre les FT des granulats pour les plateformes GO,['12-04-2011'],"[5, 6, 7, 8]","[37, 47, 56, 68]",36,Lot 2 – TERRASSEMENTS – FONDATIONS – GROS ŒUVRE
"Transmettre les devis sur les gaines maçonnées manquantes au RDC suite point fait en réunion
Le 06/12/12 : FAIT",['22-11-2012'],"[59, 60]","[429, 445]",41,Lot 2 – TERRASSEMENTS – FONDATIONS – GROS ŒUVRE
Transmettre plan de calpinage des panneaux de bardage béton bambou préfabriquer à OCTANT ,['01-09-2011'],"[19, 20, 21, 22, 23, 24]","[229, 241, 251, 261, 273, 284]",52,Lot 2 – TERRASSEMENTS – FONDATIONS – GROS ŒUVRE
"Transmettre plans PAC des édicules des têtes de forages 
LE 02/05/13: Nous sommes toujours dans l’attente de vos PAC ",['24-05-2012'],"[63, 64, 66, 67, 68, 69, 70, 71, 72, 72]","[489, 502, 516, 529, 542, 555, 574, 593, 609, 627]",13,Lot 2 – TERRASSEMENTS – FONDATIONS – GROS ŒUVRE
"Transmettre vos essais à la plaque suivant CCTP, sur rampe PMR, sous bâtiment dans galeries et locaux 
LE 02/05/13 : NON FAIT ",['21-02-2013'],"[69, 70, 71, 72, 72, 74]","[555, 574, 593, 609, 627, 645]",74,Lot 2 – TERRASSEMENTS – FONDATIONS – GROS ŒUVRE
Transmettre échantillon de pierre agraffées ,['29-09-2011'],"[23, 24, 25, 26, 28, 29, 30, 31, 32]","[273, 284, 293, 304, 313, 324, 335, 348, 361]",82,Lot 2 – TERRASSEMENTS – FONDATIONS – GROS ŒUVRE
"Vous annoncez installer la base vie le 2 mai 11, idem clôtures",['22-03-2011'],"[2, 3, 4]","[12, 20, 28]",14,Lot 2 – TERRASSEMENTS – FONDATIONS – GROS ŒUVRE
"Vous annoncez que les plans armatures des poteaux de supports des plages BS et poutres plates BS alors que transmission de plan N°218 / 
219 ",['07-07-2011'],"[16, 17]","[190, 206]",35,Lot 2 – TERRASSEMENTS – FONDATIONS – GROS ŒUVRE
"Vous avez trop enterré les bardages bambou coté garage à vélo, vous devez transmettre une méthode de résorption des niveaux, en effet les 
seuils étaient aux normes PMR  
Toujours en attente : 
Echantillons pierre agrafée, seuil et pavés parvis 
Plan PAC des édicules de forages 
Etc 
Suivant liste ci-dessus ",['10-01-2013'],"[59, 60]","[429, 445]",89,Lot 2 – TERRASSEMENTS – FONDATIONS – GROS ŒUVRE
"Vous devez assister FORCLUM lors de la mise en œuvre des réseaux élec dans les alvéoles suite à vos omissions de mise en place des boitiers
élec dans les dalles alvéolaire ",['22-12-2011'],"[28, 29, 30]","[313, 324, 335]",41,Lot 2 – TERRASSEMENTS – FONDATIONS – GROS ŒUVRE
"Vous devez transmettre d’urgence vos plans PAC sur les édicules des forages PAC, nous devons les mettre en places rapidement 
LE 14/02/13 : NON FAIT ",['13-09-2012'],"[63, 64, 66, 67, 68, 69, 70]","[489, 502, 516, 529, 542, 555, 574]",32,Lot 2 – TERRASSEMENTS – FONDATIONS – GROS ŒUVRE
"Vous devez transmettre les épaisseurs des complexes des habillages intérieurs à BSM, ossatures primaires et secondaires afin de finaliser les 
implantation des panneau en contre collés BSM 
LE 24/11/11 : A faire suite validation échantillons 
LE 19/01/12 : En cours suite au refus des panneaux de correction acoustique par ACOUSTIBEL, retransmettre les nouvelles épaisseurs des 
complexes 
LE 09/02/12 : Courriel ACOUSTIBEL 
« Bonjour, 
Je vous demande de bien vouloir excuser notre retard à répondre à ce mail qui s’est un peu perdu. 
Le PHONICERAM dB dispose d’un coefficient d ’absorption acoustique αw de seulement 0,50 ce qui est très inférieur à la valeur demandée 
qui doit être telle que αw  ≥ 0.85. 
Les autres valeurs de coefficient d’absorption acoustique fournies du PHONICERAM dB montrent bien que les autres références de 
coefficients d’absorption acoustiques sont elles aussi nettement inférieures à celles du  PHONBRIC de TERREAL ayant servi à la simulation 
de l’étude acoustique en phase PRO. 
Pour accepter ce produit, il faudrait donc augmenter la surface disponible de 1720 à 280 m² au minimum ce qui ne sera pas facile. 
Cordialement » ",['17-11-2011'],"[31, 32]","[348, 361]",32,Lot 2 – TERRASSEMENTS – FONDATIONS – GROS ŒUVRE
"Vous n’avez toujours pas chiffré les demandes de la Moe, soit : les gaine d’arrivée d’air neuf, les moins-values sur les protections contre
voiles ",['30-06-2011'],"[15, 16, 17, 18, 19, 20, 23]","[178, 190, 206, 217, 229, 241, 273]",27,Lot 2 – TERRASSEMENTS – FONDATIONS – GROS ŒUVRE
"Vous prévenez qu’il vous manque des charges sur les zones vestiaires sanitaires et en prolongement des gradins, charge permanente set 
charges d’exploitation ",['07-07-2011'],"[16, 17]","[190, 206]",32,Lot 2 – TERRASSEMENTS – FONDATIONS – GROS ŒUVRE
 Mettre en œuvre les réservations pour l’encastrement des douches de ETDE ,['27-10-2011'],[25],[293],23,Lot 2 – TERRASSEMENTS – FONDATIONS – GROS ŒUVRE
" Mettre en œuvre les réservations pour l’encastrement des douches d’ETDE 
A FAIRE ",['27-10-2011'],[26],[304],24,Lot 2 – TERRASSEMENTS – FONDATIONS – GROS ŒUVRE
:  105 Jours de retards à 500€ / JRS = 52 500€ à retenir sur la prochaine situation,['20-09-2011'],"[21, 22]","[251, 261]",5,Lot 2 – TERRASSEMENTS – FONDATIONS – GROS ŒUVRE
: A transmettre au BC pour avis,['20-10-2011'],[24],[284],5,Lot 2 – TERRASSEMENTS – FONDATIONS – GROS ŒUVRE
: Annonce transmission sous peu,['08-09-2011'],"[20, 23, 24]","[241, 273, 284]",5,Lot 2 – TERRASSEMENTS – FONDATIONS – GROS ŒUVRE
: VOIR PLAN DE PLATEFORME,['17-05-2011'],"[9, 10, 11, 12, 13, 14, 15]","[84, 105, 121, 137, 155, 167, 178]",13,Lot 2 – TERRASSEMENTS – FONDATIONS – GROS ŒUVRE
: pas de soucis pour le déplacement de la grue voir réponse faite à SICRE le 16/05/11,['17-05-2011'],[9],[84],24,Lot 2 – TERRASSEMENTS – FONDATIONS – GROS ŒUVRE
: tout document transmis en retards fait l’objet d’application de pénalités,['28-07-2011'],"[18, 19, 20, 23]","[217, 229, 241, 273]",4,Lot 2 – TERRASSEMENTS – FONDATIONS – GROS ŒUVRE
"A 
Déplacer de 5 à 7 cm la réservation de désenfumage des vestiaires publics sur la droite face à cette dernière ",['21-03-2013'],"[69, 70]","[555, 574]",144,Lot 2 – TERRASSEMENTS – FONDATIONS – GROS ŒUVRE
A chiffrer en moins value le poste 02.4.7 ,['22-12-2011'],"[28, 29]","[313, 324]",52,Lot 2 – TERRASSEMENTS – FONDATIONS – GROS ŒUVRE
Aucunes transmissions de plan PAC sur les accroches des panneaux ,['25-08-2011'],"[18, 19, 20, 23]","[217, 229, 241, 273]",56,Lot 2 – TERRASSEMENTS – FONDATIONS – GROS ŒUVRE
Bouchonner les réseaux de COLAS suite à la mise en œuvre des pieux / massifs / longrines de la grue G2,['16-06-2011'],[13],[155],19,Lot 2 – TERRASSEMENTS – FONDATIONS – GROS ŒUVRE
"Calfeutrement à reprendre sur châssis salle d’entrainement, la réservation est trop large, maximum 2cm ",['14-03-2013'],"[68, 71, 72, 72, 74]","[542, 593, 609, 627, 645]",130,Lot 2 – TERRASSEMENTS – FONDATIONS – GROS ŒUVRE
"Calfeutrement à reprendre sur châssis salle d’entrainement, la réservation est trop large, maximum 2cm 
LE 21/03/13 : NON FAIT ",['14-03-2013'],"[69, 70]","[555, 574]",115,Lot 2 – TERRASSEMENTS – FONDATIONS – GROS ŒUVRE
Chauffage à mettre en place dans les zones demandées par l’OPC ,['07-02-2013'],[62],[475],81,Lot 2 – TERRASSEMENTS – FONDATIONS – GROS ŒUVRE
"Chauffage à mettre en place dans les zones demandées par l’OPC 
LE 14/02/13 : NON FAIT ",['07-02-2013'],"[63, 64, 66, 67, 68]","[489, 502, 516, 529, 542]",89,Lot 2 – TERRASSEMENTS – FONDATIONS – GROS ŒUVRE
"Chiffrer la f&p d’un fourreau de fort diamètre, (160 / 200), pour le passage du réseau AEP depuis le parvis jusqu’au local de tri
selectifs, vous devrez respecter un rayon de courbure homogène pour le passage du PE par NOREADE => TC nous confirmer le rayon de 
courbure 
REPONSE OCTANT :Pourquoi faudrait il le rayon de cintrage pour chiffrer cette demande ??? 
Ci-joint les informations de ETDE sur les rayons de courbure des PE de la PAC ",['10-05-2011'],[11],[121],38,Lot 2 – TERRASSEMENTS – FONDATIONS – GROS ŒUVRE
"Chiffrer la f&p d’un fourreau de fort diamètre, (160 / 200), pour le passage du réseau AEP depuis le parvis jusqu’au local de tri selectifs,
vous devrez respecter un rayon de courbure homogène pour le passage du PE par NOREADE => TC nous confirmer le rayon de courbure 
REPONSE OCTANT :Pourquoi faudrait il le rayon de cintrage pour chiffrer cette demande ??? 
Ci-joint les informations de ETDE sur les rayons de courbure des PE de la PAC 
Le rayon de courbure des réseaux en PE pour les réseaux PAC est de 30 DN. 
Pour le réseau prévu en DN250, le rayon de courbure est donc de 7,5 m. 
Pour les réseaux prévus en DN160, le rayon de courbure est donc de 4,8 m. ",['10-05-2011'],[12],[137],41,Lot 2 – TERRASSEMENTS – FONDATIONS – GROS ŒUVRE
Constat d’huissier des avoisinants à faire avant intervention sur site ,['15-03-2011'],"[1, 2, 3, 4, 5]","[5, 12, 20, 28, 37]",9,Lot 2 – TERRASSEMENTS – FONDATIONS – GROS ŒUVRE
Constat d’huissier des avoisinants à faire avant intervention sur site FAIT A TRANSMETTRE ,['15-03-2011'],"[6, 7]","[47, 56]",2,Lot 2 – TERRASSEMENTS – FONDATIONS – GROS ŒUVRE
"Constat d’huissier des avoisinants à faire avant intervention sur site FAIT A TRANSMETTRE 
LE 10/05/10 : RAPPEL ",['15-03-2011'],"[8, 9]","[68, 84]",3,Lot 2 – TERRASSEMENTS – FONDATIONS – GROS ŒUVRE
"Constat effectué ce jour en présence du représentant de TOMMASINI et du MO sur la fin des ouvrages de terrassement malgré une mise en
veille ",['24-05-2011'],[10],[105],15,Lot 2 – TERRASSEMENTS – FONDATIONS – GROS ŒUVRE
"Constat est fait ce jour, que bien que vous ayez formellement prévu de réaliser vos voiles toutes hauteur, vous ne les réalisés qu’en 3 fois, 
merci de justifier suite à vos demandes insistantes vous ne réalisez pas les voiles toutes hauteur ",['25-08-2011'],[18],[217],49,Lot 2 – TERRASSEMENTS – FONDATIONS – GROS ŒUVRE
"DEMANDE GO /confirmer par retour si les écarts constatés sur les pieux 42, 53, 56, 61, 78, 164 sont justifiable au calcul 
REPONSE SONDEFOR/ 
Faisant suite à la réception de vos éléments concernant le recollement des pieux 
de l’affaire citée en objet, certains pieux présentent un excentrement supérieur aux tolérances 
du CCTP, à savoir D/8. Le tableau joint récapitule les écarts constatés et pour les pieux dont 
l’excentrement est supérieur à D/8, la charge et le moment induit par l’excentrement. 
Avec ces valeurs, le calcul par le logiciel Robo bat montre que pour les pieux le 
béton seul suffit à reprendre le moment d’excentrement (section théorique = 0.0cm² - sauf pieu 
53 : 0.9 cm² à comparer à 5 HA 14). Or ces pieux sont tous armés, ils sont donc d’autant plus 
en mesure de reprendre le moment d’excentrement. Il n’y a pas d’adaptation à prévoir. ",['07-07-2011'],"[16, 17]","[190, 206]",29,Lot 2 – TERRASSEMENTS – FONDATIONS – GROS ŒUVRE
"DEMANDES GO : 
• 
Vous êtes en attente des infos sur les évacuations des bacs tampons 
• 
Vous demandez une validation du devis radier ",['21-09-2012'],[22],[261],71,Lot 2 – TERRASSEMENTS – FONDATIONS – GROS ŒUVRE
"DEMANDES GO : 
• Vous êtes en attente des infos sur les évacuations des bacs tampons 
• Vous demandez une validation du devis radier 
Vous refusez mettre à disposition votre grue pour le déchargement des bassins inox, vous n’avez d’aileur pas transmis votre convention de 
prêt de grue à TCE 
Libérer le bassin sportif sans délais ",['21-09-2012'],[23],[273],68,Lot 2 – TERRASSEMENTS – FONDATIONS – GROS ŒUVRE
"Demandes HSB sur les reprises de fonds de bassins et banquette 
Je fais suite à mon passage sur site jeudi 29.11.2012 et je vous confirme que certaines zones de la recharge béton en fond de bassin sont à reprendre, 
dans les 2 bassins.  
Conformément que nous avons pu relever lors de notre contrôle avec le chef de chantier de TOMMASINI, il s’agit de :  
- 
Ajouter le béton manquant au niveau des lits massant, cf. photo « lits massant » en pièce jointe.  
- 
Reprendre les zones présentant des aspérités trop prononcées, cf. photo « Fond de bassin ».  
Ces zones sont localisées sur les 2 bassins : traces de pneu, traces laissées par le stockage de palettes, recharge béton présentant des 
aspérités, béton sur la feuillure en pied de paroi à supprimer, ragréage au niveau de la bonde de fond du bassin sportif.  
Une tôle inox de 1,5mm sera soudé en fond de bassin, le rendu du béton doit donc être lisse faute de quoi les aspérités les plus importantes 
poinçonneront l’inox.  
P.S : nous restons dans l’attente de votre confirmation pour un démarrage de la pose des fonds de bassin début janvier. Par quel bassin devons nous 
démarrer ?  
Stéphane Caspar  ",['06-12-2012'],"[59, 60]","[429, 445]",76,Lot 2 – TERRASSEMENTS – FONDATIONS – GROS ŒUVRE
"Demandes SICRE à TOMMASINI 
Nous transmettre le ferraillage des chevêtres et des zones coulées en place. ",['01-12-2011'],"[28, 29]","[313, 324]",33,Lot 2 – TERRASSEMENTS – FONDATIONS – GROS ŒUVRE
"Démarrer les enduits sur les zones de parpaings 
LE 10/01/13 : NON FAIT ",['22-11-2012'],"[59, 60]","[429, 445]",47,Lot 2 – TERRASSEMENTS – FONDATIONS – GROS ŒUVRE
"Démarrer les enduits sur les zones de parpaings 
LE 10/01/13 : NON FAIT 
LE 31/01/13/RAPPEL ",['22-11-2012'],"[61, 62]","[461, 475]",37,Lot 2 – TERRASSEMENTS – FONDATIONS – GROS ŒUVRE
"Dépose d’une partie des socles des WC suite plans SUFFIXE 
LE 10/01/13 A FAIRE D URGENCE ",['22-11-2012'],"[59, 60]","[429, 445]",44,Lot 2 – TERRASSEMENTS – FONDATIONS – GROS ŒUVRE
"Dépose d’une partie des socles des WC suite plans SUFFIXE 
LE 21/03/13 : FAIT ",['22-11-2012'],"[69, 70]","[555, 574]",30,Lot 2 – TERRASSEMENTS – FONDATIONS – GROS ŒUVRE
EXTRAIT du CCAP ,['05-04-2011'],"[4, 5]","[28, 37]",22,Lot 2 – TERRASSEMENTS – FONDATIONS – GROS ŒUVRE
Effectifs 19 personnes ,['07-07-2011'],[16],[190],39,Lot 2 – TERRASSEMENTS – FONDATIONS – GROS ŒUVRE
Effectuer vos calfeutrements sous bac entre les zones sèches et humides ,['19-07-2019'],"[61, 62]","[461, 475]",18,Lot 2 – TERRASSEMENTS – FONDATIONS – GROS ŒUVRE
"Effectuer vos calfeutrements sous bac entre les zones sèches et humides 
LE 18/10/12 : NON FAIT ",['19-07-2019'],"[59, 60]","[429, 445]",18,Lot 2 – TERRASSEMENTS – FONDATIONS – GROS ŒUVRE
"En complément du plan ci-dessus, étudier la mise en œuvre de gaines agglo en 10 au sol pour désenfumage  ",['23-02-2012'],[32],[361],54,Lot 2 – TERRASSEMENTS – FONDATIONS – GROS ŒUVRE
"Enduits douches publiques impératif, idem vestiaires groupes ",['07-02-2013'],[62],[475],75,Lot 2 – TERRASSEMENTS – FONDATIONS – GROS ŒUVRE
"Etanchéité et drainage des murs de soubassement à mettre en place, bitume, ardoisé et drain à plot suivant CCTP 02.3.6 ",['21-02-2013'],"[64, 66, 67, 68]","[502, 516, 529, 542]",105,Lot 2 – TERRASSEMENTS – FONDATIONS – GROS ŒUVRE
"Etudier, suite à la demande d’ETDE la possibilité d’étayer vos planchers et gradins avec les cuves des bacs tampons installées au préalable ",['23-06-2011'],[14],[167],37,Lot 2 – TERRASSEMENTS – FONDATIONS – GROS ŒUVRE
"Etudier, suite à la demande d’ETDE la possibilité d’étayer vos planchers et gradins avec les cuves des bacs tampons installées au préalable VU en 
réunion GO OK ",['23-06-2011'],[15],[178],25,Lot 2 – TERRASSEMENTS – FONDATIONS – GROS ŒUVRE
"Faire le tour des isolants à mettre en œuvre, voir zone local vélo et autre suivant CCTP ",['07-02-2013'],"[62, 63, 64, 66, 67, 68]","[475, 489, 502, 516, 529, 542]",69,Lot 2 – TERRASSEMENTS – FONDATIONS – GROS ŒUVRE
Faire recharge béton sur palier bas escalier E3 pour rattrapage des défauts et mise à niveau des portes  ,['14-11-2013'],"[90, 91]","[878, 891]",62,Lot 2 – TERRASSEMENTS – FONDATIONS – GROS ŒUVRE
"Faire un nettoyage au CP des zones de travail intérieures et extérieures au prorata des entreprises présentes depuis le dernier nettoyage, 
TOMMASINI compris ",['31-01-2013'],"[61, 62]","[461, 475]",73,Lot 2 – TERRASSEMENTS – FONDATIONS – GROS ŒUVRE
"Faire un nettoyage au CP des zones de travail intérieures et extérieures au prorata des entreprises présentes depuis le dernier nettoyage, 
TOMMASINI compris 
LE 14/02/13 : NON FAIT ",['31-01-2013'],"[63, 64, 66, 67, 68]","[489, 502, 516, 529, 542]",61,Lot 2 – TERRASSEMENTS – FONDATIONS – GROS ŒUVRE
Faire un point avec VICTOIRE sur les abouts des voiles à raboter pour l’alignement parfait avec les plaques de plâtre au R+1 ,['08-11-2012'],"[59, 60]","[429, 445]",36,Lot 2 – TERRASSEMENTS – FONDATIONS – GROS ŒUVRE
Fournir PV des essais COPREC ,['14-11-2013'],"[90, 91]","[878, 891]",60,Lot 2 – TERRASSEMENTS – FONDATIONS – GROS ŒUVRE
Fournir au BC attestation de mise en œuvre des calfeutrements ,['26-09-2013'],"[84, 85, 86, 87, 88, 89, 90, 91]","[789, 804, 819, 834, 849, 864, 878, 891]",88,Lot 2 – TERRASSEMENTS – FONDATIONS – GROS ŒUVRE
Fournir au BC les plans des panneaux préfa non structurels bambou ,['01-09-2011'],"[19, 20, 21, 22, 23, 24]","[229, 241, 251, 261, 273, 284]",54,Lot 2 – TERRASSEMENTS – FONDATIONS – GROS ŒUVRE
Il manque la présence du géotextile sous les gravillons des galeries techniques et du vide sanitaire : présenter moins value ,['21-02-2013'],"[78, 79, 80, 81, 82, 83, 84, 85, 86, 87, 88, 89, 90, 91]","[705, 718, 731, 745, 760, 774, 789, 804, 819, 834, 849, 864, 878, 891]",19,Lot 2 – TERRASSEMENTS – FONDATIONS – GROS ŒUVRE
Il à été convenu entre vous et ETDE qu’ETDE trace ses socles de matériel ,['12-01-2012'],[29],[324],55,Lot 2 – TERRASSEMENTS – FONDATIONS – GROS ŒUVRE
"Isolant locaux chlore en sous face de dalle, idem pour dessous du parvis ",['21-02-2013'],"[64, 66, 67, 68]","[502, 516, 529, 542]",97,Lot 2 – TERRASSEMENTS – FONDATIONS – GROS ŒUVRE
LE 06/12/12 : EN COURS CE JOUR ,['13-09-2012'],"[59, 60]","[429, 445]",24,Lot 2 – TERRASSEMENTS – FONDATIONS – GROS ŒUVRE
LE 10/01/13 : NON FAIT ,['06-12-2012'],"[59, 60]","[429, 445]",60,Lot 2 – TERRASSEMENTS – FONDATIONS – GROS ŒUVRE
LE 24/01/13 : en attente information de SICRE ,['24-05-2012'],[60],[445],11,Lot 2 – TERRASSEMENTS – FONDATIONS – GROS ŒUVRE
"LE 31/01/13 : NON FAIT, en attente des compléments d’information de BAUTERS sur dimensions surbaux, entraxes surbaux, relevé sur JD, 
etc ",['06-12-2012'],[61],[461],45,Lot 2 – TERRASSEMENTS – FONDATIONS – GROS ŒUVRE
La finition des désactivés n’est pas satisfaisante  ,['18-07-2013'],"[84, 85, 86, 87, 88, 89, 90, 91]","[789, 804, 819, 834, 849, 864, 878, 891]",63,Lot 2 – TERRASSEMENTS – FONDATIONS – GROS ŒUVRE
La finition des désactivés n’est pas satisfaisante : nous vous donnons RDV le 25/07/13 pour état des lieux des zones à reprendre ,['18-07-2013'],"[77, 78, 79, 80, 81, 82, 83]","[692, 705, 718, 731, 745, 760, 774]",97,Lot 2 – TERRASSEMENTS – FONDATIONS – GROS ŒUVRE
"Le remblai de la cuve en place est non conforme au CCTP, à reprendre ou chiffrer moins value en conséquence ",['21-02-2013'],"[64, 66, 67, 68]","[502, 516, 529, 542]",101,Lot 2 – TERRASSEMENTS – FONDATIONS – GROS ŒUVRE
Libérer le bassin sportif sans délais ,['21-09-2012'],[22],[261],76,Lot 2 – TERRASSEMENTS – FONDATIONS – GROS ŒUVRE
"Local F5 : finition sur voiles à reprendre, ragréage, et deux réservations non utilisées au sol ",['14-03-2013'],[68],[542],128,Lot 2 – TERRASSEMENTS – FONDATIONS – GROS ŒUVRE
"Local F5 : finition sur voiles à reprendre, ragréage, et deux réservations non utilisées au sol 
LE 21/03/13 : NON FAIT ",['14-03-2013'],"[69, 70, 71, 72, 72, 74]","[555, 574, 593, 609, 627, 645]",112,Lot 2 – TERRASSEMENTS – FONDATIONS – GROS ŒUVRE
"Local fauteuil rangement PMR C9;  
Reprendre les finitions en sous face de prédalle 
Mettre en œuvre le socle de la DEP selon les plans Architecte pour mise en œuvre du coffre par VICTOIRE 
Découper proprement le parpaing selon les dimensions de trappes à transmettre par VICTOIRE ",['21-03-2013'],"[69, 70]","[555, 574]",149,Lot 2 – TERRASSEMENTS – FONDATIONS – GROS ŒUVRE
Manque de nombreux socles sur les traversées de réseaux toutes zones : à faire d’urgence : travaux de finition en cours ,['04-07-2013'],"[76, 77, 78, 79, 80, 81, 82, 83, 84, 85]","[679, 692, 705, 718, 731, 745, 760, 774, 789, 804]",87,Lot 2 – TERRASSEMENTS – FONDATIONS – GROS ŒUVRE
"Merci de bien vouloir relancer le BC sur les produits de cuvelage, (en rappel la non-conformité était liée à la mise en œuvre et non au produit), le 
cuvelage n’est pas étanche au niveau des « nids de graviers », à reprendre donc. 
LE 10/11/11 : fait pour BS, à revoir angle BT Ludique ",['20-10-2011'],[26],[304],21,Lot 2 – TERRASSEMENTS – FONDATIONS – GROS ŒUVRE
Mettre en place les ancrages de la cuve ultrafiltration déjà en place ,['31-01-2013'],"[61, 62]","[461, 475]",75,Lot 2 – TERRASSEMENTS – FONDATIONS – GROS ŒUVRE
"Mettre en place les ancrages de la cuve ultrafiltration déjà en place 
LE 14/02/13 : NON FAIT ",['31-01-2013'],"[63, 64, 66, 67, 68]","[489, 502, 516, 529, 542]",64,Lot 2 – TERRASSEMENTS – FONDATIONS – GROS ŒUVRE
"Mettre en place les ancrages de la cuve ultrafiltration déjà en place 
LE 21/03/13 : le GO annonce fait lors de la mise en œuvre des blocages au pourtour de la cuve ",['31-01-2013'],"[69, 70, 71, 72, 72]","[555, 574, 593, 609, 627]",46,Lot 2 – TERRASSEMENTS – FONDATIONS – GROS ŒUVRE
Mettre en œuvre des batards d’eau au droit ,['17-10-2013'],[87],[834],73,Lot 2 – TERRASSEMENTS – FONDATIONS – GROS ŒUVRE
Mettre en œuvre des batards d’eau au droit des fosses bacs tampons ,['17-10-2013'],"[88, 89, 90, 91]","[849, 864, 878, 891]",64,Lot 2 – TERRASSEMENTS – FONDATIONS – GROS ŒUVRE
Mettre en œuvre formes de pente des pédiluves extérieurs suivant poste 02.5.4 de votre CCTP : NON FAIT le 05/09/13 ,['04-07-2013'],"[81, 82, 83]","[745, 760, 774]",68,Lot 2 – TERRASSEMENTS – FONDATIONS – GROS ŒUVRE
Mettre en œuvre isolant en sous face de dalle du local PAC ,['25-07-2013'],"[78, 79, 80, 81, 82, 83, 84, 85, 86, 87, 88, 89, 90, 91]","[705, 718, 731, 745, 760, 774, 789, 804, 819, 834, 849, 864, 878, 891]",106,Lot 2 – TERRASSEMENTS – FONDATIONS – GROS ŒUVRE
Mettre en œuvre la bande de roulement pour l’intervention des CES sur les MR et débords de toiture ,['23-02-2012'],[32],[361],59,Lot 2 – TERRASSEMENTS – FONDATIONS – GROS ŒUVRE
Mettre en œuvre la cloison en parpaing dans douches D4 voir plan architecte ,['24-01-2012'],"[60, 61, 62]","[445, 461, 475]",95,Lot 2 – TERRASSEMENTS – FONDATIONS – GROS ŒUVRE
Mettre en œuvre la finition pour fermeture de la porte ,['14-03-2013'],[68],[542],144,Lot 2 – TERRASSEMENTS – FONDATIONS – GROS ŒUVRE
Mettre en œuvre la tablette de la zone change bébé ,"['24-01-2012', '10-01-2013']","[60, 61, 62, 74]","[445, 461, 475, 645]",97,Lot 2 – TERRASSEMENTS – FONDATIONS – GROS ŒUVRE
"Mettre en œuvre la tablette de la zone change bébé 
LE 06/06/13 : Non fait ",['10-01-2013'],"[75, 76, 77, 78, 79, 80]","[662, 679, 692, 705, 718, 731]",11,Lot 2 – TERRASSEMENTS – FONDATIONS – GROS ŒUVRE
"Mettre en œuvre la tablette de la zone change bébé 
LE 14/02/13 : NON FAIT ",['24-01-2012'],"[63, 64, 66, 67, 68]","[489, 502, 516, 529, 542]",51,Lot 2 – TERRASSEMENTS – FONDATIONS – GROS ŒUVRE
Mettre en œuvre la ventilation basse du local PAC selon chiffrage GO ,['21-02-2013'],"[64, 66, 67, 68]","[502, 516, 529, 542]",119,Lot 2 – TERRASSEMENTS – FONDATIONS – GROS ŒUVRE
"Mettre en œuvre la ventilation basse du local PAC selon chiffrage GO 
LE 02/05/13 : NON FAIT, transmettre balance financière suite carottage en lieu et place de la cour de service prévue sur chiffrage ",['21-02-2013'],"[71, 72, 72, 74, 75, 76, 77, 78, 79, 80, 81, 82, 83, 84, 85, 86]","[593, 609, 627, 645, 662, 679, 692, 705, 718, 731, 745, 760, 774, 789, 804, 819]",51,Lot 2 – TERRASSEMENTS – FONDATIONS – GROS ŒUVRE
Mettre en œuvre le carottage demandé par ETDE dans le local PAC au point le plus haut comme indiqué par Mr BULTEL ,['21-03-2013'],"[69, 70, 71, 72, 72, 74]","[555, 574, 593, 609, 627, 645]",137,Lot 2 – TERRASSEMENTS – FONDATIONS – GROS ŒUVRE
Mettre en œuvre les calfeutrements…. ,['13-09-2012'],"[59, 60]","[429, 445]",22,Lot 2 – TERRASSEMENTS – FONDATIONS – GROS ŒUVRE
Mettre en œuvre les carottages pour les cascades de HSB ,['01-12-2011'],[28],[313],30,Lot 2 – TERRASSEMENTS – FONDATIONS – GROS ŒUVRE
Mettre en œuvre les carottages pour les cascades de HSB FAIT le 12/01/12 ,['01-12-2011'],[29],[324],31,Lot 2 – TERRASSEMENTS – FONDATIONS – GROS ŒUVRE
Mettre en œuvre les enduits dans vides périphériques zone douches ,['18-07-2013'],"[77, 78, 79, 80, 81, 82, 83, 84, 85]","[692, 705, 718, 731, 745, 760, 774, 789, 804]",93,Lot 2 – TERRASSEMENTS – FONDATIONS – GROS ŒUVRE
Mettre en œuvre les enduits des locaux chlore  ,['07-02-2013'],"[62, 63, 64, 66, 67, 68]","[475, 489, 502, 516, 529, 542]",67,Lot 2 – TERRASSEMENTS – FONDATIONS – GROS ŒUVRE
"Mettre en œuvre les enduits des locaux chlore  
LE 21/03/13 : Suite point BC et tenu au feu des parpaings sans enduits il n’est pas nécessaire de mettre en œuvre les enduits, chiffrer la moins value 
correspondante sur les deux faces compris refends 
LE 30/05/13 : PM , produire moins value ",['07-02-2013'],[74],[645],25,Lot 2 – TERRASSEMENTS – FONDATIONS – GROS ŒUVRE
"Mettre en œuvre les enduits des locaux chlore  
LE 30/05/13 : PM, produire moins value ",['07-02-2013'],"[75, 76, 77, 78, 79, 80, 81, 82, 83, 84, 85, 86, 87, 88, 89, 90, 91]","[662, 679, 692, 705, 718, 731, 745, 760, 774, 789, 804, 819, 834, 849, 864, 878, 891]",14,Lot 2 – TERRASSEMENTS – FONDATIONS – GROS ŒUVRE
Mettre en œuvre les enduits des vestiaires groupes ,['13-09-2012'],"[59, 60, 61, 62]","[429, 445, 461, 475]",26,Lot 2 – TERRASSEMENTS – FONDATIONS – GROS ŒUVRE
Mettre en œuvre les enduits sur les parpaings dans la zone des douches pour intervention de BAUTERS ,['10-01-2013'],"[59, 60, 61, 62]","[429, 445, 461, 475]",91,Lot 2 – TERRASSEMENTS – FONDATIONS – GROS ŒUVRE
"Mettre en œuvre les enduits sur les parpaings dans la zone des douches pour intervention de BAUTERS 
LE 14/02/13 : NON FAIT ",['10-01-2013'],"[63, 64, 66, 67, 68]","[489, 502, 516, 529, 542]",45,Lot 2 – TERRASSEMENTS – FONDATIONS – GROS ŒUVRE
"Mettre en œuvre les enduits sur les parpaings dans la zone des douches pour intervention de BAUTERS 
LE 21/03/13 : FAIT, cependant, SUFFIXE annonce que vous n’avez pas respecté la réglementation PMR sur la douche PMR en D4, en effet 
voir cercle de giration, et prendre en compte les épaisseurs d’enduits et de faïence, voir plan architecte ",['10-01-2013'],"[69, 70]","[555, 574]",40,Lot 2 – TERRASSEMENTS – FONDATIONS – GROS ŒUVRE
Mettre en œuvre les maçonneries parpaings des gaines de CVC au RDC ,['13-09-2012'],"[59, 60, 61, 62]","[429, 445, 461, 475]",28,Lot 2 – TERRASSEMENTS – FONDATIONS – GROS ŒUVRE
"Mettre en œuvre les ouvrages du parvis pour pose des pavés à venir suite ré intervention d’un lot étanchéité 
LE 06/06/13 : NON FAIT ",['23-05-2013'],"[75, 76, 77, 78, 79, 80, 81, 82, 83]","[662, 679, 692, 705, 718, 731, 745, 760, 774]",66,Lot 2 – TERRASSEMENTS – FONDATIONS – GROS ŒUVRE
Mettre en œuvre les seuils en béton moulés sur les portes donnant sur l’extérieur ,['21-03-2013'],"[69, 70, 71, 72, 72]","[555, 574, 593, 609, 627]",135,Lot 2 – TERRASSEMENTS – FONDATIONS – GROS ŒUVRE
"Mettre en œuvre les seuils en béton moulés sur les portes donnant sur l’extérieur 
LE 30/05/13 : Suite au point fait ce jour, mettre en œuvre les seuils comme indiqué ce jour ",['21-03-2013'],[74],[645],72,Lot 2 – TERRASSEMENTS – FONDATIONS – GROS ŒUVRE
"Mettre en œuvre les seuils en béton moulés sur les portes donnant sur l’extérieur 
LE 30/05/13 : Suite au point fait ce jour, mettre en œuvre les seuils comme indiqué ce jour 
LE 06/06/13 : NON FAIT à 3 semaines de la réception ",['21-03-2013'],"[75, 76, 77, 78, 79, 80, 81, 82, 83]","[662, 679, 692, 705, 718, 731, 745, 760, 774]",53,Lot 2 – TERRASSEMENTS – FONDATIONS – GROS ŒUVRE
Mettre en œuvre les socles des DEP et autres équipements ,['07-02-2013'],[62],[475],77,Lot 2 – TERRASSEMENTS – FONDATIONS – GROS ŒUVRE
Mettre en œuvre les socles des pédiluves intérieurs au droit des pièces de goulottes ,['06-12-2012'],"[59, 60, 61, 62]","[429, 445, 461, 475]",58,Lot 2 – TERRASSEMENTS – FONDATIONS – GROS ŒUVRE
"Mettre en œuvre les socles des pédiluves intérieurs au droit des pièces de goulottes 
LE 02/05/13 : FAIT reste rehausse de la jardinière ",['06-12-2012'],"[71, 72, 72]","[593, 609, 627]",15,Lot 2 – TERRASSEMENTS – FONDATIONS – GROS ŒUVRE
Mettre en œuvre les surbaux des gaines des vestiaires groupe à +10cm du fini ,['21-02-2013'],"[64, 66, 67, 68]","[502, 516, 529, 542]",112,Lot 2 – TERRASSEMENTS – FONDATIONS – GROS ŒUVRE
"Mettre en œuvre les surbaux et recharges béton des pédiluves intérieurs, vous pénalisez l’avancement des autres corps d’état 
LE 21/03/13 : Coulage des surbaux en cours ce jour, reste forme de pente ",['21-02-2013'],"[69, 70]","[555, 574]",89,Lot 2 – TERRASSEMENTS – FONDATIONS – GROS ŒUVRE
Mettre en œuvre les ventilations des galeries techniques avant remblaiements extérieurs par COLAS ,['14-03-2013'],"[68, 69, 70, 71, 72, 72, 74]","[542, 555, 574, 593, 609, 627, 645]",124,Lot 2 – TERRASSEMENTS – FONDATIONS – GROS ŒUVRE
Mettre en œuvre ragréages voiles sous sol ,['25-07-2013'],"[78, 79, 80, 81, 82, 83, 84, 85, 86, 87, 88, 89, 90, 91]","[705, 718, 731, 745, 760, 774, 789, 804, 819, 834, 849, 864, 878, 891]",104,Lot 2 – TERRASSEMENTS – FONDATIONS – GROS ŒUVRE
Mettre en œuvre seuil sur porte sous sol coté escalier métallique IS hall bassin ,['25-07-2013'],"[78, 79, 80, 81, 82, 83, 84, 85, 86, 87, 88, 89, 90, 91]","[705, 718, 731, 745, 760, 774, 789, 804, 819, 834, 849, 864, 878, 891]",102,Lot 2 – TERRASSEMENTS – FONDATIONS – GROS ŒUVRE
Mettre en œuvre un socle ,['14-03-2013'],[68],[542],140,Lot 2 – TERRASSEMENTS – FONDATIONS – GROS ŒUVRE
"Mettre en œuvre un socle dans l’alignement des voiles béton pour mise en œuvre par BAUTERS des plinthes zone gradins 
LE 06/06/13 : Non fait ","['21-02-2013', '14-03-2013']","[76, 77, 78, 79, 80, 81, 82, 83, 84, 85, 86, 87, 88, 89, 90, 91]","[679, 692, 705, 718, 731, 745, 760, 774, 789, 804, 819, 834, 849, 864, 878, 891]",43,Lot 2 – TERRASSEMENTS – FONDATIONS – GROS ŒUVRE
Mettre en œuvre une campagne de ragréage sur les voiles ou apparaissent des zones de nids de graviers ,['19-01-2012'],"[30, 31, 32]","[335, 348, 361]",54,Lot 2 – TERRASSEMENTS – FONDATIONS – GROS ŒUVRE
Mettre à disposition sur site les pièces écrites ,['08-09-2011'],"[20, 23]","[241, 273]",53,Lot 2 – TERRASSEMENTS – FONDATIONS – GROS ŒUVRE
"Mettre à disposition sur site les pièces écrites 
CCTP LOT 2 
INSTALLATION DE CHANTIER A LA CHARGE ET AU FRAIS DU PRESENT LOT 
L'Entrepreneur  du  pr
L'Entrepreneur  du  pr
L'Entrepreneur  du  pr
L'Entrepreneur  du  présent  lot  dotera, 
sent  lot  dotera, 
sent  lot  dotera, 
sent  lot  dotera, à sa charge, le bureau de chanti
sa charge, le bureau de chanti
sa charge, le bureau de chanti
sa charge, le bureau de chantier d'un exemplaire  
er d'un exemplaire  
er d'un exemplaire  
er d'un exemplaire  
complet des 
complet des 
complet des 
complet des pi
pi
pi
pièces march
ces march
ces march
ces marché, plans et pi
plans et pi
plans et pi
plans et pièces 
ces 
ces 
ces écrites.
crites.
crites.
crites. 
Soit 105 jours de retards à 500€ /JRS= 52 500€ ",['08-09-2011'],[21],[251],88,Lot 2 – TERRASSEMENTS – FONDATIONS – GROS ŒUVRE
"Mettre à disposition sur site les pièces écrites 
CCTP LOT 2 
INSTALLATION DE CHANTIER A LA CHARGE ET AU FRAIS DU PRESENT LOT 
L'Entrepreneur  du  présent  lot  dotera, à sa charge, le bureau de chantier d'un exemplaire  
complet des pièces marché, plans et pièces écrites. 
Soit 105 jours de retards à 500€ /JRS= 52 500€ ",['08-09-2011'],[22],[261],60,Lot 2 – TERRASSEMENTS – FONDATIONS – GROS ŒUVRE
Moins value enduits local chlore à transmettre ,['21-02-2013'],"[64, 66, 67, 68]","[502, 516, 529, 542]",117,Lot 2 – TERRASSEMENTS – FONDATIONS – GROS ŒUVRE
Moins value socle accueil MNS ,['21-02-2013'],"[64, 66, 67, 68]","[502, 516, 529, 542]",123,Lot 2 – TERRASSEMENTS – FONDATIONS – GROS ŒUVRE
Moins value socles sous filtres de traitement d’eau ,['21-02-2013'],"[64, 66, 67, 68]","[502, 516, 529, 542]",121,Lot 2 – TERRASSEMENTS – FONDATIONS – GROS ŒUVRE
"Moins value socles sous filtres de traitement d’eau 
LE 21/03/13 : NON FAIT ",['21-02-2013'],"[69, 70, 71, 72, 72]","[555, 574, 593, 609, 627]",95,Lot 2 – TERRASSEMENTS – FONDATIONS – GROS ŒUVRE
"Moins value socles sous filtres de traitement d’eau 
Moins value socle accueil MNS ",['21-02-2013'],[74],[645],48,Lot 2 – TERRASSEMENTS – FONDATIONS – GROS ŒUVRE
"Moins value socles sous filtres de traitement d’eau 
Moins value socle accueil MNS 
LE 06/06/13 : NON FAIT ",['21-02-2013'],"[75, 76, 77, 78, 79, 80, 81, 82, 83, 84, 85, 86, 87, 88, 89, 90, 91]","[662, 679, 692, 705, 718, 731, 745, 760, 774, 789, 804, 819, 834, 849, 864, 878, 891]",37,Lot 2 – TERRASSEMENTS – FONDATIONS – GROS ŒUVRE
"Ne pas mettre en oeuvre les réservations des siphons sur les plages, BAUTERS carottera après coup, 
Les plages sont prévues carottable, donc pas de mise en place de résevations sur plages !!! 
Conformément à votre OS n°10, toute cheminée de coulage non supprimée entrainera la dépose immédiate du voile ",['15-09-2011'],[23],[273],60,Lot 2 – TERRASSEMENTS – FONDATIONS – GROS ŒUVRE
"Ne pas mettre en œuvre les réservations des siphons sur les plages, BAUTERS carottera après coup ",['15-09-2011'],[21],[251],90,Lot 2 – TERRASSEMENTS – FONDATIONS – GROS ŒUVRE
"Ne pas mettre en œuvre les réservations des siphons sur les plages, BAUTERS carottera après coup, 
Les plages sont prévues carottable, donc pas de mise en place de résevations sur plages !!! ",['15-09-2011'],[22],[261],63,Lot 2 – TERRASSEMENTS – FONDATIONS – GROS ŒUVRE
"Nettoyer les sols du local F3, et reprendre le calfeutrement sous bac en purgent le polystyrène  ",['14-03-2013'],[68],[542],126,Lot 2 – TERRASSEMENTS – FONDATIONS – GROS ŒUVRE
"Nettoyer les sols du local F3, et reprendre le calfeutrement sous bac en purgent le polystyrène  
LE 21/03/13 : NON FAIT ",['14-03-2013'],"[69, 70]","[555, 574]",109,Lot 2 – TERRASSEMENTS – FONDATIONS – GROS ŒUVRE
Nettoyer les zones en périphérie du bâtiment pour des déplacements plus aisés ,['10-11-2011'],[26],[304],35,Lot 2 – TERRASSEMENTS – FONDATIONS – GROS ŒUVRE
"Non-conformité, à reprendre, isolation jusque moins 80 du 0 et à +15cm ",['07-02-2013'],[62],[475],71,Lot 2 – TERRASSEMENTS – FONDATIONS – GROS ŒUVRE
"Non-conformité, à reprendre, isolation jusque moins 80 du 0 et à +15cm 
LE 14/02/13 : a confirmer par GO ",['07-02-2013'],[63],[489],77,Lot 2 – TERRASSEMENTS – FONDATIONS – GROS ŒUVRE
"Non-conformité, à reprendre, isolation jusque moins 80 du 0 et à +15cm 
LE 14/02/13 : a confirmer par GO 
LE 21/02/13 : NON CONFORME à reprendre ",['07-02-2013'],"[64, 66, 67, 68]","[502, 516, 529, 542]",78,Lot 2 – TERRASSEMENTS – FONDATIONS – GROS ŒUVRE
Nous attendons de votre part de la réactivé et du professionnalisme ,['10-01-2013'],[59],[429],93,Lot 2 – TERRASSEMENTS – FONDATIONS – GROS ŒUVRE
"Nous constatons ce jour d’une reprise d’activité ce jour par votre sous traitant terrassier et sous votre demande 
Vous n’avez pas déféré à l’ordre de service N°4 du 05 Mai 2011, vous ordonnant de : 
• • • • Mettre en veille tous les travaux de Gros OEuvre, 
• • • • Prendre toutes les dispositions pour assurer la sécurité du chantier, 
• • • • Suspendre toutes les commandes de matériels et matériaux, 
• • • • Interrompre les études PAC. 
Nous avons constaté ce jour, soit le 17/05/2011 à 10h00, que vous avez repris votre activité sur 
les terrassements des plateformes. Que deux ouvriers de l’entreprise VITSE, votre sous traitant 
travaillaient. 
Un chauffeur d’engins de terrassement et un chauffeur de tracteur remorque. 
Le matériel de votre sous traitant présent sur site se compose : (Photos en pièce jointe). 
• • • • 1 rouleau compacteur 
• • • • 1 tracteur remorque 
• • • • 1 pelle mécanique et trois godets 
• • • • 2 camionnettes 
• • • • 2 remorques ",['17-05-2011'],[9],[84],51,Lot 2 – TERRASSEMENTS – FONDATIONS – GROS ŒUVRE
"Nous ne pouvons vous valider les plans et réservations des pré dalle ou dalle alvéolaires, vous devez rester conforme aux réservations transmissent par
LE BET SICRE conformément au demande architecturales d’OCTANT ",['01-12-2011'],"[28, 29, 30]","[313, 324, 335]",36,Lot 2 – TERRASSEMENTS – FONDATIONS – GROS ŒUVRE
Nous réitérons notre demande de mise en veille de vos activités suivant l’OS n°4 du 05/05/2011 ,['17-05-2011'],[9],[84],55,Lot 2 – TERRASSEMENTS – FONDATIONS – GROS ŒUVRE
Nous transmettre le constat contradictoire avec lequel vous êtes parti !! ,['14-02-2013'],"[63, 64, 66, 67, 68, 69, 70, 71, 72, 72, 74, 75, 76]","[489, 502, 516, 529, 542, 555, 574, 593, 609, 627, 645, 662, 679]",93,Lot 2 – TERRASSEMENTS – FONDATIONS – GROS ŒUVRE
"Nous vous rappelons la fourniture du plan PAC sur la zone nurserie, le lot carrelage à traité les voiles en revêtement !! ",['11-04-2013'],"[70, 71, 72, 72, 74]","[574, 593, 609, 627, 645]",143,Lot 2 – TERRASSEMENTS – FONDATIONS – GROS ŒUVRE
"Nous vous rappelons la fourniture du plan PAC sur la zone nurserie, le lot carrelage à traité les voiles en revêtement !! 
LE 06/06/13 : NON FAIT ",['11-04-2013'],"[75, 76, 77, 78, 79, 80, 81, 82, 83]","[662, 679, 692, 705, 718, 731, 745, 760, 774]",63,Lot 2 – TERRASSEMENTS – FONDATIONS – GROS ŒUVRE
Nous établirons ce jour un constat des matériels présent sur le site ,['04-05-2011'],"[7, 8]","[56, 68]",27,Lot 2 – TERRASSEMENTS – FONDATIONS – GROS ŒUVRE
Organisation de chantier selon directives de l’OPC ,['15-03-2011'],"[1, 2, 3]","[5, 12, 20]",7,Lot 2 – TERRASSEMENTS – FONDATIONS – GROS ŒUVRE
PAC sur les accroches des panneaux ,['25-08-2011'],[24],[284],22,Lot 2 – TERRASSEMENTS – FONDATIONS – GROS ŒUVRE
Placer GC provisoires sur gradins haut : URGENT ,['18-07-2013'],"[77, 78, 79, 80, 81, 82, 83, 84, 85, 86, 87, 88, 89, 90, 91]","[692, 705, 718, 731, 745, 760, 774, 789, 804, 819, 834, 849, 864, 878, 891]",95,Lot 2 – TERRASSEMENTS – FONDATIONS – GROS ŒUVRE
Point a faire sur les protection contre voile,['04-05-2011'],[7],[56],23,Lot 2 – TERRASSEMENTS – FONDATIONS – GROS ŒUVRE
"Point a faire sur les protections contre voile
LE 10/05/10 : revoir les quantités de cette prestation comme abordés en réunion, ne sont nécessaire que les zone en remblais ",['04-05-2011'],"[8, 9, 10, 11]","[68, 84, 105, 121]",17,Lot 2 – TERRASSEMENTS – FONDATIONS – GROS ŒUVRE
Point et observations du Bureau de Contrôle ,['21-07-2011'],"[17, 18, 19]","[206, 217, 229]",43,Lot 2 – TERRASSEMENTS – FONDATIONS – GROS ŒUVRE
"Point fait ce jour sur les briques suite présentation : aspect grenaillée ou sablée, (non lisse). 
LE 16/11/11 : Présentation des échantillons probablement semaine prochaine 
LE 24/11/11 : Echantillons transmis ce jour en réunion ",['10-11-2011'],[28],[313],18,Lot 2 – TERRASSEMENTS – FONDATIONS – GROS ŒUVRE
"Point fait ce jour sur les briques suite présentation : aspect grenaillée ou sablée, (non lisse). 
LE 16/11/11 : Présentation des échantillons probablement semaine prochaine 
LE 24/11/11 : Echantillons transmis ce jour en réunion 
LE 12/01/12 : 4 échantillons transmis ce jour en réunion ",['10-11-2011'],"[29, 30]","[324, 335]",22,Lot 2 – TERRASSEMENTS – FONDATIONS – GROS ŒUVRE
"Point fait ce jour sur les briques suite présentation : aspect grenaillée ou sablée, (non lisse). 
LE 16/11/11 : Présentation des échantillons probablement semaine prochaine 
LE 24/11/11 : Echantillons transmis ce jour en réunion 
LE 12/01/12 : 4 échantillons transmis ce jour en réunion 
LE 09/02/12 : Validée le 02/02/12  ALOE WF ",['10-11-2011'],"[31, 32]","[348, 361]",16,Lot 2 – TERRASSEMENTS – FONDATIONS – GROS ŒUVRE
"Point fait ce jour sur les briques suite présentation :aspect grenaillée ou sablée, (non lisse). ",['10-11-2011'],[26],[304],33,Lot 2 – TERRASSEMENTS – FONDATIONS – GROS ŒUVRE
Point fait sur les platines de pré scellement des poteaux de charpente et sur les DEP dans massifs béton,['30-05-2011'],"[18, 19]","[217, 229]",9,Lot 2 – TERRASSEMENTS – FONDATIONS – GROS ŒUVRE
"Point fait sur les platines de pré scellement des poteaux de charpente et sur les DEP dans massifs béton
LE 07/07/11 :  ",['30-05-2011'],"[16, 17]","[190, 206]",8,Lot 2 – TERRASSEMENTS – FONDATIONS – GROS ŒUVRE
Point élec en présence de FORCLUM ,['22-03-2011'],[2],[12],12,Lot 2 – TERRASSEMENTS – FONDATIONS – GROS ŒUVRE
Pomper eau fosse bac tampon et réparer fuites ,['05-09-2013'],"[81, 82, 83, 84, 85, 86, 87, 88, 89, 90, 91]","[745, 760, 774, 789, 804, 819, 834, 849, 864, 878, 891]",97,Lot 2 – TERRASSEMENTS – FONDATIONS – GROS ŒUVRE
Poser pierre agrafée parvis accueil ,['05-09-2013'],"[81, 82, 83, 84, 85, 86, 87]","[745, 760, 774, 789, 804, 819, 834]",95,Lot 2 – TERRASSEMENTS – FONDATIONS – GROS ŒUVRE
Poser vos couvres joints sur JD ,['04-07-2013'],"[76, 77, 78, 79, 80, 81, 82, 83, 84, 85, 86, 87, 88, 89, 90, 91]","[679, 692, 705, 718, 731, 745, 760, 774, 789, 804, 819, 834, 849, 864, 878, 891]",91,Lot 2 – TERRASSEMENTS – FONDATIONS – GROS ŒUVRE
Positionnement des panneaux de chantier à prendre en compte ,['12-04-2011'],"[5, 6]","[37, 47]",34,Lot 2 – TERRASSEMENTS – FONDATIONS – GROS ŒUVRE
Pourquoi la dalle de pose de l’escalier extérieur de secours du R+1 est il au niveau fini des extérieurs ?  ,['21-02-2013'],"[64, 66, 67, 68, 69, 70]","[502, 516, 529, 542, 555, 574]",99,Lot 2 – TERRASSEMENTS – FONDATIONS – GROS ŒUVRE
"Prendre contact avec votre fournisseur de panneau de brique acoustique pour mise en œuvre d’une laine acoustique noire en remplacement de la laine 
présentée dans l’échantillon 
LE 15/09/11 : toujours aucunes réaction et toujours aucun échantillon avec laine noire ",['25-08-2011'],[21],[251],45,Lot 2 – TERRASSEMENTS – FONDATIONS – GROS ŒUVRE
"Prendre contact avec votre fournisseur de panneau de brique acoustique pour mise en œuvre d’une laine acoustique noire en remplacement de la laine 
présentée dans l’échantillon 
LE 15/09/11 : toujours aucunes réaction et toujours aucun échantillon avec laine noire 
LE 21/09/11 : Vous annoncez avoir trouver le même produit avec des modules plus petits et de la corrction acoustique noire, merci de transmettre un 
échantillon et fiche technique 
03.5 - CORRECTION ACOUSTIQUE TERRE CUITE 
03.5.1 - DALLE PERFOREE ACOUSTIQUE TERRE CUITE 
Couleur au choix de l’architecte dans la gamme complète du fabriquant. ",['25-08-2011'],[22],[261],49,Lot 2 – TERRASSEMENTS – FONDATIONS – GROS ŒUVRE
"Prendre contact avec votre fournisseur de panneau de brique acoustique pour mise en œuvre d’une laine acoustique noire en remplacement de la laine 
présentée dans l’échantillon 
LE 20/10/11 : Vous annoncez avoir reçu un échantillon mais celui-ci n’est pas présentable après transport en attente d’un nouveau donc. ",['25-08-2011'],[24],[284],20,Lot 2 – TERRASSEMENTS – FONDATIONS – GROS ŒUVRE
Protéger par la mise en œuvre de crosses les attentes de ferraillage ,['16-06-2011'],[13],[155],21,Lot 2 – TERRASSEMENTS – FONDATIONS – GROS ŒUVRE
"Protéger par la mise en œuvre de crosses les attentes de ferraillage 
LE 23/06/11 : Réponse OK ",['16-06-2011'],[14],[167],26,Lot 2 – TERRASSEMENTS – FONDATIONS – GROS ŒUVRE
"Présenter la formulation de la composition des béton des panneaux préfabriqués matricés 
EN ATTENTE DU CHOIX SUITE PRESENTATION DE L ECHANTILLON ",['30-05-2011'],[14],[167],17,Lot 2 – TERRASSEMENTS – FONDATIONS – GROS ŒUVRE
Présenter un échantillon de panneau des matrices façades ,['30-05-2011'],"[11, 12, 13]","[121, 137, 155]",14,Lot 2 – TERRASSEMENTS – FONDATIONS – GROS ŒUVRE
"Présenter un échantillon de panneau des matrices façades 
 A PRESENTER ",['30-05-2011'],[14],[167],14,Lot 2 – TERRASSEMENTS – FONDATIONS – GROS ŒUVRE
"Présenter un échantillon de panneau des matrices façades  
Présenter la formulation de la composition des bétons des panneaux préfabriqués matricés 
A PRESENTER ",['30-05-2011'],"[15, 16, 17]","[178, 190, 206]",13,Lot 2 – TERRASSEMENTS – FONDATIONS – GROS ŒUVRE
Prévoir de bien aligner les sous faces des dalles alvéolaires dans les zones vestiaires groupes et publics ,['22-12-2011'],"[28, 29, 30]","[313, 324, 335]",50,Lot 2 – TERRASSEMENTS – FONDATIONS – GROS ŒUVRE
Prévoir la reprise du mur de parpaing entre le local vélo et le local TGBT pour laisser le passage libre à la porte coulissante ,['21-03-2013'],"[69, 70, 71]","[555, 574, 593]",157,Lot 2 – TERRASSEMENTS – FONDATIONS – GROS ŒUVRE
"Prévoir une mise au point pour mettre une pente sur la recharge des dalles alvéolaires vers les DEP de STEREC afin de ne pas avoir de stagnation
d’eau en toiture terrasse, (pas de végétalisation sur cette zone). 
LE 19/01/12 : Vu avec Monsieur VANDENBORRE ",['22-12-2011'],[30],[335],43,Lot 2 – TERRASSEMENTS – FONDATIONS – GROS ŒUVRE
"QUESTION GO : 
Sans rentrer dans l'analyse comparative entre la version précédente qui a généré la diffusion des plans de fondations de Sicre que nous 
avons reçu le 26/04/11 et la présente note calcul ,cela va t il engendré une modification de ces plans ? 
REPONSE : oui des modifications sont attendues, notamment au niveau du local PAC qui est agrandi du fait de la place prise par le 
matériel, les locaux attenants sont déplacés ",['10-05-2011'],[8],[68],28,Lot 2 – TERRASSEMENTS – FONDATIONS – GROS ŒUVRE
"RAPPEL sur vos retards plans PAC, rien pour le RDJ ? RDC et R+1 que faites-vous ??? ","['29-09-2011', '21-09-2012']","[22, 23, 24]","[261, 273, 284]",78,Lot 2 – TERRASSEMENTS – FONDATIONS – GROS ŒUVRE
"RAPPEL, 
Mettre en œuvre les surbaux et recharges béton des pédiluves intérieurs, vous pénalisez l’avancement des autres corps d’état ",['21-02-2013'],"[64, 66, 67, 68]","[502, 516, 529, 542]",115,Lot 2 – TERRASSEMENTS – FONDATIONS – GROS ŒUVRE
Rappel des points ci-dessus  ,"['08-11-2012', '02-05-2013']","[59, 60, 71, 72, 72]","[429, 445, 593, 609, 627]",34,Lot 2 – TERRASSEMENTS – FONDATIONS – GROS ŒUVRE
Rappel sur les demandes en cours ,['13-12-2012'],"[59, 60, 61, 62]","[429, 445, 461, 475]",81,Lot 2 – TERRASSEMENTS – FONDATIONS – GROS ŒUVRE
"Rappel sur les découpes des locaux produits, les allèges sont trop hautes ",['19-07-2019'],"[59, 60, 61, 62]","[429, 445, 461, 475]",20,Lot 2 – TERRASSEMENTS – FONDATIONS – GROS ŒUVRE
"Rappel sur les enduits 
Sur les plans PAC des édicules de forage 
Sur les échantillons de pierre agrafée 
Sur les échantillons de pavés béton 
Sur les découpes des seuils des locaux produits ",['31-01-2013'],"[61, 62, 63, 64, 66, 67, 68]","[461, 475, 489, 502, 516, 529, 542]",70,Lot 2 – TERRASSEMENTS – FONDATIONS – GROS ŒUVRE
Reprendre finition basse du limon du parvis (cassé) + passiver acier ,['14-11-2013'],"[90, 91]","[878, 891]",64,Lot 2 – TERRASSEMENTS – FONDATIONS – GROS ŒUVRE
"Reprendre la réservation de désenfumage entre local C9 et vestiaires publics 
LE 14/02/13 : A faire, déplacer l’emplacement de 10cm sur la droite face à la réservation depuis les vestiaires publics ",['07-02-2013'],"[63, 64, 66, 67, 68, 69]","[489, 502, 516, 529, 542, 555]",86,Lot 2 – TERRASSEMENTS – FONDATIONS – GROS ŒUVRE
Reprendre la réservation de désenfumage entre local et vestiaires publics ,['07-02-2013'],[62],[475],79,Lot 2 – TERRASSEMENTS – FONDATIONS – GROS ŒUVRE
"Reprendre la réservation de la gaine de l’ascenseur, l’arase inférieure de la grille doit être au moins 15 cm au dessus du complexe d’étanchéité. ",['13-09-2012'],"[59, 60, 69]","[429, 445, 555]",30,Lot 2 – TERRASSEMENTS – FONDATIONS – GROS ŒUVRE
"Reprendre la réservation de la gaine de l’ascenseur, l’arase inférieure de la grille doit être au moins 15 cm au dessus du complexe d’étanchéité. 
LE 31/01/13 : A reprendre sur le dessus de la gaine béton ",['13-09-2012'],"[61, 62]","[461, 475]",27,Lot 2 – TERRASSEMENTS – FONDATIONS – GROS ŒUVRE
"Reprendre la réservation de la gaine de l’ascenseur, l’arase inférieure de la grille doit être au moins 15 cm au dessus du complexe d’étanchéité. 
LE 31/01/13 : A reprendre sur le dessus de la gaine béton 
LE 14/02/13 : Rappel, à faire d’urgence ",['13-09-2012'],"[63, 64, 66, 67, 68]","[489, 502, 516, 529, 542]",29,Lot 2 – TERRASSEMENTS – FONDATIONS – GROS ŒUVRE
Reprendre le seuil et les finitions au pourtour de la porte du local transformation ,['14-03-2013'],[68],[542],142,Lot 2 – TERRASSEMENTS – FONDATIONS – GROS ŒUVRE
"Reprendre le support du bassin d’apprentissage suivant les demandes de HSB, notamment la périphérie du nez des plages ou le ferraillage 
est apparent ",['10-11-2011'],[26],[304],38,Lot 2 – TERRASSEMENTS – FONDATIONS – GROS ŒUVRE
"Reprendre les allèges en pieds des locaux produits K4 k5 local chlore et TGBT transfo, en attente pour le TGBT transfo, pour demande au BC si
possibilité de conserver ceux des TGBT et Transfo, (comme batardeau). 
LE 18/10/12 : NON FAIT 
LE 24/01/13 : Toujours aucunes actions ",['05-07-2012'],"[60, 61, 62]","[445, 461, 475]",18,Lot 2 – TERRASSEMENTS – FONDATIONS – GROS ŒUVRE
"Reprendre les allèges en pieds des locaux produits K4 k5 local chlore et TGBT transfo, en attente pour le TGBT transfo, pour demande au BC si
possibilité de conserver ceux des TGBT et Transfo, (comme batardeau). 
LE 18/10/12 : NON FAIT 
LE 24/01/13 : Toujours aucunes actions 
LE 14/02/13 : dans l’attente urgente ",['05-07-2012'],"[63, 64, 66, 67, 68]","[489, 502, 516, 529, 542]",19,Lot 2 – TERRASSEMENTS – FONDATIONS – GROS ŒUVRE
"Reprendre les allèges en pieds des locaux produits K4 k5 local chlore et TGBT transfo, en attente pour le TGBT transfo, pour demande au BC si
possibilité de conserver ceux des TGBT et Transfo, (comme batardeau). 
LE 18/10/12 : NON FAIT VOIR CI DESSOUS ",['05-07-2012'],[59],[429],15,Lot 2 – TERRASSEMENTS – FONDATIONS – GROS ŒUVRE
Reprendre les arases des voiles suivant remarques faites en réunion ,['19-01-2012'],"[30, 31, 32]","[335, 348, 361]",52,Lot 2 – TERRASSEMENTS – FONDATIONS – GROS ŒUVRE
"Reprendre les parpaings de la zone douches publiques en D4 suite à erreur de SUFFIXE, fournir chiffrage à SUFFIXE pour dépose repose ",['11-04-2013'],"[70, 71, 72, 72]","[574, 593, 609, 627]",145,Lot 2 – TERRASSEMENTS – FONDATIONS – GROS ŒUVRE
"Reprendre les parpaings de la zone douches publiques en D4 suite à erreur de SUFFIXE, fournir chiffrage à SUFFIXE pour dépose repose 
LE 30/05/13 : FAIT ",['11-04-2013'],[74],[645],84,Lot 2 – TERRASSEMENTS – FONDATIONS – GROS ŒUVRE
"Reprendre les socles des portes serviettes des halls des bassins suivant détail M4 et M5, idem zone douches publiques ",['11-04-2013'],"[70, 71, 72, 72, 74]","[574, 593, 609, 627, 645]",141,Lot 2 – TERRASSEMENTS – FONDATIONS – GROS ŒUVRE
"Reprendre les socles des portes serviettes des halls des bassins suivant détail M4 et M5, idem zone douches publiques 
LE 06/06/13 : NON FAIT ",['11-04-2013'],"[75, 76, 77, 78, 79, 80, 81, 82, 83]","[662, 679, 692, 705, 718, 731, 745, 760, 774]",60,Lot 2 – TERRASSEMENTS – FONDATIONS – GROS ŒUVRE
Reprendre les socles devant gébérits : veuillez vous conformer aux plans ,['04-07-2013'],"[76, 77, 78, 79, 80, 81, 82, 83]","[679, 692, 705, 718, 731, 745, 760, 774]",93,Lot 2 – TERRASSEMENTS – FONDATIONS – GROS ŒUVRE
Reprendre les sols des locaux vestiaires personnels étage pour obtenir une forme de pente ,['14-03-2013'],[68],[542],132,Lot 2 – TERRASSEMENTS – FONDATIONS – GROS ŒUVRE
"Reprendre les sols des locaux vestiaires personnels étage pour obtenir une forme de pente 
LE 21/03/13 : NON FAIT, il est important que vous vous souciiez de répondre à cette demande d’urgence ",['14-03-2013'],"[69, 70]","[555, 574]",118,Lot 2 – TERRASSEMENTS – FONDATIONS – GROS ŒUVRE
Reprendre l’arase des voiles de la cuve d’ultrafiltration du bassin d’apprentissage ,['22-11-2012'],"[59, 60]","[429, 445]",38,Lot 2 – TERRASSEMENTS – FONDATIONS – GROS ŒUVRE
Reprendre votre activité sur les isolations enterrées y compris sur les grilles anti rongeurs ,['21-03-2013'],"[69, 70]","[555, 574]",159,Lot 2 – TERRASSEMENTS – FONDATIONS – GROS ŒUVRE
Reprendre état surface de la poutre zone pédiluve : ne peut être peinte en l’état ,['26-09-2013'],"[84, 85, 86, 87, 88, 89, 90, 91]","[789, 804, 819, 834, 849, 864, 878, 891]",84,Lot 2 – TERRASSEMENTS – FONDATIONS – GROS ŒUVRE
Reprendre état surface des voiles dans les gradins : mettre BAUTERS à contribution sur coulures ,['26-09-2013'],"[84, 85, 86, 87, 88, 89, 90, 91]","[789, 804, 819, 834, 849, 864, 878, 891]",86,Lot 2 – TERRASSEMENTS – FONDATIONS – GROS ŒUVRE
Respecter les demandes de l’OPC suivant CR ,['06-06-2013'],"[75, 76, 77, 78, 79, 80]","[662, 679, 692, 705, 718, 731]",68,Lot 2 – TERRASSEMENTS – FONDATIONS – GROS ŒUVRE
"Suite aux nettoyages, mettre à disposition une zone au lot charpente afin qu’il stocke ses éléments ",['10-11-2011'],[26],[304],40,Lot 2 – TERRASSEMENTS – FONDATIONS – GROS ŒUVRE
Suite modification revêtement parvis accueil : reprendre forme de pente suivant directives COEXIA : fournir balance financière ,['26-09-2013'],"[84, 85, 86, 87, 88, 89, 90, 91]","[789, 804, 819, 834, 849, 864, 878, 891]",90,Lot 2 – TERRASSEMENTS – FONDATIONS – GROS ŒUVRE
"Suite réunion de ce jour avec VERIAS, nous vous  demandons de découper certains voiles afin de respecter les 120 de passage libre dans les 
circulations, en parallèle, transmettre chiffrage ",['24-05-2012'],"[59, 60, 61, 62]","[429, 445, 461, 475]",9,Lot 2 – TERRASSEMENTS – FONDATIONS – GROS ŒUVRE
"Suite réunion de ce jour avec VERIAS, nous vous  demandons de découper certains voiles afin de respecter les 120 de passage libre dans les 
circulations, en parallèle, transmettre chiffrage 
LE 14/02/13 : chiffrage à reprendre en considérant une découpe suivant ci dessous ",['24-05-2012'],"[63, 64, 66, 67, 68, 69]","[489, 502, 516, 529, 542, 555]",10,Lot 2 – TERRASSEMENTS – FONDATIONS – GROS ŒUVRE
"Suite réunion du jour, transmettre les éléments relatifs à l’étude pour changer le type d’isolation sous gradins, bifre de bois pour étude
flocage ",['23-02-2012'],[32],[361],57,Lot 2 – TERRASSEMENTS – FONDATIONS – GROS ŒUVRE
"Suite à la demande de l’OPC transmettre vos temps de tâches de façon plus détaillé, l’OPC ne peut finaliser son planning  ",['23-06-2011'],[14],[167],39,Lot 2 – TERRASSEMENTS – FONDATIONS – GROS ŒUVRE
"Suite à la demande du Préventionniste, chiffrer la fourniture et pose d’une cloison en parpaing de 15 sur le local chlore, le parpaing est à
mettre en œuvre au nu intérieur des voiles et longrine dans le local : FAIT ",['21-02-2013'],"[85, 86]","[804, 819]",34,Lot 2 – TERRASSEMENTS – FONDATIONS – GROS ŒUVRE
"Suite à la demande du Préventionniste, chiffrer la fourniture et pose d’une cloison en parpaing de 15 sur le local chlore, le parpaing est à
mettre en œuvre au nu intérieur des voiles et longrine dans le local, Voir avec SAM+ pour la dimension de la double porte ","['21-02-2013', '23-05-2013', '06-06-2013']","[75, 76, 77, 78, 79, 80, 81, 82, 83, 84]","[662, 679, 692, 705, 718, 731, 745, 760, 774, 789]",79,Lot 2 – TERRASSEMENTS – FONDATIONS – GROS ŒUVRE
"Suite à la fourniture de vos plans de dalles alvéolaires, vous demandez aux entreprises de transmettre leurs validations suite aux légers ripages dues 
aux ferraillages  ",['01-12-2011'],"[28, 29]","[313, 324]",28,Lot 2 – TERRASSEMENTS – FONDATIONS – GROS ŒUVRE
"Suite à vos demandes d’information sur la rampe extérieure, veuillez trouver ci-joint nos réponses 
L’intérieur du bâtiment, au raz des portes du rez de chaussée doit être à +-0.00cm, vos seuils de portes partent ainsi de 0 avec une très faible 
pente vers les plages extérieures. Les plages au raz des portes doivent être au maximum à -2 cm.  
Du point haut des plages, c'est-à-dire au raz de la porte ; vers la rampe, vous devez mettre en œuvre une pente faible pour l’évacuation des 
eaux de pluie inférieure à 2cm par mètre, (1cm suffit, voir avec le BC pour validation suivant vos plan PAC). 
C’est cette pente pour l’évacuation des eaux de pluie qui conditionnera l’altimétrie du haut de la rampe. 
Vous devez donc vous rapprocher de COLAS afin de déterminer la longueur entre les portes fois X centimètre par mètre. ","['21-02-2013', '23-05-2013', '06-06-2013']","[75, 76, 77, 78, 79, 80, 81, 82, 83, 84]","[662, 679, 692, 705, 718, 731, 745, 760, 774, 789]",76,Lot 2 – TERRASSEMENTS – FONDATIONS – GROS ŒUVRE
Suite à vos demandes nous avons fait déplacer les réseaux d’AEP et  de CF en tête de longrine ,['09-06-2011'],[12],[137],44,Lot 2 – TERRASSEMENTS – FONDATIONS – GROS ŒUVRE
"Suite à votre proposition, nous refusons les gradins ou escaliers préfabriqués 
Nous refusons les facettes sur les voiles ",['05-04-2011'],"[4, 5, 6]","[28, 37, 47]",27,Lot 2 – TERRASSEMENTS – FONDATIONS – GROS ŒUVRE
"Supprimer le linteau de la porte n°15 du local PAC, ce mettre à l’arase sera au nue inférieur de la dalle ",['25-08-2011'],[18],[217],46,Lot 2 – TERRASSEMENTS – FONDATIONS – GROS ŒUVRE
TGBT : Vous êtes en attente du plan à jour plan PAC FORCLUM ,['27-10-2011'],[26],[304],26,Lot 2 – TERRASSEMENTS – FONDATIONS – GROS ŒUVRE
Terminer travaux briques acoustique partie haute des gradins ,['01-08-2013'],"[79, 80, 81, 82, 83, 84, 85, 86, 87, 88, 89, 90, 91]","[718, 731, 745, 760, 774, 789, 804, 819, 834, 849, 864, 878, 891]",108,Lot 2 – TERRASSEMENTS – FONDATIONS – GROS ŒUVRE
Toujours aucuns plans PAC de votre part ,['08-09-2011'],"[20, 23]","[241, 273]",55,Lot 2 – TERRASSEMENTS – FONDATIONS – GROS ŒUVRE
"Transmettre PAC des clavetages sur dalle alvéolaire ou pré dalles, nous ne pouvons accepter de corbeau en retombée de plancher, nous vous 
rappelons qu’il n’y a pas de FP sur toutes les zones et qu’il y a des vides périphérique ",['26-04-2011'],[6],[47],29,Lot 2 – TERRASSEMENTS – FONDATIONS – GROS ŒUVRE
Transmettre PAC des panneaux bambou ,['25-08-2011'],"[18, 19]","[217, 229]",41,Lot 2 – TERRASSEMENTS – FONDATIONS – GROS ŒUVRE
"Transmettre PAC des panneaux bambou 
LE 15/09/11 : 27 JOURS DE RETARDS A 250€ / JRS = 6750€  ",['25-08-2011'],"[21, 22]","[251, 261]",41,Lot 2 – TERRASSEMENTS – FONDATIONS – GROS ŒUVRE
"Transmettre PAC des panneaux bambou 
LE 20/10/11 : Rappel urgent pour observation sur le calpinage ",['25-08-2011'],[24],[284],16,Lot 2 – TERRASSEMENTS – FONDATIONS – GROS ŒUVRE
Transmettre PAC des panneaux bambou  A FAIRE ,['25-08-2011'],"[20, 23]","[241, 273]",35,Lot 2 – TERRASSEMENTS – FONDATIONS – GROS ŒUVRE
Transmettre et répondre  à TOMMASINI sur les listes d’interrogation,['23-06-2011'],"[14, 15]","[167, 178]",35,Lot 2 – TERRASSEMENTS – FONDATIONS – GROS ŒUVRE
Transmettre la fiche technique des habillage/bardage intérieurs et extérieurs ,['12-04-2011'],[5],[37],43,Lot 2 – TERRASSEMENTS – FONDATIONS – GROS ŒUVRE
Transmettre la fiche technique des habillage/bardage intérieurs et extérieurs NON FAIT RETARDS ,['12-04-2011'],"[6, 7, 8]","[47, 56, 68]",20,Lot 2 – TERRASSEMENTS – FONDATIONS – GROS ŒUVRE
Transmettre les FT des isolants acoustique du local PAC ,['29-09-2011'],"[23, 24, 25]","[273, 284, 293]",76,Lot 2 – TERRASSEMENTS – FONDATIONS – GROS ŒUVRE
"Transmettre les FT des isolants acoustique du local PAC 
A FAIRE ",['29-09-2011'],"[26, 28, 29, 30]","[304, 313, 324, 335]",11,Lot 2 – TERRASSEMENTS – FONDATIONS – GROS ŒUVRE
"Transmettre les FT des isolants acoustique du local PAC 
FAIT 
LE 09/02/12 : vous devez être en parfaite relation avec les descriptifs des CCTP, attendre la réponse du BC pour commande ",['29-09-2011'],"[31, 32]","[348, 361]",4,Lot 2 – TERRASSEMENTS – FONDATIONS – GROS ŒUVRE
Transmettre les documents selon liste des documents à transmettre par les entreprises ,['15-03-2011'],"[1, 2, 3, 4, 5]","[5, 12, 20, 28, 37]",5,Lot 2 – TERRASSEMENTS – FONDATIONS – GROS ŒUVRE
Transmettre numéro de téléphone et fax du chantier ,['16-06-2011'],"[13, 14]","[155, 167]",29,Lot 2 – TERRASSEMENTS – FONDATIONS – GROS ŒUVRE
Transmettre numéro de téléphone et fax du chantier NON FAIT ,['16-06-2011'],"[15, 16, 17]","[178, 190, 206]",21,Lot 2 – TERRASSEMENTS – FONDATIONS – GROS ŒUVRE
"Transmettre plans PAC des édicules des têtes de forages 
LE 23/05/13 : FAIT voir visa OCTANT SOJA D&H ",['24-05-2012'],[74],[645],15,Lot 2 – TERRASSEMENTS – FONDATIONS – GROS ŒUVRE
"Transmettre plans PAC des édicules des têtes de forages 
LE 23/05/13 : FAIT voir visa OCTANT SOJA D&H 
LE 06/06/13 : Suite à votre envoi tardif et à notre visa, nous sommes encore dans l’attente d’une esquisse de professionalisme de votre part
pour la transmission de la rectification de vos plans PAC des édicules ",['24-05-2012'],"[75, 76, 77, 78, 79, 80]","[662, 679, 692, 705, 718, 731]",8,Lot 2 – TERRASSEMENTS – FONDATIONS – GROS ŒUVRE
Transmettre plans PAC des édicules des têtes de forages URGENT ,['28-06-2012'],"[59, 60, 61, 62]","[429, 445, 461, 475]",11,Lot 2 – TERRASSEMENTS – FONDATIONS – GROS ŒUVRE
Transmettre une coupe sur les ouvrages de plateforme afin de définir précisément les reprises ,['04-05-2011'],[7],[56],25,Lot 2 – TERRASSEMENTS – FONDATIONS – GROS ŒUVRE
"Transmettre une coupe sur les ouvrages de plateforme afin de définir précisément les reprises  
LE 10/05/10 : A FAIRE ",['04-05-2011'],[8],[68],20,Lot 2 – TERRASSEMENTS – FONDATIONS – GROS ŒUVRE
Transmettre une méthode de percement au BC suite à votre omission de réservation des cols de signes HSB / EDTE ,['22-12-2011'],"[28, 29]","[313, 324]",43,Lot 2 – TERRASSEMENTS – FONDATIONS – GROS ŒUVRE
"Transmettre vos essais à la plaque suivant CCTP, sur rampe PMR, sous bâtiment dans galeries et locaux ",['21-02-2013'],"[64, 66, 67, 68]","[502, 516, 529, 542]",103,Lot 2 – TERRASSEMENTS – FONDATIONS – GROS ŒUVRE
"Transmettre à PONTIGNAC reportage photo des démolitions autour des têtes de forage en cours, nécessaires à la mise en œuvre des édicules
dans l’attente de la réponse de PONTIGNAC nous demandons la suspension des travaux ",['04-07-2013'],"[76, 77, 78, 79, 80]","[679, 692, 705, 718, 731]",85,Lot 2 – TERRASSEMENTS – FONDATIONS – GROS ŒUVRE
Transmettre échantillon de pierre agrafée RAPPEL ,['29-09-2011'],"[59, 60, 61, 62, 63, 64, 66, 67, 68, 69, 70, 71, 72, 72, 74]","[429, 445, 461, 475, 489, 502, 516, 529, 542, 555, 574, 593, 609, 627, 645]",6,Lot 2 – TERRASSEMENTS – FONDATIONS – GROS ŒUVRE
Transmettre échantillon de seuil en béton moulé pour choix ,['29-09-2011'],"[23, 24, 25, 26, 28, 29, 30, 31, 32]","[273, 284, 293, 304, 313, 324, 335, 348, 361]",78,Lot 2 – TERRASSEMENTS – FONDATIONS – GROS ŒUVRE
Transmettre échantillon de seuil en béton moulé pour choix RAPPEL ,['29-09-2011'],"[59, 60, 61, 62, 63, 64, 66, 67, 68, 69, 70, 71, 72, 72, 74]","[429, 445, 461, 475, 489, 502, 516, 529, 542, 555, 574, 593, 609, 627, 645]",2,Lot 2 – TERRASSEMENTS – FONDATIONS – GROS ŒUVRE
"Transmettre échantillon de seuil en béton moulé pour choix RAPPEL 
NON FAIT au 06 JUIN 2012 !!!! ",['29-09-2011'],"[75, 76, 77, 78, 79, 80]","[662, 679, 692, 705, 718, 731]",3,Lot 2 – TERRASSEMENTS – FONDATIONS – GROS ŒUVRE
Transmettre échantillons de pavé béton pour le parvis ,['29-09-2011'],"[23, 24, 25, 26, 28, 29, 30, 31, 32]","[273, 284, 293, 304, 313, 324, 335, 348, 361]",80,Lot 2 – TERRASSEMENTS – FONDATIONS – GROS ŒUVRE
Transmettre échantillons de pavé béton pour le parvis RAPPEL ,['29-09-2011'],"[59, 60, 61, 62, 63, 64, 66, 67, 68, 69, 70, 71, 72, 72, 74]","[429, 445, 461, 475, 489, 502, 516, 529, 542, 555, 574, 593, 609, 627, 645]",4,Lot 2 – TERRASSEMENTS – FONDATIONS – GROS ŒUVRE
Validation OCTANT des panneaux de bardage en terre cuite extérieurs ,['20-10-2011'],"[24, 25]","[284, 293]",40,Lot 2 – TERRASSEMENTS – FONDATIONS – GROS ŒUVRE
Voile du distributeur du hall de l’accueil à monter jusque au dessus du faux plafond ,['07-02-2013'],[62],[475],73,Lot 2 – TERRASSEMENTS – FONDATIONS – GROS ŒUVRE
"Voile du distributeur du hall de l’accueil à monter jusque au dessus du faux plafond 
LE 14/02/13 : a confirmer par GO ",['07-02-2013'],[63],[489],80,Lot 2 – TERRASSEMENTS – FONDATIONS – GROS ŒUVRE
"Voile du distributeur du hall de l’accueil à monter jusque au dessus du faux plafond 
LE 14/02/13 : a confirmer par GO 
LE 21/02/13 : Non conforme au plan, a reprendre  ",['07-02-2013'],"[64, 66, 67, 68]","[502, 516, 529, 542]",82,Lot 2 – TERRASSEMENTS – FONDATIONS – GROS ŒUVRE
"Voile du distributeur du hall de l’accueil à monter jusque au dessus du faux plafond 
LE 14/02/13 : a confirmé par GO 
LE 21/02/13 : Non conforme au plan 
LE 21/03/13 : Conforme plans SICRE ",['07-02-2013'],[69],[555],55,Lot 2 – TERRASSEMENTS – FONDATIONS – GROS ŒUVRE
"Vous annoncez en réunion mettre en œuvre des blocs à bancher sans validation de la Moe, toute variante sera refusée sans validation 
préalable de la Maîtrise d’œuvre, vous devez vous conformer au plans. ",['10-05-2011'],[8],[68],45,Lot 2 – TERRASSEMENTS – FONDATIONS – GROS ŒUVRE
"Vous annoncez en réunion mettre en œuvre des blocs à bancher sans validation de la Moe, toute variante sera refusée sans validation préalable de la 
Maîtrise d’œuvre, vous devez vous conformer au plans. 
LE 17/05/11 : point fait avec le GO, demande à transmettre ",['17-05-2011'],[9],[84],34,Lot 2 – TERRASSEMENTS – FONDATIONS – GROS ŒUVRE
"Vous annoncez en réunion mettre en œuvre des blocs à bancher sans validation de la Moe, toute variante sera refusée sans validation préalable de la 
Maîtrise d’œuvre, vous devez vous conformer au plans. 
LE 17/05/11 : point fait avec le GO, demande à transmettre 
LE 24/05/11 : NON TRANSMIS ",['10-05-2011'],[10],[105],13,Lot 2 – TERRASSEMENTS – FONDATIONS – GROS ŒUVRE
"Vous annoncez installer la base vie le 2 mai 11, idem clôtures
LE 12/04/11 : à ce jour les clôtures sont posées à 80% ",['22-03-2011'],"[5, 6]","[37, 47]",6,Lot 2 – TERRASSEMENTS – FONDATIONS – GROS ŒUVRE
"Vous annoncez installer la base vie le 2 mai 11, idem clôtures 
LE 12/04/11 : à ce jour les clôtures sont posées à 80% 
LE 04/05/11 :MISE EN VEILLE ",['22-03-2011'],"[7, 8, 9]","[56, 68, 84]",6,Lot 2 – TERRASSEMENTS – FONDATIONS – GROS ŒUVRE
Vous annoncez une nouvelle date de pose des installations de chantier au 09/05 au lieu du 02 annoncé précédemment ,['26-04-2011'],[6],[47],26,Lot 2 – TERRASSEMENTS – FONDATIONS – GROS ŒUVRE
Vous demandez la pose de la mise à la terre des fondations ,['07-07-2011'],"[16, 17]","[190, 206]",41,Lot 2 – TERRASSEMENTS – FONDATIONS – GROS ŒUVRE
Vous demandez le montant des marchés TCE pour CP ,['25-08-2011'],[18],[217],60,Lot 2 – TERRASSEMENTS – FONDATIONS – GROS ŒUVRE
Vous demandez les rapports des essais d’impédance à SONDEFOR ,['07-07-2011'],"[16, 17]","[190, 206]",37,Lot 2 – TERRASSEMENTS – FONDATIONS – GROS ŒUVRE
Vous demandez les validations des panneaux et briques des façades ,['25-08-2011'],"[18, 19, 20, 23, 24]","[217, 229, 241, 273, 284]",58,Lot 2 – TERRASSEMENTS – FONDATIONS – GROS ŒUVRE
"Vous demandez un bilan complet pour intervenir sur les découpes et percements à faire suite ajout de désenfumage dans les vestiaires
groupes et sur le haut des gradins pour reprise gaine de soufflage ",['23-02-2012'],[32],[361],65,Lot 2 – TERRASSEMENTS – FONDATIONS – GROS ŒUVRE
"Vous demandez un plan de calepinage des panneaux préfabriqués « bambou », alors qu’ils figurent sur les plans de façades… ",['25-08-2011'],"[18, 19, 20, 21, 23]","[217, 229, 241, 251, 273]",54,Lot 2 – TERRASSEMENTS – FONDATIONS – GROS ŒUVRE
Vous demandez un plan de socle pour exécution sur site à SICRE ,['12-01-2012'],"[29, 30, 31, 32]","[324, 335, 348, 361]",57,Lot 2 – TERRASSEMENTS – FONDATIONS – GROS ŒUVRE
Vous demandez à ce que FORCLUM mette en place l’éclairage de chantier ,['19-01-2012'],"[30, 31, 32]","[335, 348, 361]",58,Lot 2 – TERRASSEMENTS – FONDATIONS – GROS ŒUVRE
"Vous devez les installations électrique selon le CCAP et votre CCTP 
INSTALLATIONS DE CHANTIER A LA CHARGE ET AU FRAIS DU PRESENT LOT 
Branchements 
· Afin de répondre aux obligations du décret du 26/12/94, l’Entrepreneur du présent lot se chargera de faire 
effectuer par les concessionnaires, les branchements électriques, eau assainissement, téléphone, etc... 
nécessaires à la vie du chantier, depuis les réseaux en domaine public jusqu’en limite de propriété du site, 
ainsi que de la limite de propriété jusqu’au point de raccordement électrique / AEP nécessaires au 
déroulement de chantier. l’Entrepreneur du présent lot prendra en compte le coût financier de ces 
branchements à la remise de son offre. 
· Les raccordements secondaires seront conformes au plan d’installation de chantier et à la charge du 
présent lot. ",['05-04-2011'],"[4, 5]","[28, 37]",20,Lot 2 – TERRASSEMENTS – FONDATIONS – GROS ŒUVRE
Vous devez rester conforme aux analyses de SICRE sur les recharges des fonds en forme de pentes du bassin d’apprentissage ,['19-01-2012'],"[30, 31, 32]","[335, 348, 361]",56,Lot 2 – TERRASSEMENTS – FONDATIONS – GROS ŒUVRE
Vous devez répondre à l’ensemble des demandes ci-dessus pour la prochaine réunion ,['14-02-2013'],"[63, 64, 66, 67, 68]","[489, 502, 516, 529, 542]",91,Lot 2 – TERRASSEMENTS – FONDATIONS – GROS ŒUVRE
Vous devez répondre à nos demandes sur la conformité de la correction acoustique ,['22-12-2011'],"[28, 29]","[313, 324]",45,Lot 2 – TERRASSEMENTS – FONDATIONS – GROS ŒUVRE
"Vous devez répondre à nos demandes sur la conformité de la correction acoustique 
LE 19/01/12 : FAIT voir point du 10/11/11 ",['22-12-2011'],[30],[335],39,Lot 2 – TERRASSEMENTS – FONDATIONS – GROS ŒUVRE
"Vous devez répondre à nos demandes sur la conformité de la correction acoustique 
LE 19/01/12 : FAIT voir point du 10/11/11 
LE 09/02/11 : Voir ci dessus ",['22-12-2011'],"[31, 32]","[348, 361]",36,Lot 2 – TERRASSEMENTS – FONDATIONS – GROS ŒUVRE
"Vous devez transmettre d’urgence vos plans PAC sur les édicules des forages PAC, nous devons les mettre en places rapidement ",['13-09-2012'],"[59, 60, 61, 62]","[429, 445, 461, 475]",32,Lot 2 – TERRASSEMENTS – FONDATIONS – GROS ŒUVRE
"Vous devez transmettre les épaisseurs des complexes des habillages intérieurs à BSM, ossatures primaires et secondaires afin de finaliser les 
implantation des panneau en contre collés BSM 
LE 24/11/11 : A faire suite validation échantillons ",['17-11-2011'],"[28, 29]","[313, 324]",25,Lot 2 – TERRASSEMENTS – FONDATIONS – GROS ŒUVRE
"Vous devez transmettre les épaisseurs des complexes des habillages intérieurs à BSM, ossatures primaires et secondaires afin de finaliser les 
implantation des panneau en contre collés BSM 
LE 24/11/11 : A faire suite validation échantillons 
LE 19/01/12 : En cours suite au refus des panneaux de correction acoustique par ACOUSTIBEL, retransmettre les nouvelles épaisseurs des 
complexes ",['17-11-2011'],[30],[335],28,Lot 2 – TERRASSEMENTS – FONDATIONS – GROS ŒUVRE
Vous n’avez pas mis en œuvre les boitiers pour FORCLUM sur les dalles alvéolaires ,['22-12-2011'],"[28, 29, 30]","[313, 324, 335]",38,Lot 2 – TERRASSEMENTS – FONDATIONS – GROS ŒUVRE
"Vous n’avez que très partiellement protégé les ouvrages à la périphérie des bétons désactivés (en cours ce jour) les produits corrosifs
employés ne manqueront pas d’endommager les ouvrages de bardage et menuiserie : les reprises seront à vos frais ",['04-07-2013'],"[76, 77, 78, 79, 80, 81, 82, 83, 84, 85, 86, 87, 88, 89, 90, 91]","[679, 692, 705, 718, 731, 745, 760, 774, 789, 804, 819, 834, 849, 864, 878, 891]",82,Lot 2 – TERRASSEMENTS – FONDATIONS – GROS ŒUVRE
"Vous n’avez toujours pas chiffré les demandes de la Moe, soit : les gaine d’arrivée d’air neuf, les moins-values sur les protections contre voiles 
82 jours de retards à 500€ / JRS soit 41 000€ ",['30-06-2011'],"[21, 22]","[251, 261]",15,Lot 2 – TERRASSEMENTS – FONDATIONS – GROS ŒUVRE
"Vous n’avez toujours pas chiffré les demandes de la Moe, soit : les gaine d’arrivée d’air neuf, les moins-values sur les protections contre voiles 
LE 20/10/11 : Pour mémoire ",['30-06-2011'],"[24, 25, 26]","[284, 293, 304]",13,Lot 2 – TERRASSEMENTS – FONDATIONS – GROS ŒUVRE
"Vous proposez un traitement à la chaux sur la croute de surface des plateformes, et mise en œuvre suivant CCTP des couches prévues  ",['12-04-2011'],[5],[37],38,Lot 2 – TERRASSEMENTS – FONDATIONS – GROS ŒUVRE
Vous présentez afin de faire un point sur les implantations du bâtiment vis-à-vis des limites de propriété et des réseaux de COLAS ,['26-04-2011'],[6],[47],31,Lot 2 – TERRASSEMENTS – FONDATIONS – GROS ŒUVRE
"Vous présentez afin de faire un point sur les implantations du bâtiment vis-à-vis des limites de propriété et des réseaux de COLAS FAIT 
LE 04/05/11 : recollement fait et plan transmis par TOMMASINI ",['26-04-2011'],[7],[56],22,Lot 2 – TERRASSEMENTS – FONDATIONS – GROS ŒUVRE
Vous présentez afin de faire un point sur les recépage de pieux en présence de SONDEFOR,['22-03-2011'],[2],[12],10,Lot 2 – TERRASSEMENTS – FONDATIONS – GROS ŒUVRE
"Vous pénalisez les travaux de VRD EV , transmettre vos PAC des édicules de forages !! ",['02-05-2013'],"[71, 72, 72]","[593, 609, 627]",115,Lot 2 – TERRASSEMENTS – FONDATIONS – GROS ŒUVRE
"Vous refusez mettre à disposition votre grue pour le déchargement des bassins inox, vous n’avez d’aileur pas transmis votre convention de 
prêt de grue à TCE ",['21-09-2012'],[22],[261],74,Lot 2 – TERRASSEMENTS – FONDATIONS – GROS ŒUVRE
"Zone transfo en attente de mise à jour des plans, voir avec l’OPC les dates de coulage de ces ouvrages ",['10-11-2011'],[26],[304],28,Lot 2 – TERRASSEMENTS – FONDATIONS – GROS ŒUVRE
déposer installations électriques de chantier. Déplacer base vie (sanitaires et réfectoire) évacuer bureaux ,['10-10-2013'],"[86, 87, 88, 89, 90, 91]","[819, 834, 849, 864, 878, 891]",81,Lot 2 – TERRASSEMENTS – FONDATIONS – GROS ŒUVRE
"fournir les essais à la plaque correspondants aux 
remblais de la rampe PMR ",['16-05-2013'],"[72, 72]","[609, 627]",116,Lot 2 – TERRASSEMENTS – FONDATIONS – GROS ŒUVRE
"nettoyer zone rond point derrière quai bus.  
Déposer fosse septique ",['10-10-2013'],"[86, 87, 88, 89, 90, 91]","[819, 834, 849, 864, 878, 891]",84,Lot 2 – TERRASSEMENTS – FONDATIONS – GROS ŒUVRE
"réaliser l’ensemble des travaux relatifs au poste 2.11.3 de votre CCTP : fosse de relevage comprenant : surfaçage, passivation des aciers, cuvelage,
pose de la grille caillebotis en synthèse avec BOUYGUES : nous constatons le 05/09/13 que les aciers ne sont pas passivés, le surfaçage n’est pas
réalisé, la grille n’est pas posée ",['25-07-2013'],"[81, 82, 83, 84, 85, 86, 87, 88, 89, 90, 91]","[745, 760, 774, 789, 804, 819, 834, 849, 864, 878, 891]",82,Lot 2 – TERRASSEMENTS – FONDATIONS – GROS ŒUVRE
"réaliser l’ensemble des travaux relatifs au poste 2.11.3 de votre CCTP : fosse de relevage comprenant : surfaçage, passivation des aciers, cuvelage,
pose de la grille caillebotis en synthèse avec BOUYGUES. ",['25-07-2013'],"[78, 79, 80]","[705, 718, 731]",100,Lot 2 – TERRASSEMENTS – FONDATIONS – GROS ŒUVRE
traiter CF sur JD étage ,['10-10-2013'],[86],[819],79,Lot 2 – TERRASSEMENTS – FONDATIONS – GROS ŒUVRE
traiter CF sur JD étage : ceci est une demande du BC : merci de lui répondre ,['10-10-2013'],"[87, 88, 89, 90, 91]","[834, 849, 864, 878, 891]",66,Lot 2 – TERRASSEMENTS – FONDATIONS – GROS ŒUVRE
"• 
Plan ST101 A PL HAUT REZ DE JARDIN : ZONE BASSIN SPORTIF 01/07/2011 04/07/2011 OB 
Fournir l'avis technique des panneaux préfabriqués fixés sur poutres voiles, pour avis ",['21-07-2011'],"[17, 18, 19]","[206, 217, 229]",47,Lot 2 – TERRASSEMENTS – FONDATIONS – GROS ŒUVRE
"• 
Plan ST222 0 PL HT REZ DE JARDIN ZONE BASSIN LUDIQUE PLAGES 
ARMATURES INFERIEURES 
11/07/2011 13/07/2011 OB 
Fournir avis technique favorable du CSTB des goujons utilisés, pour avis ",['21-07-2011'],"[17, 18, 19]","[206, 217, 229]",53,Lot 2 – TERRASSEMENTS – FONDATIONS – GROS ŒUVRE
"• 
Plan ST228 0 PL HT REZ DE CHAUSSEE ETAGE : ZONE BASSIN LUDIQUE 
ELEVATIONS VOILES 
11/07/2011 13/07/2011 OB 
Fournir avis technique favorable du CSTB des goujons utilisés, pour avis ",['21-07-2011'],"[17, 18, 19]","[206, 217, 229]",59,Lot 2 – TERRASSEMENTS – FONDATIONS – GROS ŒUVRE
"• 
Plan ST237 0 REPARTITION ATTENTES ""HSB"" SUR DALLE BASSE BASSIN ZONE 
BASSIN SPORTIF 
08/07/2011 13/07/2011 OB 
Préciser la nature et caractéristiques de la résine utilisée pour scellements, pour avis ",['21-07-2011'],"[17, 18, 19]","[206, 217, 229]",65,Lot 2 – TERRASSEMENTS – FONDATIONS – GROS ŒUVRE
"A ce jour vous n’avez pas répondu à nos demandes de PAC, nous appliquerons les pénalités prévues à cet effet au CCAP",['15-09-2011'],"[21, 22, 23]","[252, 262, 274]",21,Lot 3 – TRAITEMENT DES FACADES
"Aucuns plans PAC transmis à ce jour, nous vous rappelons que vous devez transmettre vos plans PAC, aucuns mode de pose entre 
menuiseries aluminiums et bardage, de même nous souhaitons un PAC : 
• 
des sous faces des bardages en tête de linteaux de porte,  
• 
gestion des ponts thermique entre GO et Menuiserie 
• 
réservations dans bardage pour accroches des éléments de l’électricien par exemple, affiche, gardes corps etc etc 
• 
traitement des angles 
• 
fonction sur débords des toitures ",['30-06-2011'],"[15, 16, 17, 18, 19, 20, 21, 22, 23]","[178, 190, 207, 218, 229, 241, 252, 262, 274]",20,Lot 3 – TRAITEMENT DES FACADES
"Coller les petits morceaux de panneaux de terre cuite sur la zone de toiture de l’accueil 
LE 06/06/13 : NON FAIT",['31-01-2013'],"[63, 64, 66, 67, 68, 69, 70, 71, 72, 72, 74, 75, 76, 77, 78, 79, 80, 81, 82, 83, 84, 85, 86, 87, 88, 89]","[490, 503, 517, 531, 544, 559, 578, 596, 612, 630, 646, 663, 680, 693, 706, 719, 732, 746, 761, 775, 790, 805, 820, 835, 850, 865]",18,Lot 3 – TRAITEMENT DES FACADES
"Communauté d’Agglomération des Portes du Hainaut – Construction d’un Centre Aquatique à St Amand Les Eaux – CR MOE N° 59 
 du 10/01/13 ","['13-09-2012', '18-10-2012', '08-11-2012', '24-01-2013', '31-01-2013', '14-03-2013', '21-03-2013', '11-04-2013', '06-06-2013', '05-09-2013', '19-07-2019']","[59, 60, 62, 68, 69, 70, 72, 72, 74, 75, 76, 77, 78, 79, 81, 82, 83, 84, 85, 86, 87, 88, 89, 90, 91]","[430, 446, 475, 544, 559, 578, 612, 630, 646, 663, 680, 693, 706, 719, 746, 761, 775, 790, 805, 820, 835, 850, 865, 878, 891]",22,Lot 3 – TRAITEMENT DES FACADES
"Fermer les linteaux de portes extérieures et autres avec vos tôles de finitions 
LE 06/06/13 : NON FAIT ",['08-11-2012'],"[63, 64, 66, 67, 68, 69, 70, 71, 72, 72, 74, 75, 76, 77, 78, 79, 80, 81, 82, 83, 84, 85, 86, 87, 88, 89, 90, 91]","[490, 503, 517, 531, 544, 559, 578, 596, 612, 630, 646, 663, 680, 693, 706, 719, 732, 746, 761, 775, 790, 805, 820, 835, 850, 865, 878, 891]",12,Lot 3 – TRAITEMENT DES FACADES
"Les finitions au pourtour de la porte donnant sur l’escalier de secours au R+1 sont refusées, les tôles gondolent, de plus vous avez ôté les caches des
grooms, qui du fait ne passent plus, à reprendre ; 
Remplacer les habillages rayés ",['13-09-2012'],"[59, 60, 61, 62, 63, 64, 66, 67, 68, 69, 70, 71, 72, 72, 74, 75, 76, 77, 78, 79, 80, 81, 82, 83, 84, 85, 86, 87, 88, 89, 90, 91]","[430, 446, 462, 475, 490, 503, 517, 531, 544, 559, 578, 596, 612, 630, 646, 663, 680, 693, 706, 719, 732, 746, 761, 775, 790, 805, 820, 835, 850, 865, 878, 891]",11,Lot 3 – TRAITEMENT DES FACADES
Page 7 sur 12 ,"['13-09-2012', '18-10-2012', '08-11-2012', '24-01-2013', '31-01-2013', '14-03-2013', '21-03-2013', '06-06-2013', '05-09-2013', '19-07-2019']","[59, 60, 62, 68, 72, 72, 74, 75, 76, 77, 78, 79, 81, 82, 83, 84, 85, 86, 87, 88, 89, 90, 91]","[430, 446, 475, 544, 612, 630, 646, 663, 680, 693, 706, 719, 746, 761, 775, 790, 805, 820, 835, 850, 865, 878, 891]",24,Lot 3 – TRAITEMENT DES FACADES
"Point fait ce jour, et rappel des point ci-dessus listés ",['02-05-2013'],"[71, 72, 72, 74]","[596, 612, 630, 646]",42,Lot 3 – TRAITEMENT DES FACADES
"Point à faire sur les isolant avec Mr CASON, CCTP R = 2.8",['07-07-2011'],"[16, 17, 18, 19, 20]","[190, 207, 218, 229, 241]",20,Lot 3 – TRAITEMENT DES FACADES
Poser les bavettes en pieds des façades bardage terre cuite ,"['31-01-2013', '21-03-2013']","[61, 62, 69, 70, 71, 72, 72, 74, 75, 76, 77, 78, 79, 80, 81, 82, 83, 84, 85, 86, 87, 88, 89, 90, 91]","[462, 475, 559, 578, 596, 612, 630, 646, 663, 680, 693, 706, 719, 732, 746, 761, 775, 790, 805, 820, 835, 850, 865, 878, 891]",23,Lot 3 – TRAITEMENT DES FACADES
"Pour les bardages intérieurs au dessus des gradins, veuillez vous mettre en relation avec BSM qui habille le dessus de cette zone en panneaux 
bois ",['24-01-2013'],"[60, 61, 62]","[446, 462, 475]",46,Lot 3 – TRAITEMENT DES FACADES
RAPPEL DES POINTS EN SUSPENDS ,['29-09-2011'],"[23, 24, 25]","[274, 284, 293]",20,Lot 3 – TRAITEMENT DES FACADES
"Reprendre la mise en œuvre des isolants en tête des murs rideaux, en effet l’isolant n’est pas complet, idem sur les petits retours des murs 
rideaux, l’isolation est absente ",['14-03-2013'],"[68, 69, 70, 71, 72, 72, 74]","[544, 559, 578, 596, 612, 630, 646]",32,Lot 3 – TRAITEMENT DES FACADES
"Reprendre la mise en œuvre des isolants en tête des murs rideaux, en effet l’isolant n’est pas complet, idem sur les petits retours des murs rideaux, 
l’isolation est absente 
LE 06/06/13 : Non fait",['14-03-2013'],"[75, 76, 77, 78, 79, 80, 81, 82, 83, 84, 85, 86, 87, 88, 89]","[663, 680, 693, 706, 719, 732, 746, 761, 775, 790, 805, 820, 835, 850, 865]",24,Lot 3 – TRAITEMENT DES FACADES
"Reprendre les habillages intérieurs contre panneaux des briques acoustiques et panneaux de terre cuite, nombres de désafleurements constatés ",['21-03-2013'],"[69, 70, 71, 72, 72, 74, 75, 76, 77, 78, 79, 80, 81, 82, 83, 84, 85, 86, 87, 88, 89]","[559, 578, 596, 612, 630, 646, 663, 680, 693, 706, 719, 732, 746, 761, 775, 790, 805, 820, 835, 850, 865]",34,Lot 3 – TRAITEMENT DES FACADES
"Selon la notice acoustique, et suivant votre proposition de correction acoustique en panneau de terre cuite, fournir au BC le PV de votre fournisseur 
ou du CSTB  
LE 22/12/11 : Vous devez prendre contact avec le BET ACOUSTIQUE et transmettre la fiche technique des bardages acoustique pour validation de 
la correction. Suite à validation, vous devez transmettre les épaisseurs des complexes validés aux entreprises concernées par ces ouvrages/ 
FORCLUM, ETDE, BAUTERS, PMN, BSM etc. etc. 
LE 12/01/12 : REPONSE ACOUSTIBEL 
Je vous demande de bien vouloir excuser notre retard à répondre à ce mail qui s’est un peu perdu. 
Le PHONICERAM dB dispose d’un coefficient d ’absorption acoustique αw de seulement 0,50 ce qui est très inférieur à la valeur demandée qui doit 
être telle que αw  ≥ 0.85. 
Les autres valeurs de coefficient d’absorption acoustique fournies du PHONICERAM dB montrent bien que les autres références de coefficients 
d’absorption acoustiques sont elles aussi nettement inférieures à celles du  PHONBRIC de TERREAL ayant servi à la simulation de l’étude 
acoustique en phase PRO. 
Pour accepter ce produit, il faudrait donc augmenter la surface disponible de 1720 à 280 m² au minimum ce qui ne sera pas facile. ",['22-12-2011'],"[29, 30, 31]","[325, 336, 348]",38,Lot 3 – TRAITEMENT DES FACADES
"Suite à la dépose des grilles métalliques bambou de SAM+, vous devez mettre en œuvre les habillages des panneaux béton matricés bambou. 
SAM+ viendra fixer ses grilles sur les tapées d’habillage pour un meilleur rendu ",['21-03-2013'],"[69, 70, 71, 72, 72, 74, 75, 76, 77, 78, 79, 80, 81, 82, 83, 84, 85, 86, 87, 88, 89, 90, 91]","[559, 578, 596, 612, 630, 646, 663, 680, 693, 706, 719, 732, 746, 761, 775, 790, 805, 820, 835, 850, 865, 878, 891]",31,Lot 3 – TRAITEMENT DES FACADES
"Suivant bordereau N°11, nous validons le principe du corbeau de soutènement des briques, voir à fournir un détail PAC de la jonction entre 
panneau bambou et brique ",['09-02-2012'],"[31, 32]","[348, 362]",49,Lot 3 – TRAITEMENT DES FACADES
"Suivant le point du 10/11/12 : suite à la transmission de vos principe de calpinage terre cuite extérieure, veuillez confirmer les points suivant 
détail ci-dessous. Les angles devrons être à coupe d’onglet. ",['22-12-2011'],"[28, 29]","[314, 325]",39,Lot 3 – TRAITEMENT DES FACADES
"Terminer les façades en briques de terre cuite 
LE 02/05/13 : EN COURS CE JOUR sur la zone technique",['14-03-2013'],"[71, 72, 72, 74, 75, 76, 77, 78, 79, 80]","[596, 612, 630, 646, 663, 680, 693, 706, 719, 732]",27,Lot 3 – TRAITEMENT DES FACADES
"Transmettre au OCTANT  OPC les fiches technique des matériaux et matériels que vous souhaitez mettre en œuvre pour observation / copie 
BC ",['15-03-2011'],"[1, 2, 3, 4, 5, 6, 7, 8, 9, 10, 11, 12, 13, 14, 15, 16, 17, 18, 19]","[5, 12, 20, 29, 39, 48, 57, 69, 85, 105, 122, 138, 155, 167, 178, 190, 207, 218, 229]",3,Lot 3 – TRAITEMENT DES FACADES
"Transmettre échantillon sur les habillages int et ext, plan PAC à transmettre sur les habillages et mode de pose FAIT pour échantillons",['10-05-2011'],"[13, 14, 15, 16, 17, 18, 19, 20, 21, 22, 23, 24, 25, 26]","[155, 167, 178, 190, 207, 218, 229, 241, 252, 262, 274, 284, 293, 305]",7,Lot 3 – TRAITEMENT DES FACADES
"Transmettre échantillon sur les habillages int et ext, plan PAC à transmettre sur les habillages et mode de pose FAIT pour échantillons 
LE 22/12/11 : Vous devez prendre contact avec le BET ACOUSTIQUE et transmettre la fiche technique des bardages acoustique pour 
validation de la correction. Suite à validation, vous devez transmettre les épaisseurs des complexes validés aux entreprises concernées par ces 
ouvrages/ FORCLUM, ETDE, BAUTERS, PMN, BSM etc. etc. ",['10-05-2011'],"[28, 29, 30, 31, 32]","[314, 325, 336, 348, 362]",5,Lot 3 – TRAITEMENT DES FACADES
"Vous annoncer transmettre le plan de calpinage des bardages terre cuite LE 22/12/11 : Fait le 15/12/11 
LE 09/02/12 : En attente de la transmission des zones complémentaires ",['10-11-2011'],"[30, 31]","[336, 348]",14,Lot 3 – TRAITEMENT DES FACADES
"Vous demandez les détails des grilles de traitements d’air pour mise en œuvre des réservations dans les panneaux bambou 
LE 12/01/12 : SAM+ doit vous renseigner sur les réservations à mettre en place suivant les pré cadres de ces grilles ",['10-11-2011'],"[29, 30]","[325, 336]",20,Lot 3 – TRAITEMENT DES FACADES
"Vous demandez une réponse sur les échantillons de bardage et bardages acoustiques, OK pour bardage acoustique si laine acoustique NOIR",['07-07-2011'],"[18, 19, 20, 21, 22, 23]","[218, 229, 241, 252, 262, 274]",22,Lot 3 – TRAITEMENT DES FACADES
"Vous demandez à SAM+ de bien vouloir poser les pré cadres des grilles de ventilation sur la zone des gradins afin que vous puissiez finaliser la pose
de ces ouvrages autour des grilles ",['19-07-2019'],"[46, 59, 60, 61, 62, 63, 64, 66, 67, 68, 69, 70, 71, 72, 72, 74]","[401, 430, 446, 462, 475, 490, 503, 517, 531, 544, 559, 578, 596, 612, 630, 646]",14,Lot 3 – TRAITEMENT DES FACADES
"Vous devez gérer les ponts thermique entre vos voiles BA et les retours des habillages métallique pour fermeture autours des huisseries et 
autres ",['10-11-2011'],"[26, 28]","[305, 314]",43,Lot 3 – TRAITEMENT DES FACADES
"Vous devez transmettre les épaisseurs des complexes des habillages intérieurs à BSM, ossatures primaires et secondaires afin de finaliser les 
implantation des panneau en contre collés BSM 
LE 24/11/11 : A faire suite validation échantillons 
LE 09/02/12 : Vu suite refus d’ACOUSTIBEL, en attente de proposition de votre part sur un nouveau produit ",['12-01-2012'],"[30, 31, 32]","[336, 348, 362]",41,Lot 3 – TRAITEMENT DES FACADES
poser des brise-soleils LE 05/09/13 : NON FAIT  ,['16-05-2013'],"[75, 76, 77, 78, 79, 80, 81, 82, 83, 84, 85, 86, 87, 88, 89, 90, 91]","[663, 680, 693, 706, 719, 732, 746, 761, 775, 790, 805, 820, 835, 850, 865, 878, 891]",36,Lot 3 – TRAITEMENT DES FACADES
: A VOIR LORS DE LA POSE,['31-05-2012'],[46],[401],3,Lot 3 – TRAITEMENT DES FACADES
"Attention, vous allez créer des retards si vous ne ré intervenez pas immédiatement sur les finitions des bardages extérieur ",['11-04-2013'],"[70, 71, 72, 72, 74]","[578, 596, 612, 630, 646]",38,Lot 3 – TRAITEMENT DES FACADES
Aucuns PAC de transmis ,['29-09-2011'],"[23, 24, 25]","[274, 284, 293]",35,Lot 3 – TRAITEMENT DES FACADES
"Aucuns plans PAC transmis à ce jour, nous vous rappelons que vous devez transmettre vos plans PAC, aucuns mode de pose entre menuiseries 
aluminiums et bardage, de même nous souhaitons un PAC : 
LE 20/10/11 : Rappel, ces détails sont essentiels aux bonnes finitions en extérieur . ",['30-06-2011'],[26],[305],5,Lot 3 – TRAITEMENT DES FACADES
"Aucuns plans PAC transmis à ce jour, nous vous rappelons que vous devez transmettre vos plans PAC, aucuns mode de pose entre menuiseries 
aluminiums et bardage, de même nous souhaitons un PAC : 
• 
des sous faces des bardages en tête de linteaux de porte,  
• 
gestion des ponts thermique entre GO et Menuiserie FAIT 
• 
réservations dans bardage pour accroches des éléments de l’électricien par exemple, affiche, gardes corps etc etc 
• 
traitement des angles 
• 
fonction sur débords des toitures 
LE 20/10/11 : Rappel, ces détails sont essentiels aux bonnes finitions en extérieur . ",['30-06-2011'],"[24, 25]","[284, 293]",18,Lot 3 – TRAITEMENT DES FACADES
Avoir avec BC selon normes en vigueurs ,['18-10-2012'],"[59, 60]","[430, 446]",27,Lot 3 – TRAITEMENT DES FACADES
Changer bardage cassé ,['05-09-2013'],"[81, 82, 83, 84, 85, 86, 87, 88, 89, 90, 91]","[746, 761, 775, 790, 805, 820, 835, 850, 865, 878, 891]",39,Lot 3 – TRAITEMENT DES FACADES
Coller les petits morceaux de panneaux de terre cuite sur la zone de toiture de l’accueil ,['31-01-2013'],"[61, 62]","[462, 475]",21,Lot 3 – TRAITEMENT DES FACADES
"En plus des détails sur les MR vous demandez les détails PAC PMN sur les portes donnant sur les extérieurs, coupe demandée sur présent CR à PMN",['16-11-2011'],"[28, 29]","[314, 325]",24,Lot 3 – TRAITEMENT DES FACADES
"En relation avec le BC, voir conformité des percements sur les habillages de fermeture en bas des corrections acoustique, les diamètres et nombres de 
percements nous paraissent insuffisant ",['18-10-2012'],"[59, 60, 61, 62]","[430, 446, 462, 475]",19,Lot 3 – TRAITEMENT DES FACADES
Fermer les linteaux de portes extérieures et autres avec vos tôles de finitions ,['08-11-2012'],"[59, 60, 61, 62]","[430, 446, 462, 475]",37,Lot 3 – TRAITEMENT DES FACADES
LE 06/12/12 : vu en chantier ,['18-10-2012'],"[59, 60]","[430, 446]",29,Lot 3 – TRAITEMENT DES FACADES
Local F5 : ouvrir le bardage pour la VH du local ,['14-03-2013'],"[68, 69, 70]","[544, 559, 578]",29,Lot 3 – TRAITEMENT DES FACADES
"Local F5 : ouvrir le bardage pour la VH du local 
LE 02/05/13 : EN COURS CE JOUR ",['14-03-2013'],"[71, 72, 72, 74]","[596, 612, 630, 646]",21,Lot 3 – TRAITEMENT DES FACADES
Merci de bien vouloir nous chiffrer en moins value la hauteur de l’isolant depuis la fin des bardages extérieur jusque sous bac,['27-10-2011'],"[25, 26, 28, 29]","[293, 305, 314, 325]",39,Lot 3 – TRAITEMENT DES FACADES
Merci de bien vouloir répondre aux points ci dessus,['20-10-2011'],[24],[284],42,Lot 3 – TRAITEMENT DES FACADES
Mettre en place les ancrages de la cuve déjà en place ,['29-11-2012'],"[59, 60]","[430, 446]",39,Lot 3 – TRAITEMENT DES FACADES
"Nous validons l’échantillon de brique mis en œuvre, il est tout de même demandé d’amoindrir les joints horizontaux  ",['23-02-2012'],[32],[362],20,Lot 3 – TRAITEMENT DES FACADES
"Nous vous rappelons que nous n’avons toujours reçu aucunes propositions de panneaux acoustique avec du feutre noir ou occulté de 
quelques façons que cela soit pour ne pas avoir la laine de roche non teintée apparente, vous serez responsable des retards de pose si vous ne 
proposez pas un échantillon comme demandé depuis des mois, nous ne pouvons accepter ce tour de force qui consiste à imposer un 
matériaux sous prétexte qu’il ne correspond pas à votre fournisseur habituel, nous vous rappelons votre CCTP 
03.5.1 - DALLE PERFOREE ACOUSTIQUE TERRE CUITE 
Fourniture et mise en oeuvre d’un habillage intérieur, constitués de :  
 Dalle perforée acoustique en terre cuite de dimension 400 x 900 x 70 doubles peaux isol.es de  
laine minérale.Couleur au choix de l’architecte dans la gamme complète du fabriquant. ",['29-09-2011'],[23],[274],29,Lot 3 – TRAITEMENT DES FACADES
"Nous vous rappelons que nous n’avons toujours reçu aucunes propositions de panneaux acoustique avec du feutre noir ou occulté de quelques façons 
que cela soit pour ne pas avoir la laine de roche non teintée apparente, vous serez responsable des retards de pose si vous ne proposez pas un 
échantillon comme demandé depuis des mois, nous ne pouvons accepter ce tour de force qui consiste à imposer un matériaux sous prétexte qu’il ne 
correspond pas à votre fournisseur habituel, nous vous rappelons votre CCTP 
03.5.1 - DALLE PERFOREE ACOUSTIQUE TERRE CUITE 
Fourniture et mise en oeuvre d’un habillage intérieur, constitués de :  
 Dalle perforée acoustique en terre cuite de dimension 400 x 900 x 70 doubles peaux isol.es de  
laine minérale.Couleur au choix de l’architecte dans la gamme complète du fabriquant. 
LE 20/10/11 : Vu ce jour voir point GO, en attente proposition suite échantillon non présentable suite transport ",['29-09-2011'],"[24, 25, 26]","[284, 293, 305]",33,Lot 3 – TRAITEMENT DES FACADES
Organisation de chantier selon directives de l’OPC ,['15-03-2011'],"[1, 2, 3, 4, 5, 6]","[5, 12, 20, 29, 39, 48]",7,Lot 3 – TRAITEMENT DES FACADES
Page 10 sur 19 ,"['21-03-2013', '11-04-2013']","[69, 70]","[559, 578]",44,Lot 3 – TRAITEMENT DES FACADES
"Point fait ce jour sur la brique, nous vous avons orienté vers un type d’aspect, en attente échantillon",['10-11-2011'],[26],[305],28,Lot 3 – TRAITEMENT DES FACADES
Poser bavette métallique étanche en partie haute de la dalle perforée acoustique : page 10 de votre CCTP ,['07-11-2013'],"[89, 90, 91]","[865, 878, 891]",48,Lot 3 – TRAITEMENT DES FACADES
"Poser les bavettes en pieds des façades bardage terre cuite 
LE 14/02/13 : Vu, ce jour avec GO, nous reconfirmons la bavette retenue en votre présence ",['31-01-2013'],"[63, 64, 66, 67, 68, 69, 70, 71, 72, 72, 74, 75, 76, 77, 78, 79, 80, 81, 82, 83, 84, 85, 86, 87, 88, 89]","[490, 503, 517, 531, 544, 559, 578, 596, 612, 630, 646, 663, 680, 693, 706, 719, 732, 746, 761, 775, 790, 805, 820, 835, 850, 865]",21,Lot 3 – TRAITEMENT DES FACADES
Poser seuil : ,['05-09-2013'],"[81, 82, 83, 84, 85, 86, 87, 88, 89]","[746, 761, 775, 790, 805, 820, 835, 850, 865]",41,Lot 3 – TRAITEMENT DES FACADES
"Pour faire suite à la validation de l’échantillon de correction acoustique intérieur en terre cuite, veuillez vous référer à la notice acoustique DCE pour
répondre aux obligations de ce dernier ",['24-11-2011'],"[28, 29, 30]","[314, 325, 336]",26,Lot 3 – TRAITEMENT DES FACADES
"Pour information, sous l’emprise de l’escalier d’accès au RDC, les voiles sont isolés et habillés de pierre agrafées ",['08-11-2012'],"[59, 60, 61, 62, 63, 64, 66, 67, 68, 69, 70, 71, 72, 72]","[430, 446, 462, 475, 490, 503, 517, 531, 544, 559, 578, 596, 612, 630]",33,Lot 3 – TRAITEMENT DES FACADES
Pour informations le RAL des finitions des panneaux de correction acoustique intérieur devra être le même que celui des menuiseries aluminium ,['28-06-2012'],[46],[401],11,Lot 3 – TRAITEMENT DES FACADES
"Pour les bardages intérieurs au dessus des gradins, veuillez vous mettre en relation avec BSM qui habille le dessus de cette zone en panneaux bois 
LE 14/02/13 : FAIT ",['24-01-2013'],"[63, 64, 66, 67, 68, 69, 70]","[490, 503, 517, 531, 544, 559, 578]",15,Lot 3 – TRAITEMENT DES FACADES
Pouvez-vous mettre en œuvre des essais d’habillages de panneaux de terre cuite sur les parties terrasse de l’accueil ,['08-11-2012'],"[59, 60]","[430, 446]",35,Lot 3 – TRAITEMENT DES FACADES
Prendre en compte les remarques d’OCTANT sur le passage des fourreaux de FORCLUM par les bardages extérieurs ,['24-05-2012'],[46],[401],7,Lot 3 – TRAITEMENT DES FACADES
"Prototype habillage linteau et tableau à gauche sur photo validé, finition laquée dito teinte habillages projet : ",['19-09-2013'],"[83, 84, 85, 86, 87, 88, 89, 90, 91]","[775, 790, 805, 820, 835, 850, 865, 878, 891]",43,Lot 3 – TRAITEMENT DES FACADES
Prévenir FORCLUM dans le cas de fourreaux non calfeutrés avant fermeture des bardages pour une parfaite étanchéité ,['24-05-2012'],[46],[401],9,Lot 3 – TRAITEMENT DES FACADES
RAL à transmettre pour métallerie des habillages de finition bardage ,['10-11-2011'],"[26, 28]","[305, 314]",40,Lot 3 – TRAITEMENT DES FACADES
RAPPEL,['16-06-2011'],"[13, 14, 15, 16, 17, 18, 19]","[156, 168, 178, 190, 207, 218, 229]",9,Lot 3 – TRAITEMENT DES FACADES
RAPPEL des points en suspends ,['23-05-2013'],"[72, 74]","[630, 646]",52,Lot 3 – TRAITEMENT DES FACADES
RAPPEL sur les habillages en pourtours de vos ouvrages ,['06-06-2013'],"[75, 76, 77, 78, 79, 80, 81, 82, 83, 84, 85, 86, 87, 88, 89, 90, 91]","[663, 680, 693, 706, 719, 732, 746, 761, 775, 790, 805, 820, 835, 850, 865, 878, 891]",38,Lot 3 – TRAITEMENT DES FACADES
"Rappel sur la transmission des FT des bardage terre cuite, nous vous le réclamons depuis le 12/04.",['10-05-2011'],"[8, 9, 10, 11, 12, 13, 14]","[69, 85, 105, 122, 138, 155, 167]",5,Lot 3 – TRAITEMENT DES FACADES
Rappel sur les PAC et calpinage des panneaux de bardage  bambou préfabriqués ,['27-10-2011'],"[25, 26]","[293, 305]",43,Lot 3 – TRAITEMENT DES FACADES
Rappel sur les fiches produits et échantillons ci-dessus ,['27-10-2011'],"[25, 26, 28, 29]","[293, 305, 314, 325]",41,Lot 3 – TRAITEMENT DES FACADES
Remplacer les panneaux de bambou dégradés ,['31-08-2012'],[46],[401],18,Lot 3 – TRAITEMENT DES FACADES
Reprendre la zone de bardage sur l’arrière du bâtiment pour continuité des niveaux sur les panneaux de terre cuite ,['06-12-2012'],"[59, 60, 61, 62]","[430, 446, 462, 475]",41,Lot 3 – TRAITEMENT DES FACADES
Reprendre les queues de billard sur les tôles de finitions en soubassement du bardage acoustique zone ht gradins ,['04-10-2012'],"[59, 60]","[430, 446]",13,Lot 3 – TRAITEMENT DES FACADES
"Répondre à la demande du Bureau de Contrôle qui demande une attestation de votre fournisseur de brique acoustique sur les découpes de ce produit,
idem pour les panneaux de terre cuite ",['13-09-2012'],"[59, 60]","[430, 446]",7,Lot 3 – TRAITEMENT DES FACADES
Répondre à l’ensemble des points ci-dessus ,['25-10-2012'],"[59, 60]","[430, 446]",31,Lot 3 – TRAITEMENT DES FACADES
"Selon la notice acoustique, et suivant votre proposition de correction acoustique en panneau de terre cuite, fournir au BC le PV de votre 
fournisseur ou du CSTB  
LE 22/12/11 : Vous devez prendre contact avec le BET ACOUSTIQUE et transmettre la fiche technique des bardages acoustique pour 
validation de la correction. Suite à validation, vous devez transmettre les épaisseurs des complexes validés aux entreprises concernées par ces 
ouvrages/ FORCLUM, ETDE, BAUTERS, PMN, BSM etc. etc. ",['22-12-2011'],[28],[314],33,Lot 3 – TRAITEMENT DES FACADES
"Sortie de secours au R+1, vous avez déposé les habillages des grooms PMN pour passage des habillage de la correction acoustique, à reprendre pour 
mise en œuvre des habillages grooms ",['18-10-2012'],"[59, 60]","[430, 446]",16,Lot 3 – TRAITEMENT DES FACADES
"Suite à vos dires en réunion, vous devez à votre marché les tôles de finition autour des panneaux ",['23-05-2013'],[74],[646],52,Lot 3 – TRAITEMENT DES FACADES
"Suivant demande d’OCTANT / SDSIS / BC, il sera ajouté un désenfumage sur la façade cintrée des vestiaires groupes ",['23-02-2012'],[32],[362],18,Lot 3 – TRAITEMENT DES FACADES
Terminer les façades en briques de terre cuite ,['14-03-2013'],"[68, 69, 70]","[544, 559, 578]",34,Lot 3 – TRAITEMENT DES FACADES
Terminer pose bardage : ,['05-09-2013'],"[81, 82, 83, 84, 85, 86, 87, 88, 89, 90, 91]","[746, 761, 775, 790, 805, 820, 835, 850, 865, 878, 891]",37,Lot 3 – TRAITEMENT DES FACADES
Transmettre les FT des isolants à mettre en œuvre en façades ,['30-06-2011'],"[15, 16, 17, 18, 19, 20, 23]","[178, 190, 207, 218, 229, 241, 274]",22,Lot 3 – TRAITEMENT DES FACADES
"Transmettre les FT des isolants à mettre en œuvre en façades 
82 jours de retards à 500€ / JRS soit 41 000€ ",['30-06-2011'],"[21, 22]","[252, 262]",18,Lot 3 – TRAITEMENT DES FACADES
"Transmettre les FT des isolants à mettre en œuvre en façades 
LE 20/10/11 : RAPPEL ",['30-06-2011'],[24],[284],21,Lot 3 – TRAITEMENT DES FACADES
Transmettre les documents selon liste des documents à transmettre par les entreprises ,['15-03-2011'],"[1, 2, 3, 4, 5]","[5, 12, 20, 29, 39]",5,Lot 3 – TRAITEMENT DES FACADES
Transmettre les documents selon liste des documents à transmettre par les entreprises NON FAIT ,['15-03-2011'],"[6, 7, 8, 9, 10, 11, 12, 13, 14]","[48, 57, 69, 85, 105, 122, 138, 155, 167]",4,Lot 3 – TRAITEMENT DES FACADES
Transmettre vos FT correction acoustique à ACOUSTIBEL pour observations éventuelles et conformité,['01-12-2011'],"[28, 29]","[314, 325]",27,Lot 3 – TRAITEMENT DES FACADES
"Transmettre vos FT correction acoustique à ACOUSTIBEL pour observations éventuelles et conformité 
LE 19/01/12 : Vu suite refus d’ACOUSTIBEL, en attente de proposition de votre part sur un nouveau produit ",['01-12-2011'],"[30, 31]","[336, 348]",22,Lot 3 – TRAITEMENT DES FACADES
Transmettre échantillon de baguettes d’angle pour les panneaux de briques extérieurs  ,['12-04-2012'],[46],[401],2,Lot 3 – TRAITEMENT DES FACADES
"Transmettre échantillon sur les habillages int et ext, plan PAC à transmettre sur les habillages et mode de pose ",['10-05-2011'],"[8, 9, 10, 11, 12]","[69, 85, 105, 122, 138]",7,Lot 3 – TRAITEMENT DES FACADES
URGENT : terminer pose des habillages des tableaux et linteaux : ,['14-11-2013'],"[90, 91]","[878, 891]",38,Lot 3 – TRAITEMENT DES FACADES
Veuillez chiffrer la fourniture et pose de couvertines en pierre sur dessus muret en pourtour du parvis ,['14-11-2013'],"[90, 91]","[878, 891]",36,Lot 3 – TRAITEMENT DES FACADES
"Voir avec OPC et selon dernier planning, pour calage du démarrage des mises en œuvre des façades ",['23-08-2012'],[46],[401],16,Lot 3 – TRAITEMENT DES FACADES
Voir panneaux de terre cuite cassé en A12 ,['11-04-2013'],"[70, 71, 72, 72, 74]","[578, 596, 612, 630, 646]",40,Lot 3 – TRAITEMENT DES FACADES
Vous annoncer transmettre le plan de calpinage des bardages terre cuite ,['10-11-2011'],[26],[305],30,Lot 3 – TRAITEMENT DES FACADES
Vous annoncer transmettre le plan de calpinage des bardages terre cuite LE 22/12/11 : Fait le 15/12/11,['10-11-2011'],"[28, 29]","[314, 325]",17,Lot 3 – TRAITEMENT DES FACADES
Vous concentrez sur les finitions des isolants en pieds des façades ,['11-04-2013'],"[70, 71, 72, 72, 74]","[578, 596, 612, 630, 646]",42,Lot 3 – TRAITEMENT DES FACADES
"Vous demandez le détail des pieds des MR pour que vous puissiez produire vos détails sur les panneaux bambou, du fait vous allez produire 
les trois coupes type 
Brique et panneaux 
Panneaux et habillage terre cuite 
Panneau MR ",['10-11-2011'],[26],[305],36,Lot 3 – TRAITEMENT DES FACADES
Vous demandez les détails des grilles de traitements d’air pour mise en œuvre des réservations dans les panneaux bambou ,['10-11-2011'],"[26, 28]","[305, 314]",38,Lot 3 – TRAITEMENT DES FACADES
"Vous demandez les détails des grilles de traitements d’air pour mise en œuvre des réservations dans les panneaux bambou 
LE 12/01/12 : SAM+ doit vous renseigner sur les réservations à mettre en place suivant les pré cadres de ces grilles 
LE 09/02/12 :Détail OCTANT fourni depuis 15jrs ",['10-11-2011'],[31],[348],22,Lot 3 – TRAITEMENT DES FACADES
Vous demandez une réponse sur les échantillons de bardage et bardages acoutiques ,['07-07-2011'],"[16, 17]","[190, 207]",22,Lot 3 – TRAITEMENT DES FACADES
Vous demandez à FORCLUM de vous fournir les détails des entretoises sur les bardages extérieurs. VU ,['26-04-2012'],[46],[401],5,Lot 3 – TRAITEMENT DES FACADES
Vous demandez à SAM+ de vous transmettre les dimensions des contre cadre des grilles allant sur les panneaux bambou ,['12-01-2012'],"[29, 30, 31]","[325, 336, 348]",50,Lot 3 – TRAITEMENT DES FACADES
"Vous devez transmettre les épaisseurs des complexes des habillages intérieurs à BSM, ossatures primaires et secondaires afin de finaliser les 
implantation des panneau en contre collés BSM 
LE 24/11/11 : A faire suite validation échantillons ",['12-01-2012'],[29],[325],48,Lot 3 – TRAITEMENT DES FACADES
Vous n’avez toujours pas proposé d’échantillon de brique pleine pour les façades ,['29-09-2011'],[23],[274],31,Lot 3 – TRAITEMENT DES FACADES
"Vous n’avez toujours pas proposé d’échantillon de brique pleine pour les façades 
LE 12/01/12 : Echantillons transmis ce jour, (X4) ",['29-09-2011'],[30],[336],8,Lot 3 – TRAITEMENT DES FACADES
"Vous n’avez toujours pas proposé d’échantillon de brique pleine pour les façades 
LE 12/01/12 : Echantillons transmis ce jour, (X4) 
LE 09/02/12 : Validée le 02/02/12  ALOE WF",['29-09-2011'],[31],[348],12,Lot 3 – TRAITEMENT DES FACADES
"Vous n’avez toujours pas proposé d’échantillon de brique pleine pour les façades 
LE 20/10/11 : Rappel urgent pour vos commandes ",['29-09-2011'],"[24, 25]","[284, 293]",36,Lot 3 – TRAITEMENT DES FACADES
"Vous n’avez toujours pas proposé d’échantillon de brique pleine pour les façades 
LE 20/10/11 : Rappel urgent pour vos commandes 
LE 10/11/11 : Point fait en réunion ce jour, en attente de proposition d’échantillons ",['29-09-2011'],[26],[305],19,Lot 3 – TRAITEMENT DES FACADES
"Vous n’avez toujours pas proposé d’échantillon de brique pleine pour les façades 
LE 24/11/11 : Echantillon fournis ce jour en réunion de chantier 
LE 22/12/11 : Suite à la réception des échantillons de briques et au refus de ces derniers, transmettre « palette d’échantillons » complète du
fabricant  ",['29-09-2011'],[28],[314],10,Lot 3 – TRAITEMENT DES FACADES
"Vous n’avez toujours pas proposé d’échantillon de brique pleine pour les façades 
LE 24/11/11 : Echantillon fournis ce jour en réunion de chantier 
LE 22/12/11 : Suite à la réception des échantillons de briques et au refus de ces derniers, transmettre « palette d’échantillons » complète du fabricant  
LE 12/01/12 : Echantillons transmis ce jour, (X4) ",['29-09-2011'],[29],[325],10,Lot 3 – TRAITEMENT DES FACADES
Vous n’avez toujours pas proposé d’échantillon de brise soleil ,['29-09-2011'],[23],[274],33,Lot 3 – TRAITEMENT DES FACADES
"Vous n’avez toujours pas proposé d’échantillon de brise soleil  
LE 20/10/11 : EN COURS ",['29-09-2011'],"[24, 25, 26, 28, 29, 30, 31, 32]","[284, 293, 305, 314, 325, 336, 348, 362]",39,Lot 3 – TRAITEMENT DES FACADES
Vous présenter afin de faire un point sur les bardages ,['13-12-2012'],"[59, 60]","[430, 446]",43,Lot 3 – TRAITEMENT DES FACADES
l’entreprise s’est engagée à transmettre le plan PAC des brise-soleil semaine prochaine ,['10-10-2013'],"[86, 87, 88]","[820, 835, 850]",45,Lot 3 – TRAITEMENT DES FACADES
l’entreprise s’est engagée à transmettre le plan PAC des brise-soleil semaine prochaine : FAIT : prendre en compte remarques du chef de projet ,['10-10-2013'],"[89, 90, 91]","[865, 878, 891]",46,Lot 3 – TRAITEMENT DES FACADES
pose des brise-soleils ,['16-05-2013'],"[72, 72, 74]","[612, 630, 646]",50,Lot 3 – TRAITEMENT DES FACADES
"A un mois de votre intervention, nous n’avons toujours aucun plan de votre part, nous appliquerons dès réception de vos situations des 
retenues si aucunes réactions ne vient de votre part ",['15-09-2011'],"[21, 22, 23]","[252, 263, 274]",21,Lot 4 – CHARPENTE MIXTE LAMELLE COLLE
Chiffrer la peinture intumescente en moins value ,['21-07-2011'],"[17, 18, 19]","[207, 218, 230]",19,Lot 4 – CHARPENTE MIXTE LAMELLE COLLE
"Communauté d’Agglomération des Portes du Hainaut – Construction d’un Centre Aquatique à St Amand Les Eaux – CR MOE N° 46 
 du 31/08/12 ","['12-04-2012', '26-04-2012', '10-01-2013']","[46, 59, 60, 63, 66, 67]","[401, 431, 447, 490, 517, 531]",8,Lot 4 – CHARPENTE MIXTE LAMELLE COLLE
"En rappel, nous avons pris connaissance de plan de platine en réunion mais vous n’avez pas transmis ces plans à OCTANT , à faire sans 
délais ",['21-07-2011'],"[17, 18, 19, 20, 21, 23]","[207, 218, 230, 241, 252, 274]",17,Lot 4 – CHARPENTE MIXTE LAMELLE COLLE
Mr CASON vous demande de transmettre les fiches techniques et caractéristique mécanique des axes et tubes des tirans ,['22-12-2011'],"[28, 29, 30]","[315, 326, 336]",31,Lot 4 – CHARPENTE MIXTE LAMELLE COLLE
Nous attendons toujours votre méthode pour masquer les platines traversantes sur la poutre courbe et cintrée de l’entre deux halls bassins,['08-11-2012'],"[59, 60, 61, 62, 63, 64, 66, 67, 68, 69, 70, 71, 72, 72, 74, 75, 76, 77, 78, 79, 80, 81, 82]","[431, 447, 462, 476, 490, 503, 517, 531, 545, 560, 579, 596, 613, 631, 647, 664, 681, 694, 707, 720, 733, 747, 762]",15,Lot 4 – CHARPENTE MIXTE LAMELLE COLLE
"Nous refusons les panneaux contrecollés tel que déjà évoqué, nous vous demandons de reprendre les découpes et les rayons de cintrage des
panneaux, de même, la zone faite sur la partie du bassin d’apprentissage est à reprendre en totalité, pas de facettes !! ",['31-08-2012'],"[46, 59, 60, 61, 62, 63, 64, 66, 67, 68, 69, 70]","[401, 431, 447, 462, 476, 490, 503, 517, 531, 545, 560, 579]",28,Lot 4 – CHARPENTE MIXTE LAMELLE COLLE
Nous refusons votre échantillon de panneau bois en reprise des non-conformité,['10-01-2013'],"[59, 60, 61, 62, 63, 64, 66, 67, 68, 69, 70, 71, 72, 72, 74, 75, 76, 77, 78, 79, 80, 81, 82]","[431, 447, 462, 476, 490, 503, 517, 531, 545, 560, 579, 596, 613, 631, 647, 664, 681, 694, 707, 720, 733, 747, 762]",19,Lot 4 – CHARPENTE MIXTE LAMELLE COLLE
Page 9 sur 13 ,"['12-04-2012', '10-01-2013']","[63, 66, 67]","[490, 517, 531]",21,Lot 4 – CHARPENTE MIXTE LAMELLE COLLE
"Pas d’observation sur la proposition des haubants HALFEN, cependant, merci de transmettre un échantillon au plus vite pour visualiser 
l’aspect réel ",['27-11-2011'],"[25, 26]","[294, 305]",10,Lot 4 – CHARPENTE MIXTE LAMELLE COLLE
"Pas d’observation sur l’aspect architectural des détails 1, 2, 3, 4, 5, 6 sur les jonctions PRS/LC ou assemblages hormis le détail 12 PRS &  Chevill2e / 
voile BA ou nous souhaitons un habillage 
Vous pourrez donc monter les PRS pré montées avec les habillages ",['27-11-2011'],"[25, 26]","[294, 305]",14,Lot 4 – CHARPENTE MIXTE LAMELLE COLLE
Rappel des points ci dessus,['31-01-2013'],"[61, 62, 63, 64, 66, 67, 68, 69]","[462, 476, 490, 503, 517, 531, 545, 560]",17,Lot 4 – CHARPENTE MIXTE LAMELLE COLLE
"Suite au point fait ce jour sur votre échantillon de PRS vous devez prendre en compte la mise en œuvre d’œilleton pour l’accroche des filets
de protection aux chute du couvreur ",['16-06-2011'],"[13, 14, 15, 16, 17, 18, 19, 20, 21, 22, 23]","[156, 168, 179, 190, 207, 218, 230, 241, 252, 263, 274]",18,Lot 4 – CHARPENTE MIXTE LAMELLE COLLE
"Suite au refus de SICRE sur la suppression des platines de maintient des ossatures métalliques des chéneaux, mettre en œuvre un panneau
bois du même type que les panneaux d’habillage périphérique ",['21-03-2013'],"[69, 70, 71, 72, 72, 74, 75, 76, 77, 78, 79, 80, 81, 82]","[560, 579, 596, 613, 631, 647, 664, 681, 694, 707, 720, 733, 747, 762]",24,Lot 4 – CHARPENTE MIXTE LAMELLE COLLE
"Suite réflexion du GO, ce dernier ne rencontre pas de réservation en tête de voile pour passage des fermes bois métal / ou transmettre plan 
PAC des débords en suspente sur tête de voiles BA ","['30-06-2011', '07-07-2011']","[16, 17, 18, 19, 20, 21, 23]","[190, 207, 218, 230, 241, 252, 274]",17,Lot 4 – CHARPENTE MIXTE LAMELLE COLLE
"Sur la question du traitement de la tenue au flammes des poutres PRS, le BC annonce que vous devez traiter l’ensemble des facettes de la 
poutre, vous pouvez toutefois varianter en épaississant les poutres métallique pour une tenue au flamme équivalente à la peinture 
intumescente, à présenter au BC ",['26-04-2011'],"[6, 7, 8, 9, 10, 11, 12, 13, 14]","[48, 57, 69, 86, 105, 122, 138, 156, 168]",16,Lot 4 – CHARPENTE MIXTE LAMELLE COLLE
"Transmettre au OCTANT  OPC les fiches technique des matériaux et matériels que vous souhaitez mettre en œuvre pour observation / copie 
BC ",['15-03-2011'],"[1, 2, 3, 4, 5, 6, 7]","[5, 12, 20, 29, 39, 48, 57]",6,Lot 4 – CHARPENTE MIXTE LAMELLE COLLE
"Transmettre coupe et échantillon taille 1 de poutre PRS habillée, 1 face façon Archi, et l’autre face suivant votre proposition ; vous voudrez 
bien peindre à la peinture intumescente la sous face de la poutre pour visualisation des la texture de cette dernière, le RAL est indiférent à ce 
stade pour l’échantillon ",['26-04-2011'],"[6, 7, 8, 9, 10, 11, 12, 13, 14]","[48, 57, 69, 86, 105, 122, 138, 156, 168]",12,Lot 4 – CHARPENTE MIXTE LAMELLE COLLE
Transmettre le chiffrage de la suppression par le BC de la peinture intumescente ,['22-12-2011'],"[28, 29, 30, 31]","[315, 326, 336, 349]",35,Lot 4 – CHARPENTE MIXTE LAMELLE COLLE
"Vous annoncez cintrer les supports des habillages des rives pour STEREC, nous vous alertons sur le fait que vous devez être strictement conforme au
plan Architecte sur les cintres toutes zones ",['12-01-2012'],"[29, 30, 31, 32]","[326, 336, 349, 362]",42,Lot 4 – CHARPENTE MIXTE LAMELLE COLLE
Vous devez finaliser vos études et plans PAC,['21-07-2011'],"[17, 18, 19, 20, 21, 22, 23, 24, 25, 26]","[207, 218, 230, 241, 252, 263, 274, 285, 294, 305]",14,Lot 4 – CHARPENTE MIXTE LAMELLE COLLE
"Vous devez être conforme au cintre des plans architecte pour les supports de cheneaux pour l’accroche des panneaux d’aluminium de 
STEREC ","['10-11-2011', '24-11-2011']","[26, 28, 29, 30]","[305, 315, 326, 336]",19,Lot 4 – CHARPENTE MIXTE LAMELLE COLLE
"Vous n’avez à ce jour pas finalisez-vous études, vous retardez l’avancement du chantier et mettez en péril le bon avancement du",['08-09-2011'],"[20, 21, 22, 23]","[241, 252, 263, 274]",18,Lot 4 – CHARPENTE MIXTE LAMELLE COLLE
"Vous présentez un plan de détail sur les deux systèmes d’habillage des poutres PRS, transmettre échantillon à l’échelle 1",['10-05-2011'],"[8, 9, 10, 11, 12]","[69, 86, 105, 122, 138]",14,Lot 4 – CHARPENTE MIXTE LAMELLE COLLE
"confirmez les hypothèses d’étude de SICRE quant à la descente des charges une fois cette dernière reçue 
Veuillez nous produire rapidement les différents documents (copie BC), et échantillons demandés lors de la réunion de lancement ",['15-03-2011'],"[1, 2, 3, 4, 5, 6, 7]","[5, 12, 20, 29, 39, 48, 57]",3,Lot 4 – CHARPENTE MIXTE LAMELLE COLLE
: EN ATTENTE PROPOSITION DE STEREC SUR LE LA VERRIERE,['23-06-2011'],"[14, 15, 16, 17, 18, 19]","[168, 179, 190, 207, 218, 230]",21,Lot 4 – CHARPENTE MIXTE LAMELLE COLLE
": EN ATTENTE PROPOSITION DE STEREC SUR LE LA VERRIERE
LE 08/09/11 :  ",['23-06-2011'],"[20, 23]","[241, 274]",6,Lot 4 – CHARPENTE MIXTE LAMELLE COLLE
": EN ATTENTE PROPOSITION DE STEREC SUR LE LA VERRIERE
LE 15/09/11 : suppression des anneaux suite proposition de STEREC, les polycarbonates seront anti chute ",['23-06-2011'],"[21, 22]","[252, 263]",6,Lot 4 – CHARPENTE MIXTE LAMELLE COLLE
"Aucune intervention sur : 
La reprise des panneaux bois 
La mise en œuvre de panneaux bois pour masquer les systèmes de fixation de votre sous traitant 
L’uniformité des teintes des poteaux métallique galvanisés 
La pose de la panne bois support du châssis PMN ",['10-01-2013'],"[59, 60]","[431, 447]",25,Lot 4 – CHARPENTE MIXTE LAMELLE COLLE
"Concernant la panne BLC support de châssis de PMN, veuillez prendre note que cette dernière sert de CF jusque sous le bac, voir coupe HH ",['10-01-2013'],"[59, 60, 61, 62, 63, 64, 66, 67, 68, 69, 70]","[431, 447, 462, 476, 490, 503, 517, 531, 545, 560, 579]",27,Lot 4 – CHARPENTE MIXTE LAMELLE COLLE
"Concernant le respect des cintres sur les rives métallique, vous annoncez être strictement conforme aux plans Architecte",['01-12-2011'],"[28, 29, 30]","[315, 326, 336]",4,Lot 4 – CHARPENTE MIXTE LAMELLE COLLE
"Demande SAM + 
Bonjour Monsieur AVON, 
Je fais suite à la réunion de chantier de jeudi dernier pour l’affaire du centre Aquatique de St Amand les Eaux, lors de laquelle je vous est redemandé 
vos plans et carnets de détails de votre charpente. 
A ce jour je n’est toujours rien reçu et nous devons finaliser nos plans, car comme je vous les indiquer, nous devons reprendre notre gaine dessus à 
l’aide de tirants, mais pour cela nous devons déterminer leurs positions ainsi que leurs longueurs suivant l’altimétrie de votre structure. ",['12-01-2012'],"[29, 30]","[326, 336]",39,Lot 4 – CHARPENTE MIXTE LAMELLE COLLE
Déplacer les pannes support de châssis au R+1 pour séparatif entre escalier et hall bassins par les gradins ,['06-12-2012'],"[59, 60, 61, 62, 63, 64, 66, 67, 68, 69, 70]","[431, 447, 462, 476, 490, 503, 517, 531, 545, 560, 579]",18,Lot 4 – CHARPENTE MIXTE LAMELLE COLLE
"Déplacer les pannes support de châssis au R+1 pour séparatif entre escalier et hall bassins par les gradins 
NON FAIT au 02/05/13 ",['06-12-2012'],"[71, 72, 72, 74, 75, 76, 77, 78, 79, 80, 81, 82]","[596, 613, 631, 647, 664, 681, 694, 707, 720, 733, 747, 762]",9,Lot 4 – CHARPENTE MIXTE LAMELLE COLLE
En attente échantillon,['17-05-2011'],"[9, 10, 11, 12]","[86, 105, 122, 138]",16,Lot 4 – CHARPENTE MIXTE LAMELLE COLLE
"En attente échantillon
LE 16/06/11 : fourni ce jour ",['17-05-2011'],"[13, 14, 15]","[156, 168, 179]",16,Lot 4 – CHARPENTE MIXTE LAMELLE COLLE
En relation avec STEREC étudier les supports des chéneaux et transmettre PAC,['10-11-2011'],[26],[305],11,Lot 4 – CHARPENTE MIXTE LAMELLE COLLE
"En relation avec STEREC étudier les supports des chéneaux et transmettre PAC FAIT
LE 24/11/11 : revoir le nombres des supports afin de réaliser un cintre parfait ",['10-11-2011'],"[28, 29, 30]","[315, 326, 336]",2,Lot 4 – CHARPENTE MIXTE LAMELLE COLLE
INFO : attention pas de panneaux au franchissement de l’entre deux hall ,['19-07-2012'],[46],[401],24,Lot 4 – CHARPENTE MIXTE LAMELLE COLLE
"Le BC vous invite à une réunion spécifique charpente le 8 Juillet dans les locaux de VERITAS, présence de SICRE ",['30-06-2011'],"[15, 16, 17, 18, 19, 20, 21, 23]","[179, 190, 207, 218, 230, 241, 252, 274]",15,Lot 4 – CHARPENTE MIXTE LAMELLE COLLE
Lever l’avis du BC suivant chrono ,['22-12-2011'],"[28, 29, 30]","[315, 326, 336]",20,Lot 4 – CHARPENTE MIXTE LAMELLE COLLE
Mettre en œuvre le cache DEP sur le poteau galva zone pompage pompier ,['24-05-2012'],[46],[401],14,Lot 4 – CHARPENTE MIXTE LAMELLE COLLE
Mettre en œuvre les consoles des chéneaux de la zone ludique et sans délais,['24-05-2012'],[46],[401],12,Lot 4 – CHARPENTE MIXTE LAMELLE COLLE
"Ne pas omettre le JD entre hall sportif et ludique, voir plans A CONFIRMER SI REPRISE ",['19-07-2012'],"[46, 59, 60]","[401, 431, 447]",22,Lot 4 – CHARPENTE MIXTE LAMELLE COLLE
Nous demandons au BET SICRE de transmettre les plans charpente à STEREC pour information ,['27-11-2011'],[25],[294],7,Lot 4 – CHARPENTE MIXTE LAMELLE COLLE
Nous demandons au BET SICRE de transmettre les plans charpente à STEREC pour information NON FAIT PAR SICRE ,['27-11-2011'],[26],[305],4,Lot 4 – CHARPENTE MIXTE LAMELLE COLLE
Nous refusons vos essais mis en œuvre pour masquer les défauts des coupes sur les panneaux d’habillage en contre collés,['08-11-2012'],"[59, 60, 61, 62, 63, 64, 66, 67, 68, 69, 70]","[431, 447, 462, 476, 490, 503, 517, 531, 545, 560, 579]",13,Lot 4 – CHARPENTE MIXTE LAMELLE COLLE
"Nous validons la mise en œuvre des panneaux contrecollés en habillage intérieur, sous réserves qu’aucuns désaffleures ne surviennent",['08-12-2011'],"[28, 29, 30, 31]","[315, 326, 336, 349]",17,Lot 4 – CHARPENTE MIXTE LAMELLE COLLE
"Nous validons le remplacement des LC par des panneaux de contrecollé de même épaisseur pour les habillages PRS et habillages de rives 
intérieures ",['10-11-2011'],[26],[305],16,Lot 4 – CHARPENTE MIXTE LAMELLE COLLE
Nous vous demandons de reprendre les finitions sur les découpes sur les sous faces des pannes bois ,['31-08-2012'],[46],[401],30,Lot 4 – CHARPENTE MIXTE LAMELLE COLLE
Nous vous demandons de reprendre les fixations traversante sur les voiles BA entre apprentissage et sportif ,['31-08-2012'],[46],[401],32,Lot 4 – CHARPENTE MIXTE LAMELLE COLLE
Organisation de chantier selon directives de l’OPC ,['15-03-2011'],"[1, 2, 3]","[5, 12, 20]",10,Lot 4 – CHARPENTE MIXTE LAMELLE COLLE
Page 10 sur 16 ,['10-01-2013'],"[59, 60]","[431, 447]",33,Lot 4 – CHARPENTE MIXTE LAMELLE COLLE
Page 7 sur 12 ,['26-04-2012'],[46],[401],10,Lot 4 – CHARPENTE MIXTE LAMELLE COLLE
Poser supports BAES sur poteaux coté rampe PMR,['07-11-2013'],"[89, 90, 91]","[866, 879, 892]",1,Lot 4 – CHARPENTE MIXTE LAMELLE COLLE
Poser un prototype de consoles pour débords de toitures,['09-02-2012'],[31],[349],13,Lot 4 – CHARPENTE MIXTE LAMELLE COLLE
"Poser un prototype de consoles pour débords de toitures FAIT
LE 23/02/12 ",['09-02-2012'],[32],[362],7,Lot 4 – CHARPENTE MIXTE LAMELLE COLLE
"Pour des raison d’entretien, la peinture intumescente devra avoir une garantie de 10 mini ",['26-04-2011'],"[6, 7, 8, 9, 10, 11, 12, 13]","[48, 57, 69, 86, 105, 122, 138, 156]",18,Lot 4 – CHARPENTE MIXTE LAMELLE COLLE
"Pour des raisons d’entretien, la peinture intumescente devra avoir une garantie de 10 mini  
LE 23/06/11 : Fournir fiche technique de la peinture et nuancier RAL ",['26-04-2011'],"[14, 15]","[168, 179]",13,Lot 4 – CHARPENTE MIXTE LAMELLE COLLE
Proposer une reprise des poteaux galva zone sportif TJRS en attente au 23/08/12,['12-04-2012'],[46],[401],1,Lot 4 – CHARPENTE MIXTE LAMELLE COLLE
"Proposer une reprise des poteaux galva zone sportif TJRS en attente au 23/08/12
LE 13/09/12 : la réponse produite par VASSEUR et CLOVIS ne nous convient pas…. ",['12-04-2012'],"[59, 60, 61, 62, 63, 64, 66, 67, 68, 69, 70, 71, 72, 72, 74, 75, 76, 77, 78, 79, 80, 81, 82]","[431, 447, 462, 476, 490, 503, 517, 531, 545, 560, 579, 596, 613, 631, 647, 664, 681, 694, 707, 720, 733, 747, 762]",2,Lot 4 – CHARPENTE MIXTE LAMELLE COLLE
Présenter un détail affiné suite à la présentation de votre détail de support potelets / chéneau,['20-10-2011'],"[24, 25]","[285, 294]",2,Lot 4 – CHARPENTE MIXTE LAMELLE COLLE
RAPPEL,['24-01-2013'],[60],[447],34,Lot 4 – CHARPENTE MIXTE LAMELLE COLLE
RAPPEL CF au dessus des poutres hall de liaison,['07-01-2013'],"[62, 63, 64, 66, 67, 68, 69]","[476, 490, 503, 517, 531, 545, 560]",18,Lot 4 – CHARPENTE MIXTE LAMELLE COLLE
RAPPEL DES POINTS EN SUSPENS,['29-09-2011'],[23],[274],21,Lot 4 – CHARPENTE MIXTE LAMELLE COLLE
"REMARQUE SICRE / BSM
trouvez ci après nos observations sur les éléments reçus :  
- note de calculs des assemblages du bassin ludique : pas d'observation. Je confirme qu'il n'y a pas de contreflèche prévue sur les bois lamellés collés.
La charpente du bassin ludique étant visible, il n'y a pas de stabilité au feu exigée. 
- charpente zones hall et administration : le chéneau de l'administration doit être conforme au plan CM09 et CM10 (tube 100*100*4, console IPE180
et HEA100, fixation par tiges traversantes). Sur l'auvent d'entrée de hall, une synthèse doit être faite avec STEREC. Détail A : nous attirons l'attention
sur le fait que le tasseau support de bac de gauche a une arase supérieure variable. 
- proposition d'ossatures de chéneaux de l'entreprise VASSEUR et ROVIS (déjà répondu le 23-11-11). Détail 15 : l'attache par cheville doit être
justifiée, nous avions prévu des tiges traversantes. Détail 16 : prévoir des raidisseurs comme indiqués sur l'envoi du 23-11-11. Détail 17 : ce détail
n'existe pas, à moins qu'il y ait eu une modification de la charpente. A nous préciser ou à nous localiser. 
Salutations 
François-Régis KUENTZ ",['01-12-2011'],"[28, 29, 30]","[315, 326, 336]",16,Lot 4 – CHARPENTE MIXTE LAMELLE COLLE
Rappel des points ci-dessus en suspends,['11-04-2013'],"[70, 71, 72, 72, 74]","[579, 596, 613, 631, 647]",24,Lot 4 – CHARPENTE MIXTE LAMELLE COLLE
Reprendre les aplombs des sous tensions et leurs alignements ,['23-02-2012'],[32],[362],14,Lot 4 – CHARPENTE MIXTE LAMELLE COLLE
Reprendre les facettes des habillages intérieurs de la zone ludique EN COURS au 23/08/12 ,['24-05-2012'],[46],[401],16,Lot 4 – CHARPENTE MIXTE LAMELLE COLLE
"Reprendre les panneaux contre collés en tête de mur rideau pour fermeture
LE 23/08/12 : Nous émettons des réserves sur les finitions et les alignements irréguliers des panneaux ",['28-06-2012'],"[46, 59, 60, 61, 62, 63, 64, 66, 67, 68, 69, 70, 71, 72, 72, 74, 75, 76, 77, 78, 79, 80, 81, 82]","[401, 431, 447, 462, 476, 490, 503, 517, 531, 545, 560, 579, 596, 613, 631, 647, 664, 681, 694, 707, 720, 733, 747, 762]",18,Lot 4 – CHARPENTE MIXTE LAMELLE COLLE
Reprendre les platines traversantes dans local F3 et escalier d’accès depuis le sous sol vers le R+1,['14-03-2013'],"[68, 69, 70, 71, 72, 72, 74, 75, 76, 77, 78, 79, 80, 81, 82]","[545, 560, 579, 596, 613, 631, 647, 664, 681, 694, 707, 720, 733, 747, 762]",20,Lot 4 – CHARPENTE MIXTE LAMELLE COLLE
Reprendre les platines traversantes du hall bassins sans délais ou nous ferons réaliser à vos frais et risques par un tiers ,['14-03-2013'],"[68, 69, 70, 71, 72, 72, 74, 75, 76, 77, 78, 79, 80, 81, 82]","[545, 560, 579, 596, 613, 631, 647, 664, 681, 694, 707, 720, 733, 747, 762]",22,Lot 4 – CHARPENTE MIXTE LAMELLE COLLE
Reprendre vos PAC des PTX suite transmission OCTANT sur les altimétries des pieds des PTX pour DEP ,['09-02-2012'],"[31, 32]","[349, 362]",15,Lot 4 – CHARPENTE MIXTE LAMELLE COLLE
Représenter les détails d’habillage des PRS suite mise au point faite ce jour ,['20-10-2011'],"[24, 25]","[285, 294]",4,Lot 4 – CHARPENTE MIXTE LAMELLE COLLE
Répondre à la demande du BC sur les platines de charpente qui ne sont pas affleurant aux voiles béton ,['22-12-2011'],"[28, 29, 30, 31]","[315, 326, 336, 349]",29,Lot 4 – CHARPENTE MIXTE LAMELLE COLLE
"Suite au montage des LC sur les PRS, nous refusons les différences d’altimétries basses des LC qui sont non conforme aux EXE Charpente ",['22-12-2011'],"[28, 29, 30]","[315, 326, 336]",24,Lot 4 – CHARPENTE MIXTE LAMELLE COLLE
"Suite à la réunion de ce jour le BC confirme l’inutilité de la peinture intumescente en sous face de PRS, la face est vue",['30-06-2011'],"[15, 16, 17, 18, 19, 20, 21, 23]","[179, 190, 207, 218, 230, 241, 252, 274]",13,Lot 4 – CHARPENTE MIXTE LAMELLE COLLE
"Suite à la réunion « charpente » dans les locaux de VERITAS, en présence de Mr CASON de BSM et SICRE, confirmation faite par 
OCTANT / SOJA qu’aucuns réseaux électriques ou aérauliques ne chemineras dans les plénums d’habillage de charpente, l’ensemble des 
câble d’alimentation électrique passerons ponctuellement dans les ondes du bac acoustique /dans l’épaisseur de FOAMGLASS / à l’intérieur 
des épines des murs rideaux en périphérie de bassins. 
Les fourreaux devront être calfeutrés en bout ",['07-07-2011'],[16],[190],14,Lot 4 – CHARPENTE MIXTE LAMELLE COLLE
Terminer les plats bois sous les panneaux BLC périphériques,['14-02-2013'],"[63, 64, 66, 67, 68, 69]","[490, 503, 517, 531, 545, 560]",25,Lot 4 – CHARPENTE MIXTE LAMELLE COLLE
"Toujours aucunes actions sur l’ensemble de vos reprises, vous retardez les autres corps d’état",['06-12-2012'],"[59, 60, 61, 62, 63, 64, 66, 67, 68, 69, 70, 71, 72, 72, 74, 75, 76, 77, 78, 79, 80, 81, 82]","[431, 447, 462, 476, 490, 503, 517, 531, 545, 560, 579, 596, 613, 631, 647, 664, 681, 694, 707, 720, 733, 747, 762]",16,Lot 4 – CHARPENTE MIXTE LAMELLE COLLE
"Transmettre détail PAC suivant détail OCTANT C9, en rappel, les DEP passe dans les poteaux de charpente, (rien ne doit être vu). ",['12-01-2012'],"[29, 30, 31, 32]","[326, 336, 349, 362]",44,Lot 4 – CHARPENTE MIXTE LAMELLE COLLE
Transmettre les documents selon liste des documents à transmettre par les entreprises ,['15-03-2011'],"[1, 2, 3, 4, 5, 6, 7]","[5, 12, 20, 29, 39, 48, 57]",8,Lot 4 – CHARPENTE MIXTE LAMELLE COLLE
Transmettre les poids prit en compte pour la charpente auvent pour vegétalisation suivant FAIT,['23-02-2012'],[32],[362],12,Lot 4 – CHARPENTE MIXTE LAMELLE COLLE
Transmettre relevé géomètre de la charpente du bassin ludique,['26-04-2012'],[46],[401],5,Lot 4 – CHARPENTE MIXTE LAMELLE COLLE
Transmettre sans délais la platine de pré scellement pour la mise en œuvre du voile par le GO,['21-07-2011'],"[17, 18, 19, 20, 21, 23]","[207, 218, 230, 241, 252, 274]",12,Lot 4 – CHARPENTE MIXTE LAMELLE COLLE
Transmettre vos fiches et relevés intempéries à l’OPC pour analyse,['22-12-2011'],"[28, 29, 30, 31, 32]","[315, 326, 336, 349, 362]",18,Lot 4 – CHARPENTE MIXTE LAMELLE COLLE
Transmettre vos plans PAC sur le clavetage des fermes dans les têtes de voiles BA,['26-04-2011'],"[6, 7, 8, 9, 10, 11, 12, 13, 14]","[48, 57, 69, 86, 105, 122, 138, 156, 168]",8,Lot 4 – CHARPENTE MIXTE LAMELLE COLLE
Transmettre vos plans PAC sur le clavetage des fermes dans les têtes de voiles BA NON FAIT,['26-04-2011'],"[15, 16, 17, 18, 19, 20, 21, 22, 23]","[179, 190, 207, 218, 230, 241, 252, 263, 274]",1,Lot 4 – CHARPENTE MIXTE LAMELLE COLLE
Transmettre vos plans PAC à STEREC,['27-11-2011'],[25],[294],5,Lot 4 – CHARPENTE MIXTE LAMELLE COLLE
Transmettre vos plans PAC à STEREC FAIT,['27-11-2011'],[26],[305],2,Lot 4 – CHARPENTE MIXTE LAMELLE COLLE
Transmettre votre relevé géomètre de charpente avec arases des fermes et pannes A TRANSMETTRE  ,['28-06-2012'],[46],[401],20,Lot 4 – CHARPENTE MIXTE LAMELLE COLLE
Uniformiser les entraits des sous tensions ,['09-02-2012'],"[31, 32]","[349, 362]",17,Lot 4 – CHARPENTE MIXTE LAMELLE COLLE
Vous avez mis en œuvre les tours d’étayements pour soutien des fermes du hall bassins ,['22-12-2011'],"[28, 29, 30]","[315, 326, 336]",22,Lot 4 – CHARPENTE MIXTE LAMELLE COLLE
"Vous devez effectuer vos finitions sur les découpes bois, lasure à reprendre 
LE 23/08/12 : A anticiper avant mise en œuvre des fonds des bassins ",['12-04-2012'],"[46, 59, 60]","[401, 431, 447]",4,Lot 4 – CHARPENTE MIXTE LAMELLE COLLE
Vous devez fournir une nouvelle note de calcul sur la platine mal positionnée sur les voiles BA ,['22-12-2011'],"[28, 29, 30, 31]","[315, 326, 336, 349]",33,Lot 4 – CHARPENTE MIXTE LAMELLE COLLE
"Vous devez prendre en compte la demande de STEREC sur le cintrage de l’ossature des chéneaux, vous devez respecter scrupuleusement les 
cintres des plans DCE, et poser le nombres de supports de chéneaux nécessaires au parfait cintre des débords  ",['22-12-2011'],[28],[315],27,Lot 4 – CHARPENTE MIXTE LAMELLE COLLE
Vous devez vous présenter afin de faire un point sur vos ouvrages en réunion de chantier du 30/08,['23-08-2012'],[46],[401],25,Lot 4 – CHARPENTE MIXTE LAMELLE COLLE
"Vous présentez un plan de détail sur les deux systèmes d’habillage des poutres PRS, transmettre échantillon à l’échelle 1
LE 16/06/11 : Fourni ce jour ",['10-05-2011'],"[13, 14, 15]","[156, 168, 179]",14,Lot 4 – CHARPENTE MIXTE LAMELLE COLLE
Vous vous proposer de prendre en charge le soudage des potelets directement sur le support au lieu de STEREC ,['10-11-2011'],[26],[305],13,Lot 4 – CHARPENTE MIXTE LAMELLE COLLE
Vous êtes convoqué à la prochaine réunion pour constat sur la reprise de vos ouvrages,['02-05-2013'],"[71, 72, 72, 74]","[596, 613, 631, 647]",19,Lot 4 – CHARPENTE MIXTE LAMELLE COLLE
homogénéiser les panneaux sur la zone du ludique comme sur la zone du sportif ,['21-03-2013'],"[69, 70, 71, 72, 72, 74]","[560, 579, 596, 613, 631, 647]",26,Lot 4 – CHARPENTE MIXTE LAMELLE COLLE
Chiffrer fourniture et pose de lames bois sur plots sur parvis accueil ,['26-09-2013'],"[84, 85, 86]","[791, 806, 821]",31,Lot 5 – COUVERTURE – ÉTANCHEITE
"Communauté d’Agglomération des Portes du Hainaut – Construction d’un Centre Aquatique à St Amand Les Eaux – CR MOE N° 61 
 du 31/01/13 ","['04-10-2012', '08-11-2012', '10-01-2013', '24-01-2013', '07-02-2013', '21-03-2013', '25-07-2013', '29-08-2013', '12-09-2013', '26-09-2013', '17-10-2013']","[61, 62, 68, 69, 70, 71, 72, 72, 74, 75, 80, 81, 82, 83, 84, 90, 91]","[462, 476, 545, 560, 579, 596, 613, 631, 647, 664, 733, 747, 762, 776, 791, 879, 892]",13,Lot 5 – COUVERTURE – ÉTANCHEITE
"Mettre en œuvre : 
 
la végétalisation sur hall des bassins compris option hall d’accueil, 
 
la pose des 3 verrières se situant dans la hall du bassin sportif, 
 
l’habillage de rives et plafonds de revers en panneau sandwich, 
 
les couvertines, 
 
l’habillage sous face auvent en panneau sandwich, 
 
l’asservissement des désenfumages, 
 
certaines descentes d’eaux pluviales, 
 
les protections d’étanchéité sous descente E.P, 
 
l’ensemble des anneaux pour l’accrochage de la ligne de vie 
 
l’étanchéité de la cage de l’ascenseur du hall d’accueil 
 
Noue en isolant  pour rejet d’eau en J17 + pose des dalles sur plots  
 
Traitement des rivets de couture des bacs",['21-03-2013'],"[64, 66, 67, 68, 69, 70, 71, 72, 72, 74, 75, 76, 77, 78, 79, 80, 81]","[504, 518, 532, 545, 560, 579, 596, 613, 631, 647, 664, 681, 694, 707, 720, 733, 747]",70,Lot 5 – COUVERTURE – ÉTANCHEITE
Mettre en œuvre la DEP ,['10-01-2013'],"[59, 60, 61, 62, 63, 64, 66, 67, 68, 69, 70, 71, 72, 72, 74, 75, 76, 77, 78, 79, 80, 81, 82]","[432, 448, 462, 476, 491, 504, 518, 532, 545, 560, 579, 596, 613, 631, 647, 664, 681, 694, 707, 720, 733, 747, 762]",34,Lot 5 – COUVERTURE – ÉTANCHEITE
Nous demandons que les fixations des lignes de vie apparentes en sous face de bac soient de même teinte que le bac RAL : 7026 ,['29-08-2013'],"[80, 81, 82, 83, 84, 85]","[733, 747, 762, 776, 791, 806]",102,Lot 5 – COUVERTURE – ÉTANCHEITE
Page 10 sur 14 ,"['07-02-2013', '21-03-2013']","[68, 72, 72]","[545, 613, 631]",75,Lot 5 – COUVERTURE – ÉTANCHEITE
Page 8 sur 12 ,"['04-10-2012', '08-11-2012', '10-01-2013', '24-01-2013', '07-02-2013', '25-07-2013', '29-08-2013', '12-09-2013', '26-09-2013', '17-10-2013']","[61, 62, 71, 74, 75, 80, 81, 82, 83, 84, 90, 91]","[462, 476, 596, 647, 664, 733, 747, 762, 776, 791, 879, 892]",15,Lot 5 – COUVERTURE – ÉTANCHEITE
Présenter un échantillon du potelet de ligne de vie « ECOVIE FLEX » pour visualisation de la sous face de la platine de fixation ,"['30-06-2011', '07-07-2011']","[16, 17, 18, 19, 20, 21, 22, 23, 24, 25, 26]","[190, 207, 218, 230, 241, 253, 263, 274, 285, 294, 305]",16,Lot 5 – COUVERTURE – ÉTANCHEITE
Rappel des points ci dessus ,['24-01-2013'],"[60, 61, 62, 63, 64, 66, 67, 68, 69, 70, 71, 72, 72, 74, 75, 76, 77, 78, 79, 80, 81, 82]","[448, 462, 476, 491, 504, 518, 532, 545, 560, 579, 596, 613, 631, 647, 664, 681, 694, 707, 720, 733, 747, 762]",34,Lot 5 – COUVERTURE – ÉTANCHEITE
Reprendre les fuites révélées dans l’accueil et les halls des bassins ,['14-03-2013'],"[68, 69, 70, 71, 72, 72, 74, 75, 76, 77, 78, 79, 80, 81, 82, 83, 84, 85, 86, 87, 88, 89]","[545, 560, 579, 596, 613, 631, 647, 664, 681, 694, 707, 720, 733, 747, 762, 776, 791, 806, 821, 836, 851, 866]",78,Lot 5 – COUVERTURE – ÉTANCHEITE
"Suite à vos refus d’interventions, la brique du gros œuvre c’est trouvé dégradée, et l’apparition de salpètre ce fait par les joints des briques 
du fait de la saturation des isolant gorgés d’eau ! nous vous imputerons les frais liées aux nettoyages des façades concernées ",['21-03-2013'],"[69, 70, 71, 72, 72, 74, 75, 76, 77, 78, 79, 80, 81]","[560, 579, 596, 613, 631, 647, 664, 681, 694, 707, 720, 733, 747]",81,Lot 5 – COUVERTURE – ÉTANCHEITE
Transmettre au BET SICRE le poids de vos matériels ainsi que les dimensions pour les socles des matériels ,['15-03-2011'],"[1, 2, 3, 4, 5, 6, 7, 8, 9, 10, 11, 12, 13]","[5, 13, 21, 29, 39, 48, 57, 69, 86, 106, 122, 138, 156]",7,Lot 5 – COUVERTURE – ÉTANCHEITE
"Transmettre au OCTANT  OPC les fiches technique des matériaux et matériels que vous souhaitez mettre en œuvre pour observation / copie 
BC ",['15-03-2011'],"[1, 2, 3, 4, 5, 6, 7, 8, 9, 10, 11, 12, 13]","[5, 13, 21, 29, 39, 48, 57, 69, 86, 106, 122, 138, 156]",5,Lot 5 – COUVERTURE – ÉTANCHEITE
"Transmettre détail sur mise en œuvre du chéneau en relation avec le détail présenté en réunion par BSM 
LE 27/11/11 : voir point du 27/10/11 
LE 22/12/11 : FAIT,  Nous refusons votre mention « variable de 10 à 30 mm » sur vos détails chéneau : 
Sur voile béton 
Sur pignon avec mur rideau",['20-10-2011'],"[28, 29, 30]","[315, 326, 337]",6,Lot 5 – COUVERTURE – ÉTANCHEITE
"Vous devez mettre en place un système de fermeture, même provisoire sur les verrières de plus protéger ces dernières des risques de chutes, 
vous avez ôté toutes protections !!!! ",['31-01-2013'],"[61, 62, 63, 64, 66, 67, 68, 69, 70, 71, 72, 72, 74, 75, 76, 77, 78, 79, 80, 81, 82]","[462, 476, 491, 504, 518, 532, 545, 560, 579, 596, 613, 631, 647, 664, 681, 694, 707, 720, 733, 747, 762]",43,Lot 5 – COUVERTURE – ÉTANCHEITE
"Vous devez transmettre les fiches technique des verrières d’éclairages zénithales avec FT des polycarbonate à mettre en œuvre pour 
validation du BC des fiches produits et suppression des œilletons d’accroche des filets inox anti chute.  ",['07-07-2011'],"[16, 17, 18, 19, 20, 21, 22, 23, 24, 25]","[190, 207, 218, 230, 241, 253, 263, 274, 285, 294]",14,Lot 5 – COUVERTURE – ÉTANCHEITE
"Vous transmettez le courrier de ARCELOR signifiant l’impossibilité de fabriquer le bac en 170 mm de HT, vous proposez alors un bac en 
118 mm, une synthèse est à faire en urgence en présence du BET SICRE sur les hauteurs impactées suite à cette modification ",['15-09-2011'],"[21, 22, 23]","[253, 263, 274]",17,Lot 5 – COUVERTURE – ÉTANCHEITE
Calepinage des panneaux trespa : 1.40X0.95 ,['07-11-2013'],"[89, 90, 91]","[866, 879, 892]",34,Lot 5 – COUVERTURE – ÉTANCHEITE
Chiffrer nettoyage de la sous face du bac ,['26-09-2013'],[84],[791],29,Lot 5 – COUVERTURE – ÉTANCHEITE
Chiffrer nettoyage de la sous face du bac : FAIT ,['26-09-2013'],[85],[806],29,Lot 5 – COUVERTURE – ÉTANCHEITE
Dossier technique transmis ,['10-05-2011'],"[8, 9, 10, 11, 12, 13]","[69, 86, 106, 122, 138, 156]",14,Lot 5 – COUVERTURE – ÉTANCHEITE
Dossier technique transmis FAIT ,['10-05-2011'],"[14, 15]","[168, 179]",10,Lot 5 – COUVERTURE – ÉTANCHEITE
Déposer échafaudage dans bassin ludique pour mise en eau : au plus tard pour le 19/11/13 ,['14-11-2013'],"[90, 91]","[879, 892]",26,Lot 5 – COUVERTURE – ÉTANCHEITE
Détail des chéneaux à transmettre pour visuel et transmission BSM suite validation Moe ,['27-11-2011'],"[26, 28, 29, 30]","[305, 315, 326, 337]",22,Lot 5 – COUVERTURE – ÉTANCHEITE
Détail du diamètre du tronconique à reprendre,"['09-02-2012', '23-02-2012']","[31, 32]","[349, 362]",18,Lot 5 – COUVERTURE – ÉTANCHEITE
Echantillon de débord à mettre en œuvre pour validation ,['19-07-2019'],"[46, 59, 60, 61, 62, 63, 64, 66, 67, 68, 69, 70, 71, 72, 72, 74, 75, 76, 77, 78, 79, 80, 81, 82]","[402, 432, 448, 462, 476, 491, 504, 518, 532, 545, 560, 579, 596, 613, 631, 647, 664, 681, 694, 707, 720, 733, 747, 762]",14,Lot 5 – COUVERTURE – ÉTANCHEITE
"Emettre vos observations sur le principe proposé par BSM sur les détails ci-dessous, OCTANT n’a pas de remarques particulières à ces 
détails du fait de la rectification de la position du cavalier de potelet des sécurités périphériques ",['27-11-2011'],[25],[294],32,Lot 5 – COUVERTURE – ÉTANCHEITE
"Emettre vos observations sur le principe proposé par BSM sur les détails ci-dessous, OCTANT n’a pas de remarques particulières à ces détails du fait 
de la rectification de la position du cavalier de potelet des sécurités périphériques 
LE 10/11/11 : Validé en réunion par STEREC sous réserve de respecter le rayon de cintrage pour la pose des habillages alu ",['27-11-2011'],"[26, 28, 29, 30]","[305, 315, 326, 337]",18,Lot 5 – COUVERTURE – ÉTANCHEITE
"En attente de la réponse sur la végétalisation de l’accueil, 90kg/m² ","['09-02-2012', '23-02-2012']","[31, 32]","[349, 362]",13,Lot 5 – COUVERTURE – ÉTANCHEITE
Fiche technique et note de calcul lanterneaux transmis ,['25-08-2011'],"[18, 19, 20, 23, 24, 25]","[218, 230, 241, 274, 285, 294]",15,Lot 5 – COUVERTURE – ÉTANCHEITE
La sous face de l’auvent accueil est à votre lot article 05.3.2 ,['05-09-2013'],"[81, 82, 83, 84, 85, 86, 87, 88, 89]","[747, 762, 776, 791, 806, 821, 836, 851, 866]",113,Lot 5 – COUVERTURE – ÉTANCHEITE
Le BC nous demande une signalétique particulière sur les boitiers désenfumage du hall pour distinguer hall et vestiaires ,['12-09-2013'],"[82, 83, 84, 85, 86, 87, 88, 89, 90, 91]","[762, 776, 791, 806, 821, 836, 851, 866, 879, 892]",82,Lot 5 – COUVERTURE – ÉTANCHEITE
Les lames du parvis seront dito terrasse J17 (vis cachées) ,['03-10-2013'],"[85, 86, 87, 88, 89]","[806, 821, 836, 851, 866]",36,Lot 5 – COUVERTURE – ÉTANCHEITE
"Merci de bien vouloir reprendre la zone en FOAMGLASS cassé sur le hall bassin d’apprentissage, vous devez combler les trous avec de
l’isolant cellulaire et regarnir de coulis de bitumes les fractures  ",['31-08-2012'],[46],[402],37,Lot 5 – COUVERTURE – ÉTANCHEITE
Mettre en place la végétalisation ,['06-12-2012'],"[59, 60, 61, 62, 63, 64, 66, 67, 68, 69, 70, 71, 72, 72, 74, 75, 76, 77, 78, 79, 80, 81, 82]","[432, 448, 462, 476, 491, 504, 518, 532, 545, 560, 579, 596, 613, 631, 647, 664, 681, 694, 707, 720, 733, 747, 762]",26,Lot 5 – COUVERTURE – ÉTANCHEITE
Mettre en place le nettoyage des sous faces des bacs aciers dans le hall des bassins ,['28-12-2011'],"[59, 60, 61, 62, 63, 64, 66, 67, 68, 69, 70, 71, 72, 72, 74, 75, 76, 77, 78, 79, 80, 81, 82]","[432, 448, 462, 476, 491, 504, 518, 532, 545, 560, 579, 596, 613, 631, 647, 664, 681, 694, 707, 720, 733, 747, 762]",20,Lot 5 – COUVERTURE – ÉTANCHEITE
Mettre en place une partie d’isolant en tête de mur rideau pour validation par le BC ,['19-07-2019'],[46],[402],16,Lot 5 – COUVERTURE – ÉTANCHEITE
Mettre en place une peinture sur les rivets des habillages de la terrasse au dessus des vestiaires ,['28-12-2011'],"[59, 60, 61, 62, 63, 64, 66, 67, 68, 69, 70, 71, 72, 72, 74, 75, 76, 77, 78, 79, 80, 81, 82]","[432, 448, 462, 476, 491, 504, 518, 532, 545, 560, 579, 596, 613, 631, 647, 664, 681, 694, 707, 720, 733, 747, 762]",24,Lot 5 – COUVERTURE – ÉTANCHEITE
Mettre en œuvre la végétalisation sur l’ensemble du projet sans délais ,['10-01-2013'],"[59, 60, 61, 62, 63, 64, 66, 67, 68, 69, 70, 71, 72, 72, 74, 75, 76, 77, 78, 79, 80, 81, 82]","[432, 448, 462, 476, 491, 504, 518, 532, 545, 560, 579, 596, 613, 631, 647, 664, 681, 694, 707, 720, 733, 747, 762]",32,Lot 5 – COUVERTURE – ÉTANCHEITE
Mettre en œuvre les closoirs de l’accueil ,['07-02-2013'],"[62, 63, 64, 66, 67, 68, 69, 70, 71, 72, 72, 74, 75, 76, 77, 78, 79, 80, 81, 82]","[476, 491, 504, 518, 532, 545, 560, 579, 596, 613, 631, 647, 664, 681, 694, 707, 720, 733, 747, 762]",47,Lot 5 – COUVERTURE – ÉTANCHEITE
Mettre en œuvre nos demandes d’échantillons ,['04-10-2012'],"[59, 60, 61, 62, 63, 64, 66, 67, 68, 69, 70, 71, 72, 72, 74, 75, 76, 77, 78, 79, 80, 81, 82]","[432, 448, 462, 476, 491, 504, 518, 532, 545, 560, 579, 596, 613, 631, 647, 664, 681, 694, 707, 720, 733, 747, 762]",12,Lot 5 – COUVERTURE – ÉTANCHEITE
Mettre en œuvre sans délais après présentation les couvertines de la zone terrasse ,['19-07-2019'],[46],[402],12,Lot 5 – COUVERTURE – ÉTANCHEITE
"Nous constatons suite à la mise en œuvre de vos habillages de verrière un dépôt de limaille au fond du bassin : un constat contradictoire est établi ce 
jour ",['21-11-2013'],[91],[892],29,Lot 5 – COUVERTURE – ÉTANCHEITE
"Nous refusons la mise en œuvre des habillages de verrières : à reprendre : supprimer les découpes et encoches : utiliser des profils de grande 
longueur, attention au poinçonnement au droit des fixations ",['21-11-2013'],[91],[892],32,Lot 5 – COUVERTURE – ÉTANCHEITE
"Nous refusons votre mention « variable de 10 à 30 mm » sur vos détails chéneau : 
Sur voile béton 
Sur pignon avec mur rideau  
De plus un pont thermique subsiste entre vos ouvrages et ceux du GO ",['22-12-2011'],[28],[315],32,Lot 5 – COUVERTURE – ÉTANCHEITE
"Nous validons les EP laquée en 75 mm sur zones non publiques, 2 mm pour les autres zones. 
Vu ce jour dispositions pour DEP J17 – DEP terrasse administration – DEP parvis ",['05-09-2013'],"[81, 82, 83, 84, 85, 86, 87, 88, 89, 90, 91]","[747, 762, 776, 791, 806, 821, 836, 851, 866, 879, 892]",105,Lot 5 – COUVERTURE – ÉTANCHEITE
Nous vous demandons de bien vouloir mettre en œuvre les demandes ci-dessus pour présentation au BC avant fermeture du bâtiment,['08-11-2012'],"[59, 60, 61, 62, 63, 64, 66, 67, 68, 69, 70, 71, 72, 72, 74, 75, 76, 77, 78, 79, 80, 81, 82]","[432, 448, 462, 476, 491, 504, 518, 532, 545, 560, 579, 596, 613, 631, 647, 664, 681, 694, 707, 720, 733, 747, 762]",15,Lot 5 – COUVERTURE – ÉTANCHEITE
"Nous vous demandons de mettre 8 personnes en effectif afin de tenir vos délais 
• 
2 sur administration 
• 
2 sur reprises et finition apprentissage 
• 
2 sur accueil et entre halls bassins 
• 
2 sur les débords et chéneau ",['31-08-2012'],[46],[402],34,Lot 5 – COUVERTURE – ÉTANCHEITE
Nous vous demandons de mettre en  place vos protections c’est urgent et la situation est inadmissible ,['07-02-2013'],"[62, 63, 64, 66, 67, 68, 69, 70, 71, 72, 72, 74, 75, 76, 77, 78, 79, 80, 81, 82]","[476, 491, 504, 518, 532, 545, 560, 579, 596, 613, 631, 647, 664, 681, 694, 707, 720, 733, 747, 762]",45,Lot 5 – COUVERTURE – ÉTANCHEITE
"Nous vous demandons un hors d’eau sur toutes les zones restantes pour le 10 Septembre !!! 
Nous établirons un constat le 10/09/12 ",['23-08-2012'],[46],[402],24,Lot 5 – COUVERTURE – ÉTANCHEITE
Nous vous rappelons que nous sommes dans l’attente d’une proposition d’échantillon sur site pour la fermeture en tête de mur rideau ,['31-08-2012'],[46],[402],41,Lot 5 – COUVERTURE – ÉTANCHEITE
Organisation de chantier selon directives de l’OPC ,['15-03-2011'],"[1, 2, 3, 4, 5]","[5, 13, 21, 29, 39]",11,Lot 5 – COUVERTURE – ÉTANCHEITE
Page 11 sur 19 ,['07-02-2013'],"[69, 70]","[560, 579]",49,Lot 5 – COUVERTURE – ÉTANCHEITE
Pas d’observation sur le produit d’ALU LARSON ,['27-11-2011'],"[25, 26]","[294, 305]",24,Lot 5 – COUVERTURE – ÉTANCHEITE
Plan des EP  ind A transmis ,['10-05-2011'],"[8, 9, 10, 11, 12, 13, 14, 15]","[69, 86, 106, 122, 138, 156, 168, 179]",12,Lot 5 – COUVERTURE – ÉTANCHEITE
Poser asservissement zone bassin afin de permettre la pose du faux plafond ,['25-07-2013'],"[78, 79, 80, 81]","[707, 720, 733, 747]",78,Lot 5 – COUVERTURE – ÉTANCHEITE
Poser closoirs hall accueil ,['05-09-2013'],"[81, 82, 83, 84, 85, 86]","[747, 762, 776, 791, 806, 821]",111,Lot 5 – COUVERTURE – ÉTANCHEITE
Poser closoirs hall accueil : FAIT ,['05-09-2013'],"[87, 88, 89]","[836, 851, 866]",16,Lot 5 – COUVERTURE – ÉTANCHEITE
Poser le prototype de couvertine ,['05-07-2012'],[46],[402],8,Lot 5 – COUVERTURE – ÉTANCHEITE
Proposer au BC le type de polycarbonate résistant aux chutes ,['30-06-2011'],"[15, 16, 17, 18, 19, 20, 21, 22, 23, 24, 25]","[179, 190, 207, 218, 230, 241, 253, 263, 274, 285, 294]",20,Lot 5 – COUVERTURE – ÉTANCHEITE
Proposer prototype habillage de rives ,['25-07-2013'],"[78, 79, 80, 81]","[707, 720, 733, 747]",80,Lot 5 – COUVERTURE – ÉTANCHEITE
Proposer un échantillon d’habillage de débords ,['06-12-2012'],"[59, 60, 61, 62, 63, 64, 66, 67, 68, 69, 70, 71, 72, 72, 74, 75, 76, 77, 78, 79, 80, 81, 82]","[432, 448, 462, 476, 491, 504, 518, 532, 545, 560, 579, 596, 613, 631, 647, 664, 681, 694, 707, 720, 733, 747, 762]",28,Lot 5 – COUVERTURE – ÉTANCHEITE
Prototype habillage de débord en ALUCOBOND présenté validé : ,['05-09-2013'],"[81, 82, 83, 84, 85, 86, 87, 88, 89]","[747, 762, 776, 791, 806, 821, 836, 851, 866]",102,Lot 5 – COUVERTURE – ÉTANCHEITE
Présenter prototype rive végétalisation ,['05-09-2013'],"[81, 82]","[747, 762]",115,Lot 5 – COUVERTURE – ÉTANCHEITE
"Présenter prototype rive végétalisation : FAIT : nous demandons que le profil d’arrêt soit de teinte 7026, la pose de ce profil ne devra pas avoir de 
facette : suivre courbe de la toiture ",['05-09-2013'],"[83, 84, 85, 86, 87, 88, 89]","[776, 791, 806, 821, 836, 851, 866]",37,Lot 5 – COUVERTURE – ÉTANCHEITE
"Prévoir bande pododactile sur dalles terrasse extérieure des gradins devant départ escalier secours (respecter les cotes des normes de sécurité : voir 
BC) ",['29-08-2013'],"[80, 81, 82, 83, 84, 85, 86, 87, 88, 89, 90, 91]","[733, 747, 762, 776, 791, 806, 821, 836, 851, 866, 879, 892]",105,Lot 5 – COUVERTURE – ÉTANCHEITE
Prévoir le 26/09/13 essais désenfumage avec émanations  ,['29-08-2013'],"[80, 81, 82, 83, 84, 85]","[733, 747, 762, 776, 791, 806]",98,Lot 5 – COUVERTURE – ÉTANCHEITE
Prévoir le passage d’une EP rectangulaire sur la gauche du parvis de l’accueil avec RAL menuiserie ,['21-11-2012'],"[59, 60, 61, 62, 63, 64, 66, 67, 68, 69, 70, 71, 72, 72, 74, 75, 76, 77, 78, 79, 80, 81, 82]","[432, 448, 462, 476, 491, 504, 518, 532, 545, 560, 579, 596, 613, 631, 647, 664, 681, 694, 707, 720, 733, 747, 762]",18,Lot 5 – COUVERTURE – ÉTANCHEITE
RAPPEL DES POINTS EN SUSPENS,['29-09-2011'],[23],[274],22,Lot 5 – COUVERTURE – ÉTANCHEITE
"Rappel des points ci-dessus et notamment, mettre en œuvre les échantillons pour validation avant poses complètes : 
Fermeture des MR 
Débords 
Couvertines ",['04-10-2012'],"[59, 60, 61, 62, 63, 64, 66, 67, 68, 69, 70, 71, 72, 72, 74, 75, 76, 77, 78, 79, 80, 81, 82]","[432, 448, 462, 476, 491, 504, 518, 532, 545, 560, 579, 596, 613, 631, 647, 664, 681, 694, 707, 720, 733, 747, 762]",10,Lot 5 – COUVERTURE – ÉTANCHEITE
Remettre à jour le plan des EP suite suppression de deux DEP sur les 8 d’origines ,['10-11-2011'],"[26, 28, 29, 30]","[305, 315, 326, 337]",26,Lot 5 – COUVERTURE – ÉTANCHEITE
Reprendre habillage des verrières au droit du bassin sportif : transmettre méthodologie montage à OPC pour phasage avec les remplissages ,['25-07-2013'],"[78, 79, 80, 81, 82, 83, 84, 85, 86, 87, 88, 89, 90, 91]","[707, 720, 733, 747, 762, 776, 791, 806, 821, 836, 851, 866, 879, 892]",82,Lot 5 – COUVERTURE – ÉTANCHEITE
"Reprendre la terrasse de secours au R+1, en effet une forte stagnation d’eau est repérable au centre ",['28-12-2011'],"[59, 60, 61, 62, 63, 64, 66, 67, 68, 69, 70, 71, 72, 72, 74, 75, 76, 77, 78, 79, 80, 81, 82]","[432, 448, 462, 476, 491, 504, 518, 532, 545, 560, 579, 596, 613, 631, 647, 664, 681, 694, 707, 720, 733, 747, 762]",22,Lot 5 – COUVERTURE – ÉTANCHEITE
Reprendre la terrasse sur plot au R+1 IS ,['13-12-2012'],"[59, 60, 61, 62, 63, 64, 66, 67, 68, 69, 70, 71, 72, 72, 74, 75, 76, 77, 78, 79, 80, 81, 82]","[432, 448, 462, 476, 491, 504, 518, 532, 545, 560, 579, 596, 613, 631, 647, 664, 681, 694, 707, 720, 733, 747, 762]",30,Lot 5 – COUVERTURE – ÉTANCHEITE
Reprendre la zone ou le bac est enfoncé sur le hall de l’apprentissage ,['31-08-2012'],[46],[402],39,Lot 5 – COUVERTURE – ÉTANCHEITE
Reprendre les deux fuites de l’accueil au droit des lanterneaux ,['07-02-2013'],"[62, 63, 64, 66, 67, 68, 69, 70, 71, 72, 72, 74, 75, 76, 77, 78, 79, 80, 81, 82]","[476, 491, 504, 518, 532, 545, 560, 579, 596, 613, 631, 647, 664, 681, 694, 707, 720, 733, 747, 762]",49,Lot 5 – COUVERTURE – ÉTANCHEITE
Répondre à l’ensemble des points ci-dessus ,['25-10-2012'],[59],[432],14,Lot 5 – COUVERTURE – ÉTANCHEITE
Si SPS maintien sa demande de filets sous verrières nous les demandons en PVC blanc et non en inox (risque d’apparition de rouille) ,['25-07-2013'],"[78, 79, 80]","[707, 720, 733]",84,Lot 5 – COUVERTURE – ÉTANCHEITE
Suite aux soucis de reprises des efforts des potelets sur pannes transmettre une fiche technique proposant une accroche dans les bacs ,['01-09-2011'],"[21, 22]","[253, 263]",14,Lot 5 – COUVERTURE – ÉTANCHEITE
"Suite aux soucis de reprises des efforts des potelets sur pannes transmettre une fiche technique proposant une accroche dans les bacs 
REPONSE SICRE : ",['01-09-2011'],"[19, 20, 23, 24, 25]","[230, 241, 274, 285, 294]",17,Lot 5 – COUVERTURE – ÉTANCHEITE
"Suite essais désenfumage de ce jour et suivant demande BC : poser 2 kits déflecteurs sur les lanterneaux des vestiaires du public 
Essais supplémentaires programmés le 16/10/13 ",['03-10-2013'],"[85, 86, 87, 88, 89, 90, 91]","[806, 821, 836, 851, 866, 879, 892]",34,Lot 5 – COUVERTURE – ÉTANCHEITE
Suite résiliation du marché en attente ,['02-05-2013'],"[71, 72, 72, 74, 75, 76, 77, 78, 79, 80, 81]","[596, 613, 631, 647, 664, 681, 694, 707, 720, 733, 747]",83,Lot 5 – COUVERTURE – ÉTANCHEITE
Suivant demande complémentaire du BC faire chiffrage pour grille d’amenée d’air asservie de la zone vestiaires (dans occulus)  ,['29-08-2013'],"[80, 81, 82, 83]","[733, 747, 762, 776]",96,Lot 5 – COUVERTURE – ÉTANCHEITE
Suivant réunion de ce jour avec BC reprendre plan position boitiers désenfumage et diffuser ,['29-08-2013'],"[80, 81, 82, 83]","[733, 747, 762, 776]",100,Lot 5 – COUVERTURE – ÉTANCHEITE
"Terminer la zone du bassin ludique d’urgence, vous accusez un retard considérable sur cette zone et retardez le carrelage ",['19-07-2019'],[46],[402],10,Lot 5 – COUVERTURE – ÉTANCHEITE
Terrasse J17 : ne pas prévoir de contre-bardage : finition prévue au lot peinture ,['05-09-2013'],"[81, 82, 83, 84, 85, 86, 87, 88, 89]","[747, 762, 776, 791, 806, 821, 836, 851, 866]",107,Lot 5 – COUVERTURE – ÉTANCHEITE
Traiter les champs des lanterneaux suite aux découpes des bacs ,['07-02-2013'],"[62, 63, 64, 66, 67, 68, 69, 70, 71, 72, 72, 74, 75, 76, 77, 78, 79, 80, 81, 82]","[476, 491, 504, 518, 532, 545, 560, 579, 596, 613, 631, 647, 664, 681, 694, 707, 720, 733, 747, 762]",51,Lot 5 – COUVERTURE – ÉTANCHEITE
Transmettre au BC les éléments relatif au désenfumage ,['30-06-2011'],"[15, 16, 17, 18, 19, 20, 21, 22, 23, 24, 25, 26]","[179, 190, 207, 218, 230, 241, 253, 263, 274, 285, 294, 305]",18,Lot 5 – COUVERTURE – ÉTANCHEITE
"Transmettre au OCTANT  OPC les fiches technique des matériaux et matériels que vous souhaitez mettre en œuvre pour observation / copie BC 
FAIT 
LE 23/06/11 : ECHANTILON FOURNI CE JOUR ",['15-03-2011'],"[14, 15]","[168, 179]",6,Lot 5 – COUVERTURE – ÉTANCHEITE
Transmettre diamètre du AF pour désenfumage suivant demande du BC et pompier ,"['09-02-2012', '23-02-2012']","[31, 32]","[349, 362]",7,Lot 5 – COUVERTURE – ÉTANCHEITE
Transmettre détail PAC des chevêtres de verrière ,['27-11-2011'],[25],[294],26,Lot 5 – COUVERTURE – ÉTANCHEITE
"Transmettre détail PAC des chevêtres de verrière 
LE 10/11/11 : Vue ne réunion, à transmettre ",['27-11-2011'],[26],[305],14,Lot 5 – COUVERTURE – ÉTANCHEITE
"Transmettre détail PAC des têtes de mur rideaux et habillage avec isolant pour validation et en parallèle mettre en œuvre un prototype pour visuel et 
présentation au Bureau de Contrôle ",['05-07-2012'],"[46, 59, 60, 61, 62, 63, 64, 66, 67, 68, 69, 70, 71, 72, 72, 74, 75, 76, 77, 79, 80, 81, 82]","[402, 432, 448, 462, 476, 491, 504, 518, 532, 545, 560, 579, 596, 613, 631, 647, 664, 681, 694, 720, 733, 747, 762]",6,Lot 5 – COUVERTURE – ÉTANCHEITE
Transmettre détail sur cornière de rive pour stopper les transmissions de condensation intérieur extérieur,['20-10-2011'],"[24, 25]","[285, 294]",19,Lot 5 – COUVERTURE – ÉTANCHEITE
"Transmettre détail sur cornière de rive pour stopper les transmissions de condensation intérieur extérieur
LE 10/11/11 : retransmettre détail PAC suivant détail BSM, vu en réunion à représenter ",['20-10-2011'],[26],[305],6,Lot 5 – COUVERTURE – ÉTANCHEITE
Transmettre détail sur mise en œuvre du chéneau en relation avec le détail présenté en réunion par BSM ,['20-10-2011'],[24],[285],21,Lot 5 – COUVERTURE – ÉTANCHEITE
"Transmettre détail sur mise en œuvre du chéneau en relation avec le détail présenté en réunion par BSM 
LE 27/11/11 : voir point du 27/10/11 ",['20-10-2011'],"[25, 26]","[294, 305]",22,Lot 5 – COUVERTURE – ÉTANCHEITE
Transmettre les ajustements financiers suite à la réunion désenfumage ,['09-02-2012'],[31],[349],9,Lot 5 – COUVERTURE – ÉTANCHEITE
"Transmettre les ajustements financiers suite à la réunion désenfumage, justifier la demande de deux grilles rectangulaire suivant devis ",['23-02-2012'],[32],[362],9,Lot 5 – COUVERTURE – ÉTANCHEITE
Transmettre les demandes de chevêtre pour ajout d’un lanterneau rond suivant plan OCTANT ,"['09-02-2012', '23-02-2012']","[31, 32]","[349, 362]",11,Lot 5 – COUVERTURE – ÉTANCHEITE
Transmettre les documents selon liste des documents à transmettre par les entreprises ,['15-03-2011'],"[1, 2, 3, 4, 5]","[5, 13, 21, 29, 39]",9,Lot 5 – COUVERTURE – ÉTANCHEITE
Transmettre réception support dalle parvis accueil au GO ,['05-09-2013'],"[81, 82, 83]","[747, 762, 776]",109,Lot 5 – COUVERTURE – ÉTANCHEITE
Transmettre réservations dans les faux poteaux pour DEP à BSM ,['16-11-2011'],[28],[315],25,Lot 5 – COUVERTURE – ÉTANCHEITE
"Transmettre réservations dans les faux poteaux pour DEP à BSM 
LE 12/01/12 :En rappel, diam 200 Gmm ",['16-11-2011'],"[29, 30]","[326, 337]",26,Lot 5 – COUVERTURE – ÉTANCHEITE
Transmettre un chiffrage pour la mise en œuvre d’une unique armoire de déclenchement du désenfumage ,['08-12-2011'],"[28, 29, 30, 31, 32]","[315, 326, 337, 349, 362]",27,Lot 5 – COUVERTURE – ÉTANCHEITE
"Transmettre votre commande à BSM pour la pose des cavaliers des gardes corps amovible de protections, URGENT ",['16-11-2011'],"[28, 29, 30]","[315, 326, 337]",20,Lot 5 – COUVERTURE – ÉTANCHEITE
Transmettre Ø boite à eau du parvis à TOMMASINI pour découpe pierre agrafée ,['17-10-2013'],"[87, 88, 89]","[836, 851, 866]",32,Lot 5 – COUVERTURE – ÉTANCHEITE
Veuillez nous produire rapidement les différents documents et échantillons demandés lors de la réunion de lancement ,['15-03-2011'],"[1, 2, 3, 4, 5, 6, 7, 8, 9, 10, 11, 12, 13, 14, 15, 16, 17, 18]","[5, 13, 21, 29, 39, 48, 57, 69, 86, 106, 122, 138, 156, 168, 179, 190, 207, 218]",2,Lot 5 – COUVERTURE – ÉTANCHEITE
"Vous devez mettre en œuvre sur quelques mètres la solution retenue pour fermeture hautes entre bac et mur rideau pour validation par le
BC ",['23-08-2012'],[46],[402],18,Lot 5 – COUVERTURE – ÉTANCHEITE
Vous devez présenter votre méthode afin de fixer sur les 60 mm demandés le bac des halls des bassins sur les LC et PRS ,['27-11-2011'],"[25, 26, 28, 29, 30]","[294, 305, 315, 326, 337]",37,Lot 5 – COUVERTURE – ÉTANCHEITE
Vous devez transmettre vos réservations de filets anti chute de lanterneau à SICRE BET pour intégration sur les PRS de la charpente ,"['10-05-2011', '16-06-2011']","[13, 14, 15]","[156, 168, 179]",13,Lot 5 – COUVERTURE – ÉTANCHEITE
Vous devez être conforme au cintrage des rives en panneaux aluminium suivant les plans ,['10-11-2011'],"[26, 28, 29, 30]","[305, 315, 326, 337]",24,Lot 5 – COUVERTURE – ÉTANCHEITE
Vous devez être présent lors de la réunion SSI qui se tiendra le 30/06/11 à 13H30 sur site ,"['10-05-2011', '16-06-2011']","[13, 14, 15]","[156, 168, 179]",15,Lot 5 – COUVERTURE – ÉTANCHEITE
"Vous mettre en relation avec BSM pour le rendu des débords de toiture, nous refuserons tout défauts d’aspect sur les cintres, vous devrez être
parfaitement conforme au plans DCE ",['22-12-2011'],"[28, 29, 30, 31, 32]","[315, 326, 337, 349, 362]",35,Lot 5 – COUVERTURE – ÉTANCHEITE
"Vous n’avez pas tenu vos engagements sur la pose et le hors d’eau du hall bassin d’apprentissage et de la zone administration R+1 et accueil 
RDC ",['23-08-2012'],[46],[402],21,Lot 5 – COUVERTURE – ÉTANCHEITE
Vous proposez de substituer les filets inox des verrières par du polycarbonate avec reprise des éventuelles chutes ,['23-06-2011'],"[14, 15, 16, 17, 18]","[168, 179, 190, 207, 218]",16,Lot 5 – COUVERTURE – ÉTANCHEITE
"Vous proposez de substituer les filets inox des verrières par du polycarbonate avec reprise des éventuelles chutes 
VALIDATION OCTANT ",['23-06-2011'],"[19, 20, 21, 22, 23, 24, 25]","[230, 241, 253, 263, 274, 285, 294]",3,Lot 5 – COUVERTURE – ÉTANCHEITE
"Vous vous êtes engagés à présenter un  prototype de vos habillages de débords début septembre (échantillon ALUCOBOND présenté validé) : prévu 
le 05/09/13 ",['01-08-2013'],[80],[733],94,Lot 5 – COUVERTURE – ÉTANCHEITE
Vous vous êtes engagés à transmettre un  prototype de vos habillages de débords début septembre (échantillon ALUCOBOND présenté validé) ,['01-08-2013'],[79],[720],87,Lot 5 – COUVERTURE – ÉTANCHEITE
"Végétalisation à 95%, pose des verrières 28/10/13 ",['17-10-2013'],"[87, 88, 89, 90, 91]","[836, 851, 866, 879, 892]",30,Lot 5 – COUVERTURE – ÉTANCHEITE
: a la charge de TOMMASINI,['27-10-2011'],"[25, 26]","[296, 306]",15,Lot 8 – TRAITEMENT D'EAU – ANIMATIONS AQUATIQUES
"Communauté d’Agglomération des Portes du Hainaut – Construction d’un Centre Aquatique à St Amand Les Eaux – CR MOE N° 39 du 10 
/05/19 ","['03-05-2012', '20-09-2012', '29-11-2012', '02-05-2013', '12-09-2013']","[39, 61, 62, 63, 78, 79, 81, 84]","[377, 463, 477, 491, 708, 721, 749, 792]",32,Lot 8 – TRAITEMENT D'EAU – ANIMATIONS AQUATIQUES
"Nous validons la mise en oeuvre d’une crosse de blower dans la jardinière bass du bassin ludique, derrière les banquettes massantes, hauteur maximal 
+30cm du +-0 .00 ou +0.25CM du niveau d’aeu ",['21-09-2011'],"[22, 23]","[263, 275]",18,Lot 8 – TRAITEMENT D'EAU – ANIMATIONS AQUATIQUES
Page 10 sur 13 ,"['20-09-2012', '29-11-2012', '02-05-2013', '12-09-2013']","[61, 62, 63, 78, 79, 84]","[463, 477, 491, 708, 721, 792]",23,Lot 8 – TRAITEMENT D'EAU – ANIMATIONS AQUATIQUES
Page 11 sur 15 ,"['03-05-2012', '20-09-2012']","[39, 81]","[377, 749]",34,Lot 8 – TRAITEMENT D'EAU – ANIMATIONS AQUATIQUES
"Point SOJA 
Bilan de puissance électrique 
Filtration et jeux d’eau 
Dans le bilan de puissance, vous prévoyez une déchloramination, or cette prestation n’est pas prévue dans la conception du système.  
Vérifiez le bilan de puissance 
Remarque complémentaire 
Nous sommes toujours dans l’attente des fiches techniques de vos équipements, ceux-ci devant être validés par les architectes concernant 
l’esthétique et par nos soins pour les performances techniques. ",['07-07-2011'],"[16, 17, 18, 19, 20, 21, 22, 23, 24, 25]","[193, 208, 219, 230, 242, 253, 263, 275, 285, 296]",11,Lot 8 – TRAITEMENT D'EAU – ANIMATIONS AQUATIQUES
Points réservations à faire avec le BET SOJA,['10-05-2011'],"[8, 9, 10, 11, 12, 13, 14, 15, 16, 17, 18, 19, 20, 21, 22, 23, 24, 25, 26, 28, 29, 30, 31, 32, 39]","[70, 88, 107, 123, 141, 157, 168, 179, 193, 208, 219, 230, 242, 253, 263, 275, 285, 296, 306, 316, 327, 337, 350, 363, 377]",8,Lot 8 – TRAITEMENT D'EAU – ANIMATIONS AQUATIQUES
Transmettre au BET SICRE le poids de vos matériels ainsi que les dimensions pour les socles des matériels ,['15-03-2011'],"[1, 2, 3, 4, 5, 6, 7, 8, 9]","[6, 13, 21, 30, 39, 49, 57, 70, 88]",4,Lot 8 – TRAITEMENT D'EAU – ANIMATIONS AQUATIQUES
Transmettre au BET SOJA les fiches technique des matériaux et matériels que vous souhaitez mettre en œuvre pour observation ,['15-03-2011'],"[1, 2, 3, 4, 5, 6, 7, 8, 9]","[6, 13, 21, 30, 39, 49, 57, 70, 88]",2,Lot 8 – TRAITEMENT D'EAU – ANIMATIONS AQUATIQUES
"Transmettre au OCTANT  OPC les fiches technique des matériaux et matériels que vous souhaitez mettre en œuvre pour observation / copie 
BC ",['15-03-2011'],"[1, 2, 3, 4, 5, 6, 7, 8, 9]","[6, 13, 21, 30, 39, 49, 57, 70, 88]",7,Lot 8 – TRAITEMENT D'EAU – ANIMATIONS AQUATIQUES
": Vous transmettez ce jour le plan de la cuve d’ultrafiltre, (coupe).
LE 20/12/12 : FAIT pour réseaux, SOJA vous diffuse ce jour le plan d’implantation de la cuve de l’ultrafiltre corrigé suite à vos demande, en effet la 
cuve ne peut reprendre que 50 cm de terre ou béton sur sa face supérieure ",['20-09-2012'],"[59, 60, 61, 62, 63, 64, 66, 67, 68, 69, 70, 71, 72, 72, 74, 75, 76, 77, 78, 79, 80, 81]","[433, 449, 463, 477, 491, 505, 519, 533, 546, 563, 582, 599, 616, 634, 650, 667, 682, 695, 708, 721, 734, 749]",6,Lot 8 – TRAITEMENT D'EAU – ANIMATIONS AQUATIQUES
"COLAS à besoin très rapidement des sorties n° 14, 16, 17, 23, 24, ainsi que les réservations pour les 4 fourreaux (2 x 2 fourreaux diam 100)
supplémentaires pour les pédiluves (transmettre les niveaux auxquels vous souhaitez les faire arriver) ",['14-03-2013'],"[68, 69, 70, 71, 72, 72, 74, 75, 76, 77, 78, 79, 80, 81]","[546, 563, 582, 599, 616, 634, 650, 667, 682, 695, 708, 721, 734, 749]",24,Lot 8 – TRAITEMENT D'EAU – ANIMATIONS AQUATIQUES
"Compte tenu de la configuration des pédiluves extérieurs, nous validons une seule arrivée d’eau ",['04-07-2013'],"[76, 77, 78, 79, 80, 81, 82, 83, 84, 85, 86, 87, 88, 89]","[682, 695, 708, 721, 734, 749, 764, 778, 792, 807, 822, 837, 852, 867]",28,Lot 8 – TRAITEMENT D'EAU – ANIMATIONS AQUATIQUES
DEMANDE ETDE : RAS ,['28-07-2011'],[18],[219],13,Lot 8 – TRAITEMENT D'EAU – ANIMATIONS AQUATIQUES
Emettre des observations sur le plan de maquettages du local PAC SOJA ,['19-01-2012'],"[30, 31, 32, 39]","[337, 350, 363, 377]",16,Lot 8 – TRAITEMENT D'EAU – ANIMATIONS AQUATIQUES
Faire travaux rebouchages autour des traversées de réseaux ,['25-07-2013'],"[78, 79, 80, 81, 82, 83, 84, 85, 86, 87, 88, 89]","[708, 721, 734, 749, 764, 778, 792, 807, 822, 837, 852, 867]",36,Lot 8 – TRAITEMENT D'EAU – ANIMATIONS AQUATIQUES
Fournir au BC attestation de mise en œuvre des calfeutrements ,['26-09-2013'],"[84, 85, 86, 87, 88, 89, 90, 91]","[792, 807, 822, 837, 852, 867, 880, 893]",14,Lot 8 – TRAITEMENT D'EAU – ANIMATIONS AQUATIQUES
Nettoyage du sous sol à prévoir de toute urgence ,['31-08-2012'],[46],[403],9,Lot 8 – TRAITEMENT D'EAU – ANIMATIONS AQUATIQUES
Nettoyer vos zones de travail NF ,['19-07-2019'],[46],[403],7,Lot 8 – TRAITEMENT D'EAU – ANIMATIONS AQUATIQUES
Organisation de chantier selon directives de l’OPC ,['15-03-2011'],"[1, 2, 3, 4, 5]","[6, 13, 21, 30, 39]",13,Lot 8 – TRAITEMENT D'EAU – ANIMATIONS AQUATIQUES
"Point SOJA sur les débits des pompes jeux suite aux questions HSB 
Réponse : pourriez-vous préciser la question ? 
Les jeux ne fonctionnent pas tous en même temps, mais selon des séquences programmées. De plus les pompes sont équipées de variateurs, afin de 
s’adapter au besoin de débit. ",['01-12-2011'],"[28, 29, 30, 31, 32, 39]","[316, 327, 337, 350, 363, 377]",7,Lot 8 – TRAITEMENT D'EAU – ANIMATIONS AQUATIQUES
Prendre en compte CR SOJA ,['10-10-2013'],"[86, 87, 88, 89, 90, 91]","[822, 837, 852, 867, 880, 893]",10,Lot 8 – TRAITEMENT D'EAU – ANIMATIONS AQUATIQUES
"Procéder à la mise en eau du bassin sportif dès le 15/11/13 : attention nettoyer sous les grilles des regards de vidange ou jeux au préalable, le bassin
d’apprentissage sera à remplir à partir du 21/11/13 : NE PAS DECALER : LES BASSINS DOIVENT ETRE REMPLIS POUR LA COMMISSION
DE SECURITE LE 26/11/13 ",['14-11-2013'],"[90, 91]","[880, 893]",10,Lot 8 – TRAITEMENT D'EAU – ANIMATIONS AQUATIQUES
RAPPEL DES POINTS EN SUSPENS,['29-09-2011'],[23],[275],21,Lot 8 – TRAITEMENT D'EAU – ANIMATIONS AQUATIQUES
RAPPEL sur la synthèse des percements oubliés à transmettre ,['10-05-2012'],[39],[377],37,Lot 8 – TRAITEMENT D'EAU – ANIMATIONS AQUATIQUES
Rappel des points ci-dessus  ,['02-05-2013'],"[71, 72, 72, 74, 75, 76, 77, 78, 79, 80, 81]","[599, 616, 634, 650, 667, 682, 695, 708, 721, 734, 749]",26,Lot 8 – TRAITEMENT D'EAU – ANIMATIONS AQUATIQUES
Revoir votre système de fixation de cuve ultrafiltration et transmettre PAC de la fixation au BC compris chevilles et tendeurs,['20-10-2011'],"[24, 25, 26]","[285, 296, 306]",14,Lot 8 – TRAITEMENT D'EAU – ANIMATIONS AQUATIQUES
"Suite à la réunion de synthèse du 09/06/11 en vos locaux, l’ensemble de vos questions à été soulevé et vous n’avez plus d’interrogation ",['09-06-2011'],"[12, 13]","[141, 157]",4,Lot 8 – TRAITEMENT D'EAU – ANIMATIONS AQUATIQUES
Suivant CR OPC ,"['23-02-2012', '02-05-2013']","[32, 39, 71, 72, 72, 74, 75]","[363, 377, 599, 616, 634, 650, 667]",15,Lot 8 – TRAITEMENT D'EAU – ANIMATIONS AQUATIQUES
Suivant demandes SOJA ,['23-02-2012'],"[32, 39]","[363, 377]",17,Lot 8 – TRAITEMENT D'EAU – ANIMATIONS AQUATIQUES
"Transmettre PAC de l’alimentation des jeux d’eau sur les bassins, tout jeux ",['15-09-2011'],"[21, 22, 23]","[253, 263, 275]",15,Lot 8 – TRAITEMENT D'EAU – ANIMATIONS AQUATIQUES
Transmettre PAC sur le regard d’hivernage du mitigeur de la douche du pédiluve extérieur ,['19-04-2012'],[39],[377],21,Lot 8 – TRAITEMENT D'EAU – ANIMATIONS AQUATIQUES
Transmettre les documents selon liste des documents à transmettre par les entreprises ,['15-03-2011'],"[1, 2, 3, 4, 5]","[6, 13, 21, 30, 39]",11,Lot 8 – TRAITEMENT D'EAU – ANIMATIONS AQUATIQUES
Transmettre les essais de mise sous pression des réseaux lors des coulages béton par le GO ,['19-04-2012'],[39],[377],19,Lot 8 – TRAITEMENT D'EAU – ANIMATIONS AQUATIQUES
"Transmettre synthèse des percements à réaliser sur site et marquage des trous pour contrôle, compris DEP façade sur Scarpe ",['03-05-2012'],[39],[377],29,Lot 8 – TRAITEMENT D'EAU – ANIMATIONS AQUATIQUES
Transmettre vos observations sur le plan transmis en mains propres ce jour ,['26-04-2012'],[39],[377],25,Lot 8 – TRAITEMENT D'EAU – ANIMATIONS AQUATIQUES
Transmettre votre bilan de puissance au BET SOJA ,['15-03-2011'],"[1, 2]","[6, 13]",9,Lot 8 – TRAITEMENT D'EAU – ANIMATIONS AQUATIQUES
URGENT : terminer tous vos calfeutrements : ceci est impératif pour le passage de la commission de sécurité : à solder sans délais ,['12-09-2013'],"[82, 83, 84, 85, 86, 87, 88, 89, 90, 91]","[764, 778, 792, 807, 822, 837, 852, 867, 880, 893]",6,Lot 8 – TRAITEMENT D'EAU – ANIMATIONS AQUATIQUES
Vous annoncez que SOJA doit modifier la sortie de la vidange du bassin ludique ,['01-09-2011'],"[19, 20, 21, 22, 23, 24, 25, 26]","[230, 242, 253, 263, 275, 285, 296, 306]",13,Lot 8 – TRAITEMENT D'EAU – ANIMATIONS AQUATIQUES
Vous annoncez transmettre un nouveau plan de socle pompe suite au déplacement de la pompe sous l’escalier du bassin d’apprentissage ,['15-12-2011'],"[28, 29, 30, 31, 32, 39]","[316, 327, 337, 350, 363, 377]",11,Lot 8 – TRAITEMENT D'EAU – ANIMATIONS AQUATIQUES
Vous avez transmis cette semaine des FT PB à SOJA  ,['01-12-2011'],"[28, 29, 30, 31, 32, 39]","[316, 327, 337, 350, 363, 377]",9,Lot 8 – TRAITEMENT D'EAU – ANIMATIONS AQUATIQUES
"Vous demandez des précisions sur le mode de remplissage des bassins 
• 
Soit depuis le réseau AEP 
• 
Soit depuis les réseaux des eaux de forages 
• 
Soit depuis les réseaux des eaux de forages avec passage  
LE 20/12/12 : Vous êtes en attente de la reprise des plans et schémas de principe mis à jour suite à la réunion de synthèse du 13/12/12 ",['20-09-2012'],"[59, 60, 61, 62, 63, 64, 66, 67, 68, 69, 70, 71, 72, 72, 74, 75, 76, 77, 78, 79, 80, 81]","[433, 449, 463, 477, 491, 505, 519, 533, 546, 563, 582, 599, 616, 634, 650, 667, 682, 695, 708, 721, 734, 749]",18,Lot 8 – TRAITEMENT D'EAU – ANIMATIONS AQUATIQUES
Vous demandez le CR à jour SOJA ,['26-04-2012'],[39],[377],23,Lot 8 – TRAITEMENT D'EAU – ANIMATIONS AQUATIQUES
"Vous demandez le plan des réseaux additionnel suite ajout de la cuve de l’ultrafiltre, compris altimétrie du fond de cuve  
LE 05/07/12 : vous êtes en attente de ces plans, seul le schéma vous est parvenu ",['28-06-2012'],"[46, 59, 60, 61, 62, 63, 64, 66, 67, 68, 69, 70, 71, 72, 72, 74, 75, 76, 77, 78, 79, 80, 81]","[403, 433, 449, 463, 477, 491, 505, 519, 533, 546, 563, 582, 599, 616, 634, 650, 667, 682, 695, 708, 721, 734, 749]",3,Lot 8 – TRAITEMENT D'EAU – ANIMATIONS AQUATIQUES
Vous devez protéger vos équipements et notamment les cuves mises en place sous les gradins ,['27-10-2011'],"[25, 26]","[296, 306]",17,Lot 8 – TRAITEMENT D'EAU – ANIMATIONS AQUATIQUES
"Vous rappelez être en attente des observations sur la cuve de l’ultrafiltre 
Le 20/12/12 : En attente fiche d’observation SOJA pour commande de la cuve, délais de commande 3 mois ",['20-09-2012'],"[59, 60, 61, 62, 63, 64, 66, 67, 68, 69, 70, 71, 72, 72, 74, 75, 76, 77, 78, 79, 80, 81]","[433, 449, 463, 477, 491, 505, 519, 533, 546, 563, 582, 599, 616, 634, 650, 667, 682, 695, 708, 721, 734, 749]",9,Lot 8 – TRAITEMENT D'EAU – ANIMATIONS AQUATIQUES
"Vous émettez des remarques suite à la transmission du plan d’implantation de la cuve d’ultrafiltration, vous annoncez que cette dernière ne peut
reprendre que 50 cm de terre sur la face supérieure, de plus vous ne souhaitez voir poser qu’un seul trou d’homme 
LE 20/12/12 : VU voir ci-dessus, SOJA transmet ce jour les plans à jour ",['29-11-2012'],"[59, 60, 61, 62, 63, 64, 66, 67, 68, 69, 70, 71, 72, 72, 74, 75, 76, 77, 78, 79, 80, 81]","[433, 449, 463, 477, 491, 505, 519, 533, 546, 563, 582, 599, 616, 634, 650, 667, 682, 695, 708, 721, 734, 749]",22,Lot 8 – TRAITEMENT D'EAU – ANIMATIONS AQUATIQUES
Vous êtes en attente des schémas de principe réactualiser ,['26-04-2012'],[39],[377],27,Lot 8 – TRAITEMENT D'EAU – ANIMATIONS AQUATIQUES
"insérer les couches de vos plans sur les plans Architecte et de synthèse au dernier indice, vos dossiers de plans sont inexploitables. ",['05-07-2012'],[46],[403],5,Lot 8 – TRAITEMENT D'EAU – ANIMATIONS AQUATIQUES
"Communauté d’Agglomération des Portes du Hainaut – Construction d’un Centre Aquatique à St Amand Les Eaux – CR MOE N° 76 
 du 06/06/13 ","['13-12-2012', '20-12-2012', '14-03-2013', '26-09-2013']","[76, 77, 85, 86, 87, 88, 89, 90, 91]","[682, 695, 807, 822, 837, 852, 867, 880, 893]",15,Lot 9 – TRAITEMENT D'AIR – CHAUFFAGE
"Concernant le DAF 59 : batterie froide gaine maçonnée, pourriez vous nous transmettre son implantation afin d’étudier les sections des
maçonneries à y mettre en œuvre. ",['19-01-2012'],"[31, 32]","[350, 363]",35,Lot 9 – TRAITEMENT D'AIR – CHAUFFAGE
"Fournir à OCTANT SICRE, le rayon de cintrage PE PAC en pénétration dans le local PAC pour mise en place d’une réservation  ",['24-05-2011'],"[10, 11, 12]","[107, 123, 141]",7,Lot 9 – TRAITEMENT D'AIR – CHAUFFAGE
"Le local PAC à été modifié suite à vos demandes, vous rapprocher du BET SOJA pour confirmation  de la surface utile au sol pour la mise 
en place de votre matériel ",['17-05-2011'],"[9, 10, 11, 12, 13, 14, 15, 16, 17, 18]","[88, 107, 123, 141, 157, 168, 179, 193, 208, 219]",16,Lot 9 – TRAITEMENT D'AIR – CHAUFFAGE
Page 10 sur 13 ,"['13-12-2012', '20-12-2012', '14-03-2013']","[76, 77, 85, 86, 87, 88, 89]","[682, 695, 807, 822, 837, 852, 867]",17,Lot 9 – TRAITEMENT D'AIR – CHAUFFAGE
"Point sur gaine de TA en partie haute du bassin d’apprentissage :
Les arrivées se font sur les deux extrémités de la gaine et non plus de sur le tronçon lui-même ; non demandons à SOJA de vous transmettre le plan 
mis à jour 
ERRATUM : Gaine bassin sportif et non ludique 
LE 10/11/11 : Plan SOJA à jour, à fournir à SAM+ ",['20-10-2011'],"[26, 28, 29, 30, 31]","[306, 316, 327, 338, 350]",18,Lot 9 – TRAITEMENT D'AIR – CHAUFFAGE
"Point sur gaine de TA en partie haute du bassin d’apprentissage : 
Les arrivées se font sur les deux extrémités de la gaine et non plus de sur le tronçon lui-même ; non demandons à SOJA de vous transmettre 
le plan mis à jour ",['20-10-2011'],"[24, 25]","[285, 296]",23,Lot 9 – TRAITEMENT D'AIR – CHAUFFAGE
"Questions réponses ETDE / SOJA 
- 
Fournir altimétries et dimensionnements des réseaux plomberie, CVC, traitement eau. En cours. Le matériel décrit dans le 
mémoire technique est pris en compte. Les CTA proposées ne rentrent pas dans les locaux prévus (CTA bureaux) ou sont trop 
hautes (CTA vide sanitaire). Nous en proposer d’autres. Nous préciser aussi les dimensions de tous les équipements techniques 
choisis, comme la cuve UF entre autres. 
- 
Suite suppression des ventilations dans les goulottes : mettre plan à jour Fait. Sera diffusé lorsque le plan sera complet avec la 
mise à jour de la synthèse. 
- 
Faire une coupe sur sortie local K6 : conflits réseaux Ce local est chargé, et les passages délicats, effectivement. Nous n’avons 
cependant pas détecté de nouveau conflit. Nous vérifions à nouveau. 
- 
La gaine technique contigu à la gaine ascenseur est mal conçue : dimensionnement + difficultés de mise en œuvre Effectivement. 
Dépend aussi du dimensionnement définitif de l’ascenseur. Point à faire avec l’architecte. 
- 
Privilégier les passages réseaux perpendiculairement aux voiles = réservations plus petites et rebouchages plus aisés OK, tant que 
possible. Difficile par endroits. 
- 
Tenir une liste de plans sur serveur et la mettre à jour à chaque ajout ou modification : ceci est indispensable au bon déroulement 
du chantier Nous diffuserons la liste en même temps que les plans. 
- 
Attention les réseaux CVC ne suivent pas un mur courbe Précisez la question ou l’endroit. 
- 
Superposer les niveaux : des EP se trouvent sur des voiles Synthèse avec archi et BE structure en cours. 
- 
Les clapets CF déportés ne sont pas décrit comme tels dans CCTP Ils sont décrits « 20.5.3.        Protection coupe-feu 
Des clapets de degré coupe-feu une heure tarés par fusible thermique à 70°C seront prévus à la traversée du local technique ainsi 
qu’à chaque traversée d’un local à risques moyens ou d’une paroi requérant un degré coupe-feu. Leur fermeture entraînera 
l'arrêt immédiat de la centrale de traitement d'air et le renvoi d'alarme sur le poste GTC. 
Ces clapets seront équipés de réarmement manuel. 
Prestations comprenant toutes sujétions de fourniture et de pose. » Donc où ils sont nécessaires. Ils sont dorénavant tous en 
traversée de paroi ou de plancher, ce qui est plus simple à réaliser, sur prochains plans à diffuser. 
- 
Incohérence entre pente et fil eau indiqués Vérification en cours avec la synthèse. 
- 
Les ventilations primaires ne figurent pas sur les plans 
- 
Impossible de passer le réseau EV dans la gaine technique vestiaires personnels E8 et E9 Point à faire avec l’architecte. 
- 
Pas de VB/VH en local PAC ? local chlore non ventilé ?Les VB et VH figurent sur nos plans, mais pas leurs dimensions. Les 
portes du local chlore sont ajourées. 
- 
Dans parking vélo : regard à 1m70 du sol ? Emplacement de ce regard à revoir selon les plans VRD.  
- 
Faire les plans en bifilaire Les éléments essentiels le sont. Est-ce nécessaire pour la plomberie ? 
- 
Indiquer dans local PAC comment pénètrent les réseaux forages, est-il normal que 2 réseaux forages arrivent dans transfo ? Voir 
plans. Les réseaux forage arrivent dans le local PAC. 
- 
L’encombrement des équipements dans local PAC a-t-il été étudié ? il y a déjà deux ballons ECS. Oui, ce ne sont pas des ballons 
ECS mais 2 ballons tampons, eau chaude et eau glacée, demandés par les fabricants pour éviter les court-cycles. 
- 
Les travaux de déroulage des réseaux chauffage depuis forages sont planifiés pour le 06/06/11 : transmettre dimensionnement de 
ces tubes pour commande Effectivement, ne figurent pas sur nos pièces, seuls ont été indiqués sur le CCTP les débits et les vitesses 
maxi. Sera transmis. 
- 
Transmettre mode de fonctionnement des puits Simultanément lors des gros appels de puissance, modulés par la régulation en 
période normale. La programmation exacte sera définie après les essais. 
- 
Transmettre plan position des forages à jour à ETDE Voir plan VRD sur plateforme FTP. 
- 
Est-ce que l’amenée et le retrait de la cuve ultrafiltration a été étudié ? L’amenée se fait avant de couler le plancher. Il n’est pas 
prévu de la retirer. 
- 
La gaine maçonnée (ou autre suivant demande M. KIEFER du 18/04/11) dans ce local n’entre -t- elle pas en percussion avec la 
cuve ? Donner les dimensions de la cuve retenue par ETDE. Nous avions prévu une cuve de diamètre 2,20 m, semi-enterrée.",['26-04-2011'],"[6, 7]","[49, 57]",77,Lot 9 – TRAITEMENT D'AIR – CHAUFFAGE
Suivant CR OPC,"['23-02-2012', '02-05-2013']","[32, 71, 72, 72]","[363, 599, 616, 634]",25,Lot 9 – TRAITEMENT D'AIR – CHAUFFAGE
"Suivant l’extrait de plan ci-dessus, vous demandez à TOMMASINI de reprendre la trémie du CF compte tenu que vous n’avez pas les
dimensions adéquates en « standard » ",['19-01-2012'],"[31, 32]","[350, 363]",32,Lot 9 – TRAITEMENT D'AIR – CHAUFFAGE
Transmettre au BET SICRE le poids de vos matériels ainsi que les dimensions pour les socles des matériels ,['15-03-2011'],"[1, 2, 3, 4, 5, 6, 7, 8, 9]","[6, 13, 21, 30, 40, 49, 57, 70, 88]",4,Lot 9 – TRAITEMENT D'AIR – CHAUFFAGE
Transmettre au BET SOJA les fiches technique des matériaux et matériels que vous souhaitez mettre en œuvre pour observation ,['15-03-2011'],"[1, 2, 3, 4, 5, 6, 7, 8, 9]","[6, 13, 21, 30, 40, 49, 57, 70, 88]",2,Lot 9 – TRAITEMENT D'AIR – CHAUFFAGE
"Transmettre au OCTANT  OPC les fiches technique des matériaux et matériels que vous souhaitez mettre en œuvre pour observation / copie 
BC",['15-03-2011'],"[1, 2, 3, 4, 5, 6, 7, 8, 9, 10, 11, 12, 13, 14, 15, 16, 17, 18]","[6, 13, 21, 30, 40, 49, 57, 70, 88, 107, 123, 141, 157, 168, 179, 193, 208, 219]",7,Lot 9 – TRAITEMENT D'AIR – CHAUFFAGE
Transmettre la descente de cahrge / poids de la gaines de soufflage en accroche de charpente,['29-03-2011'],"[3, 4, 5, 6, 7, 8, 9]","[21, 30, 40, 49, 57, 70, 88]",9,Lot 9 – TRAITEMENT D'AIR – CHAUFFAGE
Transmettre les FT des chapes sur PC au BC,['21-07-2011'],"[17, 18, 19, 20, 23, 24, 25, 26, 28, 29, 30, 31, 32]","[208, 219, 230, 242, 275, 285, 296, 306, 316, 327, 338, 350, 363]",26,Lot 9 – TRAITEMENT D'AIR – CHAUFFAGE
"Transmettre les FT des chapes sur PC au BC NON FAIT
LE 15/09/11 : 56 jours de retards X 250€= 14 000€ ",['21-07-2011'],"[21, 22]","[253, 263]",5,Lot 9 – TRAITEMENT D'AIR – CHAUFFAGE
Transmettre vos épaisseurs de complexe de plancher chauffant à SICRE ,['15-03-2011'],"[1, 2, 3, 4, 5, 6, 7, 8, 9]","[6, 13, 21, 30, 40, 49, 57, 70, 88]",9,Lot 9 – TRAITEMENT D'AIR – CHAUFFAGE
"Vous avez en partie rebouché les réservations des gaines de soufflage du hall bassin depuis le local cardio, nous ne pouvons plus mettre en
œuvre les renforts métalliques ",['07-02-2013'],"[62, 63, 64, 66, 67, 68, 69, 70, 71, 72, 72, 74, 75, 76, 77, 78, 79, 80, 81]","[478, 492, 505, 519, 533, 546, 563, 582, 599, 616, 634, 650, 667, 682, 695, 709, 722, 735, 750]",14,Lot 9 – TRAITEMENT D'AIR – CHAUFFAGE
Vous demandez l’implantation des thermostats des planchers chauffants pour demande de réservation ,['25-08-2011'],"[18, 19, 20, 21, 22, 23, 24, 25]","[219, 230, 242, 253, 263, 275, 285, 296]",36,Lot 9 – TRAITEMENT D'AIR – CHAUFFAGE
Vous demandez l’implantation des thermostats des planchers chauffants pour demande de réservation NON FAIT SOJA,['25-08-2011'],"[26, 28, 29, 30, 31, 32]","[306, 316, 327, 338, 350, 363]",12,Lot 9 – TRAITEMENT D'AIR – CHAUFFAGE
"Vous devez être présent afin de faire un point SOJA en présence de ces dernier, vous présentez à 11H et la réunion SOJA ETDE se fera 
l’après midi ",['04-05-2011'],"[7, 8, 9]","[57, 70, 88]",83,Lot 9 – TRAITEMENT D'AIR – CHAUFFAGE
"Vous n’avez pas transmis l’ensemble de vos matériels, vous retardez SOJA pour le rendu du bilan des puissances, le BET ne peut affiner et 
statuer sur les besoins en électricité, pompes etc etc ",['23-06-2011'],"[14, 15, 16, 17]","[168, 179, 193, 208]",18,Lot 9 – TRAITEMENT D'AIR – CHAUFFAGE
Vous êtes toujours dans l’attente de la réponse du BC sur la distance à floquer sur les gaines d’amenées d’air au RD Jardin,['25-08-2011'],"[18, 19, 20, 21, 22, 23, 24, 25, 26, 28, 29, 30, 31]","[219, 230, 242, 253, 263, 275, 285, 296, 306, 316, 327, 338, 350]",30,Lot 9 – TRAITEMENT D'AIR – CHAUFFAGE
"Annule et remplace la précédente, suite à réunion avec l‘architecte. 
Désenfumage des vestiaires individuels 
La surface au sol des vestiaires individuels, relevée sur le tableau de surfaces du DCE, est de 270 m². 
La surface utile des ouvrants de désenfumage est au minimum de 1/200ème  de la surface ci-dessus, soit 1,35 m² 
Le skydome a une taille de 1,20m x 1,20m, soit 1,44 m², ce qui est conforme. 
Les entrées d’air doivent donc avoir au total une taille au moins égale à la taille de cette évacuation. 
Les grilles doivent avoir une surface utile de 1,44 m². 
La dimension brute de l’entrée d’air du coin bébé est de 0,50 m² ; 
Les entrées d’air sous les porte-habits du coin beauté sont doublées, à 2 x 1,30 m x 0,40 m, soit 1,04 m² ; 
L’entrée d’air du rangement fauteuils roulants est doublée, à 2 m x 0,50 m, soit 1 m². 
Surface brute totale 2,54 m². 
Pour obtenir la surface utile définie plus haut de 1,44 m² les grilles auront environ 60% de surface libre. 
Les gaines auront au minimum la taille des ouvrants qu’elles alimentent, ce qui signifie que la grille des entrées d’air agrandies sera doublée 
elle aussi. ",['01-09-2011'],"[19, 20]","[230, 242]",42,Lot 9 – TRAITEMENT D'AIR – CHAUFFAGE
"Annule et remplace la précédente, suite à réunion avec l‘architecte. 
Désenfumage des vestiaires individuels 
La surface au sol des vestiaires individuels, relevée sur le tableau de surfaces du DCE, est de 270 m². 
La surface utile des ouvrants de désenfumage est au minimum de 1/200ème  de la surface ci-dessus, soit 1,35 m² 
Le skydome a une taille de 1,20m x 1,20m, soit 1,44 m², ce qui est conforme. 
Les entrées d’air doivent donc avoir au total une taille au moins égale à la taille de cette évacuation. 
Les grilles doivent avoir une surface utile de 1,44 m². 
La dimension brute de l’entrée d’air du coin bébé est de 0,50 m² ; 
Les entrées d’air sous les porte-habits du coin beauté sont doublées, à 2 x 1,30 m x 0,40 m, soit 1,04 m² ; 
L’entrée d’air du rangement fauteuils roulants est doublée, à 2 m x 0,50 m, soit 1 m². 
Surface brute totale 2,54 m². 
Pour obtenir la surface utile définie plus haut de 1,44 m² les grilles auront environ 60% de surface libre. 
Les gaines auront au minimum la taille des ouvrants qu’elles alimentent, ce qui signifie que la grille des entrées d’air agrandies sera doublée elle 
aussi. 
Désenfumage des vestiaires collectifs 
La surface des vestiaires collectifs est de 142 m². 
La surface utile des ouvrants de désenfumage est au minimum de 1/200ème  de la surface ci-dessus, soit 0,71 m² 
Après consultation de l’architecte, la taille du skydome a été réduite à 1m x 1m. 
Les entrées d’air doivent donc avoir au total une taille au moins égale à la taille de cette évacuation. 
L’entrée d’air prévue par un ouvrant en façade a une surface de 1,14 m² 
Cette valeur est suffisante au regard de la taille du local.  
ci-joint en annexe une modification concernant les trémies  et dimensions des gaines de désenfumage des vestiaires ",['01-09-2011'],[23],[275],47,Lot 9 – TRAITEMENT D'AIR – CHAUFFAGE
Boucher la réservation de nourrice sur le socle casier vestiaires ,['07-02-2013'],"[62, 63, 64, 66, 67, 68, 69, 70, 71, 72, 72, 74, 75, 76, 77, 78, 79, 80, 81]","[478, 492, 505, 519, 533, 546, 563, 582, 599, 616, 634, 650, 667, 682, 695, 709, 722, 735, 750]",16,Lot 9 – TRAITEMENT D'AIR – CHAUFFAGE
"DEMANDES ETDE A SOJA 
- L’arrivée des réseaux issus du forage se situe trop près du mur, ce qui implique un passage profond 
sous les longrines ou un déplacement à prévoir de l’arrivée de ces réseaux, attention aux rayons de 
courbure des tubes (1) 
- Le siphon de sol se situant au milieu du local PAC sera surement problématique car il se situe sous la 
Pompe à Chaleur (2) 
- Merci de nous transmettre une coupe pour le passage avec le réseau EP ainsi que toutes les altimétries 
du réseau PAC (3) 
- Un réseau EU traverse la cuve d’ultrafiltration (4) 
- Les diamètres indiqués pour les forages DN160 et DN250 sont différents des diamètres indiqués 
dans le marché de base, ce qui impliquera une incidence financière. (5) Nous portons plus 
particulièrement l’attention sur le réseau de refoulement du forage qui est maintenant dimensionné 
pour un débit de 130 m3/h (d’où le DN250). Ce débit est incompatible avec l’étude de faisabilité 
géologique et hydrogéologique d’EGEE Développement de Novembre 2009 qui indique un débit de pointe 
de 60 m3/h. De plus les forages déjà réalisés à ce jour ont été dimensionnés avec ce débit de pointe. 
Nous sommes aujourd’hui dans l’attente du rapport des essais de ces forages. 
- Les dimensions de la fosse de relevage sur le plan sont 850x1050x1500 ht. 
Dans notre bordereau n°7, nous préconisions les dimensions 850x1700x1500 ht pour pouvoir implanter 
les deux pompes de relevage. 
Nous attendons un plan de coupe de cette fosse pour valider la profondeur de la fosse. 
- Comment sont prévus les raccordements des fourreaux électriques provenant des forages ? ",['24-05-2011'],"[10, 11, 12]","[107, 123, 141]",32,Lot 9 – TRAITEMENT D'AIR – CHAUFFAGE
Déplacer des deux gaines au sous sol pour continuité des gaines maçonnées de TOMMASINI ,['31-08-2012'],[46],[403],31,Lot 9 – TRAITEMENT D'AIR – CHAUFFAGE
"Déplacer les gaines de reprise à l’aplomb des douches publiques, attention aux vides périphériques",['20-12-2012'],"[59, 60, 61, 62, 63, 64, 66, 67, 68, 69, 70, 71, 72, 72, 74, 75, 76, 77, 78, 79, 80, 81]","[433, 449, 464, 478, 492, 505, 519, 533, 546, 563, 582, 599, 616, 634, 650, 667, 682, 695, 709, 722, 735, 750]",18,Lot 9 – TRAITEMENT D'AIR – CHAUFFAGE
"Désenfumage des vestiaires collectifs 
La surface des vestiaires collectifs est de 142 m². 
La surface utile des ouvrants de désenfumage est au minimum de 1/200ème  de la surface ci-dessus, soit 0,71 m² 
Après consultation de l’architecte, la taille du skydome a été réduite à 1m x 1m. 
Les entrées d’air doivent donc avoir au total une taille au moins égale à la taille de cette évacuation. 
L’entrée d’air prévue par un ouvrant en façade a une surface de 1,14 m² 
Cette valeur est suffisante au regard de la taille du local.  ",['01-09-2011'],"[19, 20]","[230, 242]",50,Lot 9 – TRAITEMENT D'AIR – CHAUFFAGE
Emettre des observations sur le plan de maquettages du local PAC SOJA ,['19-01-2012'],"[30, 31, 32]","[338, 350, 363]",24,Lot 9 – TRAITEMENT D'AIR – CHAUFFAGE
F1 gaine à calfeutrer ,['14-03-2013'],"[68, 69, 70, 71, 72, 72, 74, 75, 76, 77, 78, 79, 80, 81, 82, 83, 84, 85, 86, 87, 88, 89, 90, 91]","[546, 563, 582, 599, 616, 634, 650, 667, 682, 695, 709, 722, 735, 750, 764, 778, 793, 807, 822, 837, 852, 867, 880, 893]",26,Lot 9 – TRAITEMENT D'AIR – CHAUFFAGE
"F2, calfeutrer le CCF",['14-03-2013'],"[68, 69, 70, 71, 72, 72, 74, 75, 76, 77, 78, 79, 80, 81, 82, 83, 84, 85, 86, 87, 88, 89, 90, 91]","[546, 563, 582, 599, 616, 634, 650, 667, 682, 695, 709, 722, 735, 750, 764, 778, 793, 807, 822, 837, 852, 867, 880, 893]",24,Lot 9 – TRAITEMENT D'AIR – CHAUFFAGE
Faire travaux rebouchages autour des traversées de réseaux,['25-07-2013'],"[78, 79, 80, 81, 82, 83, 84, 85, 86, 87, 88, 89]","[709, 722, 735, 750, 764, 778, 793, 807, 822, 837, 852, 867]",23,Lot 9 – TRAITEMENT D'AIR – CHAUFFAGE
Fournir au BC attestation de mise en œuvre des calfeutrements,['26-09-2013'],"[84, 85, 86, 87, 88, 89, 90, 91]","[793, 807, 822, 837, 852, 867, 880, 893]",14,Lot 9 – TRAITEMENT D'AIR – CHAUFFAGE
Fournir les FT de la CTA hall bassins à SOJA pour validation ,['30-06-2011'],"[15, 16, 17, 18]","[179, 193, 208, 219]",20,Lot 9 – TRAITEMENT D'AIR – CHAUFFAGE
"Fournir un plan PAC des plancher chauffant complet avec
plan de zonage 
surface max 
joint de fractionnement 
zone de treillis si besoin et selon avis du BC ",['22-12-2011'],"[28, 29, 30, 31, 32, 39]","[316, 327, 338, 350, 363, 378]",20,Lot 9 – TRAITEMENT D'AIR – CHAUFFAGE
Fournir à SOJA les FT d’une PAC en conformité avec les pièces marché ,['15-09-2011'],"[21, 22, 23]","[253, 263, 275]",21,Lot 9 – TRAITEMENT D'AIR – CHAUFFAGE
"Le BC vous demande d’être CF sur vos caissons sous gradins, vous devez répondre sur vos conformités
Transmettre méthode du type de celle-ci-dessous pour répondre aux obligations CF ",['28-06-2012'],[46],[403],8,Lot 9 – TRAITEMENT D'AIR – CHAUFFAGE
"Le BC vous demande d’être CF sur vos caissons sous gradins, vous devez répondre sur vos conformités
Transmettre méthode du type de celle-ci-dessous pour répondre aux obligations CF 
LE 20/12/12 : Plan PAC transmis au BC pour observations ",['28-06-2012'],"[59, 60]","[433, 449]",3,Lot 9 – TRAITEMENT D'AIR – CHAUFFAGE
Le degré CF des clapets en bout de gaines d’arrivée d’air de désenfumage devra être de 2 heures au lieu des ½ initialement prévu ,['23-06-2011'],"[14, 15, 16, 17]","[168, 179, 193, 208]",13,Lot 9 – TRAITEMENT D'AIR – CHAUFFAGE
"Lors de la pose des coffrets ECS et PC vous veillerez à mettre en œuvre des coffrets de protection des nourrices à une altimétrie de +10cm du niveau
+-0.00, afin de mettre en œuvre un socle ",['16-11-2011'],"[28, 29, 30, 31, 32, 39]","[316, 327, 338, 350, 363, 378]",11,Lot 9 – TRAITEMENT D'AIR – CHAUFFAGE
Mettre en œuvre capotage acoustique de la PAC,['25-07-2013'],"[78, 79, 80, 81, 82, 83, 84, 85, 86, 87, 88, 89, 90, 91]","[709, 722, 735, 750, 764, 778, 793, 807, 822, 837, 852, 867, 880, 893]",24,Lot 9 – TRAITEMENT D'AIR – CHAUFFAGE
"Mettre en œuvre la gaine du bassin d’apprentissage
LE 20/12/12 : vous êtes en attente d’un intervention de SAM+ et vous demandez un OS pour mise en place de la gaine et des buses ",['31-08-2012'],"[59, 60]","[433, 449]",9,Lot 9 – TRAITEMENT D'AIR – CHAUFFAGE
"Mettre en œuvre la gaine du bassin d’apprentissage
LE 31/01/13 : EN COURS DE POSE ",['31-08-2012'],"[61, 62, 63, 64, 66, 67, 68, 69, 70, 71, 72, 72, 74, 75, 76, 77, 78, 79, 80, 81]","[464, 478, 492, 505, 519, 533, 546, 563, 582, 599, 616, 634, 650, 667, 682, 695, 709, 722, 735, 750]",2,Lot 9 – TRAITEMENT D'AIR – CHAUFFAGE
Mettre en œuvre la gaine du bassin d’apprentissage ,['31-08-2012'],[46],[403],29,Lot 9 – TRAITEMENT D'AIR – CHAUFFAGE
"Nous attirons votre attention sur les deux bouches de soufflage face aux deux amenées d’air sur la gaine de soufflage du bassin sportif, en effet
prévoir la mise en œuvre de tôles pour créer un déflecteur 
LE 20/12/12 : Nous vérifierons lors des essais les émissions de bruits des buses au droit des piquages principaux ",['13-12-2012'],"[59, 60, 61, 62, 63, 64, 66, 67, 68, 69, 70, 71, 72, 72, 74, 75, 76, 77, 78, 79, 80, 81, 82, 83, 84, 85, 86, 87, 88, 89, 90, 91]","[433, 449, 464, 478, 492, 505, 519, 533, 546, 563, 582, 599, 616, 634, 650, 667, 682, 695, 709, 722, 735, 750, 764, 778, 793, 807, 822, 837, 852, 867, 880, 893]",14,Lot 9 – TRAITEMENT D'AIR – CHAUFFAGE
Nous vous demandons de bien vouloir être réactif et de bien vouloir rectifier vos CCF au sous sol zone gradins,['23-08-2012'],"[46, 59, 60]","[403, 433, 449]",27,Lot 9 – TRAITEMENT D'AIR – CHAUFFAGE
"OBSERVATIONS SOJA SUR PLANS ETDE  
Plans de réservations  
11.07.2011 
générales : 
Les plans de planchers hauts du BET SICRE ne sont plus d’actualité ; des modifications ont été effectuées sur les plans architecte qui n’ont 
pas été prises en compte sur les plans structure (ex : la poutre entre les 2 halls bassins en RdJ, locaux produits) 
Concernant les réseaux passant dans la gaine technique de l’entrée groupes, aucune réservation n’est à prévoir ; une trémie devra être 
représentée sur plans architecte et reprise sur plan de structure 
Les raccords ZAG sont décrits au lot Métallerie 
Nos plans ont été diffusés au bureau de contrôle et nous sommes dans l’attente d’une validation de leur part. 
Plans de réservations CVC PAC-9-TZ-RDJ-PLA-010 IND B 
Plan de réservations RDJ 11.07.2011 
Les réservations en parois des locaux produits ne sont pas représentées 
Réservation n°17 : Ce nouvel emplacement pour la gaine d’air neuf pose un problème de synthèse avec le traitement d’eau et la plomberie. 
Pour rappel, le regard EU se trouvant dans ce local a été déplacé afin d’éviter un conflit entre le réseau EU et la gaine d’air neuf. 
Pour les collecteurs de plancher chauffant, prévoir une réservation commune pour les deux tuyaux afin d’éviter une prolifération de 
réservations 
Réservation n°25: Le réseau PVC a été recalé à « axe : +18.76 ngf » sur le plan SOJA « CVC01-rdj_indB » diffusé le 17.06.2011. 18.63 + 0.26 
= 18.89, le plafond étant à 18.91 ngf. 
Réservations n° 32 et 33 à supprimer ; le réseau a été descendu à un niveau « axe : +18.36 ngf » sur le plan SOJA « CVC01-rdj_indC », soit 
sous les poutres. 
Réservations n°22, 23, 24, 46, 47, 65, 66 et 67 à supprimer ; en effet, après vérification auprès du BET SICRE, il n’y a pas de retombées 
Remarque « proximité du mur » : quel mur ? Si cette annotation se réfère à la PV 206, il ne s’agit pas d’un mur mais d’une poutre voile du 
rez-de-chaussée n’ayant aucune retombée par rapport à la dalle du plancher haut rez-de-jardin 
Réservation n°27 : Nous demandons à l’architecte d’élargir la gaine technique des sanitaires afin de pouvoir intégrer la réservation sans 
conflit avec la structure 
Certaines réservations manquent, notamment pour les réseaux de chauffage 
Plan de réservations RDC PAC-9-TZ- B 11.07.2011 
RDC-PLA-020 
Nous vous laissons fixer les dimensionnements des petites grilles selon vos fournitures, en respectant bien sur les débits indiqués sur plans et 
les vitesses prévues dans le CCTP. Ces fournitures doivent avant tout recevoir la validation de l’architecte. 
Entre le coin beauté et la zone déchaussage groupes, la réservation pour le plancher chauffant plombe avec le siphon de sol, à recaler au plus 
proche des casiers 
Local matériel sportif J14 : une réservation est à ajouter en dalle haute pour bouche de soufflage 
La profondeur des encastrements (16 cm) pour les collecteurs de plancher chauffant nous semble excessive. La plupart des fournisseurs 
proposent des coffrets de 11 cm de profondeur, voire moins 
Quelle est la référence de cet équipement (marque, modèle) ?  
Le collecteur de plancher chauffant localisé dans le sanitaire D6 sera à positionner dans l’habillage du sanitaire PMR. Nous demandons à 
l’architecte de prévoir un panneau démontable pour la maintenance de cet équipement. 
Concernant la gaine de soufflage cheminant dans le faux plafond de la zone de douches, nous avons fait une proposition sur le plan SOJA 
« CVC02-rdc_indC ». Les réseaux sont plus perpendiculaires par rapport aux murs, permettant ainsi d’optimiser les réservations. Avis à 
émettre 
Plan de réservations ETAGE PAC-9-TZ-ET-PLA-030 B 11.07.2011 
La gaine de soufflage du hall bassin apprentissage a été représentée sur le plan SOJA « CVC02-rdc_indC », conformément à l’esthétique 
architecturale (voir coupe DD archi) 
Réservation manquante dans le local entretien E10 pour réseau d’air repris 
A quel réseau correspondent les réservations n° 20 et 21 ? 
La demande pour le mur démontable de la gaine technique a été transmise à l’architecte 
Les réservations n° 4 et 9 ne correspondent pas aux dimensions prévues sur les plans BET et archi. Elles ne correspondent pas non plus avec 
les fichiers .pdf que vous nous avez fait parvenir le même jour. 
Afin de respecter l’esthétique architecturale, vous devez vous caler sur le calepinage des briques de terre cuite réalisé sur les coupes archi. 
Grilles de reprise Hall Bassin sportif (.pdf) 
Grilles de reprise Hall Bassin appr. (.pdf) 
11.07.2011 
Les dimensionnements des grilles ne sont pas suffisants pour assurer les débits et les vitesses prévus au marché. Veuillez vous conformer aux 
dimensions des plans et coupes archi 
Remarque complémentaire 
Nous sommes toujours dans l’attente des fiches techniques de vos équipements, ceux-ci devant être validés par les architectes concernant 
l’esthétique et par nos soins pour les performances techniques. ",['07-07-2011'],[16],[193],117,Lot 9 – TRAITEMENT D'AIR – CHAUFFAGE
Organisation de chantier selon directives de l’OPC ,['15-03-2011'],"[1, 2]","[6, 13]",13,Lot 9 – TRAITEMENT D'AIR – CHAUFFAGE
"POINT DESENFUMAGE SOJA: 
Dominique Volant,  
Le 5 septembre 2011 ",['01-09-2011'],"[19, 20, 23]","[230, 242, 275]",27,Lot 9 – TRAITEMENT D'AIR – CHAUFFAGE
"POINT REPONSE SOJA A ETDE 
Dimension des grilles de désenfumage  
Réponse SOJA DU 7/07/11  
Désenfumage des vestiaires individuels  
La surface des vestiaires individuels, relevée dur le tableau de surfaces du DCE, est de 270 m². 
La surface utile des ouvrants de désenfumage est au minimum de 1/200ème  de la surface ci-dessus, soit 1,35 m² 
Le skydome a une taille de 1,30m x 1,30m, soit 1,69 m², ce qui est conforme. 
Les entrées d’air doivent donc avoir au total une taille au moins égale à la taille de cette évacuation. 
Les grilles citées dans votre mail, que je n’ai pas vérifiées, sont respectivement de : 
650 mm x 400 mm =  
0,26 m² 
650 mm x 400 mm =  0,26 m² 
1000 mm x 1000 mm =  
1,00 m² 
1000 mm x 500 mm =  
0,50 m² 
Donnent une surface totale de 2,02 m² 
Pour avoir une surface utile de 1,69 m², il faut donc que le pourcentage d’ouverture soit de 84% ou plus. Les gaines auront au minimum la 
taille des ouvrants qu’elles alimentent. 
Désenfumage des vestiaires collectifs 
La surface des vestiaires collectifs, relevée dur le tableau de surfaces du DCE, est de 142 m². 
La surface utile des ouvrants de désenfumage est au minimum de 1/200ème  de la surface ci-dessus, soit 0,71 m² 
Le skydome a une taille de 1,20m x 1,20m, soit 1,44 m², ce qui est largement conforme. 
Les entrées d’air doivent donc avoir au total une taille au moins égale à la taille de cette évacuation. 
L’entrée d’air prévue par un ouvrant en façade a une surface de 1,14 m² 
Cette valeur serait suffisante au regard de la taille du local, mais insuffisante pour l’évacuation prévue. 
Après consultation de l’architecte, la meilleure solution serait de réduire la taille du skydome à 1m x 1m. 
Le désenfumage serait alors conforme. ",['07-07-2011'],[16],[193],54,Lot 9 – TRAITEMENT D'AIR – CHAUFFAGE
Page 9 sur 12 ,"['14-03-2013', '26-09-2013']","[90, 91]","[880, 893]",16,Lot 9 – TRAITEMENT D'AIR – CHAUFFAGE
Plan de réservation RDJ Lot09 Plan N°10 Indice A ,['16-06-2011'],"[13, 14, 15, 16, 17, 18]","[157, 168, 179, 193, 208, 219]",11,Lot 9 – TRAITEMENT D'AIR – CHAUFFAGE
Points réservations à faire avec le BET SOJA ,['10-05-2011'],"[8, 9]","[70, 88]",17,Lot 9 – TRAITEMENT D'AIR – CHAUFFAGE
Poser capotage sur nourrices (boitier inox ou tôle laquée teinte dito mur) dans les zones public,['26-09-2013'],"[84, 85, 86, 87, 88, 89, 90, 91]","[793, 807, 822, 837, 852, 867, 880, 893]",13,Lot 9 – TRAITEMENT D'AIR – CHAUFFAGE
Prendre en compte CR SOJA,['10-10-2013'],"[86, 87, 88, 89, 90, 91]","[822, 837, 852, 867, 880, 893]",21,Lot 9 – TRAITEMENT D'AIR – CHAUFFAGE
RAPPELS DES POINTS EN SUSPENS,['29-09-2011'],[23],[275],52,Lot 9 – TRAITEMENT D'AIR – CHAUFFAGE
Rappel des points ci-dessus  ,['02-05-2013'],"[71, 72, 72]","[599, 616, 634]",22,Lot 9 – TRAITEMENT D'AIR – CHAUFFAGE
"Remarque BC VERITAS 
En dessous des gradins il est disposé des CCF pour rétablir l'isolement 
entre niveaux, nous ne pourrons valider la mise en oeuvre que si elle est  
justifiée par PV correspondant au montage ou un PV de chantier. Il est 
demandé à l'entreprise de nous préciser ce qu'elle compte faire pour 
présenter une solution acceptable 
Les autres CCF placés en plancher doivent être scellés jusqu'à la limite de 
scellement, sur 2 CCF circulaires côte à côte sous plafond nous avons 
remarqué que l'un des 2 était situé trop bas ",['28-06-2012'],[46],[403],18,Lot 9 – TRAITEMENT D'AIR – CHAUFFAGE
"Reprendre les nourrices de PC, ces dernière sont « cuites » suite aux soudures ",['07-06-2012'],[46],[403],4,Lot 9 – TRAITEMENT D'AIR – CHAUFFAGE
Réponse faite ce jour sur l’impossibilité de déplacer la CTA du local CTA R+1 dans le local archive ,['25-08-2011'],"[18, 19, 20, 21, 22, 23, 24, 25, 26]","[219, 230, 242, 253, 263, 275, 285, 296, 306]",28,Lot 9 – TRAITEMENT D'AIR – CHAUFFAGE
Suite au refus sur votre proposition de PAC fournir à SOJA la PAC décrite dans les pièces écrite ,"['25-08-2011', '01-09-2011']","[19, 20, 21, 22, 23]","[230, 242, 253, 263, 275]",54,Lot 9 – TRAITEMENT D'AIR – CHAUFFAGE
"Suite visite du pompier, mettre en place une campagne de rebouchage des réservations, entre autre entre sous sol galerie technique et local
traitement d’eau traitement d’air ",['30-05-2013'],"[74, 75, 76, 77, 78, 79, 80, 81, 82, 83, 84, 85, 86, 87, 88, 89, 90, 91]","[650, 667, 682, 695, 709, 722, 735, 750, 764, 778, 793, 807, 822, 837, 852, 867, 880, 893]",22,Lot 9 – TRAITEMENT D'AIR – CHAUFFAGE
"Suite à la réunion de synthèse du 09/06/11 en vos locaux, l’ensemble de vos questions à été soulevé et vous n’avez plus d’interrogation ",['09-06-2011'],"[12, 13, 14, 15, 16, 17, 18]","[141, 157, 168, 179, 193, 208, 219]",40,Lot 9 – TRAITEMENT D'AIR – CHAUFFAGE
"Suite à la transmission par BSM des réservations de BLC à mettre en œuvre en tête de la gaine maçonnée dans local muscu, valider les passages 
libres pour le passage de votre gaine galva pour soufflage dans BS ",['22-12-2011'],[39],[378],12,Lot 9 – TRAITEMENT D'AIR – CHAUFFAGE
Suivant demandes SOJA ,['23-02-2012'],[32],[363],27,Lot 9 – TRAITEMENT D'AIR – CHAUFFAGE
"Supportage de la centrale de déshumidification a justifié au BC, en effet cette dernière est sur la CTA 
LE 20/12/12 : Transmettre plan d’assemblage de votre fournisseur ",['13-12-2012'],"[59, 60]","[433, 449]",17,Lot 9 – TRAITEMENT D'AIR – CHAUFFAGE
Toujours en attente de votre proposition de rectification des zones sous gradins ,['19-07-2019'],[46],[403],24,Lot 9 – TRAITEMENT D'AIR – CHAUFFAGE
Transmettre FT d’un isolant de type STIRODUR en remplacement des dalles à plots ,['21-07-2011'],"[17, 18, 19, 20, 23, 24, 25, 26]","[208, 219, 230, 242, 275, 285, 296, 306]",24,Lot 9 – TRAITEMENT D'AIR – CHAUFFAGE
Transmettre FT d’un isolant de type STIRODUR en remplacement des dalles à plots NON FAIT ,['21-07-2011'],"[21, 22]","[253, 263]",2,Lot 9 – TRAITEMENT D'AIR – CHAUFFAGE
Transmettre PAC sur les grilles de reprises des gradins ,['22-12-2011'],"[28, 29, 30, 31, 32, 39]","[316, 327, 338, 350, 363, 378]",22,Lot 9 – TRAITEMENT D'AIR – CHAUFFAGE
Transmettre au GO les socles pour arrêt des PC contre les élévations de gaine maçonnées au R+1 ,['31-08-2012'],[46],[403],35,Lot 9 – TRAITEMENT D'AIR – CHAUFFAGE
Transmettre chiffrage pour mise en œuvre d’une cuve 55M3 enterrée selon point fait en réunion,['12-04-2012'],[39],[378],13,Lot 9 – TRAITEMENT D'AIR – CHAUFFAGE
"Transmettre la moins value sur les grilles métallique, doublon ",['19-07-2019'],[46],[403],26,Lot 9 – TRAITEMENT D'AIR – CHAUFFAGE
Transmettre les documents selon liste des documents à transmettre par les entreprises ,['15-03-2011'],"[1, 2]","[6, 13]",11,Lot 9 – TRAITEMENT D'AIR – CHAUFFAGE
Transmettre plan cheminement désenfumage,['25-07-2013'],"[78, 79, 80, 81, 82, 83, 84, 85, 86, 87, 88, 89]","[709, 722, 735, 750, 764, 778, 793, 807, 822, 837, 852, 867]",25,Lot 9 – TRAITEMENT D'AIR – CHAUFFAGE
"Transmettre synthèse des percements à réaliser sur site et marquage des trous pour contrôle, compris DEP façade sur Scarpe ",['03-05-2012'],[39],[378],32,Lot 9 – TRAITEMENT D'AIR – CHAUFFAGE
Transmettre un détail PAC au 20ème des grilles de reprises sur les gradins et en relation avec BAUTERS ,['07-06-2012'],[46],[403],6,Lot 9 – TRAITEMENT D'AIR – CHAUFFAGE
"Transmettre à ETDE les côtes des équipements tels qu’ :
• 
urinoirs et urinoirs enfants 
• 
poussoirs des douches 
• 
poussoir des WC  
• 
hauteurs des cuvettes enfants et adultes, (les PMR sont sur les plans de détails). 
• 
Hauteur vidoirs des locaux entretiens 
• 
Hauteur des puisages et hauteur des centrales d’hygiène ",['26-04-2012'],[39],[378],26,Lot 9 – TRAITEMENT D'AIR – CHAUFFAGE
Transmettre échantillon avec RAL Architecte sur les grilles intérieurs ,['28-07-2011'],"[18, 19, 20, 23, 24, 25, 26]","[219, 230, 242, 275, 285, 296, 306]",22,Lot 9 – TRAITEMENT D'AIR – CHAUFFAGE
Transmettre échantillon avec RAL Architecte sur les grilles intérieurs NON FAIT RETARDS ,['28-07-2011'],"[21, 22]","[253, 263]",7,Lot 9 – TRAITEMENT D'AIR – CHAUFFAGE
"Transmettre échantillons de grilles pour reprises sur les gradins et mettre en œuvre les prés cadre pour ne pas retarder le lot carrelage NF
LE 20/12/12 : voir SAM+ ",['08-11-2012'],"[59, 60, 61, 62, 63, 64, 66, 67, 68, 69, 70, 71, 72, 72, 74, 75, 76, 77, 78, 79, 80, 81]","[433, 449, 464, 478, 492, 505, 519, 533, 546, 563, 582, 599, 616, 634, 650, 667, 682, 695, 709, 722, 735, 750]",11,Lot 9 – TRAITEMENT D'AIR – CHAUFFAGE
URGENT : terminer tous vos calfeutrements : ceci est impératif pour le passage de la commission de sécurité : à solder sans délais,['12-09-2013'],"[82, 83, 84, 85, 86, 87, 88, 89, 90, 91]","[764, 778, 793, 807, 822, 837, 852, 867, 880, 893]",12,Lot 9 – TRAITEMENT D'AIR – CHAUFFAGE
Vous annoncez qu’il vous manque les notes de calcul / hydraulique et aéraulique. ,['28-07-2011'],[18],[219],24,Lot 9 – TRAITEMENT D'AIR – CHAUFFAGE
Vous annoncez être en attente des observations des DAF transmissent à SOJA ,['20-12-2012'],"[59, 60, 61, 62, 63, 64, 66, 67, 68, 69, 70, 71, 72, 72, 74, 75, 76, 77, 78, 79, 80, 81]","[433, 449, 464, 478, 492, 505, 519, 533, 546, 563, 582, 599, 616, 634, 650, 667, 682, 695, 709, 722, 735, 750]",22,Lot 9 – TRAITEMENT D'AIR – CHAUFFAGE
"Vous avec transmis à SOJA un chiffrage sur les DN des forages, cependant vous annoncez pouvoir diminuer les diamètres tout en conservant
l’efficacité de la PAC ",['01-12-2011'],"[28, 29, 30, 31]","[316, 327, 338, 350]",13,Lot 9 – TRAITEMENT D'AIR – CHAUFFAGE
Vous avez chiffré et transmis les chiffrages sur la gaine manquante du hall bassin apprentissage ,['25-08-2011'],"[18, 19, 20, 21, 22, 23]","[219, 230, 242, 253, 263, 275]",32,Lot 9 – TRAITEMENT D'AIR – CHAUFFAGE
Vous demandez au bureau de contrôle si le passage de gaine de CVC dans les locaux produits nécessite un traitement particulier ,['28-06-2012'],[46],[403],20,Lot 9 – TRAITEMENT D'AIR – CHAUFFAGE
"Vous demandez au bureau de contrôle si le passage de gaine de CVC dans les locaux produits nécessite un traitement particulier 
LE 20/12/12 : EN ATTENTE REPONSE BC ",['28-06-2012'],"[59, 60]","[433, 449]",6,Lot 9 – TRAITEMENT D'AIR – CHAUFFAGE
Vous demandez les plans EXE de chauffage réactualiser  ,['26-04-2012'],[39],[378],28,Lot 9 – TRAITEMENT D'AIR – CHAUFFAGE
Vous demandez les plans des casiers SUFFIXE pour statuer sur la nourrice de PC de la zone des vestiaires publics ,['20-12-2012'],"[59, 60, 61, 62, 63, 64, 66, 67, 68, 69, 70, 71, 72, 72, 74, 75, 76, 77, 78, 79, 80, 81]","[433, 449, 464, 478, 492, 505, 519, 533, 546, 563, 582, 599, 616, 634, 650, 667, 682, 695, 709, 722, 735, 750]",20,Lot 9 – TRAITEMENT D'AIR – CHAUFFAGE
"Vous demandez plus de précision sur les pompes des forages PAC, valeur puissance temp°, compteur !!! ",['28-07-2011'],"[18, 19, 20, 23, 24]","[219, 230, 242, 275, 285]",26,Lot 9 – TRAITEMENT D'AIR – CHAUFFAGE
Vous devez chiffrer suite à la demande du BC un extracteur d’air pour le local PAC en RDJ ,['25-08-2011'],"[18, 19, 20, 21, 22, 23]","[219, 230, 242, 253, 263, 275]",38,Lot 9 – TRAITEMENT D'AIR – CHAUFFAGE
Vous devez vous assurez que les réservations des coffrets des nourrices des PC doivent être incorporé dans les voiles ,['01-12-2011'],"[28, 29, 30, 31]","[316, 327, 338, 350]",15,Lot 9 – TRAITEMENT D'AIR – CHAUFFAGE
Vous devez être présent afin de faire un essai d’intégration des bouches de soufflage TROXX dans l’échantillon de gaine  ,['24-05-2012'],[46],[403],2,Lot 9 – TRAITEMENT D'AIR – CHAUFFAGE
Vous diffusez ce jour les Plans de réservation RDJ Lot07 Plan N°10 Indice B ,['16-06-2011'],"[13, 14, 15, 16, 17, 18]","[157, 168, 179, 193, 208, 219]",9,Lot 9 – TRAITEMENT D'AIR – CHAUFFAGE
Vous n’avez pas fourni les carnets de matériel à SOJA créant ainsi des retards dans la remise des études ,['30-06-2011'],"[15, 16, 17]","[179, 193, 208]",22,Lot 9 – TRAITEMENT D'AIR – CHAUFFAGE
"Vous n’avez pas fourni les carnets de matériel à SOJA créant ainsi des retards dans la remise des études 
LE 27/07/11 :  ",['30-06-2011'],[18],[219],16,Lot 9 – TRAITEMENT D'AIR – CHAUFFAGE
Vous transmettez ce jour le plan de réservation CVC RDC et R+1 ,['23-06-2011'],"[14, 15, 16, 17]","[168, 179, 193, 208]",15,Lot 9 – TRAITEMENT D'AIR – CHAUFFAGE
Vous transmettez les fiches techniques des autres CTA à suivre ,['25-08-2011'],"[18, 19, 20, 23, 24, 25]","[219, 230, 242, 275, 285, 296]",34,Lot 9 – TRAITEMENT D'AIR – CHAUFFAGE
Vous transmettez un plan de surbaux pour arrêt des planchers chauffants au GO pour mise en œuvre ,['31-08-2012'],[46],[403],33,Lot 9 – TRAITEMENT D'AIR – CHAUFFAGE
Vous êtes en attente de la réception du visa SOJA sur vos PAC de CCF sous gradins,['14-02-2013'],"[63, 64, 66, 67, 68, 69, 70, 71, 72, 72, 74, 75, 76, 77, 78, 79, 80, 81]","[492, 505, 519, 533, 546, 563, 582, 599, 616, 634, 650, 667, 682, 695, 709, 722, 735, 750]",17,Lot 9 – TRAITEMENT D'AIR – CHAUFFAGE
Vous êtes en attente des schémas de principe réactualiser ,['26-04-2012'],[39],[378],30,Lot 9 – TRAITEMENT D'AIR – CHAUFFAGE
ci-joint en annexe une modification concernant les trémies  et dimensions des gaines de désenfumage des vestiaires ,['01-09-2011'],"[19, 20]","[230, 242]",52,Lot 9 – TRAITEMENT D'AIR – CHAUFFAGE
"insérer les couches de vos plans sur les plans Architecte et de synthèse au dernier indice, vos dossiers de plans sont inexploitables. ",['05-07-2012'],[46],[403],22,Lot 9 – TRAITEMENT D'AIR – CHAUFFAGE
A3 = proposition ok ,['09-06-2011'],"[12, 12, 12, 12, 12]","[143, 143, 143, 143, 143]",37,Lot 10 – ELECTRICITE COURANTS FORTS ET FAIBLES
"Communauté d’Agglomération des Portes du Hainaut – Construction d’un Centre Aquatique à St Amand Les Eaux – CR MOE N° 46 
 du 31/08/12 ","['28-08-2012', '07-02-2013', '19-07-2019']","[46, 60, 64]","[403, 449, 505]",22,Lot 10 – ELECTRICITE COURANTS FORTS ET FAIBLES
"Concernant les spots d’éclairage sur les miroirs, veuillez être attentif à passer les alimentations dans les épines de MR ou autre, ces dernières ne
doivent pas être visible ",['07-02-2013'],"[62, 63, 64, 66, 67, 68, 69, 70, 71]","[478, 492, 505, 519, 533, 547, 563, 582, 599]",13,Lot 10 – ELECTRICITE COURANTS FORTS ET FAIBLES
G1 = Non conforme au CCTP ni à votre mémoire technique. Nous suggérons Waldmann ,['09-06-2011'],"[12, 12, 12, 12, 12]","[143, 143, 143, 143, 143]",53,Lot 10 – ELECTRICITE COURANTS FORTS ET FAIBLES
H = proposition ok ,['09-06-2011'],"[12, 12]","[143, 143]",57,Lot 10 – ELECTRICITE COURANTS FORTS ET FAIBLES
HSB demande un échantillon d’enceinte pour intégration aux bassins ,['07-07-2011'],"[16, 17, 18, 19, 20, 21, 23]","[195, 208, 219, 231, 243, 253, 276]",20,Lot 10 – ELECTRICITE COURANTS FORTS ET FAIBLES
La terre passant devant la porte d’accès aux locaux technique au sous sol doit être reprise et protégée ,['19-07-2019'],"[46, 59, 60]","[403, 433, 449]",13,Lot 10 – ELECTRICITE COURANTS FORTS ET FAIBLES
"Nous vous alertons sur le fait que vos compagnons sur site ont mal interprétés les plans Architecte, à savoir dans la zone des vestiaires, les
faux plafonds ne recouvrent pas les « box » des vestiaires, ces derniers ont une altimétrie de 2.2 mètres alors que les FP sont plus haut ",['22-12-2011'],"[28, 29, 30, 31, 32]","[316, 327, 338, 351, 364]",24,Lot 10 – ELECTRICITE COURANTS FORTS ET FAIBLES
"Proposer si toutefois vous en avez le besoin, la mise en place de chambre de tirage de type regards pour le passage des câble dans les 
fourreau sous dallage en galeries technique ",['16-06-2011'],"[13, 14]","[157, 169]",39,Lot 10 – ELECTRICITE COURANTS FORTS ET FAIBLES
"Proposer un type de boitier étanche « inox » et de faible encombrement afin d’ajouter suivant la demande du gestionnaire des boitier 
muraux aux pourtours des plages des bassins ",['20-10-2011'],"[24, 25, 26, 28, 29, 30]","[286, 296, 306, 316, 327, 338]",4,Lot 10 – ELECTRICITE COURANTS FORTS ET FAIBLES
"Proposer un type de boitier étanche « inox » et de faible encombrement afin d’ajouter suivant la demande du gestionnaire des boitier muraux aux 
pourtours des plages des bassins 
LE 09/02/12 : En attente ",['20-10-2011'],"[31, 32, 39]","[351, 364, 378]",4,Lot 10 – ELECTRICITE COURANTS FORTS ET FAIBLES
Rappel OCATNT sur les entretoises à mettre en œuvre sur les bardage terre cuite extérieurs ,['09-02-2012'],"[31, 32, 39, 46, 59, 60]","[351, 364, 378, 403, 433, 449]",21,Lot 10 – ELECTRICITE COURANTS FORTS ET FAIBLES
"SOJA / FORCLUM POINT 
Les projecteurs ont été placés par paires, de manière à avoir 1 iodure métallique et 1 vapeur de sodium côte à côte. 
Vous trouverez ci-joint l’étude d’éclairage réalisée sous DIALUX pour ce projet. (Projecteurs : sonpak de thorn équivalent areaflood de thorn) 
Il est prévu d’avoir 3 positions d’éclairage en fonction de la lumière ambiante, le tout piloté via la GTC. 
Tout allumé / 2 sur 4 / tout éteint.",['30-05-2011'],"[12, 13, 14]","[143, 157, 169]",26,Lot 10 – ELECTRICITE COURANTS FORTS ET FAIBLES
Transmettre au BC les F technique et descriptif des dé condamnations des IS ,['30-06-2011'],"[15, 16, 17, 18, 19, 20, 21, 22, 23]","[179, 195, 208, 219, 231, 243, 253, 264, 276]",14,Lot 10 – ELECTRICITE COURANTS FORTS ET FAIBLES
Transmettre au BET SICRE le poids de vos matériels ainsi que les dimensions pour les socles des matériels ,['15-03-2011'],"[1, 2, 3, 4, 5]","[6, 13, 21, 30, 40]",4,Lot 10 – ELECTRICITE COURANTS FORTS ET FAIBLES
Transmettre au BET SOJA les fiches technique des matériaux et matériels que vous souhaitez mettre en œuvre pour observation / copie BC ,['15-03-2011'],"[1, 1, 2, 2, 3, 3, 4, 4, 5, 5, 6, 7, 8, 9, 10, 11, 12]","[6, 6, 13, 13, 21, 21, 30, 30, 40, 40, 49, 58, 71, 88, 109, 125, 143]",2,Lot 10 – ELECTRICITE COURANTS FORTS ET FAIBLES
Transmettre les FT des hublots subaquatique et haut parleurs ,['17-05-2011'],"[9, 10, 11, 12, 13, 14]","[88, 109, 125, 143, 157, 169]",9,Lot 10 – ELECTRICITE COURANTS FORTS ET FAIBLES
Transmettre les FT des hublots subaquatique à HSB d’urgence pour intégration sur les parois de bassins ,['07-07-2011'],"[16, 17, 18, 19, 20, 21, 22, 23]","[195, 208, 219, 231, 243, 253, 264, 276]",16,Lot 10 – ELECTRICITE COURANTS FORTS ET FAIBLES
"Transmettre plan PAC du système de vidéosurveillance, avec implantation des caméras  
LE 16/06/11 : A FAIRE et transmettre votre plan PAC pour l’accroche en charpente du système ainsi que le cheminement des chemins de câbles ",['17-05-2011'],"[13, 14, 15, 16, 17, 18, 19, 20, 21, 22, 23]","[157, 169, 179, 195, 208, 219, 231, 243, 253, 264, 276]",19,Lot 10 – ELECTRICITE COURANTS FORTS ET FAIBLES
Vous demandez le plan de la charpente de SICRE pour synthèse des accroches de MR ,['07-07-2011'],"[16, 17, 18, 19, 20, 21, 23]","[195, 208, 219, 231, 243, 253, 276]",18,Lot 10 – ELECTRICITE COURANTS FORTS ET FAIBLES
Vous devez présenter une demande de sous traitance pour l’entreprise qui posera  la vidéosurveillance « anti noyade »  ,['17-05-2011'],"[9, 10, 11, 12, 13, 14, 15, 16, 17]","[88, 109, 125, 143, 157, 169, 179, 195, 208]",15,Lot 10 – ELECTRICITE COURANTS FORTS ET FAIBLES
"Vous voudrez bien mettre en place l’éclairage nécessaire au bon déroulement du travail des compagnons, nous passons à l’heure d’hiver, 
donc merci de faire le nécessaire dans les zones non éclairées sous sol ",['27-10-2011'],"[25, 26, 28, 29, 30]","[296, 306, 316, 327, 338]",15,Lot 10 – ELECTRICITE COURANTS FORTS ET FAIBLES
"demande de supports de projecteurs sur la gaine du bassin ludique pour l’affaire du Centre Aquatique de Saint Amand les eaux, 
information à transmettre à SAM+ 
faire parvenir par retour de ce mail : 
-les dimensions des projeteurs  
-leurs poids et un croquis  
-les espacements de fixations dont vous avez besoin  
-la quantité de supports ",['14-03-2013'],"[68, 69, 70, 71, 72, 72, 74]","[547, 563, 582, 599, 616, 634, 650]",19,Lot 10 – ELECTRICITE COURANTS FORTS ET FAIBLES
A/A1 = Non conforme au CCTP ni à votre mémoire technique. Nous suggérons New areflood de Thorn ,['09-06-2011'],[12],[143],33,Lot 10 – ELECTRICITE COURANTS FORTS ET FAIBLES
A2 = M Non conforme au CCTP ni à votre mémoire technique. Nous suggérons IROS de zumtobel ,['09-06-2011'],[12],[143],35,Lot 10 – ELECTRICITE COURANTS FORTS ET FAIBLES
Annonce transmission le 28/09/11 ,['21-09-2011'],[23],[276],24,Lot 10 – ELECTRICITE COURANTS FORTS ET FAIBLES
Attention le BC précise ce jour : pas de tempo sur alarme incendie ,['26-09-2013'],"[84, 85, 86, 87, 88, 89, 90, 91]","[793, 808, 823, 838, 853, 868, 881, 894]",31,Lot 10 – ELECTRICITE COURANTS FORTS ET FAIBLES
B = Non conforme au CCTP ni à votre mémoire technique. Nous suggérons Watervision ,['09-06-2011'],[12],[143],39,Lot 10 – ELECTRICITE COURANTS FORTS ET FAIBLES
Boitiers verts : la porte une fois déverrouillée doit le rester ,['26-09-2013'],"[84, 85, 86, 87, 88, 89, 90, 91]","[793, 808, 823, 838, 853, 868, 881, 894]",33,Lot 10 – ELECTRICITE COURANTS FORTS ET FAIBLES
C = ok ,['09-06-2011'],[12],[143],41,Lot 10 – ELECTRICITE COURANTS FORTS ET FAIBLES
"COLAS à besoin très rapidement des sorties n° 14, 16, 17, 23, 24, ainsi que les réservations pour les 4 fourreaux (2 x 2 fourreaux diam 100)
supplémentaires pour les pédiluves (transmettre les niveaux auxquels vous souhaitez les faire arriver ",['14-03-2013'],"[68, 69, 70, 71, 72, 72, 74]","[547, 563, 582, 599, 616, 634, 650]",11,Lot 10 – ELECTRICITE COURANTS FORTS ET FAIBLES
Certifier au BC la bonne continuité des liaisons radioélectriques ,['24-01-2013'],"[60, 61, 62, 63, 64, 66, 67, 68, 69, 70, 71]","[449, 464, 478, 492, 505, 519, 533, 547, 563, 582, 599]",46,Lot 10 – ELECTRICITE COURANTS FORTS ET FAIBLES
Chiffrer demandes BC sur éclairage et blocs sur rampe PMR extérieure ,['10-10-2013'],"[86, 87, 88, 89, 90, 91]","[823, 838, 853, 868, 881, 894]",49,Lot 10 – ELECTRICITE COURANTS FORTS ET FAIBLES
D = Non conforme au CCTP ni à votre mémoire technique. Nous suggérons Maxos de philips ,['09-06-2011'],[12],[143],43,Lot 10 – ELECTRICITE COURANTS FORTS ET FAIBLES
Démarrer pose des BAES supplémentaires suivant devis ,['07-11-2013'],"[89, 90, 91]","[868, 881, 894]",57,Lot 10 – ELECTRICITE COURANTS FORTS ET FAIBLES
Déplacer les spots en hauteur sur la zone de la gaine de soufflage du bassin d’apprentissage ,['24-01-2013'],"[60, 61, 62, 63, 64, 66, 67, 68, 69, 70, 71]","[449, 464, 478, 492, 505, 519, 533, 547, 563, 582, 599]",44,Lot 10 – ELECTRICITE COURANTS FORTS ET FAIBLES
Déposer appareillages local chlore pour pose de l’isolant du GO ,['17-10-2013'],"[87, 88, 89, 90, 91]","[838, 853, 868, 881, 894]",55,Lot 10 – ELECTRICITE COURANTS FORTS ET FAIBLES
E = ok ,['09-06-2011'],[12],[143],45,Lot 10 – ELECTRICITE COURANTS FORTS ET FAIBLES
"En relation avec VICTOIRE, intégrer la centrale de la sono et vidéo sous la banque d’acceuil ",['06-06-2013'],"[75, 76, 77, 78, 79, 80, 81]","[667, 683, 696, 709, 722, 735, 750]",16,Lot 10 – ELECTRICITE COURANTS FORTS ET FAIBLES
"En relation avec VICTOIRE, mettre en place les platines MDF pour support de luminaires sur plafonds bois ",['06-06-2013'],"[75, 76, 77, 78, 79, 80, 81, 82, 83, 84, 85, 86, 87, 88, 89, 90, 91]","[667, 683, 696, 709, 722, 735, 750, 764, 778, 793, 808, 823, 838, 853, 868, 881, 894]",14,Lot 10 – ELECTRICITE COURANTS FORTS ET FAIBLES
Etudier en relation avec le BC le passage des chemins de câble par les extérieurs  ,['30-05-2011'],[12],[143],20,Lot 10 – ELECTRICITE COURANTS FORTS ET FAIBLES
Etudier en relation avec le BC le passage des chemins de câble par les extérieurs VU le Contrôleur technique n’a pas d’opposition à ce principe ,['30-05-2011'],"[13, 14]","[157, 169]",23,Lot 10 – ELECTRICITE COURANTS FORTS ET FAIBLES
Etudier en relation avec le BC le passage des chemins de câble par les extérieurs et la passage ,['30-05-2011'],[11],[125],20,Lot 10 – ELECTRICITE COURANTS FORTS ET FAIBLES
Extrait du PRDE transmis par Nicolas DERACHE Chargé d'affaires ErDF ,['10-05-2011'],[8],[71],4,Lot 10 – ELECTRICITE COURANTS FORTS ET FAIBLES
"Extrait du PRDE transmis par Nicolas DERACHE Chargé d'affaires ErDF 
VOIR CR N°8 MOE ",['10-05-2011'],[9],[88],5,Lot 10 – ELECTRICITE COURANTS FORTS ET FAIBLES
"Extraits du courriel de D&H du lun. 23/07/2012 17:12
J’attire votre attention sur les adaptations nécessaires des clôtures, suivantes: 
•          La pose des alarmes par le LOT ELEC sur les portails et portillons (en attente de précisions de Mme Nathalie PARENT - 
EIFFAGE ENERGIE - (06) 32 91 09 67 - Nathalie.PARENT@eiffage.com), ",['30-08-2012'],[46],[403],29,Lot 10 – ELECTRICITE COURANTS FORTS ET FAIBLES
"Extraits du courriel de D&H du lun. 23/07/2012 17:12
J’attire votre attention sur les adaptations nécessaires des clôtures, suivantes: 
•          La pose des alarmes par le LOT ELEC sur les portails et portillons (en attente de précisions de Mme Nathalie PARENT - EIFFAGE 
ENERGIE - (06) 32 91 09 67 - Nathalie.PARENT@eiffage.com), 
LE 04/10/12 : Vous annoncez avoir transmis les informations à D&H et SOJA, vous annoncez qu’il a pas d’anti intrusion ni contrôle d’accès de 
prévu sur ces portails et portillons ",['30-08-2012'],"[59, 60]","[433, 449]",13,Lot 10 – ELECTRICITE COURANTS FORTS ET FAIBLES
F = Non conforme au CCTP ni à votre mémoire technique. Nous suggérons Starlette de Thorn ,['09-06-2011'],[12],[143],47,Lot 10 – ELECTRICITE COURANTS FORTS ET FAIBLES
F1 rebouchage réservation ,['14-03-2013'],"[68, 69, 70, 71, 72, 72, 74, 75, 76, 77, 78, 79, 80, 81, 82, 83, 84, 85, 86, 87, 88, 89]","[547, 563, 582, 599, 616, 634, 650, 667, 683, 696, 709, 722, 735, 750, 764, 778, 793, 808, 823, 838, 853, 868]",27,Lot 10 – ELECTRICITE COURANTS FORTS ET FAIBLES
F2 calfeutrement à faire sur résa chemin de câble ,['14-03-2013'],"[68, 69, 70, 71, 72, 72, 74, 75, 76, 77, 78, 79, 80, 81, 82, 83, 84, 85, 86, 87, 88, 89]","[547, 563, 582, 599, 616, 634, 650, 667, 683, 696, 709, 722, 735, 750, 764, 778, 793, 808, 823, 838, 853, 868]",25,Lot 10 – ELECTRICITE COURANTS FORTS ET FAIBLES
Faire travaux rebouchages autour des traversées de réseaux ,['25-07-2013'],"[78, 79, 80, 81, 82, 83, 84, 85, 86, 87, 88, 89, 90, 91]","[709, 722, 735, 750, 764, 778, 793, 808, 823, 838, 853, 868, 881, 894]",23,Lot 10 – ELECTRICITE COURANTS FORTS ET FAIBLES
Fournir au BC attestation de mise en œuvre des calfeutrements ,['26-09-2013'],"[84, 85, 86, 87, 88, 89, 90, 91]","[793, 808, 823, 838, 853, 868, 881, 894]",45,Lot 10 – ELECTRICITE COURANTS FORTS ET FAIBLES
"Fournir un plan d’implantation des équipements à mettre en œuvre et ayant un impact sur les bardages intérieurs et extérieurs, avec un détail sur les 
entretoises à mettre en place ",['24-11-2011'],"[28, 29, 30, 31, 32, 39]","[316, 327, 338, 351, 364, 378]",18,Lot 10 – ELECTRICITE COURANTS FORTS ET FAIBLES
G = Non conforme au CCTP ni à votre mémoire technique. Nous suggérons fugato power 3v26W ,['09-06-2011'],[12],[143],51,Lot 10 – ELECTRICITE COURANTS FORTS ET FAIBLES
"G.6.3 - 01 V1 PRESCRIPTION DU RESEAU DE DISTRIBUTION D’ELECTRICITE Page 8/24  
Accessibilité  
ERDF  
© Copyright ERDF 2008 01/12/2008  
3.5 Pénétration des câbles  
Les pénétrations se feront par l’intermédiaire de fourreaux conformes à la norme EN 50086-2-4 (C 68-114) et  
réalisées conformément au chapitre 3.1. de la note PRDE G.6.2 - 01 :  
- pour les canalisations HTA, par l’intermédiaire d’une nappe de cinq3 fourreaux de diamètre nominal  
160 mm²,  
- pour les canalisations BT, par l’intermédiaire de deux nappes superposées de cinq fourreaux4  
diamètre nominal 110 mm².  
L’emplacement des pénétrations sera mentionné dans le dossier d’exécution du local et conforme à l’annexe 4  
de ce chapitre. Les fourreaux utilisés et/ou en attente sont obturés.  
4 Équipement électrique du poste  
Les équipements des postes doivent faire l’objet d’une autorisation d’ERDF formalisée par une déclaration  
d’aptitude à l’exploitation selon les normes et les spécifications en vigueur lors de la réception de l’ouvrage  
concernant la pénétration des câbles.",['10-05-2011'],[8],[71],22,Lot 10 – ELECTRICITE COURANTS FORTS ET FAIBLES
I = proposition ok si bien LED ,['09-06-2011'],[12],[143],59,Lot 10 – ELECTRICITE COURANTS FORTS ET FAIBLES
"Il est prévu d’avoir 3 positions d’éclairage en fonction de la lumière ambiante, le tout piloté via la GTC. 
Tout allumé / 2 sur 4 / tout éteint. ",['30-05-2011'],[11],[125],29,Lot 10 – ELECTRICITE COURANTS FORTS ET FAIBLES
"Il n’y a plus qu’une seule pompe de relevage à alimenter. L’adoucisseur se trouve dans le local traitement d’eau, à proximité de la 
nourrice de départ des réseaux de plomberie. ",['09-06-2011'],[12],[143],96,Lot 10 – ELECTRICITE COURANTS FORTS ET FAIBLES
J = Non conforme au CCTP ni à votre mémoire technique. Nous suggérons type Savio de philips ,['09-06-2011'],[12],[143],63,Lot 10 – ELECTRICITE COURANTS FORTS ET FAIBLES
"Le matériel proposé ne correspond pas au CCTP ni à votre mémoire technique lors de l’appel d’offres. Si ce matériel avait été proposé, 
votre offre n’aurait pas été retenue, car non conforme. ",['09-06-2011'],[12],[143],31,Lot 10 – ELECTRICITE COURANTS FORTS ET FAIBLES
"Le plan des réseaux sous dalle a été modifié à la demande de l’entreprise de Gros œuvre qui préfère percer ses longrines plutôt 
que creuser des tranchées. 
Les nouveaux plans sont sur le serveur FTP. ",['09-06-2011'],[12],[143],100,Lot 10 – ELECTRICITE COURANTS FORTS ET FAIBLES
"Les alimentations des spots doivent passer derrière les panneaux bois de BSM, vous devez percer et reprendre ",['04-10-2012'],"[59, 60, 61, 62, 63, 64, 66]","[433, 449, 464, 478, 492, 505, 519]",22,Lot 10 – ELECTRICITE COURANTS FORTS ET FAIBLES
Local F3 déposer l’éclairage pour reprises GO et peinture ,['14-03-2013'],"[68, 69, 70, 71, 72, 72, 74, 75, 76, 77, 78, 79, 80, 81, 82, 83, 84, 85, 86, 87, 88, 89]","[547, 563, 582, 599, 616, 634, 650, 667, 683, 696, 709, 722, 735, 750, 764, 778, 793, 808, 823, 838, 853, 868]",23,Lot 10 – ELECTRICITE COURANTS FORTS ET FAIBLES
M1 = = Non conforme au CCTP ni à votre mémoire technique. Nous suggérons Schneider > ref : OVA58924 ,['09-06-2011'],[12],[143],75,Lot 10 – ELECTRICITE COURANTS FORTS ET FAIBLES
Mettre en œuvre vos carottages manquants suite transmission tardive de vos plans ,['19-07-2019'],[46],[403],11,Lot 10 – ELECTRICITE COURANTS FORTS ET FAIBLES
Mettre sous tension les armoires TE ,['05-09-2013'],[81],[750],25,Lot 10 – ELECTRICITE COURANTS FORTS ET FAIBLES
Mettre sous tension les armoires TE : FAIT ,['05-09-2013'],"[82, 83, 84, 85, 86, 87, 88, 89, 90, 91]","[764, 778, 793, 808, 823, 838, 853, 868, 881, 894]",23,Lot 10 – ELECTRICITE COURANTS FORTS ET FAIBLES
N = pas de proposition ??  . Nous suggérons vendaval de REZ ,['09-06-2011'],[12],[143],77,Lot 10 – ELECTRICITE COURANTS FORTS ET FAIBLES
"Nous constaterons en à la présence de Mme PARENT de la mise en œuvre des percements manquants, compris ceux devant être réalisés par
TOMMASINI ",['28-08-2012'],[46],[403],16,Lot 10 – ELECTRICITE COURANTS FORTS ET FAIBLES
Nous demandons d’étudier l’éclairage de la vitrine de la banque accueil par fibre optique ,['19-09-2013'],"[83, 84, 85, 86, 87, 88, 89, 90, 91]","[778, 793, 808, 823, 838, 853, 868, 881, 894]",29,Lot 10 – ELECTRICITE COURANTS FORTS ET FAIBLES
Nous indiquer si les candélabres sont gérés par la GTC ,['10-10-2013'],"[86, 87, 88, 89, 90, 91]","[823, 838, 853, 868, 881, 894]",51,Lot 10 – ELECTRICITE COURANTS FORTS ET FAIBLES
"Nous nous étonnons de ne pas voir de fourreau élec donnant sur les voiles extérieurs, pas de caméras ou d’éclairage ??!! ",['19-04-2012'],[39],[378],28,Lot 10 – ELECTRICITE COURANTS FORTS ET FAIBLES
"Nous validons la proposition faite sur les supports et caméras de POSEIDON, attention cependant à simplifier au mieux les câbles et attaches câbles,
de même ne pas mettre les alimentations primaires visibles ",['21-11-2012'],"[59, 60]","[433, 449]",34,Lot 10 – ELECTRICITE COURANTS FORTS ET FAIBLES
O = ok ,['09-06-2011'],[12],[143],79,Lot 10 – ELECTRICITE COURANTS FORTS ET FAIBLES
Organisation de chantier selon directives de l’OPC ,['15-03-2011'],"[1, 2]","[6, 13]",13,Lot 10 – ELECTRICITE COURANTS FORTS ET FAIBLES
P = ok ,['09-06-2011'],[12],[143],83,Lot 10 – ELECTRICITE COURANTS FORTS ET FAIBLES
"POINT BC , CRCT N°7 
Electricité 
Assurer les calfeutrements au droit des planchers, cloisons, portes, traversées de voiles etc.... 
Une attestation entreprise sur l’ensemble des calfeutrements au feu devra nous être communiquée, pour avis. ",['06-06-2013'],"[75, 76, 77, 78, 79, 80, 81, 82, 83, 84, 85, 86, 87, 88, 89, 90, 91]","[667, 683, 696, 709, 722, 735, 750, 764, 778, 793, 808, 823, 838, 853, 868, 881, 894]",21,Lot 10 – ELECTRICITE COURANTS FORTS ET FAIBLES
Page 11 sur 14 ,['07-02-2013'],[64],[505],19,Lot 10 – ELECTRICITE COURANTS FORTS ET FAIBLES
Page 12 sur 16 ,['19-07-2019'],[60],[449],12,Lot 10 – ELECTRICITE COURANTS FORTS ET FAIBLES
Page 9 sur 12 ,['28-08-2012'],[46],[403],24,Lot 10 – ELECTRICITE COURANTS FORTS ET FAIBLES
Plan trappes à fournir pour intégration dans les plans PAC de VICTOIRE ,['19-07-2019'],[46],[403],6,Lot 10 – ELECTRICITE COURANTS FORTS ET FAIBLES
"Point SOJA échantillons/ 
- 
Luminaire Type G1 (refusé) ",['12-01-2012'],"[29, 30, 31, 32, 39]","[327, 338, 351, 364, 378]",33,Lot 10 – ELECTRICITE COURANTS FORTS ET FAIBLES
Poséidon = ok  ,['09-06-2011'],[12],[143],93,Lot 10 – ELECTRICITE COURANTS FORTS ET FAIBLES
"Pour les hublots subaquatique, si vous modifiez le type DCE, SOJA conseil WIBRE (27 LED de 3 WATTS) REF 4.271 ",['16-06-2011'],"[13, 14]","[157, 169]",34,Lot 10 – ELECTRICITE COURANTS FORTS ET FAIBLES
Prendre contact avec le Gros Œuvre pour asservir les tampons des édicules de forages ,['30-05-2013'],"[74, 75, 76, 77, 78, 79, 80, 81, 82, 83, 84, 85, 86, 87, 88, 89, 90, 91]","[650, 667, 683, 696, 709, 722, 735, 750, 764, 778, 793, 808, 823, 838, 853, 868, 881, 894]",20,Lot 10 – ELECTRICITE COURANTS FORTS ET FAIBLES
Prendre en compte CR SOJA ,['10-10-2013'],"[86, 87, 88, 89, 90, 91]","[823, 838, 853, 868, 881, 894]",53,Lot 10 – ELECTRICITE COURANTS FORTS ET FAIBLES
Prendre en compte la demande de mise en œuvre d’un câble RJ45 pour l’alimentation de la borne de rechargement des cartes ,['30-05-2013'],"[74, 75, 76, 77, 78, 79, 80, 81, 82, 83, 84, 85, 86, 87, 88, 89, 90, 91]","[650, 667, 683, 696, 709, 722, 735, 750, 764, 778, 793, 808, 823, 838, 853, 868, 881, 894]",22,Lot 10 – ELECTRICITE COURANTS FORTS ET FAIBLES
Proposer un prototype sur les caméras de POSEIDON avant mise en place définitive ,['18-10-2012'],"[59, 60]","[433, 449]",24,Lot 10 – ELECTRICITE COURANTS FORTS ET FAIBLES
Proposer une solution aux passages des réseaux élec suite omission ,['12-04-2012'],[39],[378],22,Lot 10 – ELECTRICITE COURANTS FORTS ET FAIBLES
"Présenter un coffret inox pour intégration des prises des halls des bassins  
LE 22/12/11 : FAIT mais échantillon refusé ",['24-11-2011'],"[28, 29, 30, 31, 32, 39]","[316, 327, 338, 351, 364, 378]",21,Lot 10 – ELECTRICITE COURANTS FORTS ET FAIBLES
Prévoir essais poseidon bassin en eau avant fin septembre impérativement (attention vidange fin septembre) ,['05-09-2013'],"[81, 82, 83, 84, 85, 86, 87, 88, 89, 90, 91]","[750, 764, 778, 793, 808, 823, 838, 853, 868, 881, 894]",27,Lot 10 – ELECTRICITE COURANTS FORTS ET FAIBLES
Prévoir la pose d’un éclairage en F3 avec interrupteur ,['14-03-2013'],"[68, 69, 70, 71, 72, 72, 74, 75, 76, 77, 78, 79, 80, 81, 82, 83, 84, 85, 86, 87, 88, 89]","[547, 563, 582, 599, 616, 634, 650, 667, 683, 696, 709, 722, 735, 750, 764, 778, 793, 808, 823, 838, 853, 868]",21,Lot 10 – ELECTRICITE COURANTS FORTS ET FAIBLES
Prévoir un point sur l’intégration des tableaux d’affichage avec TOMMASINI et OCTANT ,['12-04-2012'],[39],[378],20,Lot 10 – ELECTRICITE COURANTS FORTS ET FAIBLES
Q = ok ,['09-06-2011'],[12],[143],85,Lot 10 – ELECTRICITE COURANTS FORTS ET FAIBLES
R = pas de proposition ,['09-06-2011'],[12],[143],87,Lot 10 – ELECTRICITE COURANTS FORTS ET FAIBLES
RAPPELS DES POINTS EN SUSPENS,['29-09-2011'],[23],[276],25,Lot 10 – ELECTRICITE COURANTS FORTS ET FAIBLES
Rappel des points ci-dessus  ,['02-05-2013'],"[71, 72, 72]","[599, 616, 634]",29,Lot 10 – ELECTRICITE COURANTS FORTS ET FAIBLES
Rappel des points ci-dessus en suspends ,['24-05-2011'],"[10, 11, 12]","[109, 125, 143]",16,Lot 10 – ELECTRICITE COURANTS FORTS ET FAIBLES
Rappel sur la protection du câble de terre à l’entrée du local TA ,['04-10-2012'],"[59, 60, 61, 62, 63, 64, 66]","[433, 449, 464, 478, 492, 505, 519]",20,Lot 10 – ELECTRICITE COURANTS FORTS ET FAIBLES
"Reboucher les percements que vous avez effectués avant pose du bardage par TOMMASINI pour ne pas créer de désordres de pont thermique ou
point de rosée ",['06-09-2012'],"[59, 60]","[433, 449]",16,Lot 10 – ELECTRICITE COURANTS FORTS ET FAIBLES
"Reprendre la zone de passage de vos câbles qui doivent passer par l’extérieur, voir mail du 23/07/12, en effet, il n’y a pas de panneaux bois ou terre 
cuite à cet endroit ",['19-07-2019'],[46],[403],9,Lot 10 – ELECTRICITE COURANTS FORTS ET FAIBLES
"Reprendre la zone de passage de vos câbles qui doivent passer par l’extérieur, voir mail du 23/07/12, en effet, il n’y a pas de panneaux bois ou terre 
cuite à cet endroit EN COURS AU 06/09/12 F ",['19-07-2019'],"[59, 60]","[433, 449]",5,Lot 10 – ELECTRICITE COURANTS FORTS ET FAIBLES
Répondre à l’ensemble des points ci-dessus ,['25-10-2012'],"[59, 60]","[433, 449]",28,Lot 10 – ELECTRICITE COURANTS FORTS ET FAIBLES
Réponses SOJA DU 8/06/11 suite à la réception du carnet de matériel ,['09-06-2011'],[12],[143],28,Lot 10 – ELECTRICITE COURANTS FORTS ET FAIBLES
"Réponses SOJA DU 8/06/11 suite à la réception du carnet de matériel  
LE 16/06/11 : REPONSE A FORMULER ",['09-06-2011'],"[13, 14]","[157, 169]",32,Lot 10 – ELECTRICITE COURANTS FORTS ET FAIBLES
S = ok ,['09-06-2011'],[12],[143],89,Lot 10 – ELECTRICITE COURANTS FORTS ET FAIBLES
"SAM+ n’a pas respecté le PPSPS pour la mise en place des gaines de soufflage du hall sportif, vous n’avez donc pas mis en œuvre les équipements
d’éclairage d’autan que SAM+ ne vous a pas mis à disposition les boitiers, point fait ce jour ",['08-11-2012'],"[59, 60]","[433, 449]",31,Lot 10 – ELECTRICITE COURANTS FORTS ET FAIBLES
"SOJA / FORCLUM POINT 
Les projecteurs ont été placés par paires, de manière à avoir 1 iodure métallique et 1 vapeur de sodium côte 
à côte. 
Vous trouverez ci-joint l’étude d’éclairage réalisée sous DIALUX pour ce projet. (Projecteurs : sonpak de 
thorn équivalent areaflood de thorn) ",['30-05-2011'],[11],[125],26,Lot 10 – ELECTRICITE COURANTS FORTS ET FAIBLES
Suite essais désenfumage de ce jour et suivant demande BC : chiffrer fourniture et pose de 5 BAES supplémentaires dans zone vestiaires du public ,['03-10-2013'],"[85, 86, 87, 88, 89, 90, 91]","[808, 823, 838, 853, 868, 881, 894]",47,Lot 10 – ELECTRICITE COURANTS FORTS ET FAIBLES
Suivant CR OPC ,"['23-02-2012', '02-05-2013']","[32, 71, 72, 72]","[364, 599, 616, 634]",23,Lot 10 – ELECTRICITE COURANTS FORTS ET FAIBLES
"Suivant demandes BC ajouter : 
- 
2 BAES au dessus des pédiluves 
- 
1 BAES en C3 
- 
1 BAES au dessus de la porte en C8 
- 
1 BAES en C7 ",['26-09-2013'],"[84, 85, 86, 87, 88, 89, 90, 91]","[793, 808, 823, 838, 853, 868, 881, 894]",43,Lot 10 – ELECTRICITE COURANTS FORTS ET FAIBLES
Suivant demandes SOJA ,['23-02-2012'],[32],[364],25,Lot 10 – ELECTRICITE COURANTS FORTS ET FAIBLES
"Transmettre au BET SOJA les fiches technique des matériaux et matériels que vous souhaitez mettre en œuvre pour observation / copie BC FAIT 
VOIR OBSERVATIONS SOJA ",['15-03-2011'],"[13, 14]","[157, 169]",3,Lot 10 – ELECTRICITE COURANTS FORTS ET FAIBLES
Transmettre au GO vos observations sur les panneaux bambou ,['19-04-2012'],[39],[378],24,Lot 10 – ELECTRICITE COURANTS FORTS ET FAIBLES
Transmettre chiffrage du transfo en 800kva ,['21-07-2011'],[17],[208],22,Lot 10 – ELECTRICITE COURANTS FORTS ET FAIBLES
Transmettre chiffrage du transfo en 800kva  FAIT en cours d’instruction ,['21-07-2011'],"[18, 19, 20, 21, 23]","[219, 231, 243, 253, 276]",18,Lot 10 – ELECTRICITE COURANTS FORTS ET FAIBLES
"Transmettre chiffrage selon la demande du MO, pour alimentation électrique et informatique du dessus de l’auvent sur le parvis de l’accueil ",['29-11-2012'],"[59, 60, 61, 62, 63, 64, 66, 67, 68, 69, 70, 71]","[433, 449, 464, 478, 492, 505, 519, 533, 547, 563, 582, 599]",36,Lot 10 – ELECTRICITE COURANTS FORTS ET FAIBLES
"Transmettre et amener en réunion de chantier votre plans en besoin de trappes en faux plafonds pour synthèse rapide avec ETDE et
VICTOIRE ",['28-08-2012'],[46],[403],19,Lot 10 – ELECTRICITE COURANTS FORTS ET FAIBLES
Transmettre les FT des caméras avec photo pour choix ,['17-05-2011'],"[9, 10, 11, 12]","[88, 109, 125, 143]",11,Lot 10 – ELECTRICITE COURANTS FORTS ET FAIBLES
"Transmettre les FT des caméras avec photo pour choix 
FAIT ",['17-05-2011'],"[18, 19, 20, 21, 22, 23]","[219, 231, 243, 253, 264, 276]",3,Lot 10 – ELECTRICITE COURANTS FORTS ET FAIBLES
"Transmettre les FT des caméras avec photo pour choix 
LE 16/06/11 : A FAIRE ",['17-05-2011'],"[13, 14, 15, 16, 17]","[157, 169, 179, 195, 208]",11,Lot 10 – ELECTRICITE COURANTS FORTS ET FAIBLES
Transmettre les documents selon liste des documents à transmettre par les entreprises ,['15-03-2011'],"[1, 2]","[6, 13]",11,Lot 10 – ELECTRICITE COURANTS FORTS ET FAIBLES
Transmettre les échantillons demandés en réunion ,['15-09-2011'],[21],[253],22,Lot 10 – ELECTRICITE COURANTS FORTS ET FAIBLES
"Transmettre les échantillons demandés en réunion 
LE 21/09/11 : Annonce transmission le 28/09/11 ",['15-09-2011'],[22],[264],17,Lot 10 – ELECTRICITE COURANTS FORTS ET FAIBLES
"Transmettre plan PAC du système de vidéosurveillance, avec implantation des caméras ",['17-05-2011'],"[9, 10, 11, 12]","[88, 109, 125, 143]",17,Lot 10 – ELECTRICITE COURANTS FORTS ET FAIBLES
Transmettre un plan d’implantation des équipements qui seront accroché au bardage terre cuite extérieur et sur brique. ,['19-04-2012'],[39],[378],26,Lot 10 – ELECTRICITE COURANTS FORTS ET FAIBLES
Transmettre vos besoins en socles à TOMMASINI ,['12-01-2012'],"[29, 30, 31, 32, 39]","[327, 338, 351, 364, 378]",29,Lot 10 – ELECTRICITE COURANTS FORTS ET FAIBLES
Transmettre votre bilan de puissance au BET SOJA ,['15-03-2011'],"[1, 2]","[6, 13]",9,Lot 10 – ELECTRICITE COURANTS FORTS ET FAIBLES
Transmettre votre cahier de matériel et confirmer vos réservations aux BET SICRE / SOJA ,['10-05-2011'],"[8, 9, 10, 11, 12]","[71, 88, 109, 125, 143]",24,Lot 10 – ELECTRICITE COURANTS FORTS ET FAIBLES
"Transmettre votre cahier de matériel et confirmer vos réservations aux BET SICRE / SOJA 
LE 16/06/11 : Fait pour carnet de matériel et réservations ",['10-05-2011'],"[13, 14]","[157, 169]",6,Lot 10 – ELECTRICITE COURANTS FORTS ET FAIBLES
Transmettre votre plan de besoin en trappe sur les zones de faux plafond pour synthèse et regroupement de ces dernières ,['09-02-2012'],[46],[403],4,Lot 10 – ELECTRICITE COURANTS FORTS ET FAIBLES
Téléphonie = ok ,['09-06-2011'],[12],[143],91,Lot 10 – ELECTRICITE COURANTS FORTS ET FAIBLES
URGENT : terminer tous vos calfeutrements : ceci est impératif pour le passage de la commission de sécurité : à solder sans délais ,['12-09-2013'],"[82, 83, 84, 85, 86, 87, 88, 89, 90, 91]","[764, 778, 793, 808, 823, 838, 853, 868, 881, 894]",27,Lot 10 – ELECTRICITE COURANTS FORTS ET FAIBLES
Une synthèse est à prévoir avec le Maître d’Ouvrage et le Directeur du centre aquatique pour placer les caméras de vidéosurveillance ,['24-05-2011'],"[10, 11, 12, 13, 14, 15, 16, 17]","[109, 125, 143, 157, 169, 179, 195, 208]",18,Lot 10 – ELECTRICITE COURANTS FORTS ET FAIBLES
Validation de socles et caméra avec RAL anthracite,['20-10-2011'],"[24, 25, 26]","[286, 296, 306]",1,Lot 10 – ELECTRICITE COURANTS FORTS ET FAIBLES
Voir pour RAL des caméras ,['15-09-2011'],"[21, 22]","[253, 264]",20,Lot 10 – ELECTRICITE COURANTS FORTS ET FAIBLES
"Voir pour RAL des caméras 
Transmettre les échantillons demandés en réunion ",['15-09-2011'],[23],[276],21,Lot 10 – ELECTRICITE COURANTS FORTS ET FAIBLES
"Vous avez carottez les dalles entre bassins pour passage de vos câbles, attention à synthétiser avec PMN les coffres de finitions !! ",['13-09-2012'],"[59, 60]","[433, 449]",18,Lot 10 – ELECTRICITE COURANTS FORTS ET FAIBLES
Vous devez passer vos fourreaux dans les ondes des bacs avant fermeture par FOAMGLASS par STEREC ,['10-05-2012'],[39],[378],30,Lot 10 – ELECTRICITE COURANTS FORTS ET FAIBLES
Vous devez prendre contact avec les Architecte d’OCTANT pour les choix des matériels ,['17-05-2011'],"[9, 10, 11, 12]","[88, 109, 125, 143]",13,Lot 10 – ELECTRICITE COURANTS FORTS ET FAIBLES
Vous devez prendre contact avec les Architecte d’OCTANT pour les choix des matériels EN COURS ,['17-05-2011'],"[13, 14, 15, 16, 17, 18, 19, 20, 21, 22, 23]","[157, 169, 179, 195, 208, 219, 231, 243, 253, 264, 276]",13,Lot 10 – ELECTRICITE COURANTS FORTS ET FAIBLES
Vous devez être présent lors de la réunion SSI qui se tiendra le 30/06/11 à 13H30 sur site ,['16-06-2011'],"[13, 14]","[157, 169]",41,Lot 10 – ELECTRICITE COURANTS FORTS ET FAIBLES
Vous présenter afin de faire un point sur les pièces écrites suite litige OEMS terminal ,['16-05-2013'],"[72, 72]","[616, 634]",24,Lot 10 – ELECTRICITE COURANTS FORTS ET FAIBLES
"Vous présentez afin de faire un point sur les installations de chantier, et limite de prestations GO / ELEC ",['22-03-2011'],"[2, 3, 4, 5]","[13, 21, 30, 40]",15,Lot 10 – ELECTRICITE COURANTS FORTS ET FAIBLES
"Vous êtes en attente de la confirmation sur les équipements tels que : 
• 
tablette lumineuse 
• 
applique anthracite 
• 
tube néon ",['20-10-2011'],"[24, 25, 26, 28, 29, 30]","[286, 296, 306, 316, 327, 338]",12,Lot 10 – ELECTRICITE COURANTS FORTS ET FAIBLES
Vous êtes en attente de l’implantation des caméras extérieures pour transmettre vos éléments ,['16-06-2011'],"[13, 14]","[157, 169]",36,Lot 10 – ELECTRICITE COURANTS FORTS ET FAIBLES
Vous êtes en attente des points GTB de la part de SOJA ,['18-10-2012'],"[59, 60]","[433, 449]",26,Lot 10 – ELECTRICITE COURANTS FORTS ET FAIBLES
"fiche 1 SOJA 
sonorisation subaquatique aquamusique 
Accord  
Façade en forme de coquillage retenue ",['07-07-2011'],[16],[195],25,Lot 10 – ELECTRICITE COURANTS FORTS ET FAIBLES
"fiche 2 SOJA 
éclairage hall bassins type A et A1 
Accord, luminaire adapté au milieu chloré. ",['07-07-2011'],[16],[195],29,Lot 10 – ELECTRICITE COURANTS FORTS ET FAIBLES
"Calfeutrer les sous faces des planchers aux emplacements des siphons de sols donnants sur les galeries techniques, méthode à proposer au
bureau de contrôle 
LE 21/03/13 : NON FAIT ",['08-03-2013'],"[69, 70, 71, 72, 72, 74, 75, 76, 77, 78, 79, 80, 81, 82, 83, 84, 85, 86, 87, 88, 89, 90, 91]","[565, 584, 601, 618, 636, 652, 669, 684, 697, 710, 723, 736, 751, 765, 779, 794, 809, 824, 839, 854, 869, 882, 895]",56,Lot 14 – ETANCHEITE REVETEMENTS SOLS – MURAUX CARRELES
"Communauté d’Agglomération des Portes du Hainaut – Construction d’un Centre Aquatique à St Amand Les Eaux – CR MOE N° 39 du 10 
/05/19 ","['19-04-2012', '13-09-2012', '06-12-2012', '03-01-2013', '07-02-2013', '08-03-2013', '21-03-2013', '18-07-2013', '12-09-2013', '17-10-2013', '31-10-2013']","[39, 39, 59, 60, 61, 62, 63, 67, 68, 69, 69, 69, 70, 70, 70, 71, 71, 72, 72, 72, 72, 74, 74, 75, 75, 80, 81, 82, 83, 84, 85, 86, 87, 88, 89, 90, 91]","[378, 378, 435, 451, 465, 479, 493, 534, 548, 565, 565, 565, 584, 584, 584, 601, 601, 618, 618, 636, 636, 652, 652, 669, 669, 736, 751, 765, 779, 794, 809, 824, 839, 854, 869, 882, 895]",11,Lot 14 – ETANCHEITE REVETEMENTS SOLS – MURAUX CARRELES
"Compte tenu de vos retards nous vous avons fournis en mains propres ce jour un exemplaire du carnet de détail bassins et bâtiment afin que 
vous fournissiez vos plans PAC ",['15-09-2011'],"[21, 22, 23]","[254, 264, 277]",71,Lot 14 – ETANCHEITE REVETEMENTS SOLS – MURAUX CARRELES
"Dossier technique incomplet ! manque nombres de détails, pas de coupe de siphons sur planchers chauffants, pas de détail de remontées 
d’étanchéité sur parois. 
Transmettre copie au BC pour validation  ",['22-12-2011'],"[28, 29, 30]","[317, 328, 339]",36,Lot 14 – ETANCHEITE REVETEMENTS SOLS – MURAUX CARRELES
"Fournir méthode de mise en œuvre des réservations autours des siphons de sol devant être calpinés, indispensable pour pose des platines 
avec recouvrement de l’étanchéité ",['01-09-2011'],"[19, 20, 21, 22, 23, 24, 25, 26, 28, 29, 30, 39]","[231, 243, 254, 264, 277, 286, 297, 307, 317, 328, 339, 378]",39,Lot 14 – ETANCHEITE REVETEMENTS SOLS – MURAUX CARRELES
"L’OPC ainsi que le Bureau de Contrôle demandent à ce que vous fournissiez vos plans PAC, plage / bassin inox, pour percussion, et relevé 
d’étanchéité, coupe sur les formes de pentes toutes zones types, plancher chauffant, collé sur étanchéité avec forme de pente REF, zones 
annexes. ",['28-07-2011'],"[18, 19, 20, 21, 22, 23, 24, 25, 26, 28, 29, 30, 31, 32]","[220, 231, 243, 254, 264, 277, 286, 297, 307, 317, 328, 339, 352, 364]",32,Lot 14 – ETANCHEITE REVETEMENTS SOLS – MURAUX CARRELES
Mettre en œuvre les siphons des locaux robot et rangements ,['21-03-2013'],"[69, 70, 71]","[565, 584, 601]",94,Lot 14 – ETANCHEITE REVETEMENTS SOLS – MURAUX CARRELES
"Méthode pour calepinage des douches 
1. 
Mettre en œuvre l’étanchéité sur vos formes de pente douches publiques et murs compris, (stopper à 5cm des saignées ETDE) 
2. 
Mettre en œuvre le carrelage sol en calepinant les siphons de sol suivant carnet de détail, (N°8 détails bassins).Attention au ressaut  
3. 
Mettre en œuvre la faïence murale sur les abouts et, ou tracer depuis le sol l’emplacement des poussoirs et pommeaux 
4. 
ETDE interviendra pour recaler en centrant les pommeaux et poussoirs, et calfeutrement de ces derniers par ETDE 
5. 
Refermer en reprenant les étanchéités 
6. 
Refermer la faïence murale ",['21-03-2013'],"[69, 70, 71, 72, 72, 74, 75, 76, 77, 78, 79, 80, 81, 82, 83, 84, 85, 86, 87, 88, 89, 90, 91]","[565, 584, 601, 618, 636, 652, 669, 684, 697, 710, 723, 736, 751, 765, 779, 794, 809, 824, 839, 854, 869, 882, 895]",79,Lot 14 – ETANCHEITE REVETEMENTS SOLS – MURAUX CARRELES
"Nous avons constaté que vos compagnons rognaient les chapes de réception des complexes d’étanchéités, pouvez vous nous indiquer comment vous
comptez reprendre les chevauchements des étanchéités liquides, à soumettre au BC pour approbation. ",['06-12-2012'],"[59, 60, 61, 62, 63, 64, 66, 67, 68]","[435, 451, 465, 479, 493, 507, 521, 534, 548]",36,Lot 14 – ETANCHEITE REVETEMENTS SOLS – MURAUX CARRELES
"Nous avons constaté que vos compagnons rognaient les chapes de réception des complexes d’étanchéités, pouvez vous nous indiquer comment vous 
comptez reprendre les chevauchements des étanchéités liquides, à soumettre au BC pour approbation. 
LE 21/03/13 : Merci de répondre à la méthode de reprise ",['06-12-2012'],"[69, 70, 71, 72, 72, 74, 75, 76, 77, 78, 79, 80, 81, 82, 83, 84, 85, 86, 87, 88, 89, 90, 91]","[565, 584, 601, 618, 636, 652, 669, 684, 697, 710, 723, 736, 751, 765, 779, 794, 809, 824, 839, 854, 869, 882, 895]",14,Lot 14 – ETANCHEITE REVETEMENTS SOLS – MURAUX CARRELES
Page 12 sur 13 ,"['19-04-2012', '13-09-2012', '06-12-2012', '03-01-2013', '07-02-2013', '08-03-2013', '21-03-2013', '18-07-2013', '12-09-2013', '17-10-2013']","[39, 39, 59, 60, 61, 62, 63, 67, 68, 69, 69, 69, 70, 70, 70, 71, 71, 72, 72, 72, 72, 74, 74, 75, 75, 80, 81, 82, 83, 84, 85, 86, 87, 88, 89]","[378, 378, 435, 451, 465, 479, 493, 534, 548, 565, 565, 565, 584, 584, 584, 601, 601, 618, 618, 636, 636, 652, 652, 669, 669, 736, 751, 765, 779, 794, 809, 824, 839, 854, 869]",13,Lot 14 – ETANCHEITE REVETEMENTS SOLS – MURAUX CARRELES
"Présenter votre méthode de scellement des ancrages sur plages et autres au BC pour validation y compris produits de scellement pour 
reconstituer la couche d’étanchéité ",['30-05-2011'],"[11, 12, 13, 14, 15, 16, 17, 18, 19, 20, 21, 22, 23]","[125, 144, 157, 169, 180, 196, 209, 220, 231, 243, 254, 264, 277]",42,Lot 14 – ETANCHEITE REVETEMENTS SOLS – MURAUX CARRELES
RAPPEL sur les points ci dessus ,['08-03-2013'],"[67, 68]","[534, 548]",36,Lot 14 – ETANCHEITE REVETEMENTS SOLS – MURAUX CARRELES
"Repositionner les résilient des siphons de sol sur plancher chauffant avant la fermeture du carrelage, nous avons constaté que vous les aviez 
ôté ",['03-01-2013'],"[59, 60, 61, 62, 63, 64, 66]","[435, 451, 465, 479, 493, 507, 521]",46,Lot 14 – ETANCHEITE REVETEMENTS SOLS – MURAUX CARRELES
"Suite à la transmission tardive de votre dossier technique, nous ne pouvons valider le détail sur l’étanchéité contre les bassins inox, le cartouche est
celui de HSB. ",['22-12-2011'],"[28, 29, 30]","[317, 328, 339]",32,Lot 14 – ETANCHEITE REVETEMENTS SOLS – MURAUX CARRELES
"Synthèse Archi : lors de la mise en œuvre des ancrages dans les plages, veuillez nous indiquer vos mode méthodologiques  
• 
Mise en place par carottage suite à la pose du carrelage, auquel cas vous devez faire valider par le bureau de contrôle votre 
méthode et vos fiches produits pour reconstituer les système d’étanchéité 
• 
Demande de réservations dans les ouvrages du GO pour mise en œuvre des ancrage au dessus du complexe d’étanchéité ",['24-05-2011'],"[10, 11, 12, 13, 14, 15, 16, 17, 18, 19, 20, 21, 22, 23]","[109, 125, 144, 157, 169, 180, 196, 209, 220, 231, 243, 254, 264, 277]",37,Lot 14 – ETANCHEITE REVETEMENTS SOLS – MURAUX CARRELES
"Transmettre au OCTANT  OPC les fiches technique des matériaux et matériels que vous souhaitez mettre en œuvre pour observation / copie 
BC ",['15-03-2011'],"[1, 2, 3, 4, 5, 6, 7, 8, 9, 10, 11]","[6, 13, 21, 30, 40, 50, 58, 71, 89, 109, 125]",3,Lot 14 – ETANCHEITE REVETEMENTS SOLS – MURAUX CARRELES
Transmettre les informations sur les surbaux des pédiluves suite au point du jour à TOMMASINI,['31-01-2013'],"[61, 62, 63, 64, 66]","[465, 479, 493, 507, 521]",28,Lot 14 – ETANCHEITE REVETEMENTS SOLS – MURAUX CARRELES
"Transmettre réservation de vos complexe à SICRE copie OCTANT / BC +détail PAC goulottes, tête de bassin, détail siphons, compris 
échantillons ",['29-03-2011'],"[3, 4, 5, 6, 7, 8, 9, 10, 11, 12, 13, 14]","[21, 30, 40, 50, 58, 71, 89, 109, 125, 144, 157, 169]",9,Lot 14 – ETANCHEITE REVETEMENTS SOLS – MURAUX CARRELES
Vous demandez à TOMMASINI de bien vouloir reprendre les cintres et aplombs sur les contres marches des gradins,['04-10-2012'],"[59, 60, 61, 62]","[435, 451, 465, 479]",12,Lot 14 – ETANCHEITE REVETEMENTS SOLS – MURAUX CARRELES
"Vous devez dans le cas d’ancrages sur des formes de pentes, demander à LMP des ancrages inclinés ou plats ",['24-05-2011'],"[10, 11, 12, 13, 14, 15, 16, 17, 18, 19, 20, 21, 22, 23]","[109, 125, 144, 157, 169, 180, 196, 209, 220, 231, 243, 254, 264, 277]",39,Lot 14 – ETANCHEITE REVETEMENTS SOLS – MURAUX CARRELES
"Vous devez vous présentez afin de faire un point ave le Moe sur le changement du type de système d’étanchéité qui passe sous les formes de 
pente et non plus sous le carrelage ",['10-05-2011'],"[8, 9, 10, 11]","[71, 89, 109, 125]",19,Lot 14 – ETANCHEITE REVETEMENTS SOLS – MURAUX CARRELES
"Vous devez vous présentez au Maître d’œuvre un mardi 
Ci-joint principe du système à confirmer pour mise en œuvre sur l’affaire de ST AMAND les EAUX, voir mail de Mme LANGLOIS du ",['17-05-2011'],"[9, 10, 11, 12, 13, 14, 15, 16]","[89, 109, 125, 144, 157, 169, 180, 196]",27,Lot 14 – ETANCHEITE REVETEMENTS SOLS – MURAUX CARRELES
"Vous devez être attentif à mettre en œuvre le détail de la remontée d’étanchéité contre les parois des bassins inox, selon le détail que vous avez
produit et qui est validé par le BC. ",['31-08-2012'],"[46, 59, 60]","[405, 435, 451]",22,Lot 14 – ETANCHEITE REVETEMENTS SOLS – MURAUX CARRELES
"Vous devez être attentif à mettre en œuvre le détail de la remontée d’étanchéité contre les parois des bassins inox, selon le détail que vous avez produit
et qui est validé par le BC. 
Prendre garde à descendre la mortier jusqu’au sol de structure, voir ci-dessous 
LE 21/03/13 : RAPPEL, nous rééditons le détail que vous avez fait valider par le Bureau de Contrôle, vous devez donc déposer ce que vous
avez mis en œuvre autour du bassin sportif de 25m pour reprise de l’étanchéité selon le détail ci-dessus, merci donc de déposer et reprendre la
couche de chape en biais ainsi que de mettre en œuvre le complexe d’étanchéité, nous constaterons alors après réalisation de ces prestations
de la bonne mise en œuvre afin que vous puissiez regarnir au moyen du mortier dont vous aurez préalablement obtenu la validation du
Bureau de Contrôle et collage des pièces de carrelage ",['31-08-2012'],"[69, 70, 71]","[565, 584, 601]",9,Lot 14 – ETANCHEITE REVETEMENTS SOLS – MURAUX CARRELES
"Vous ne répondez pas à nos demandes et mettez en péril les réservations à demandés, suite au point fait ce jour sur les différentes réservation 
essentielles, retransmettre sans délais les besoins au BET SICRE pour intégration sur les fonds des plans structure, exemple décaissés et 
surbau, etc etc  ",['15-09-2011'],"[21, 22]","[254, 264]",45,Lot 14 – ETANCHEITE REVETEMENTS SOLS – MURAUX CARRELES
"Vous n’avez pas transmis les bonnes réservations au BET SICRE en confirmation des éléments transmis ci-dessus par OCTANT, nous 
sommes donc aujourd’hui dans l’obligation de retourné au mode constructif du DCE ",['30-06-2011'],"[15, 16, 17]","[180, 196, 209]",25,Lot 14 – ETANCHEITE REVETEMENTS SOLS – MURAUX CARRELES
:,['18-05-2011'],[9],[89],28,Lot 14 – ETANCHEITE REVETEMENTS SOLS – MURAUX CARRELES
"A l’avancement, reprendre les carreaux mal posés ",['02-05-2013'],"[71, 72]","[601, 618]",75,Lot 14 – ETANCHEITE REVETEMENTS SOLS – MURAUX CARRELES
"A l’avancement, reprendre les carreaux mal posés A FAIRE ","['21-03-2013', '02-05-2013']","[72, 74, 75, 76, 77, 78, 79, 80, 81]","[636, 652, 669, 684, 697, 710, 723, 736, 751]",56,Lot 14 – ETANCHEITE REVETEMENTS SOLS – MURAUX CARRELES
"ATTENTION de nombreux angles sont saillants et accidentogènes : la mise en œuvre est refusée : à reprendre de toute urgence, ne pas attendre la
mise en eau des bassins ",['18-07-2013'],"[77, 78, 79, 80, 81, 82, 83, 84, 85, 86, 87, 88, 89, 90, 91]","[697, 710, 723, 736, 751, 765, 779, 794, 809, 824, 839, 854, 869, 882, 895]",46,Lot 14 – ETANCHEITE REVETEMENTS SOLS – MURAUX CARRELES
Attention aux méthodes de mise en œuvre des sols. Nous faisons ce jour un rappel des méthodes en présence de Mr VALIN,['13-09-2012'],"[59, 60, 61, 62]","[435, 451, 465, 479]",7,Lot 14 – ETANCHEITE REVETEMENTS SOLS – MURAUX CARRELES
Attention à la régularité des joints de sols et faïences murales,['18-10-2012'],"[59, 60, 61, 62, 63, 64, 66]","[435, 451, 465, 479, 493, 507, 521]",15,Lot 14 – ETANCHEITE REVETEMENTS SOLS – MURAUX CARRELES
Attention à traiter selon les normes la passage du JD entre hall sportif et ludique ,['18-10-2012'],"[59, 60]","[435, 451]",19,Lot 14 – ETANCHEITE REVETEMENTS SOLS – MURAUX CARRELES
"Avez-vous transmis les demandes de surbau sur les caniveaux des pédiluves ??? 
PAC sur siphon plancher chauffant ?? ",['15-09-2011'],"[21, 22]","[254, 264]",68,Lot 14 – ETANCHEITE REVETEMENTS SOLS – MURAUX CARRELES
"Calfeutrer les sous faces des planchers aux emplacements des siphons de sols donnants sur les galeries techniques, méthode à proposer au
bureau de contrôle ",['08-03-2013'],[68],[548],42,Lot 14 – ETANCHEITE REVETEMENTS SOLS – MURAUX CARRELES
Carreler les socles des halls bassins ,['08-03-2013'],[68],[548],46,Lot 14 – ETANCHEITE REVETEMENTS SOLS – MURAUX CARRELES
"Carreler les socles des halls bassins 
LE 21/03/13 : NON FAIT ",['08-03-2013'],"[69, 70]","[565, 584]",62,Lot 14 – ETANCHEITE REVETEMENTS SOLS – MURAUX CARRELES
Ci-joint le cheminement PMR a mettre en œuvre avec pente entre 1 et 2% ,['23-02-2012'],[32],[364],27,Lot 14 – ETANCHEITE REVETEMENTS SOLS – MURAUX CARRELES
"DEMANDE TOMMASINI, merci de répondre
Merci de me confirmer la hauteur de votre plinthe sur la dalle en haut des gradins, idem mur rideau entre bassin et accueil ",['28-06-2012'],[46],[405],9,Lot 14 – ETANCHEITE REVETEMENTS SOLS – MURAUX CARRELES
Dossier tech à transmettre au BC compris étanchéité ,['21-07-2011'],"[17, 18, 19, 20, 21, 22, 23, 24, 25, 26, 28, 29, 30]","[209, 220, 231, 243, 254, 264, 277, 286, 297, 307, 317, 328, 339]",35,Lot 14 – ETANCHEITE REVETEMENTS SOLS – MURAUX CARRELES
"Dossier tech à transmettre au BC compris étanchéité FAIT le 09/02/12, incomplet ",['21-07-2011'],"[31, 32]","[352, 364]",7,Lot 14 – ETANCHEITE REVETEMENTS SOLS – MURAUX CARRELES
Faire nettoyage des siphons par aspiration ,['18-07-2013'],"[77, 78, 79, 80, 81, 82, 83, 84, 85, 86, 87, 88, 89, 90, 91]","[697, 710, 723, 736, 751, 765, 779, 794, 809, 824, 839, 854, 869, 882, 895]",50,Lot 14 – ETANCHEITE REVETEMENTS SOLS – MURAUX CARRELES
"Faïence des bassins ludiques et sportifs à finir  
LE 21/03/13 : faïence encore en cours, attention, nous refuserons les défauts d’aspect des voiles courbes, pas de bosses ou de trous,  
Nous refusons les coupes entre plages halls des bassins et faïence qui sont visibles ",['07-02-2013'],"[69, 70]","[565, 584]",40,Lot 14 – ETANCHEITE REVETEMENTS SOLS – MURAUX CARRELES
Faïence des bassins ludiques et sportifs à finir   ,['07-02-2013'],"[62, 63, 64, 66, 67, 68]","[479, 493, 507, 521, 534, 548]",42,Lot 14 – ETANCHEITE REVETEMENTS SOLS – MURAUX CARRELES
Finition sur JD haut gradins refusée : différence de niveau ,['18-07-2013'],"[77, 78, 79, 80, 81, 82, 83, 84, 85, 86, 87, 88, 89, 90, 91]","[697, 710, 723, 736, 751, 765, 779, 794, 809, 824, 839, 854, 869, 882, 895]",48,Lot 14 – ETANCHEITE REVETEMENTS SOLS – MURAUX CARRELES
"Fournir méthode de mise en œuvre des réservations autours des siphons de sol devant être calpinés, indispensable pour pose des platines avec 
recouvrement de l’étanchéité 
Le 09/02/12 : RAPPEL ",['01-09-2011'],"[31, 32]","[352, 364]",14,Lot 14 – ETANCHEITE REVETEMENTS SOLS – MURAUX CARRELES
Fournir un détail de dilatation ou jonction entre étanchéité et bassins inox ,['15-09-2011'],"[21, 22]","[254, 264]",47,Lot 14 – ETANCHEITE REVETEMENTS SOLS – MURAUX CARRELES
Le calepinage des douches est refusé : à reprendre (voir mail + photo du 07/10/13) ,['03-10-2013'],"[85, 86, 87, 88, 89, 90, 91]","[809, 824, 839, 854, 869, 882, 895]",57,Lot 14 – ETANCHEITE REVETEMENTS SOLS – MURAUX CARRELES
"Les gradins ne sont plus à étancher, transmettre la moins-value et conserver seulement le premier gradin ",['30-06-2011'],"[15, 16, 17, 18, 19, 20, 21, 22, 23, 24, 25, 26, 28, 29, 30]","[180, 196, 209, 220, 231, 243, 254, 264, 277, 286, 297, 307, 317, 328, 339]",27,Lot 14 – ETANCHEITE REVETEMENTS SOLS – MURAUX CARRELES
"Les joints des sols carrelés doivent être fait pièce par pièce et non par petites parties non terminées, afin d’éviter les différences des teintes ",['03-01-2013'],"[59, 60, 61, 62, 63, 64, 66]","[435, 451, 465, 479, 493, 507, 521]",43,Lot 14 – ETANCHEITE REVETEMENTS SOLS – MURAUX CARRELES
Locaux MNS infirmerie et local rangement sous gradins ,['07-02-2013'],"[62, 63, 64, 66, 67, 68]","[479, 493, 507, 521, 534, 548]",46,Lot 14 – ETANCHEITE REVETEMENTS SOLS – MURAUX CARRELES
"Locaux MNS infirmerie et local rangement sous gradins 
LE 21/03/13 : en cours ce jour ",['07-02-2013'],"[69, 70, 71]","[565, 584, 601]",46,Lot 14 – ETANCHEITE REVETEMENTS SOLS – MURAUX CARRELES
Mettre en place les avaleurs des lignes de nage à l’avancement des chapes des formes des pentes ,['31-08-2012'],[46],[405],31,Lot 14 – ETANCHEITE REVETEMENTS SOLS – MURAUX CARRELES
"Mettre en place un échantillon de nez de marche avec un demi-carreau, (non collé) pour présentation au BC avant pose collée ",['04-10-2012'],"[59, 60, 61, 62]","[435, 451, 465, 479]",14,Lot 14 – ETANCHEITE REVETEMENTS SOLS – MURAUX CARRELES
Mettre en place une équipe sur la zone du bassin ludique ,['18-10-2012'],"[59, 60]","[435, 451]",17,Lot 14 – ETANCHEITE REVETEMENTS SOLS – MURAUX CARRELES
Mettre en place une équipe sur les formes des pentes ,['19-07-2019'],[46],[405],13,Lot 14 – ETANCHEITE REVETEMENTS SOLS – MURAUX CARRELES
Mettre en œuvre CF en sous face des siphons : fiche technique du produit employé à faire valider par BC ,['25-07-2013'],"[78, 79, 80, 81, 82, 83, 84, 85, 86, 87, 88, 89, 90, 91]","[710, 723, 736, 751, 765, 779, 794, 809, 824, 839, 854, 869, 882, 895]",48,Lot 14 – ETANCHEITE REVETEMENTS SOLS – MURAUX CARRELES
Mettre en œuvre des protections contre les risques de chutes sur les réservations des siphons de sols ,['03-01-2013'],"[59, 60, 61, 62, 63, 64, 66]","[435, 451, 465, 479, 493, 507, 521]",41,Lot 14 – ETANCHEITE REVETEMENTS SOLS – MURAUX CARRELES
Mettre en œuvre du treillis dans les chapes lors des mises en œuvre des sols ,['07-02-2013'],"[62, 63, 64, 66, 67, 68, 69, 70]","[479, 493, 507, 521, 534, 548, 565, 584]",36,Lot 14 – ETANCHEITE REVETEMENTS SOLS – MURAUX CARRELES
Mettre en œuvre les carrelages sols de la zone R+1 entre deux halls ,['07-02-2013'],"[62, 63, 64, 66]","[479, 493, 507, 521]",30,Lot 14 – ETANCHEITE REVETEMENTS SOLS – MURAUX CARRELES
Mettre en œuvre les sols carrelés dans la circulation depuis l’accueil vers les vestiaires groupes et publics ,['07-02-2013'],"[62, 63, 64, 66, 67, 68]","[479, 493, 507, 521, 534, 548]",38,Lot 14 – ETANCHEITE REVETEMENTS SOLS – MURAUX CARRELES
"Mettre en œuvre les sols carrelés dans la circulation depuis l’accueil vers les vestiaires groupes et publics 
LE 21/03/13 : EN COURS",['07-02-2013'],"[69, 70]","[565, 584]",33,Lot 14 – ETANCHEITE REVETEMENTS SOLS – MURAUX CARRELES
Mettre en œuvre les sols de l’escalier de l’accueil en protégeant vos ouvrages une fois terminés ,['07-02-2013'],"[62, 63, 64, 66, 67, 68, 71, 72, 72, 74, 75, 76, 77, 78, 79, 80, 81]","[479, 493, 507, 521, 534, 548, 601, 618, 636, 652, 669, 684, 697, 710, 723, 736, 751]",34,Lot 14 – ETANCHEITE REVETEMENTS SOLS – MURAUX CARRELES
"Mettre en œuvre les sols de l’escalier de l’accueil en protégeant vos ouvrages une fois terminés 
LE 21/03/13 : NON FAIT ",['07-02-2013'],"[69, 70]","[565, 584]",28,Lot 14 – ETANCHEITE REVETEMENTS SOLS – MURAUX CARRELES
Mettre en œuvre l’accueil suite dépose de l’ancien carrelage ,['02-05-2013'],"[71, 72]","[601, 618]",73,Lot 14 – ETANCHEITE REVETEMENTS SOLS – MURAUX CARRELES
Mettre en œuvre l’accueil suite dépose de l’ancien carrelage EN COURS ,['02-05-2013'],"[72, 74, 75, 76, 77]","[636, 652, 669, 684, 697]",54,Lot 14 – ETANCHEITE REVETEMENTS SOLS – MURAUX CARRELES
Mettre en œuvre un quart de rond et un carreau en biais sous le châssis entre accueil et hall bassin ludique ,['07-02-2013'],"[62, 63, 64, 66, 67, 68]","[479, 493, 507, 521, 534, 548]",44,Lot 14 – ETANCHEITE REVETEMENTS SOLS – MURAUX CARRELES
"Mettre en œuvre un quart de rond et un carreau en biais sous le châssis entre accueil et hall bassin ludique 
LE 21/03/13 : NON FAIT ",['07-02-2013'],"[69, 70, 71, 72, 72, 74, 75, 76, 77, 78, 79, 80, 81, 82, 83, 84, 85, 86, 87, 88, 89, 90, 91]","[565, 584, 601, 618, 636, 652, 669, 684, 697, 710, 723, 736, 751, 765, 779, 794, 809, 824, 839, 854, 869, 882, 895]",43,Lot 14 – ETANCHEITE REVETEMENTS SOLS – MURAUX CARRELES
Moins value à transmettre sur les étanchéités des gradins ,['22-12-2011'],"[28, 29]","[317, 328]",40,Lot 14 – ETANCHEITE REVETEMENTS SOLS – MURAUX CARRELES
"Moins value à transmettre sur les étanchéités des gradins 
LE 19/01/12 : NON FAIT A CE JOUR ",['22-12-2011'],[30],[339],43,Lot 14 – ETANCHEITE REVETEMENTS SOLS – MURAUX CARRELES
"Nettoyer les plages du bassins sportif et apprentissage pour constat sur les mises en œuvre des sols, à faire sans délais pour le 30/05 ",['16-05-2013'],"[72, 72, 74, 75, 76, 77, 78, 79, 80, 81]","[618, 636, 652, 669, 684, 697, 710, 723, 736, 751]",58,Lot 14 – ETANCHEITE REVETEMENTS SOLS – MURAUX CARRELES
Nettoyer tôle sous brique acoustique hall bassins ,['29-08-2013'],"[80, 81, 82, 83, 84, 85, 86, 87, 88, 89, 90, 91]","[736, 751, 765, 779, 794, 809, 824, 839, 854, 869, 882, 895]",58,Lot 14 – ETANCHEITE REVETEMENTS SOLS – MURAUX CARRELES
Nous appliquerons les retenues et pénalité pour non remise de dossier et plans PAC ,['01-09-2011'],"[19, 20, 21, 22, 23]","[231, 243, 254, 264, 277]",41,Lot 14 – ETANCHEITE REVETEMENTS SOLS – MURAUX CARRELES
Nous confirmons la validation de votre proposition de chiffrage sur les platines d’étanchéité des siphons des plages et autres zones avec étanchéité ,['28-06-2012'],[46],[405],11,Lot 14 – ETANCHEITE REVETEMENTS SOLS – MURAUX CARRELES
"Nous recevons ce jour vos confirmations de réservations des sols de votre part, vous serez responsable des erreurs et omissions",['19-01-2012'],"[30, 31, 32]","[339, 352, 364]",44,Lot 14 – ETANCHEITE REVETEMENTS SOLS – MURAUX CARRELES
Nous sommes dans l’attente urgente de la proposition des remontées de carrelage sur bassin sportif ,['31-08-2012'],[46],[405],27,Lot 14 – ETANCHEITE REVETEMENTS SOLS – MURAUX CARRELES
"Nous vous demandons de bien vouloir stopper votre activité sur la mise en œuvre des recharges pour façons de pentes sur les plages du hall 
bassin sportif du fait de l’absence de mise en place d’un film résilient sous ces ouvrages, un RDV est à prévoir de toute urgence avec le 
bureau de contrôle pour statuer. ",['23-08-2012'],[46],[405],17,Lot 14 – ETANCHEITE REVETEMENTS SOLS – MURAUX CARRELES
"Nous vous demandons une dernière fois avant sanction, vos réservations de sols et parois toutes zones ",['26-04-2011'],"[6, 7, 8, 9, 10, 11]","[50, 58, 71, 89, 109, 125]",12,Lot 14 – ETANCHEITE REVETEMENTS SOLS – MURAUX CARRELES
Organisation de chantier selon directives de l’OPC ,['15-03-2011'],"[1, 2, 3, 4, 5, 6, 7, 8, 9, 10, 11]","[6, 13, 21, 30, 40, 50, 58, 71, 89, 109, 125]",7,Lot 14 – ETANCHEITE REVETEMENTS SOLS – MURAUX CARRELES
"PAC à fournir: 
• 
Forme de pente plages 
• 
Formes de pentes sur plancher chauffant 
• 
Forme de pente sur terre-plein ou vide sanitaire sans étanchéité 
• 
Coupe sur siphon sur plancher chauffant 
• 
Coupe sur siphon sur plage 
• 
Coupe sur siphon vestiaires 
Nous vous conseillons de prendre connaissance de vos pièces marchés et notamment des carnets de détail et repérage des réservations de sol ",['15-09-2011'],"[21, 22]","[254, 264]",65,Lot 14 – ETANCHEITE REVETEMENTS SOLS – MURAUX CARRELES
Page 11 sur 12 ,"['17-10-2013', '31-10-2013']","[90, 91]","[882, 895]",67,Lot 14 – ETANCHEITE REVETEMENTS SOLS – MURAUX CARRELES
Pas d’échantillons de siphon transmis !!! ,['22-12-2011'],"[28, 29]","[317, 328]",38,Lot 14 – ETANCHEITE REVETEMENTS SOLS – MURAUX CARRELES
"Pas d’échantillons de siphon transmis !!! 
LE 19/01/12 : Fait ce jour ",['22-12-2011'],[30],[339],40,Lot 14 – ETANCHEITE REVETEMENTS SOLS – MURAUX CARRELES
"Point pédiluves extérieurs : 
Attention à reprendre les réseaux dans les dallages des pédiluves extérieurs, afin de ne pas créer d’intervention trop lourdes, nous pouvons demander à
BAUTERS si des réseaux pour siphon et évacuation peuvent être passés dans les recharges pour façon de pente, voir diamètre 50mm ; à confirmer par
ETDE ",['19-04-2012'],"[39, 46]","[378, 405]",19,Lot 14 – ETANCHEITE REVETEMENTS SOLS – MURAUX CARRELES
Poser carrelage au droit des vidoirs (3 rangs) ,['01-08-2013'],"[79, 80, 81, 82, 83, 84, 85, 86, 87, 88, 89, 90, 91]","[723, 736, 751, 765, 779, 794, 809, 824, 839, 854, 869, 882, 895]",50,Lot 14 – ETANCHEITE REVETEMENTS SOLS – MURAUX CARRELES
Poser en urgence tous les siphons manquants suivant repérage transmis par OPC : vous bloquez BOUYGUES et VICTOIRE ,['03-10-2013'],"[85, 86, 87, 88, 89, 90, 91]","[809, 824, 839, 854, 869, 882, 895]",59,Lot 14 – ETANCHEITE REVETEMENTS SOLS – MURAUX CARRELES
Poser vos grilles de siphons et grilles de goulotte avant la commission de sécurité : prévue le 26/11/13 ,['26-11-2013'],[91],[895],75,Lot 14 – ETANCHEITE REVETEMENTS SOLS – MURAUX CARRELES
"Prendre garde à descendre la mortier jusqu’au sol de structure, voir ci dessous ",['31-08-2012'],"[46, 59, 60]","[405, 435, 451]",24,Lot 14 – ETANCHEITE REVETEMENTS SOLS – MURAUX CARRELES
Produire sans délais vos plans PAC sur les étanchéités ,['30-06-2011'],"[15, 16, 17, 18, 19, 20, 21, 22, 23, 24, 25, 26, 28, 29, 30]","[180, 196, 209, 220, 231, 243, 254, 264, 277, 286, 297, 307, 317, 328, 339]",29,Lot 14 – ETANCHEITE REVETEMENTS SOLS – MURAUX CARRELES
Profil JD présenté validé : transmettre référence à IERA et TOMMASINI pour homogénéité  ,['31-10-2013'],"[88, 89, 90, 91]","[854, 869, 882, 895]",68,Lot 14 – ETANCHEITE REVETEMENTS SOLS – MURAUX CARRELES
Présenter et fournir vos dossiers techniques carrelage au MO ,['28-07-2011'],"[18, 19, 20, 21, 22, 23, 24, 25, 26, 28, 29, 30]","[220, 231, 243, 254, 264, 277, 286, 297, 307, 317, 328, 339]",34,Lot 14 – ETANCHEITE REVETEMENTS SOLS – MURAUX CARRELES
Présenter un échantillon de siphon KEISSEL en inox 316 L ,['07-07-2011'],"[16, 17, 18, 19, 20, 21, 22, 23, 24, 25, 26, 28, 29]","[196, 209, 220, 231, 243, 254, 264, 277, 286, 297, 307, 317, 328]",35,Lot 14 – ETANCHEITE REVETEMENTS SOLS – MURAUX CARRELES
"Présenter un échantillon de siphon KEISSEL en inox 316 L 
LE 19/01/12 : FAIT ce jour en réunion ",['07-07-2011'],"[30, 31, 32]","[339, 352, 364]",12,Lot 14 – ETANCHEITE REVETEMENTS SOLS – MURAUX CARRELES
"Pédiluves à reprendre (X2) ne débordent pas d’un coté 
Traitement des angles refusés : découpes en sifflet 
Cornières sur alcôves refusées 
Faire découpe parfaite sur bouton poussoirs douche  ",['17-10-2013'],"[87, 88, 89, 90, 91]","[839, 854, 869, 882, 895]",66,Lot 14 – ETANCHEITE REVETEMENTS SOLS – MURAUX CARRELES
RAPPEL DES POINTS EN SUSPENS,['29-09-2011'],[23],[277],62,Lot 14 – ETANCHEITE REVETEMENTS SOLS – MURAUX CARRELES
Rappel des points ci-dessus  ,['02-05-2013'],"[71, 72, 72, 74, 75, 76, 77]","[601, 618, 636, 652, 669, 684, 697]",67,Lot 14 – ETANCHEITE REVETEMENTS SOLS – MURAUX CARRELES
"Rappel sur les demandes ci-dessus, vous devez être réactif ",['20-10-2011'],"[24, 25, 26]","[286, 297, 307]",24,Lot 14 – ETANCHEITE REVETEMENTS SOLS – MURAUX CARRELES
Rappel sur les éléments du dossier techniques ,['23-02-2012'],[32],[364],29,Lot 14 – ETANCHEITE REVETEMENTS SOLS – MURAUX CARRELES
Rappel sur l’échantillon de siphon KEISSEL,['12-04-2012'],[39],[378],6,Lot 14 – ETANCHEITE REVETEMENTS SOLS – MURAUX CARRELES
"Rappel, les remontées d’étanchéités contre les murs des zones bassins doivent être de +10cm du +-0.00 ",['18-10-2012'],"[59, 60]","[435, 451]",23,Lot 14 – ETANCHEITE REVETEMENTS SOLS – MURAUX CARRELES
"Reprendre certaines zones d’étanchéité, contre crosses, en remontées de murets et sur les remontées des bassins inox ",['06-12-2012'],"[59, 60, 61, 62, 63, 64, 66, 67, 68, 69, 70, 71, 72, 72, 74, 75, 76, 77, 78, 79, 80, 81, 82, 83, 84, 85, 86, 87, 88, 89, 90, 91]","[435, 451, 465, 479, 493, 507, 521, 534, 548, 565, 584, 601, 618, 636, 652, 669, 684, 697, 710, 723, 736, 751, 765, 779, 794, 809, 824, 839, 854, 869, 882, 895]",38,Lot 14 – ETANCHEITE REVETEMENTS SOLS – MURAUX CARRELES
Reprendre la pose de la mosaïque des sanitaires de l’accueil ,['07-11-2013'],"[89, 90, 91]","[869, 882, 895]",71,Lot 14 – ETANCHEITE REVETEMENTS SOLS – MURAUX CARRELES
Reprendre les décollements contre la première contre marche des gradins ,['07-02-2013'],"[62, 63, 64, 66, 67, 68]","[479, 493, 507, 521, 534, 548]",50,Lot 14 – ETANCHEITE REVETEMENTS SOLS – MURAUX CARRELES
"Reprendre les décollements contre la première contre marche des gradins 
LE 21/03/13 : NON FAIT, a reprendre avant finition ",['07-02-2013'],"[69, 70]","[565, 584]",52,Lot 14 – ETANCHEITE REVETEMENTS SOLS – MURAUX CARRELES
"Reprendre les désaffleurements et les désalignements des carreaux des gradins intérieurs face au sportif, tous défaut sera refusé ",['21-03-2013'],"[69, 70, 71, 72, 72, 74, 75, 76, 77, 78, 79, 80, 81]","[565, 584, 601, 618, 636, 652, 669, 684, 697, 710, 723, 736, 751]",92,Lot 14 – ETANCHEITE REVETEMENTS SOLS – MURAUX CARRELES
Reprendre les désafleurements des gradins ,['02-05-2013'],"[71, 72, 72, 74, 75, 76, 77]","[601, 618, 636, 652, 669, 684, 697]",71,Lot 14 – ETANCHEITE REVETEMENTS SOLS – MURAUX CARRELES
Reprendre les faïences murales non admissibles,['06-12-2012'],"[59, 60, 61, 62]","[435, 451, 465, 479]",27,Lot 14 – ETANCHEITE REVETEMENTS SOLS – MURAUX CARRELES
Reprendre les quarts de ronds aux abords des portes donnant sur les extérieurs ,['08-03-2013'],[68],[548],44,Lot 14 – ETANCHEITE REVETEMENTS SOLS – MURAUX CARRELES
"Reprendre les quarts de ronds aux abords des portes donnant sur les extérieurs 
LE 21/03/13 : en cours ",['08-03-2013'],"[69, 70, 71]","[565, 584, 601]",59,Lot 14 – ETANCHEITE REVETEMENTS SOLS – MURAUX CARRELES
Reprendre les zones d’étanchéité suite aux craquelures et faire constater des reprises par le BC,['03-01-2013'],"[59, 60, 61, 62, 63, 64, 66]","[435, 451, 465, 479, 493, 507, 521]",39,Lot 14 – ETANCHEITE REVETEMENTS SOLS – MURAUX CARRELES
Reprendre réservation sol au droit porte vers plages minérales depuis hall bassin : non conforme aux normes PMR ,['25-07-2013'],"[78, 79, 80, 81, 82, 83, 84, 85, 86, 87, 88, 89, 90, 91]","[710, 723, 736, 751, 765, 779, 794, 809, 824, 839, 854, 869, 882, 895]",44,Lot 14 – ETANCHEITE REVETEMENTS SOLS – MURAUX CARRELES
"Reprendre travaux carrelage sanitaires de l’accueil, la finition est refusée ",['12-09-2013'],"[82, 83, 84]","[765, 779, 794]",55,Lot 14 – ETANCHEITE REVETEMENTS SOLS – MURAUX CARRELES
"Reprendre travaux carrelage sanitaires de l’accueil, la finition est refusée : travaux prévus à partir du 14/10/13 suivant directives vues le 03/10/13 ",['12-09-2013'],"[85, 86, 87, 88, 89, 90, 91]","[809, 824, 839, 854, 869, 882, 895]",49,Lot 14 – ETANCHEITE REVETEMENTS SOLS – MURAUX CARRELES
Retirer primaire sur gradins pour travaux peinture + reprendre aplomb de la baguette (coté infirmerie) ,['17-10-2013'],"[87, 88, 89, 90, 91]","[839, 854, 869, 882, 895]",61,Lot 14 – ETANCHEITE REVETEMENTS SOLS – MURAUX CARRELES
Répondre à l’ensemble des points ci-dessus ,['25-10-2012'],"[59, 60]","[435, 451]",25,Lot 14 – ETANCHEITE REVETEMENTS SOLS – MURAUX CARRELES
"Suite au point fait ce jour en réunion, transmettre vos réservations selon les normes et demandes ci-dessus  pour intégration sur les fonds de 
plans structure ",['24-05-2011'],"[10, 11]","[109, 125]",30,Lot 14 – ETANCHEITE REVETEMENTS SOLS – MURAUX CARRELES
"Suite aux essais réalisés sur site au sceau d’eau sur les siphons, veuillez reprendre ces derniers afin qu’ils évacuent bien l’eau sans résidu de
flash d’eau stagnante, merci de proposer une méthode de reprises au BC avant travaux ",['21-03-2013'],"[69, 70]","[565, 584]",90,Lot 14 – ETANCHEITE REVETEMENTS SOLS – MURAUX CARRELES
Suivant CR OPC ,['02-05-2013'],"[71, 72, 72, 74, 75, 76, 77]","[601, 618, 636, 652, 669, 684, 697]",69,Lot 14 – ETANCHEITE REVETEMENTS SOLS – MURAUX CARRELES
Terminer les vestiaires groupes compris socles pour laisse libre place au peintre et aux faux plafonds ,['07-02-2013'],"[62, 63, 64, 66, 67, 68]","[479, 493, 507, 521, 534, 548]",40,Lot 14 – ETANCHEITE REVETEMENTS SOLS – MURAUX CARRELES
"Terminer les vestiaires groupes compris socles pour laisse libre place au peintre et aux faux plafonds 
LE 21/03/13 : caniveaux, socles non faits et nombre de finitions à terminer ",['07-02-2013'],"[69, 70]","[565, 584]",36,Lot 14 – ETANCHEITE REVETEMENTS SOLS – MURAUX CARRELES
Terminer les étanchéités contre les inox en périphérie des bassins et dans les jardinières ,['07-02-2013'],"[62, 63, 64, 66, 67, 68, 71]","[479, 493, 507, 521, 534, 548, 601]",48,Lot 14 – ETANCHEITE REVETEMENTS SOLS – MURAUX CARRELES
"Terminer les étanchéités contre les inox en périphérie des bassins et dans les jardinières 
LE 21/03/13 : NON FAIT",['07-02-2013'],"[69, 70]","[565, 584]",49,Lot 14 – ETANCHEITE REVETEMENTS SOLS – MURAUX CARRELES
Toujours aucun échantillon de siphon !!!??? ,['19-04-2012'],[39],[378],8,Lot 14 – ETANCHEITE REVETEMENTS SOLS – MURAUX CARRELES
Transmettre les documents selon liste des documents à transmettre par les entreprises ,['15-03-2011'],"[1, 2, 3, 4, 5, 6, 7, 8, 9, 10, 11]","[6, 13, 21, 30, 40, 50, 58, 71, 89, 109, 125]",5,Lot 14 – ETANCHEITE REVETEMENTS SOLS – MURAUX CARRELES
"Transmettre plans PAC / coupes, sur les formes de pentes par zone type, à faire d’urgence ",['21-07-2011'],"[17, 18, 19, 20, 21, 22, 23, 24, 25, 26, 28, 29, 30, 31, 32]","[209, 220, 231, 243, 254, 264, 277, 286, 297, 307, 317, 328, 339, 352, 364]",33,Lot 14 – ETANCHEITE REVETEMENTS SOLS – MURAUX CARRELES
Transmettre plans PAC et étanchéité ,['07-07-2011'],"[16, 17]","[196, 209]",37,Lot 14 – ETANCHEITE REVETEMENTS SOLS – MURAUX CARRELES
Transmettre sans délais vos réservations de sols ,['12-04-2011'],"[5, 6, 7, 8, 9, 10, 11]","[40, 50, 58, 71, 89, 109, 125]",10,Lot 14 – ETANCHEITE REVETEMENTS SOLS – MURAUX CARRELES
Transmettre sans délais vos réservations de sols FAIT ,['12-04-2011'],"[12, 13, 14]","[144, 157, 169]",4,Lot 14 – ETANCHEITE REVETEMENTS SOLS – MURAUX CARRELES
"Transmettre vos détail PAC sur les points à étancher, siphons, ancrages, relevés, chanfreins etc. etc ",['26-04-2011'],"[6, 7, 8, 9, 10, 11, 12, 13, 14, 15, 16, 17, 18, 19, 20, 21, 22, 23, 24, 25, 26, 28, 29, 30]","[50, 58, 71, 89, 109, 125, 144, 157, 169, 180, 196, 209, 220, 231, 243, 254, 264, 277, 286, 297, 307, 317, 328, 339]",16,Lot 14 – ETANCHEITE REVETEMENTS SOLS – MURAUX CARRELES
Transmettre vos réceptions de support des zones des WC et douches du R+1 administration ,['07-02-2013'],"[62, 63, 64, 66, 67, 68, 71, 72, 72, 74, 75, 76, 77, 78, 79, 80, 81, 82, 83, 84, 85, 86, 87, 88, 89, 90, 91]","[479, 493, 507, 521, 534, 548, 601, 618, 636, 652, 669, 684, 697, 710, 723, 736, 751, 765, 779, 794, 809, 824, 839, 854, 869, 882, 895]",32,Lot 14 – ETANCHEITE REVETEMENTS SOLS – MURAUX CARRELES
"Transmettre vos réceptions de support des zones des WC et douches du R+1 administration 
LE 21/03/13 : NON FAIT ",['07-02-2013'],"[69, 70]","[565, 584]",25,Lot 14 – ETANCHEITE REVETEMENTS SOLS – MURAUX CARRELES
Transmettre votre dossier technique à OCTANT et copie au BC ,['26-04-2011'],"[6, 7, 8, 9, 10, 11, 12, 13, 14, 15, 16, 17, 18, 19, 20, 21, 22, 23, 24, 25, 26]","[50, 58, 71, 89, 109, 125, 144, 157, 169, 180, 196, 209, 220, 231, 243, 254, 264, 277, 286, 297, 307]",14,Lot 14 – ETANCHEITE REVETEMENTS SOLS – MURAUX CARRELES
"Transmettre votre dossier technique à OCTANT et copie au BC 
LE 15/12/11 : FAIT EN PARTIE CE JOUR EN REUNION A OCTANT ",['26-04-2011'],"[28, 29, 30]","[317, 328, 339]",3,Lot 14 – ETANCHEITE REVETEMENTS SOLS – MURAUX CARRELES
Vous bloquez les phases de nettoyage du fait que vous n’avez pas nettoyé les traces de colle à faire sans délais ,['21-11-2013'],[91],[895],73,Lot 14 – ETANCHEITE REVETEMENTS SOLS – MURAUX CARRELES
Vous demandez à PMN de poser les cornières pour arrêt des étanchéités en périphérie des MR ,['13-09-2012'],"[59, 60]","[435, 451]",9,Lot 14 – ETANCHEITE REVETEMENTS SOLS – MURAUX CARRELES
Vous devez fournir votre plan de calpinage siphons toutes zones,['01-12-2011'],"[28, 29, 30, 31, 32, 39]","[317, 328, 339, 352, 364, 378]",30,Lot 14 – ETANCHEITE REVETEMENTS SOLS – MURAUX CARRELES
Vous devez impérativement être présent lors de la prochaine réunion du 7 Juillet pour faire un point ,['30-06-2011'],"[15, 16, 17]","[180, 196, 209]",31,Lot 14 – ETANCHEITE REVETEMENTS SOLS – MURAUX CARRELES
Vous devez mettre du personnel dans les zones disponibles en vestiaires groupes et publics et douches sanitaires,['22-11-2012'],"[59, 60]","[435, 451]",26,Lot 14 – ETANCHEITE REVETEMENTS SOLS – MURAUX CARRELES
Vous devez mettre en œuvre un échantillon de carrelage mural comme demandé par le Président de la CAPH ,['23-08-2012'],[46],[405],19,Lot 14 – ETANCHEITE REVETEMENTS SOLS – MURAUX CARRELES
"Vous devez renforcer vos équipes, car un compagnon sur site et un apprenti ne feront pas l’affaire !!! ",['31-08-2012'],[46],[405],29,Lot 14 – ETANCHEITE REVETEMENTS SOLS – MURAUX CARRELES
"Vous devez être attentif à mettre en œuvre le détail de la remontée d’étanchéité contre les parois des bassins inox, selon le détail que vous avez produit
et qui est validé par le BC. 
Prendre garde à descendre la mortier jusqu’au sol de structure, voir ci dessous ",['31-08-2012'],"[61, 62, 63, 64, 66, 67, 68]","[465, 479, 493, 507, 521, 534, 548]",4,Lot 14 – ETANCHEITE REVETEMENTS SOLS – MURAUX CARRELES
Vous devez être plus attentif à l’application de vos complexes d’étanchéité et charger en épaisseur ,['18-10-2012'],"[59, 60]","[435, 451]",21,Lot 14 – ETANCHEITE REVETEMENTS SOLS – MURAUX CARRELES
"Vous devrez être attentif à aligner les siphons de sol dans un même axe que le carrelage, nous devons prévoir une synthèse avec le lot ETDE / 
OCTANT, voir détails Architecte ",['24-11-2011'],"[28, 29, 30, 31, 32]","[317, 328, 339, 352, 364]",29,Lot 14 – ETANCHEITE REVETEMENTS SOLS – MURAUX CARRELES
"Vous devrez être attention lors de vos carottages de ne pas endommager les réseaux de ETDE dans les dalles de structures, vous serez responsable 
des dégradations si toutefois nous rencontrions le cas ",['24-11-2011'],"[28, 29, 30, 31, 32]","[317, 328, 339, 352, 364]",26,Lot 14 – ETANCHEITE REVETEMENTS SOLS – MURAUX CARRELES
"Vous ne répondez pas à nos demandes et mettez en péril les réservations à demandés, suite au point fait ce jour sur les différentes réservation 
essentielles, retransmettre sans délais les besoins au BET SICRE pour intégration sur les fonds des plans structure, exemple décaissés et surbau, etc 
etc  
Fournir un détail de dilatation ou jonction entre étanchéité et bassins inox 
PAC à fournir: 
• Forme de pente plages 
• Formes de pentes sur plancher chauffant 
• Forme de pente sur terre-plein ou vide sanitaire sans étanchéité 
• Coupe sur siphon sur plancher chauffant 
• Coupe sur siphon sur plage 
• Coupe sur siphon vestiaires 
Nous vous conseillons de prendre connaissance de vos pièces marchés et notamment des carnets de détail et repérage des réservations de sol 
Avez-vous transmis les demandes de surbau sur les caniveaux des pédiluves ??? 
PAC sur siphon plancher chauffant ",['15-09-2011'],[23],[277],57,Lot 14 – ETANCHEITE REVETEMENTS SOLS – MURAUX CARRELES
"Vous n’avez pas suivi le calepinage proposé par l’Architecte, veuillez nous indiquer comment vous comptez faire pour reprendre cette non-
conformité ",['08-03-2013'],[68],[548],39,Lot 14 – ETANCHEITE REVETEMENTS SOLS – MURAUX CARRELES
Vous n’avez à ce jour transmis aucunes réservations hors une réservation générique qui ne peut être considérée ,['10-05-2011'],"[8, 9, 10, 11]","[71, 89, 109, 125]",21,Lot 14 – ETANCHEITE REVETEMENTS SOLS – MURAUX CARRELES
Vous présentez ce jour un échantillon de PINHEAD avec bords arrondi pour les nez des gradins,['04-10-2012'],"[59, 60]","[435, 451]",10,Lot 14 – ETANCHEITE REVETEMENTS SOLS – MURAUX CARRELES
Vous transmettez ce jour les échantillons de mosaïque ,['19-04-2012'],"[39, 46]","[378, 405]",21,Lot 14 – ETANCHEITE REVETEMENTS SOLS – MURAUX CARRELES
Vous vous êtes engagés à mettre en œuvre les étanchéités dans zone douche le 29/07/13 ,['25-07-2013'],"[78, 79, 80, 81, 82, 83, 84, 85, 86, 87, 88, 89, 90, 91]","[710, 723, 736, 751, 765, 779, 794, 809, 824, 839, 854, 869, 882, 895]",46,Lot 14 – ETANCHEITE REVETEMENTS SOLS – MURAUX CARRELES
"Transmettre au OCTANT  OPC les fiches technique des matériaux et matériels que vous souhaitez mettre en œuvre pour observation / copie 
BC",['15-03-2011'],"[1, 2, 3, 4, 5, 6, 7, 8, 9, 10, 11, 12, 13, 14, 15, 16, 17, 18, 19, 20, 21, 22, 23, 24, 25, 26, 28, 29, 30, 31, 32]","[6, 13, 21, 30, 40, 50, 58, 71, 90, 110, 126, 145, 158, 170, 181, 197, 209, 220, 232, 244, 255, 265, 278, 286, 297, 307, 317, 329, 339, 352, 365]",3,Lot 15 – PEINTURE - REVETEMENTS MURAUX - SOLS SOUPLES
Faire un point sur les dossiers et documents avec l’OPC ,['09-02-2012'],"[31, 32]","[352, 365]",10,Lot 15 – PEINTURE - REVETEMENTS MURAUX - SOLS SOUPLES
Organisation de chantier selon directives de l’OPC ,['15-03-2011'],"[1, 2, 3, 4, 5, 6, 7, 8, 9, 10, 11, 12, 13, 14, 15, 16, 17, 18, 19, 20, 21, 22, 23, 24, 25, 26, 28, 29, 30, 31, 32]","[6, 13, 21, 30, 40, 50, 58, 71, 90, 110, 126, 145, 158, 170, 181, 197, 209, 220, 232, 244, 255, 265, 278, 286, 297, 307, 317, 329, 339, 352, 365]",7,Lot 15 – PEINTURE - REVETEMENTS MURAUX - SOLS SOUPLES
RAPPEL DES POINTS EN SUSPENS ,['29-09-2011'],[23],[278],10,Lot 15 – PEINTURE - REVETEMENTS MURAUX - SOLS SOUPLES
RAPPEL sur les FT et échantillons ,['16-06-2011'],"[13, 14, 15, 16, 17, 18, 19, 20, 21, 22, 23, 24, 25, 26, 28, 29, 30, 31, 32]","[158, 170, 181, 197, 209, 220, 232, 244, 255, 265, 278, 286, 297, 307, 317, 329, 339, 352, 365]",8,Lot 15 – PEINTURE - REVETEMENTS MURAUX - SOLS SOUPLES
Transmettre les documents selon liste des documents à transmettre par les entreprises ,['15-03-2011'],"[1, 2, 3, 4, 5, 6, 7, 8, 9, 10, 11, 12, 13, 14, 15, 16, 17, 18, 19, 20, 21, 22, 23, 24, 25, 26, 28, 29, 30, 31, 32]","[6, 13, 21, 30, 40, 50, 58, 71, 90, 110, 126, 145, 158, 170, 181, 197, 209, 220, 232, 244, 255, 265, 278, 286, 297, 307, 317, 329, 339, 352, 365]",5,Lot 15 – PEINTURE - REVETEMENTS MURAUX - SOLS SOUPLES
"Communauté d’Agglomération des Portes du Hainaut – Construction d’un Centre Aquatique à St Amand Les Eaux – CR MOE N° 62 
 du 07/02/13 ","['12-04-2012', '08-03-2013', '16-05-2013']","[62, 68, 77, 78]","[480, 549, 697, 710]",9,Lot 17 – EQUIPEMENTS DE PISCINE
Page 13 sur 14 ,"['12-04-2012', '08-03-2013']","[62, 68]","[480, 549]",11,Lot 17 – EQUIPEMENTS DE PISCINE
"Transmettre au OCTANT  OPC les fiches technique des matériaux et matériels que vous souhaitez mettre en œuvre pour observation / copie 
BC ",['15-03-2011'],"[1, 2, 3, 4, 5, 6, 7, 8]","[7, 14, 22, 30, 40, 50, 59, 72]",3,Lot 17 – EQUIPEMENTS DE PISCINE
"Vos boitiers couvercle d’avaleur de lignes d’eau, doivent comporter un plat en périphérie du pré cadre d’au moins 10 cm pour recouvrement 
du système d’étanchéité, voir plan joint des formes de pente sur plages avec hauteur du scellé, l’altimétrie fini du plat doit être à -0.7 du +-
0.00, système à présenter au BC avec BAUTERS en copie ",['17-05-2011'],"[9, 10, 11, 12, 13, 14, 15, 16, 17, 18, 19, 20, 21, 22, 23, 24, 25, 26, 28, 29, 30, 31, 32, 39, 46, 59, 60, 61, 62, 63, 64, 66]","[91, 111, 127, 146, 159, 171, 182, 198, 209, 220, 232, 244, 255, 265, 278, 287, 297, 307, 318, 329, 339, 352, 365, 380, 406, 437, 453, 466, 480, 494, 508, 522]",4,Lot 17 – EQUIPEMENTS DE PISCINE
Vous devez répondre aux points ci dessus ,['10-11-2011'],"[26, 28, 29, 30, 31]","[307, 318, 329, 339, 352]",26,Lot 17 – EQUIPEMENTS DE PISCINE
Chiffrer 4 enrouleurs supplémentaires ,['13-10-2011'],"[24, 25, 26, 28, 29, 30]","[287, 297, 307, 318, 329, 339]",22,Lot 17 – EQUIPEMENTS DE PISCINE
Chiffrer 9 lignes de nage pour le sportif et 3 lignes de nage pour le bassin d’apprentissage ,['13-10-2011'],"[24, 25, 26, 28, 29, 30]","[287, 297, 307, 318, 329, 339]",24,Lot 17 – EQUIPEMENTS DE PISCINE
Fiche technique des enrouleurs de ligne de nages ,['13-10-2011'],"[24, 25, 26, 28, 29, 30]","[287, 297, 307, 318, 329, 339]",20,Lot 17 – EQUIPEMENTS DE PISCINE
"Fournir un plan de localisation de l’ensemble des pièces à ancrer dans les dalles de structure ou dans les recharge des formes des pentes pour garde 
corps ou jeux,etc etc. 
De même merci de bien vouloir prévoir et anticiper les livraisons de ces pièces  ",['13-10-2011'],"[24, 25, 26, 28, 29, 30, 31, 32]","[287, 297, 307, 318, 329, 339, 352, 365]",12,Lot 17 – EQUIPEMENTS DE PISCINE
Fournir une réception des supports des gradins ,['16-05-2013'],"[72, 72, 74, 75, 76, 77, 78, 79, 80, 81]","[620, 638, 654, 671, 684, 697, 710, 724, 737, 752]",4,Lot 17 – EQUIPEMENTS DE PISCINE
"I)- Portillons dans circulations des gradins : 
- Ces dispositions sont refusées par le préventionniste :==> les portillons créer des obstacles à l'évacuation des 
Personnes ",['06-06-2013'],"[75, 76, 77, 78, 79, 80, 81, 82, 83, 84, 85, 86, 87, 88, 89, 90, 91]","[671, 684, 697, 710, 724, 737, 752, 766, 780, 795, 810, 825, 840, 855, 870, 883, 896]",21,Lot 17 – EQUIPEMENTS DE PISCINE
La fiche d’observation est en cours de diffusion ,['19-04-2012'],"[39, 46, 59, 60, 61, 62, 63, 64, 66]","[380, 406, 437, 453, 466, 480, 494, 508, 522]",10,Lot 17 – EQUIPEMENTS DE PISCINE
MO conserve les GC des gradins ,['16-05-2013'],"[72, 72, 74, 75, 76, 77, 78, 79, 80, 81]","[620, 638, 654, 671, 684, 697, 710, 724, 737, 752]",6,Lot 17 – EQUIPEMENTS DE PISCINE
Nous validons votre proposition de main courante à 1m de HT et à 70 cm sur la deuxième barre ,['21-03-2013'],"[69, 70]","[568, 587]",5,Lot 17 – EQUIPEMENTS DE PISCINE
"Nous vous prions de trouver ci-joint notre compte-rendu suite à la réunion du 16 mai 2013 sur site avec l' 
Adjudant Chef LEDRU représentant du Sdis de Onnaing. 
A l'issue de cette réunion il a été abordé les points suivants : - les portillons dans circulations des gradins , les 
système de décondamnation des portes, le désenfumage des vestiaires groupés et le stockage de chlore liquide 
sur l'extérieur à proximité de la prise d'air de la CTA en façade. 
Etaient présents lors de cette réunion : 
- Communauté d'Agglo de la porte du Hainaut: M. DEBAILLEUX 
- Octant Architecture : M. BRICHE 
- Etat Major Sdis de Onnaing : M. l'Adjudant Chef LEDRU ( sves prévention sécurité incendie ) 
- Bureau Véritas : M. CASON (contrôleur technique) ",['06-06-2013'],"[75, 76, 77, 78, 79, 80, 81, 82, 83, 84, 85, 86, 87, 88, 89, 90, 91]","[671, 684, 697, 710, 724, 737, 752, 766, 780, 795, 810, 825, 840, 855, 870, 883, 896]",17,Lot 17 – EQUIPEMENTS DE PISCINE
Organisation de chantier selon directives de l’OPC ,['15-03-2011'],"[1, 2, 3, 4, 5, 6, 7, 8]","[7, 14, 22, 30, 40, 50, 59, 72]",7,Lot 17 – EQUIPEMENTS DE PISCINE
Page 12 sur 13 ,['16-05-2013'],"[77, 78]","[697, 710]",11,Lot 17 – EQUIPEMENTS DE PISCINE
Pose en cours ,['02-05-2013'],"[71, 72, 72, 74, 75, 76, 77, 78, 79, 80, 81]","[603, 620, 638, 654, 671, 684, 697, 710, 724, 737, 752]",2,Lot 17 – EQUIPEMENTS DE PISCINE
RAPPEL,['15-09-2011'],[23],[278],10,Lot 17 – EQUIPEMENTS DE PISCINE
RAPPEL ,"['15-09-2011', '22-12-2011', '12-04-2012']","[21, 22, 28, 29, 30, 31, 39, 46, 59, 60, 61, 62, 63, 64, 66]","[255, 265, 318, 329, 339, 352, 380, 406, 437, 453, 466, 480, 494, 508, 522]",10,Lot 17 – EQUIPEMENTS DE PISCINE
RAPPEL DES POINTS EN SUSPENS ,['29-09-2011'],[23],[278],12,Lot 17 – EQUIPEMENTS DE PISCINE
RAPPEL URGENT SUR AVALEUR avec platine pour réception de l’étanchéité ,['21-07-2011'],"[17, 18, 19, 20, 21, 22, 23, 24, 25, 26]","[209, 220, 232, 244, 255, 265, 278, 287, 297, 307]",6,Lot 17 – EQUIPEMENTS DE PISCINE
RAPPEL transmettre PAC sur platine des avaleurs ,['01-09-2011'],"[19, 20, 21, 22, 23, 24, 25, 26]","[232, 244, 255, 265, 278, 287, 297, 307]",8,Lot 17 – EQUIPEMENTS DE PISCINE
Répondre à l’ensemble des points ci-dessus ,['25-10-2012'],"[59, 60, 61, 62, 63, 64, 66]","[437, 453, 466, 480, 494, 508, 522]",12,Lot 17 – EQUIPEMENTS DE PISCINE
"Suite point BC sur les portillons des gradins, faire proposition d’ouverture simple et aisée pour évacuation des persones ",['21-03-2013'],"[69, 70]","[568, 587]",7,Lot 17 – EQUIPEMENTS DE PISCINE
"Suite à l’envoi de vos plans PAC sur vos ouvrages inox, merci de transmettre au BC compte tenu que des méthodes de scellements sont proposées. ",['19-04-2012'],"[39, 46, 59, 60, 61, 62, 63, 64, 66]","[380, 406, 437, 453, 466, 480, 494, 508, 522]",8,Lot 17 – EQUIPEMENTS DE PISCINE
"Transmettre PAC des portillons anti retour pédiluve, portillon 180° pour gradin et amovible ",['13-10-2011'],"[24, 25, 26, 28, 29, 30, 31, 32]","[287, 297, 307, 318, 329, 339, 352, 365]",14,Lot 17 – EQUIPEMENTS DE PISCINE
Transmettre les documents selon liste des documents à transmettre par les entreprises ,['15-03-2011'],"[1, 2, 3, 4, 5, 6, 7, 8]","[7, 14, 22, 30, 40, 50, 59, 72]",5,Lot 17 – EQUIPEMENTS DE PISCINE
Transmettre plan PAC de vos ouvrages compris plan des ancrages ,['29-03-2011'],"[3, 4, 5, 6, 7, 8]","[22, 30, 40, 50, 59, 72]",8,Lot 17 – EQUIPEMENTS DE PISCINE
Transmettre plan des mains courantes double PMR ,['13-10-2011'],"[24, 25, 26, 28, 29, 30, 31, 32]","[287, 297, 307, 318, 329, 339, 352, 365]",18,Lot 17 – EQUIPEMENTS DE PISCINE
Transmettre plan des mains courantes du hall des bassins ,['13-10-2011'],"[24, 25, 26, 28, 29, 30, 31, 32]","[287, 297, 307, 318, 329, 339, 352, 365]",16,Lot 17 – EQUIPEMENTS DE PISCINE
"Transmettre vos plans au BC, et vous devez être conforme à nos demandes nous ne pouvons reprendre les cloisons, merci de vous adapter ",['25-10-2012'],"[59, 60, 61, 62, 63, 64, 66]","[437, 453, 466, 480, 494, 508, 522]",14,Lot 17 – EQUIPEMENTS DE PISCINE
"Vous demandez à la MO la hauteur de la deuxième main courante PMR, à voir avec le BC compte tenue du manque d’information sur la 
réglementation ",['08-03-2013'],"[67, 68, 69, 70]","[535, 549, 568, 587]",3,Lot 17 – EQUIPEMENTS DE PISCINE
"Suite aux modifications sur le contrôle d’accès, confirmez vous vos plans de réseaux pour EIFFAGE ",['12-04-2012'],"[39, 46, 59, 60, 61, 62, 63, 64, 66, 67, 68, 69, 70, 71, 72, 72, 74, 75, 76, 77, 78, 79, 80, 81, 82, 83]","[380, 406, 437, 453, 466, 481, 494, 508, 522, 535, 550, 568, 587, 603, 620, 638, 654, 671, 684, 698, 711, 724, 737, 752, 766, 780]",4,Lot 18 – GESTION INFORMATISEE DES CONTROLES D’ACCES
"Transmettre au OCTANT  OPC les fiches technique des matériaux et matériels que vous souhaitez mettre en œuvre pour observation / copie 
BC",['15-03-2011'],"[1, 2, 3, 4, 5, 6, 7, 8, 9, 10, 11, 12, 13, 14]","[7, 14, 22, 30, 40, 50, 59, 72, 91, 111, 127, 146, 159, 171]",3,Lot 18 – GESTION INFORMATISEE DES CONTROLES D’ACCES
Vous devez fournir une date de disponibilité afin de convenir d’un RDV avec le MO,['15-09-2011'],"[21, 22, 23]","[255, 265, 278]",7,Lot 18 – GESTION INFORMATISEE DES CONTROLES D’ACCES
"Communauté d’Agglomération des Portes du Hainaut – Construction d’un Centre Aquatique à St Amand Les Eaux – CR MOE N° 76 
 du 06/06/13 ",['10-11-2011'],[76],[684],5,Lot 18 – GESTION INFORMATISEE DES CONTROLES D’ACCES
Déposer caméra coté accès RDJ pour pose pierre agrafée de TOMMASINI ,['17-10-2013'],"[87, 88, 89, 90, 91]","[840, 855, 870, 883, 896]",4,Lot 18 – GESTION INFORMATISEE DES CONTROLES D’ACCES
En attente rappel ,['19-04-2012'],"[39, 46, 59, 60, 61, 62]","[380, 406, 437, 453, 466, 481]",6,Lot 18 – GESTION INFORMATISEE DES CONTROLES D’ACCES
En attente transmission suite mise aux points avec le MO ,['10-11-2011'],"[26, 28, 29, 30, 31, 32, 39, 46, 59, 60, 61, 62, 63, 64, 66, 67, 68, 69, 70, 71, 72, 72, 74, 75, 76, 77, 78, 79, 80, 81, 82, 83]","[307, 318, 329, 340, 353, 365, 380, 406, 437, 453, 466, 481, 494, 508, 522, 535, 550, 568, 587, 603, 620, 638, 654, 671, 684, 698, 711, 724, 737, 752, 766, 780]",2,Lot 18 – GESTION INFORMATISEE DES CONTROLES D’ACCES
Organisation de chantier selon directives de l’OPC ,['15-03-2011'],"[1, 2, 3, 4, 5, 6, 7, 8, 9, 10, 11, 12, 13, 14]","[7, 14, 22, 30, 40, 50, 59, 72, 91, 111, 127, 146, 159, 171]",7,Lot 18 – GESTION INFORMATISEE DES CONTROLES D’ACCES
Page 12 sur 13 ,['10-11-2011'],[76],[684],7,Lot 18 – GESTION INFORMATISEE DES CONTROLES D’ACCES
RAPPEL DES POINTS EN SUSPENS,['29-09-2011'],[23],[278],9,Lot 18 – GESTION INFORMATISEE DES CONTROLES D’ACCES
Suite à vos différents veuillez vous présenter en réunion de chantier afin de faire un point en présence du lot ELECTRICITE ,['16-05-2013'],"[72, 72, 74, 75, 76, 77, 78, 79, 80, 81, 82, 83]","[620, 638, 654, 671, 684, 698, 711, 724, 737, 752, 766, 780]",6,Lot 18 – GESTION INFORMATISEE DES CONTROLES D’ACCES
Transmettre les documents selon liste des documents à transmettre par les entreprises ,['15-03-2011'],"[1, 2, 3, 4, 5, 6, 7, 8, 9, 10, 11, 12, 13, 14]","[7, 14, 22, 30, 40, 50, 59, 72, 91, 111, 127, 146, 159, 171]",5,Lot 18 – GESTION INFORMATISEE DES CONTROLES D’ACCES
"Transmettre plan des fourreaux à FORCLUM et TOMMASINI, copie SOJA OCTANT ",['29-03-2011'],"[3, 4, 5, 6, 7, 8, 9, 10, 11, 12, 13, 14]","[22, 30, 40, 50, 59, 72, 91, 111, 127, 146, 159, 171]",8,Lot 18 – GESTION INFORMATISEE DES CONTROLES D’ACCES
Transmettre votre dossier technique + matériel au MO ,['01-09-2011'],"[19, 20, 23, 24, 25]","[232, 244, 278, 287, 298]",5,Lot 18 – GESTION INFORMATISEE DES CONTROLES D’ACCES
Transmettre votre dossier technique + matériel au MO FAIT  ,['01-09-2011'],"[21, 22]","[255, 265]",5,Lot 18 – GESTION INFORMATISEE DES CONTROLES D’ACCES
Votre dossier matériel est à valider par SOJA et non par le BC car HM ,['25-08-2011'],[18],[220],2,Lot 18 – GESTION INFORMATISEE DES CONTROLES D’ACCES
"Votre dossier matériel est à valider par SOJA et non par le BC car HM  
VALIDATION DE VOTRE CARNET DE MATERIEL AU 01/09/2011 PAR OCTANT, en attente visuel par le MO ",['25-08-2011'],"[19, 20, 21, 22, 23, 24, 25]","[232, 244, 255, 265, 278, 287, 298]",3,Lot 18 – GESTION INFORMATISEE DES CONTROLES D’ACCES
Vous devez être présent lors de la réunion SSI qui se tiendra le 30/06/11 à 13H30 sur site ,['16-06-2011'],"[13, 14]","[159, 171]",10,Lot 18 – GESTION INFORMATISEE DES CONTROLES D’ACCES
Vous nous confirmez qu’en cas de déclenchement de l’alarme les portillons se déverrouillent ,['26-09-2013'],"[84, 85, 86, 87, 88, 89, 90, 91]","[795, 810, 825, 840, 855, 870, 883, 896]",2,Lot 18 – GESTION INFORMATISEE DES CONTROLES D’ACCES
"Communauté d’Agglomération des Portes du Hainaut – Construction d’un Centre Aquatique à St Amand Les Eaux – CR MOE N° 60 
 du 24/01/13 ","['21-11-2010', '22-12-2011', '18-10-2012', '02-05-2013']","[60, 67, 72, 72, 74, 75, 80, 81, 82, 83, 84, 85, 86, 87, 91]","[453, 535, 620, 638, 654, 671, 737, 752, 766, 780, 795, 810, 825, 840, 896]",21,Lot 21 –  BASSIN INOX
"DEMANDES HSB : 
Bonjour,  
Pour pouvoir chiffrer la mise en place des robinets de puisage, pouvez-vous nous envoyer la position et les détails techniques des robinets
SVP ? (diamètre, limite de prestation, etc.)  
REPONSE OCTANT/ 
Voir plans PB SOJA, les robinets initialement sur voiles doivent être positionné dans les goulottes strictement en face des robinets initiaux ",['22-12-2011'],"[28, 29, 30, 31, 32]","[318, 329, 340, 353, 365]",22,Lot 21 –  BASSIN INOX
Déplacer les ancrages de mise à l’eau PMR au plus proche des pédiluves  ,['12-10-2011'],"[24, 25, 26]","[287, 298, 307]",36,Lot 21 –  BASSIN INOX
"La sortie de goulotte (7) du bassin apprentissage/familles est tournée de 90 degrés par rapport aux plans marché. La replacer en direction 
du bac tampon.  ",['09-06-2011'],"[12, 13, 14]","[146, 159, 171]",40,Lot 21 –  BASSIN INOX
"Modifier le fond du bassin ludique afin de retrouver une hauteur de marche conforme aux ERP, soit 16 cm ou moins A MENTIONNER SUR LES 
PLANS puis transmission au BC",['30-07-2011'],"[19, 20, 21, 22, 23, 24]","[232, 244, 256, 266, 278, 287]",7,Lot 21 –  BASSIN INOX
Page 13 sur 13 ,"['22-12-2011', '02-05-2013']","[67, 80, 82, 83, 84, 85, 86, 87]","[535, 737, 766, 780, 795, 810, 825, 840]",10,Lot 21 –  BASSIN INOX
Page 15 sur 16 ,"['18-10-2012', '02-05-2013']","[60, 74, 75]","[453, 654, 671]",23,Lot 21 –  BASSIN INOX
"Plans et coupes du bassin ludique/familles 
La prise balai (10) dans la jardinière est inaccessible. La déplacer à proximité de l’un ou l’autre des deux escaliers. ",['09-06-2011'],"[12, 13, 14]","[146, 159, 171]",37,Lot 21 –  BASSIN INOX
"Prendre en compte la demande de TOLLIS sur l’intégration de la buse de massage dans la bouche du dragon, voir plan 3D fourni par le
prestataire du MO ",['02-05-2013'],"[71, 72, 72, 74, 75, 76, 77, 78, 79, 80, 81, 82, 83, 84, 85, 86, 87, 88]","[603, 620, 638, 654, 671, 685, 698, 711, 724, 737, 752, 766, 780, 795, 810, 825, 840, 856]",8,Lot 21 –  BASSIN INOX
"ST AMAND LES EAUX - Centre Aquatique 
Croquis de détails /Dragon + Evidement « col de cygne » 
A l’attention de :  FANY MOSAÏQUE – Stéphanie CHATELET 
                        PL GRAFIK – M. LAPLACE 
Société WEDI  - Francis DUMAS 
OCTANT Architecture – M. VIGNESOULT 
Copie à :              OCTANT Architecture –  M. BRICHE 
                OCTANT Architecture –  Mme SAADNIA 
                                Ville St Amand Les Eaux - M. DEBAILLEUX 
Chevilly-Larue, le 21.05.2013 
Bonjour, 
Pour faire suite aux précédents documents adressés le 16.05.13, ci-joint sous formats PDF, quelques croquis de détails complémentaires, 
montrant les liaisons et évidements entre canalisations / lot Plomberie et la forme du dragon. 
En vue d’étude et d’exécution / lot plomberie et fin d’élaboration d’images 3D /dragon pour prochaine découpe numérique de la forme 
WEDI. 
Pour information et exécution. 
Bonne réception. 
Laurent Hernandez 
06 20 94 63 48 
Société Tollis 
183 boulevard Jean Mermoz 
94550 Chevilly-Larue ",['02-05-2013'],"[72, 72, 74, 75]","[620, 638, 654, 671]",43,Lot 21 –  BASSIN INOX
"Suite à la synthèse faite en présence de SOJA /IMATEC le lundi 28/03/11 en nos locaux, transmettre le détail de votre escalier d’accès au BL, 
reprendre le cheminement des réseaux sur l’arrière du BS 
Il a été convenu que compte tenu des aspects esthétique du fond de bassins les refoullements serons centrés entre les marquages de lignes de 
nage ",['29-03-2011'],"[3, 4, 5, 6, 7, 8]","[22, 31, 40, 50, 59, 72]",13,Lot 21 –  BASSIN INOX
"Transmettre au OCTANT  OPC les fiches technique des matériaux et matériels que vous souhaitez mettre en œuvre pour observation / copie 
BC ",['15-03-2011'],"[1, 2, 3, 4, 5, 6, 7, 8]","[7, 14, 22, 31, 40, 50, 59, 72]",5,Lot 21 –  BASSIN INOX
Transmettre chiffrage pour la mise en œuvre d’un tube de diamètre 90 en inox ,['19-01-2012'],"[30, 31, 32]","[340, 353, 365]",32,Lot 21 –  BASSIN INOX
Transmettre pour présentation au MO un marquage chimique des marquage des ligne d’eau en fond de bassin ,['16-06-2011'],"[13, 14, 15, 16, 17, 18, 19, 20, 21, 22, 23, 24]","[159, 171, 182, 198, 209, 221, 232, 244, 256, 266, 278, 287]",42,Lot 21 –  BASSIN INOX
"Veuillez trouver ci-joint quelques remarques sur le bassin d’apprentissage / ludique : 
- 
Pourquoi avoir réduit les dimensions de la jardinière séparant la rampe d’accès de la zone d’apprentissage (cf croquis) 
- 
- Pourquoi avoir déplacé le siège de mise à l’eau PMR au niveau de la plus grande profondeur (1.20m) alors qu’il était positionné 
dans la zone à 0.80m proche de la sortie du pédiluve ? ",['24-05-2011'],"[10, 11, 12]","[111, 127, 146]",13,Lot 21 –  BASSIN INOX
"Vous annoncez présenter un échantillon du plot de départ au MO 
• 
Prévoir une niche avec capot étanche pour plaque de starting block 
• 
Le câblage de liaison entre le plot et le PC de commande du local MNS devra passer en sous face de plancher pour ne laisser 
aucun réseau apparent ",['24-05-2011'],"[10, 11, 12]","[111, 127, 146]",21,Lot 21 –  BASSIN INOX
"Vous confirmez que vous n’avez pas besoin des poutres BA en périphérie de bassins 
SICRE confirme pour le BS et conserve les poutres BA au pourtour du bassin ludique",['10-05-2011'],"[8, 9, 10, 11, 12]","[72, 91, 111, 127, 146]",19,Lot 21 –  BASSIN INOX
" Nous avons constaté ce jour en votre présence, suite au remplissage du bassin sportif que les tôles de fond présentent des ondulations, la mise
en œuvre est refusée : nous donner rapidement l’impact planning et contraintes (livraison, installations chantier…) la réception est le",['05-09-2013'],"[81, 82, 83, 84, 85, 86, 87, 88, 89, 90, 91]","[752, 766, 780, 795, 810, 825, 840, 856, 870, 883, 896]",54,Lot 21 –  BASSIN INOX
"ADEX N°10 VERITAS AVEC OBSERVATION 
Plan 6052-421J A BASSIN POLYVALENT - COUPE J 05/05/2011 24/05/2011 OB 
La hauteur des marches des escaliers d'accès à la piscine ludique ne doit pas dépasser 
16 cm ",['16-06-2011'],"[13, 14, 15, 16, 17, 18]","[159, 171, 182, 198, 209, 221]",54,Lot 21 –  BASSIN INOX
Chiffrer la mise en œuvre de robinets de puisages dans les goulottes FAIT. ,['01-12-2011'],"[28, 29, 30]","[318, 329, 340]",15,Lot 21 –  BASSIN INOX
Chiffrer suivant la demande du MO le plot de départ avec une plateforme HSB démontable ainsi que la plateforme OSB 12 ,['15-09-2011'],"[21, 22]","[256, 266]",23,Lot 21 –  BASSIN INOX
"Chiffrer suivant la demande du MO le plot de départ avec une plateforme HSB démontable ainsi que la plateforme OSB 12 
Les grilles des goulottes seront grises 
Reprendre sur vos fond de plan les hauteurs des marches 
Transmettre plan des ancrages pour vérification suite point fait ce jour et renseignement transmis sur le plan DCE ",['15-09-2011'],[23],[278],40,Lot 21 –  BASSIN INOX
"Ci-joint les informations pour la refabrication de la cascade pour intégration dans le dragon 
Croquis de détails /Dragon + Evidement « col de cygne » ",['02-05-2013'],"[72, 72, 74, 75]","[620, 638, 654, 671]",19,Lot 21 –  BASSIN INOX
"Ci-joint les informations pour la refabrication de la cascade pour intégration dans le dragon 
Croquis de détails /Dragon + Evidement « col de cygne » 
ST AMAND LES EAUX - Centre Aquatique 
Croquis de détails /Dragon + Evidement « col de cygne » 
A l’attention de :  FANY MOSAÏQUE – Stéphanie CHATELET 
                        PL GRAFIK – M. LAPLACE 
Société WEDI  - Francis DUMAS 
OCTANT Architecture – M. VIGNESOULT 
Copie à :              OCTANT Architecture –  M. BRICHE 
                OCTANT Architecture –  Mme SAADNIA 
                                Ville St Amand Les Eaux - M. DEBAILLEUX 
Chevilly-Larue, le 21.05.2013 
Bonjour, 
Pour faire suite aux précédents documents adressés le 16.05.13, ci-joint sous formats PDF, quelques croquis de détails complémentaires, montrant les 
liaisons et évidements entre canalisations / lot Plomberie et la forme du dragon. 
En vue d’étude et d’exécution / lot plomberie et fin d’élaboration d’images 3D /dragon pour prochaine découpe numérique de la forme WEDI. 
Pour information et exécution. 
Bonne réception. 
Laurent Hernandez 
06 20 94 63 48 
Société Tollis 
183 boulevard Jean Mermoz 
94550 Chevilly-Larue 
Laurent.hernandez@tollis.com 
tel: 01 46 60 09 55 
fax: 01 49 73 97 69 ",['02-05-2013'],"[76, 77, 78, 79, 80, 81, 82, 83, 84, 85, 86, 87, 88]","[685, 698, 711, 724, 737, 752, 766, 780, 795, 810, 825, 840, 856]",38,Lot 21 –  BASSIN INOX
"Confirmer ces volumes d’eaux pour les bassins pour imputation des frais de mise en eau 
Volume bassins : 
Bassin sportif : 1 250 m3 
Bassin apprentissage et zone famille : 336 m3 ",['02-05-2013'],"[72, 72, 74, 75, 76, 77, 78, 79, 80, 81, 82, 83, 84, 85, 86, 87, 88]","[620, 638, 654, 671, 685, 698, 711, 724, 737, 752, 766, 780, 795, 810, 825, 840, 856]",52,Lot 21 –  BASSIN INOX
"Emetteur : HSB 
FICHE TECHNIQUE POOLLIFT 08/06/2011 
Vu pour information 
Respecter l'accessibilité aux personnes handicapées 
FICHE TECHNIQUE HANDIMOVE 08/06/2011 
Vu pour information 
Respecter l'accessibilité aux personnes handicapées 
FICHE TECHNIQUE ROIGK 08/06/2011 
Vu pour information 
Respecter l'accessibilité aux personnes handicapées ",['01-09-2011'],"[19, 20, 23, 24, 25]","[232, 244, 278, 287, 298]",35,Lot 21 –  BASSIN INOX
FORCLUM à mis à disposition une enceinte sub sur site ,['21-07-2011'],"[17, 18, 19, 20, 21, 22, 23, 24]","[209, 221, 232, 244, 256, 266, 278, 287]",30,Lot 21 –  BASSIN INOX
Fournir dossier homologation du bassin sportif ,['14-11-2013'],"[90, 91]","[883, 896]",13,Lot 21 –  BASSIN INOX
La désinfection des bassins est à votre charge à planifier avec OPC ,['05-09-2013'],"[81, 82, 83, 84, 85, 86, 87, 88, 89, 90, 91]","[752, 766, 780, 795, 810, 825, 840, 856, 870, 883, 896]",57,Lot 21 –  BASSIN INOX
"Laurent.hernandez@tollis.com 
tel: 01 46 60 09 55 
fax: 01 49 73 97 69 ",['02-05-2013'],"[72, 72, 74, 75]","[620, 638, 654, 671]",47,Lot 21 –  BASSIN INOX
"Le BC VERITAS vous demande un contrôle des soudures inox des bassins, pour les parties soudées sur site ",['30-07-2011'],"[15, 16, 17, 18, 19, 20, 21, 22, 23, 24]","[182, 198, 209, 221, 232, 244, 256, 266, 278, 287]",23,Lot 21 –  BASSIN INOX
Le BC nous relance sur les contrôles des soudures ,['28-06-2012'],"[46, 59, 60, 61, 62, 63, 64, 66, 67, 68, 69, 70]","[406, 437, 453, 467, 481, 495, 508, 522, 535, 550, 568, 587]",14,Lot 21 –  BASSIN INOX
"Le refoulement vers le bassin (8) est déplacé. Nous étudions cette possibilité par rapport aux autres réseaux sur le plan de synthèse. 
Réponse la semaine prochaine. ",['09-06-2011'],[12],[146],43,Lot 21 –  BASSIN INOX
"Le refoulement vers le bassin (8) est déplacé. Nous étudions cette possibilité par rapport aux autres réseaux sur le plan de synthèse. Réponse la 
semaine prochaine. EN ATTENTE REPONSE SOJA ",['09-06-2011'],"[13, 14]","[159, 171]",36,Lot 21 –  BASSIN INOX
Les grilles des goulottes seront grises ,['15-09-2011'],"[21, 22]","[256, 266]",25,Lot 21 –  BASSIN INOX
Les reprises effectuées sur fond bassins sont refusées : nous vous renvoyons à notre constat contradictoire établi le 14/11/13 ,['21-11-2010'],[91],[896],15,Lot 21 –  BASSIN INOX
"Les tôles de fond de bassin du bassin d’apprentissage présentent les mêmes ondulations que le bassin sportif : A REPREDRE EGALEMENT
TRAVAUX REFUSES ",['12-09-2013'],"[82, 83, 84, 85, 86, 87, 88, 89, 90, 91]","[766, 780, 795, 810, 825, 840, 856, 870, 883, 896]",60,Lot 21 –  BASSIN INOX
Mettre en place les plaques de profondeurs ,['02-05-2013'],"[71, 72, 72, 74, 75, 76, 77, 78, 79, 80, 81, 82, 83, 84, 85, 86, 87, 88]","[603, 620, 638, 654, 671, 685, 698, 711, 724, 737, 752, 766, 780, 795, 810, 825, 840, 856]",10,Lot 21 –  BASSIN INOX
Mettre en place les puisages dans les goulottes suivant plan affiché en salle de réunion annoté avec légende ,['12-01-2012'],"[29, 30, 31, 32]","[329, 340, 353, 365]",31,Lot 21 –  BASSIN INOX
"Mettre en œuvre les fonds des bassins  
LE 03/01/13 : NON FAIT A CE JOUR ",['18-10-2012'],"[59, 60, 61, 62, 63]","[437, 453, 467, 481, 495]",18,Lot 21 –  BASSIN INOX
"Mettre en œuvre les fonds des bassins  
LE 21/01/13 : NON TERMINE ",['18-10-2012'],"[64, 66, 67, 68, 69, 70]","[508, 522, 535, 550, 568, 587]",18,Lot 21 –  BASSIN INOX
"Modifier le fond du bassin ludique afin de retrouver une hauteur de marche conforme aux ERP, soit 16 cm ou moins ",['30-07-2011'],"[15, 16, 17, 18]","[182, 198, 209, 221]",21,Lot 21 –  BASSIN INOX
"Nous ne pouvons accepter vos demandes d’intempéries, en effet les températures sont positives depuis une semaines, merci d’intervenir sans
délais ",['21-03-2013'],"[69, 70]","[568, 587]",25,Lot 21 –  BASSIN INOX
Nous refusons le devis 6052 sur le comblement de l’ilot ,['22-12-2011'],"[28, 29, 30, 31, 32]","[318, 329, 340, 353, 365]",24,Lot 21 –  BASSIN INOX
Nous sommes toujours dans l’attente de vos interventions sur les fonds des bassins intérieurs ,['08-03-2013'],"[67, 68, 69, 70]","[535, 550, 568, 587]",26,Lot 21 –  BASSIN INOX
Observations  ,['09-06-2011'],"[12, 13, 14]","[146, 159, 171]",30,Lot 21 –  BASSIN INOX
Organisation de chantier selon directives de l’OPC ,['15-03-2011'],"[1, 2, 3, 4, 5, 6, 7, 8]","[7, 14, 22, 31, 40, 50, 59, 72]",9,Lot 21 –  BASSIN INOX
Page 12 sur 12 ,['21-11-2010'],[91],[896],21,Lot 21 –  BASSIN INOX
Page 14 sur 15 ,['02-05-2013'],[81],[752],13,Lot 21 –  BASSIN INOX
Page 17 sur 18 ,['02-05-2013'],"[72, 72]","[620, 638]",15,Lot 21 –  BASSIN INOX
"Plans et coupes du bassin sportif 
L’hydraulicité du bassin sportif est modifiée. Sil y a une raison impérieuse, nous la faire connaitre. Sinon, revenir à ce qui est prévu au 
marché. ",['09-06-2011'],[12],[146],34,Lot 21 –  BASSIN INOX
"Plans et coupes du bassin sportif 
L’hydraulicité du bassin sportif est modifiée. Sil y a une raison impérieuse, nous la faire connaitre. Sinon, revenir à ce qui est prévu au marché. 
LE 16/06/11 :point a faire avec SOJA pour les 80%/20% de reprise ",['09-06-2011'],"[13, 14]","[159, 171]",27,Lot 21 –  BASSIN INOX
"Point SOJA sur les débits des pompes jeux suite aux questions HSB 
Réponse : pourriez-vous préciser la question ? 
Les jeux ne fonctionnent pas tous en même temps, mais selon des séquences programmées. De plus les pompes sont équipées de variateurs, afin de 
s’adapter au besoin de débit. ",['01-12-2011'],"[28, 29, 30]","[318, 329, 340]",10,Lot 21 –  BASSIN INOX
"Prévoir mise en eau des bassins pour tests étanchéité à partir du 10/08/13, constat MOE le 22/08/13 ",['25-07-2013'],"[78, 79, 80]","[711, 724, 737]",47,Lot 21 –  BASSIN INOX
Prévoir une campagne de finitions sur les assemblages des bassins inox ,['08-03-2013'],"[67, 68, 69, 70]","[535, 550, 568, 587]",28,Lot 21 –  BASSIN INOX
"QUESTION SICRE 
sur votre plan 049-04-l où sont données les charges apportées par les bassins, à quoi correspond l'effort Bv? Quelle est la valeur de prfg? 
Merci de ma répondre rapidement ",['03-05-2011'],"[7, 8, 9]","[59, 72, 91]",16,Lot 21 –  BASSIN INOX
RAPPEL DES POINTS EN SUSPENS ,['29-09-2011'],[23],[278],42,Lot 21 –  BASSIN INOX
Rappel sur la protection de vos ouvrages ,['10-05-2012'],"[39, 46, 59, 60, 61, 62, 63, 64, 66, 67, 68, 69, 70]","[380, 406, 437, 453, 467, 481, 495, 508, 522, 535, 550, 568, 587]",11,Lot 21 –  BASSIN INOX
"Rappel, merci de bien vouloir vous préoccuper de vos ouvrages ",['19-04-2012'],[39],[380],9,Lot 21 –  BASSIN INOX
Remettre en place les protections sur les goulottes ,['12-04-2012'],"[39, 46, 59, 60, 61, 62, 63, 64, 66, 67, 68, 69, 70]","[380, 406, 437, 453, 467, 481, 495, 508, 522, 535, 550, 568, 587]",7,Lot 21 –  BASSIN INOX
Reprendre sur vos fond de plan les hauteurs des marches ,['15-09-2011'],"[21, 22]","[256, 266]",27,Lot 21 –  BASSIN INOX
"Revoir le détail de support du fond de jardinière pour mise en place d’une équerre périphérique et plaque de fond 
LE 22/12/11 : Nous refusons votre chiffrage sur les fonds des jardinières ",['01-12-2011'],"[28, 29, 30]","[318, 329, 340]",13,Lot 21 –  BASSIN INOX
Répondre aux demandes du BC ,['21-07-2011'],"[17, 18]","[209, 221]",32,Lot 21 –  BASSIN INOX
Répondre aux demandes du BC sur les ressuages des soudures inox ,['22-12-2011'],"[28, 29, 30, 31, 32, 39, 46, 59, 60, 61, 62, 63, 64, 66, 67, 68, 69, 70, 71, 72, 72, 74, 75, 76, 77, 78, 79, 80, 81, 82, 83, 84, 85, 86, 87, 88]","[318, 329, 340, 353, 365, 380, 406, 437, 453, 467, 481, 495, 508, 522, 535, 550, 568, 587, 603, 620, 638, 654, 671, 685, 698, 711, 724, 737, 752, 766, 780, 795, 810, 825, 840, 856]",26,Lot 21 –  BASSIN INOX
Réponse SOJA DU 07/06/2011/ fiche d’observations aux plans ,['09-06-2011'],"[12, 13, 14]","[146, 159, 171]",28,Lot 21 –  BASSIN INOX
"Si joint le détail du plot retenu à l’AO, et validé par le  MO : 
Transmettre photos et détail fournisseur de ce plot. ",['10-05-2011'],"[8, 9]","[72, 91]",25,Lot 21 –  BASSIN INOX
"Suite au point fait avec SOJA, vous n’aviez pas transmis les altimétries avec les niveaux NGF des réseaux de TE des bassins ",['24-05-2011'],"[10, 11, 12]","[111, 127, 146]",23,Lot 21 –  BASSIN INOX
Transmettre au Bureau de Contrôle l’agrément de vos soudeurs ,['16-06-2011'],"[13, 14]","[159, 171]",38,Lot 21 –  BASSIN INOX
Transmettre chiffrage en moins value pour une ligne de nage et chiffrage pour 3 petites lignes de 20 mètre FAIT ,['12-10-2011'],"[24, 25, 26]","[287, 298, 307]",34,Lot 21 –  BASSIN INOX
Transmettre devis pour mise en place de 5 alimentations pour puisage d’eau dans les goulottes ,['24-11-2011'],"[28, 29, 30]","[318, 329, 340]",5,Lot 21 –  BASSIN INOX
Transmettre le chiffrage pour la reprise du col de cygne du bassin d’apprentissage ,['06-06-2013'],"[75, 76, 77, 78, 79, 80, 81, 82, 83, 84, 85, 86, 87, 88]","[671, 685, 698, 711, 724, 737, 752, 766, 780, 795, 810, 825, 840, 856]",54,Lot 21 –  BASSIN INOX
Transmettre le nouvel échantillon de lot pour visuel du MO avec plateforme sur le coté ,['01-09-2011'],"[19, 20, 21, 22, 23, 24, 25, 26]","[232, 244, 256, 266, 278, 287, 298, 307]",19,Lot 21 –  BASSIN INOX
Transmettre le plan du plot de départ revisité ,['25-08-2011'],[18],[221],33,Lot 21 –  BASSIN INOX
Transmettre les documents selon liste des documents à transmettre par les entreprises ,['15-03-2011'],"[1, 2, 3, 4, 5, 6, 7, 8]","[7, 14, 22, 31, 40, 50, 59, 72]",7,Lot 21 –  BASSIN INOX
Transmettre l’enceinte sub pour visuel ,['01-09-2011'],"[19, 20, 23, 24, 25]","[232, 244, 278, 287, 298]",24,Lot 21 –  BASSIN INOX
Transmettre l’enceinte sub pour visuel RAPPEL ,['01-09-2011'],"[21, 22]","[256, 266]",21,Lot 21 –  BASSIN INOX
Transmettre plan des ancrages pour vérification suite point fait ce jour et renseignement transmis sur le plan DCE ,['15-09-2011'],"[21, 22]","[256, 266]",29,Lot 21 –  BASSIN INOX
Transmettre pour interprétation le détail de l’accroche de l’étanchéité sur les bassins inox avec ou sans dilatation ,['25-08-2011'],"[18, 19, 20, 21, 22, 23, 24]","[221, 232, 244, 256, 266, 278, 287]",35,Lot 21 –  BASSIN INOX
Transmettre proposition des plaques de profondeur en braille ,['16-06-2011'],"[13, 14]","[159, 171]",40,Lot 21 –  BASSIN INOX
Transmettre relevé bassin fini ,['10-11-2011'],[26],[307],11,Lot 21 –  BASSIN INOX
"Transmettre relevé bassin fini 
Le 16/11/11 : En attente finition pour transmission ",['10-11-2011'],"[28, 29, 30, 31, 32, 39, 46, 59, 60, 61, 62, 63, 64, 66, 67, 68, 69, 70, 71, 72, 72, 74, 75, 76, 77, 78, 79, 80, 81, 82, 83, 84, 85, 86, 87, 88]","[318, 329, 340, 353, 365, 380, 406, 437, 453, 467, 481, 495, 508, 522, 535, 550, 568, 587, 603, 620, 638, 654, 671, 685, 698, 711, 724, 737, 752, 766, 780, 795, 810, 825, 840, 856]",3,Lot 21 –  BASSIN INOX
Transmettre un chiffrage pour la mise en place d’un robinet de puisage  ,['16-06-2011'],"[13, 14, 15, 16, 17, 18]","[159, 171, 182, 198, 209, 221]",49,Lot 21 –  BASSIN INOX
Transmettre un échantillon de grille de goulotte ,['16-06-2011'],"[13, 14, 15, 16, 17, 18, 19, 20, 21, 22, 23, 24]","[159, 171, 182, 198, 209, 221, 232, 244, 256, 266, 278, 287]",44,Lot 21 –  BASSIN INOX
"Transmettre à OCTANT vos besoins en fonds de banquettes massante NON FAIT 
LE 31/05/12 : EN COURS DE DIFFUSION AVEC COPIE GO ",['10-05-2012'],[46],[406],12,Lot 21 –  BASSIN INOX
"Transmettre à OCTANT vos besoins en fonds de banquettes massante NON FAIT 
LE 31/05/12 : EN COURS DE DIFFUSION AVEC COPIE GO 
LE 20/12/12 : FAIT ",['10-05-2012'],"[59, 60, 61, 62, 63, 64, 66, 67, 68, 69, 70]","[437, 453, 467, 481, 495, 508, 522, 535, 550, 568, 587]",13,Lot 21 –  BASSIN INOX
Transmettre à OCTANT vos besoins en fonds de banquettes massantes ,['10-05-2012'],[39],[380],13,Lot 21 –  BASSIN INOX
Transmettre à SICRE le poids de vos éléments et plan PAC ,['15-03-2011'],"[1, 2, 3, 4, 5, 6, 7, 8]","[7, 14, 22, 31, 40, 50, 59, 72]",2,Lot 21 –  BASSIN INOX
"Validation OCTANT, à faire approuver par le BC ",['12-01-2012'],"[29, 30, 31, 32]","[329, 340, 353, 365]",33,Lot 21 –  BASSIN INOX
"Vous annoncez présenter un échantillon du plot de départ au MO 
• 
Prévoir une niche avec capot étanche pour plaque de starting block 
• 
Le câblage de liaison entre le plot et le PC de commande du local MNS devra passer en sous face de plancher pour ne laisser aucun réseau 
apparent 
LE 16/0611 : Vous annoncez transmettre l’échantillon le 30/06/11 si terminé ",['24-05-2011'],"[13, 14, 15, 16, 17, 18]","[159, 171, 182, 198, 209, 221]",16,Lot 21 –  BASSIN INOX
"Vous demandez des précisions sur le type d’ancrage pour les animations pédagogiques, parois ou fond ??? ",['25-08-2011'],"[18, 19, 20, 21, 22, 23, 24]","[221, 232, 244, 256, 266, 278, 287]",31,Lot 21 –  BASSIN INOX
Vous demandez les FT des hublots sub à FORCLYUM ,['07-07-2011'],"[16, 17, 18, 19, 20, 21, 22, 23, 24]","[198, 209, 221, 232, 244, 256, 266, 278, 287]",25,Lot 21 –  BASSIN INOX
"Vous demandez les plans structure en format papier, SICRE transmettra suite à la validation du BC ces derniers ",['24-05-2011'],"[10, 11, 12]","[111, 127, 146]",25,Lot 21 –  BASSIN INOX
"Vous demandez les plans structure en format papier, SICRE transmettra suite à la validation du BC ces derniers 
LE 16/06/11 : suite au point fait ce jour avec le BET SICRE, et suivant vos demandes SICRE vous envoi des plans en DWG ",['24-05-2011'],"[13, 14]","[159, 171]",19,Lot 21 –  BASSIN INOX
Vous devez prendre en compte notre demande de mise en œuvre du fond de la jardinière ,['09-02-2012'],"[31, 32]","[353, 365]",22,Lot 21 –  BASSIN INOX
Vous devez vous présenter afin de faire un point sur le plot de départ ,['17-05-2011'],[9],[91],16,Lot 21 –  BASSIN INOX
évacuer container,['10-10-2013'],"[86, 87, 88, 89, 90, 91]","[825, 840, 856, 870, 883, 896]",62,Lot 21 –  BASSIN INOX
"Transmettre au OCTANT  OPC les fiches technique des matériaux et matériels que vous souhaitez mettre en œuvre pour observation / copie 
BC ",['15-03-2011'],"[1, 2, 3, 4, 5]","[7, 14, 22, 31, 41]",3,Lot 22 – MOBILIER
Organisation de chantier selon directives de l’OPC ,['15-03-2011'],"[1, 2, 3, 4, 5]","[7, 14, 22, 31, 41]",7,Lot 22 – MOBILIER
Poser le mobilier avant la commission de sécurité prévue le 26/11/13,['21-11-2013'],[91],[897],1,Lot 22 – MOBILIER
RAS,['25-08-2011'],"[18, 19, 20, 21, 22, 23, 24, 25, 26, 28, 29, 30, 31, 32, 39, 46, 59, 60, 61, 62, 63, 64, 66, 67, 68, 69, 70, 71, 72, 72, 74, 75, 76, 77, 78, 79, 80, 81, 82, 83, 84, 85, 86, 87, 88]","[221, 233, 245, 256, 266, 279, 288, 298, 308, 318, 330, 341, 353, 366, 380, 406, 437, 454, 467, 481, 495, 508, 522, 536, 550, 568, 587, 603, 621, 639, 655, 672, 685, 698, 711, 724, 738, 753, 767, 781, 796, 811, 826, 841, 856]",1,Lot 22 – MOBILIER
Transmettre les documents selon liste des documents à transmettre par les entreprises ,['15-03-2011'],"[1, 2, 3, 4, 5]","[7, 14, 22, 31, 41]",5,Lot 22 – MOBILIER
"Communauté d’Agglomération des Portes du Hainaut – Construction d’un Centre Aquatique à St Amand Les Eaux – CR MOE N° 46 
 du 31/08/12 ","['25-08-2011', '30-08-2012', '16-05-2013', '10-10-2013']","[46, 59, 69, 70, 71, 72, 74, 88, 89, 90]","[406, 437, 568, 587, 603, 639, 655, 856, 870, 883]",4,Lot 23 – ESPACES VERTS – CLOTURES – PORTAILS
"Copie du courriel de D&H à JMS Paysages
Il est urgent que vous répondiez à D&H et que vous transmettiez les éléments demandés sous peine d’imputation de pénalités pour retards 
dans la remise de documents, voir CCAP, sans réponse de votre part, nous vous transmettrons un OS. ",['09-02-2012'],"[31, 32, 39]","[353, 366, 380]",4,Lot 23 – ESPACES VERTS – CLOTURES – PORTAILS
Intervention sur le déplacement des arbres suivant directives de l’OPC,['29-03-2011'],"[3, 4, 5, 6, 7, 8, 9, 10, 11, 12, 13, 14, 15, 16, 17]","[22, 31, 41, 50, 59, 73, 92, 112, 128, 147, 160, 172, 182, 198, 210]",7,Lot 23 – ESPACES VERTS – CLOTURES – PORTAILS
"J’attire votre attention sur les adaptations nécessaires des clôtures, suivantes: 
•          La pose sur muret de la clôture barreaudée (voir les photos jointes : prévoir le carottage en coordination avec les autres lots), 
•          La pose devant le coffret du poste de refoulement (Ce coffret n’est pas encore installé à l’heure actuelle). 
•          Le portail en treillis, dont les dimensions de la fiche technique ne correspondent pas à la demande du CCTP. 
•          La pose des alarmes par le LOT ELEC sur les portails et portillons (en attente de précisions de Mme Nathalie PARENT - 
EIFFAGE ENERGIE - (06) 32 91 09 67 - Nathalie.PARENT@eiffage.com), ",['30-08-2012'],"[46, 59, 60, 61, 62, 63, 64, 66, 67, 68, 69, 70, 71]","[406, 437, 454, 467, 481, 495, 508, 522, 536, 550, 568, 587, 603]",22,Lot 23 – ESPACES VERTS – CLOTURES – PORTAILS
"Les principales pièces manquantes pour compléter ces agréments sont les suivantes : 
•          La fiche technique ou liste de mise en culture des plantations sur berges correspondantes à la liste du PNR SCARPE ESCAUT, 
•          La fiche technique ou liste des semences pour berges correspondantes à la liste du PNR SCARPE ESCAUT, 
•          La fiche technique des portails et de leurs accessoires : gâche électrique, ventouses, contrôle d’accès, serrure sur organigramme, 
serrure pompier, rotules, verrous de pieds, jambes de force, … 
•          Le paillottin en toile biodégradable pour les arbres en tuteurage simple. ",['30-08-2012'],"[46, 59, 60, 61, 62, 63, 64, 66, 67, 68, 69, 70, 71]","[406, 437, 454, 467, 481, 495, 508, 522, 536, 550, 568, 587, 603]",15,Lot 23 – ESPACES VERTS – CLOTURES – PORTAILS
"Transmettre au OCTANT  OPC les fiches technique des matériaux et matériels que vous souhaitez mettre en œuvre pour observation / copie 
BC",['15-03-2011'],"[1, 2, 3, 4, 5]","[7, 14, 22, 31, 41]",3,Lot 23 – ESPACES VERTS – CLOTURES – PORTAILS
"Voici une synthèse des derniers points abordés par Madame QUIEVREUX avec les différents interlocuteurs du projet. Merci de les prendre
en compte et de les porter à connaissance par l’intermédiaire du Compte Rendu de Chantier :  
• 
JMS : Le nivellement de la noue est validé. 
• 
JMS : Les clôtures et portails en treillis de la plage minérale prévus d’une Ht 1.20 m, seront réduits à 1.00 m.  
• 
JMS : Les clôtures barreaudée de l’enceinte payante seront décalées pour correspondre à la limite cadastrale, en crête de noue 
(noue à l’intérieur du projet). 
• 
JMS : Vérifier la largeur de la noue sous la passerelle (de longueur 3.00 m). 
• 
JMS : Pour les OPR (voir dates à définir ci-dessous) les gazons devront avoir levés et les graminées et arbustes de l’enceinte 
payante plantés (hors arbres).  
• 
JMS/COLAS : Les clôtures doivent être réalisées le plus rapidement possible de façon à permettre à COLAS de faire ses 
revêtements de sols pour la date des OPR. 
• 
COLAS : Prévoir les fourreaux pour les alarmes potentielles des portails de la cours de service donnant sur le giratoire 
• 
COLAS : mettre en relation Jarbeau et Tomasini pour la réalisation de bétons similaires sur les gradins et la rampe d’accès PMR 
• 
CT et OCTANT : D&H a transmis ce jour à M. CAZON et à M. KIEFER le plan de synthèse du contrôle d’accès et des alarmes 
pour confirmation de l’absence d’alarme sur le portail du giratoire. 
• 
TCE : les OPR débutent le 7 juin : les entreprises transmettront leur date prévisionnelle de fin de travaux pour fixer un rendez-
vous sur site avec D&H et OCTANT les jeudis 6, 13, 20 ou 27 juin 2013. 
Cordialement, 
Lucie Quiévreux 
D&H architecture de paysage ",['16-05-2013'],"[72, 72, 74, 75, 76, 77, 78, 79, 80, 81, 82, 83]","[621, 639, 655, 672, 685, 698, 711, 725, 738, 753, 767, 781]",36,Lot 23 – ESPACES VERTS – CLOTURES – PORTAILS
"A l’attention de M. DENIS NIEZBORALA - JMS PAYSAGES 
Copie M. BRICHE - OCTANT 
Monsieur, 
Pour le chantier de SAINT AMAND LES EAUX, votre dossier de demande d’agrément, ne nous est pas parvenu.  
Merci de nous l’envoyer dans les plus brefs délais.  
Dans cette attente, 
Cordialement, 
Lucie Quiévreux 
D&H architecture de paysage 
18 rue guynemer - 92380 GARCHES 
Tél : 01.47.01.30.20 / Fax : 01.47.01.56.04 ",['09-02-2012'],"[31, 32, 39]","[353, 366, 380]",17,Lot 23 – ESPACES VERTS – CLOTURES – PORTAILS
Extraits du courriel de D&H à JMS Paysages du lun. 23/07/2012 17:12,['30-08-2012'],"[46, 59, 60, 61, 62, 63, 64, 66, 67, 68, 69, 70, 71]","[406, 437, 454, 467, 481, 495, 508, 522, 536, 550, 568, 587, 603]",8,Lot 23 – ESPACES VERTS – CLOTURES – PORTAILS
OPR avec BET fluides le 10/10/13 à 14h,['03-10-2013'],"[85, 86, 87, 88]","[811, 826, 841, 856]",28,Lot 23 – ESPACES VERTS – CLOTURES – PORTAILS
Organisation de chantier selon directives de l’OPC ,['15-03-2011'],"[1, 2, 3, 4, 5]","[7, 14, 22, 31, 41]",7,Lot 23 – ESPACES VERTS – CLOTURES – PORTAILS
Page 12 sur 12 ,"['25-08-2011', '10-10-2013']","[46, 90]","[406, 883]",6,Lot 23 – ESPACES VERTS – CLOTURES – PORTAILS
Page 13 sur 13 ,['10-10-2013'],[89],[870],10,Lot 23 – ESPACES VERTS – CLOTURES – PORTAILS
Page 14 sur 14 ,['10-10-2013'],[88],[856],39,Lot 23 – ESPACES VERTS – CLOTURES – PORTAILS
Page 16 sur 16 ,"['25-08-2011', '16-05-2013']","[59, 71, 74]","[437, 603, 655]",6,Lot 23 – ESPACES VERTS – CLOTURES – PORTAILS
Page 18 sur 18 ,['16-05-2013'],[72],[639],35,Lot 23 – ESPACES VERTS – CLOTURES – PORTAILS
Page 19 sur 19 ,['30-08-2012'],"[69, 70]","[568, 587]",24,Lot 23 – ESPACES VERTS – CLOTURES – PORTAILS
"Poser vos clôtures sur désactivé pour commission si la dépose est rendue nécessaire pour cause de reprise des désactivés elle sera aux frais de
COLAS ",['14-11-2013'],"[90, 91]","[883, 897]",14,Lot 23 – ESPACES VERTS – CLOTURES – PORTAILS
Prendre en compte CR DH en pièce jointe,['10-10-2013'],"[86, 87, 88]","[826, 841, 856]",31,Lot 23 – ESPACES VERTS – CLOTURES – PORTAILS
Proposer protections haute de la clôture de 1 m : dangerosité des tiges qui dépassent,['26-09-2013'],"[84, 85, 86, 87, 88, 89, 90, 91]","[796, 811, 826, 841, 856, 870, 883, 897]",26,Lot 23 – ESPACES VERTS – CLOTURES – PORTAILS
Prévoir mise au point avec BC le 03/10 sur déverrouillage des IS des portails,['26-09-2013'],"[84, 85, 86, 87, 88]","[796, 811, 826, 841, 856]",27,Lot 23 – ESPACES VERTS – CLOTURES – PORTAILS
RAS,['25-08-2011'],"[18, 19, 20, 21, 22, 23, 24, 25, 26, 28, 29, 30, 31, 32, 39, 46, 59, 60, 61, 62, 63, 64, 66, 67, 68, 69, 70, 71]","[221, 233, 245, 256, 266, 279, 288, 298, 308, 319, 330, 341, 353, 366, 380, 406, 437, 454, 467, 481, 495, 508, 522, 536, 550, 568, 587, 603]",1,Lot 23 – ESPACES VERTS – CLOTURES – PORTAILS
"Suivant demande BC de ce jour : prévoir signalétique sur portail 2 vantaux de la cour de service : accès voie pompier
Equipements sur portail IS en attente validation SSI ",['03-10-2013'],"[85, 86, 87, 88, 89, 90, 91]","[811, 826, 841, 856, 870, 883, 897]",30,Lot 23 – ESPACES VERTS – CLOTURES – PORTAILS
Transmettre les documents selon liste des documents à transmettre par les entreprises ,['15-03-2011'],"[1, 2, 3, 4, 5]","[7, 14, 22, 31, 41]",5,Lot 23 – ESPACES VERTS – CLOTURES – PORTAILS
"Voici une synthèse des derniers points abordés par Madame QUIEVREUX avec les différents interlocuteurs du projet. Merci de les prendre en
compte et de les porter à connaissance par l’intermédiaire du Compte Rendu de Chantier :  
• 
JMS : Le nivellement de la noue est validé. 
• 
JMS : Les clôtures et portails en treillis de la plage minérale prévus d’une Ht 1.20 m, seront réduits à 1.00 m.  
• 
JMS : Les clôtures barreaudée de l’enceinte payante seront décalées pour correspondre à la limite cadastrale, en crête de noue (noue à 
l’intérieur du projet). 
• 
JMS : Vérifier la largeur de la noue sous la passerelle (de longueur 3.00 m). 
• 
JMS : Pour les OPR (voir dates à définir ci-dessous) les gazons devront avoir levés et les graminées et arbustes de l’enceinte payante 
plantés (hors arbres).  
• 
JMS/COLAS : Les clôtures doivent être réalisées le plus rapidement possible de façon à permettre à COLAS de faire ses revêtements de 
sols pour la date des OPR. 
• 
COLAS : Prévoir les fourreaux pour les alarmes potentielles des portails de la cours de service donnant sur le giratoire 
• 
COLAS : mettre en relation Jarbeau et Tomasini pour la réalisation de bétons similaires sur les gradins et la rampe d’accès PMR 
• 
CT et OCTANT : D&H a transmis ce jour à M. CAZON et à M. KIEFER le plan de synthèse du contrôle d’accès et des alarmes pour 
confirmation de l’absence d’alarme sur le portail du giratoire. ",['16-05-2013'],"[84, 85, 86, 87, 88]","[796, 811, 826, 841, 856]",24,Lot 23 – ESPACES VERTS – CLOTURES – PORTAILS
prévoir sur portail panneau blanc avec inscription en vert : issue de secours,['10-10-2013'],"[86, 87, 88, 89, 90, 91]","[826, 841, 856, 870, 883, 897]",33,Lot 23 – ESPACES VERTS – CLOTURES – PORTAILS
transmettre PV ventouses du portail  IS,['10-10-2013'],"[86, 87, 88, 89, 90, 91]","[826, 841, 856, 870, 883, 897]",32,Lot 23 – ESPACES VERTS – CLOTURES – PORTAILS
"Communauté d’Agglomération des Portes du Hainaut – Construction d’un Centre Aquatique à St Amand Les Eaux – CR MOE N° 62 
 du 07/02/13 ","['21-09-2012', '13-12-2012', '08-03-2013', '02-05-2013', '16-05-2013']","[62, 64, 66, 76, 80, 81, 82, 83, 84, 85, 86, 87]","[481, 508, 522, 685, 738, 753, 767, 781, 796, 811, 826, 841]",36,Lot 24 – VRD
"En réponse à votre mail, l’échantillon de béton présenté sur la photo ne semble pas correspondre au CCTP qui précise deux types de béton 
désactivé, page19 :  
« Les cailloux utilisés pour le béton désactivé seront de granularité :  
- 
4/31.5 mm pour le parvis ; 
- 
2/6 mm pour les plages minérales baigneurs.  
Le béton sera teinté beige ou blanc. » ",['13-12-2012'],"[59, 60, 61, 62, 63, 64, 66]","[438, 454, 467, 481, 495, 508, 522]",14,Lot 24 – VRD
"La granularité fine des plages (2/6 mm), convient à la marche pieds nus. Pour cette raison le béton de la photo ne doit pas être appliqué sur 
les plages. Merci à COLAS de s’orienter vers un gravillon roulé plus fin, et présenter l’échantillon correspondant, comme demandé au 
CCTP.   ",['13-12-2012'],"[59, 60, 61, 62, 63, 64, 66]","[438, 454, 467, 481, 495, 508, 522]",18,Lot 24 – VRD
"M. MONIOT, pourriez-vous nous donner des indications sur la teinte du gravillon, et du liant du Béton pour adapter au besoin les nuances 
des élements préfabriqués (contrastes PMR).  ",['15-09-2011'],"[21, 22]","[256, 266]",25,Lot 24 – VRD
"Nous souhaitons venir sur site pour donner l’agrément de l’ensemble des matériaux, et notamment pour valider les associations et les 
contrastes devant correspondre à la norme PMR : Guides-cannes / dalles podotactiles / Béton / Blocs marche / Bordures… Pour ce faire, il 
conviendrait que COLAS réunisse les échantillons suivants, dans le nuancier suivant (déjà transmis le mail du 06/09/2012, ci-joint)  :  
o 
Blocs marche,… : Carrare ou Saint-Emilion (blanc, suivant ce qui se rapproche le plus des gravillons), 
o 
Dalles podotactiles, Guides-canne, Blocs marche pour le contraste PMR, Pavés de rive : Volvic (gris foncé), 
o 
Bordures collées, Bordures quai de bus : Carrare ou Saint-Emilion (blanc, suivant ce qui se rapproche le plus des 
gravillons), 
o 
Murs de soutènements hamaides : Carrare ou Saint-Emilion (blanc, suivant ce qui se rapproche le plus des gravillons), 
o 
Murs de soutènements gradins et fossé : Volvic (gris foncé), ",['13-12-2012'],"[59, 60, 61, 62, 63, 64, 66]","[438, 454, 467, 481, 495, 508, 522]",35,Lot 24 – VRD
"Nous validons les gradins extérieurs pour mise en fabrication, reste à statuer suite à réunion avec BC sur l’utilisation ou non de mur de 
soutènement préfabriqués contre les bardages du GO avant remblaiements. 
Dans l’attente de la rencontre avec Mr CASON ",['31-01-2013'],"[61, 62, 63, 64, 66]","[467, 481, 495, 508, 522]",37,Lot 24 – VRD
"Prévoir le passage de deux fourreaux de diamètre 100mm sur chaque pédiluves en vue d’une prochaine utilisation par la MO pour jeux 
d’eaux ",['08-03-2013'],"[67, 68, 69, 70, 71, 72, 72, 74, 75, 76, 77, 78, 79, 80, 81, 82, 83, 84, 85, 86, 87, 88]","[536, 550, 569, 588, 604, 622, 640, 656, 673, 685, 699, 712, 725, 738, 753, 767, 781, 796, 811, 826, 841, 857]",5,Lot 24 – VRD
"Répondre aux observations du BC sur le dalot  FAIT + pieux FAIT + clavetage des éléments béton  FAIT + point des candélabres A FAIRE : 
Note de calculs Cadre béton pour dallo 300*150 25/03/2011 28/03/2011 OB REPONSE FAITE VSO 
La note de calcul ne correspond pas à la coupe de principe transmise notamment au 
niveau du nombre et de la répartition des pieux en bois. 
Pas de détail au niveau du clavetage (ferraillage et assemblage?) 
Pourquoi ceux ci ne sont ils pas considéré comme des points durs dans le calcul des 
cadres. 
Il est indiqué dans la note de calcul une contrainte à l'ELS de sol de 1,5 bar en 
l'absence d'étude de sol. Il me semble qu'il y a une étude de sol et un géotechnicien 
ayant une mission G3 et G4 sur cette opération pourriez vous le consulter. 
Fiche technique Bordures T2, P3, A2, caniveaux CS2 et CC2 en béton préfabriqué 
classe U 
25/03/2011 28/03/2011 AF 
> Plan Coupe sur Dallo 25/03/2011 28/03/2011 FAIT ",['29-03-2011'],"[3, 4, 5, 6]","[22, 31, 41, 50]",29,Lot 24 – VRD
"Transmettre au OCTANT  OPC les fiches technique des matériaux et matériels que vous souhaitez mettre en œuvre pour observation / copie 
BC ",['15-03-2011'],"[1, 2, 3, 4, 5, 6]","[7, 14, 22, 31, 41, 50]",6,Lot 24 – VRD
"Transmettre et vérifier l’altimétrie des buses se jetant dans le courant des HAMAÏDES, en rappel suivant les informations de la police de 
l’eau, le fils d’eau était à 14.99NGF ",['24-05-2011'],"[10, 11, 12, 13]","[112, 128, 148, 160]",14,Lot 24 – VRD
"Voici une synthèse des derniers points abordés par Madame QUIEVREUX avec les différents interlocuteurs du projet. Merci de les prendre
en compte et de les porter à connaissance par l’intermédiaire du Compte Rendu de Chantier :  
• 
JMS : Le nivellement de la noue est validé. 
• 
JMS : Les clôtures et portails en treillis de la plage minérale prévus d’une Ht 1.20 m, seront réduits à 1.00 m.  
• 
JMS : Les clôtures barreaudée de l’enceinte payante seront décalées pour correspondre à la limite cadastrale, en crête de noue 
(noue à l’intérieur du projet). 
• 
JMS : Vérifier la largeur de la noue sous la passerelle (de longueur 3.00 m). 
• 
JMS : Pour les OPR (voir dates à définir ci-dessous) les gazons devront avoir levés et les graminées et arbustes de l’enceinte 
payante plantés (hors arbres).  
• 
JMS/COLAS : Les clôtures doivent être réalisées le plus rapidement possible de façon à permettre à COLAS de faire ses 
revêtements de sols pour la date des OPR. 
• 
COLAS : Prévoir les fourreaux pour les alarmes potentielles des portails de la cours de service donnant sur le giratoire 
• 
COLAS : mettre en relation Jarbeau et Tomasini pour la réalisation de bétons similaires sur les gradins et la rampe d’accès PMR 
• 
CT et OCTANT : D&H a transmis ce jour à M. CAZON et à M. KIEFER le plan de synthèse du contrôle d’accès et des alarmes 
pour confirmation de l’absence d’alarme sur le portail du giratoire. 
• 
TCE : les OPR débutent le 7 juin : les entreprises transmettront leur date prévisionnelle de fin de travaux pour fixer un rendez-
vous sur site avec D&H et OCTANT les jeudis 6, 13, 20 ou 27 juin 2013. 
Cordialement, 
Lucie Quiévreux 
D&H architecture de paysage ",['16-05-2013'],"[72, 72, 74, 75, 76, 77, 78, 79, 80, 81, 82, 83]","[622, 640, 656, 673, 685, 699, 712, 725, 738, 753, 767, 781]",38,Lot 24 – VRD
"Votre plan des réseaux d’assainissement est refusé car sous dimensionné, vous devez rester conforme aux prescriptions du cabinet D&H 
PAYSAGES ",['15-03-2011'],"[1, 2, 3, 4, 5, 6]","[7, 14, 22, 31, 41, 50]",3,Lot 24 – VRD
"Vous devez transmettre un devis pour la reprise du rond point suivant la demande du MO, ce dernier demande l’agrandissement du rond 
point, et valide oralement en réunion le devis présenté par COLAS  ",['17-05-2011'],"[9, 10, 11, 12, 13, 14]","[92, 112, 128, 148, 160, 172]",11,Lot 24 – VRD
"Vérifier le positionnement du regard sous les passerelle PMR, les pieux tombent dans vos ouvrages ",['23-06-2011'],"[14, 15, 16, 17]","[172, 182, 198, 210]",13,Lot 24 – VRD
"ADEX no 3 du 07/04/2011 
pour l'affaire 1893172/1 - SAINT AMAND LES EAUX CONSTRUCTION D'UN CENTRE AQUATIQUE 
Plan Coupe sur Dalot 28/03/2011 / 28/03/2011 AF 
Note de calculs A cadre béton 300*125 31/03/2011 / 31/03/2011 AF ",['05-04-2011'],[5],[41],46,Lot 24 – VRD
AVIS N°3 validé par le BC erratum sur l’ADEX n°3 ,['05-04-2011'],"[5, 6, 7, 8]","[41, 50, 59, 73]",56,Lot 24 – VRD
Araser bordurette sur parvis plage minérale (dépasse du désactivé) ,['29-08-2013'],"[80, 81, 82, 83, 84, 85, 86, 87, 88, 89, 90, 91]","[738, 753, 767, 781, 796, 811, 826, 841, 857, 871, 884, 897]",59,Lot 24 – VRD
"Attention vous avez déchaussé un candélabre existant lors de la pose de vos bordurettes (chemin piéton coté passerelle) : intervenir d’urgence
pour scellement : c’est dangereux ",['01-08-2013'],"[79, 80, 81, 82, 83, 84, 85, 86, 87, 88]","[725, 738, 753, 767, 781, 796, 811, 826, 841, 857]",51,Lot 24 – VRD
Constat d’huissier des avoisinants à faire avant intervention sur site ,['15-03-2011'],"[1, 2]","[7, 14]",12,Lot 24 – VRD
Constat d’huissier des avoisinants à faire avant intervention sur site A TRANSMETTRE ,['15-03-2011'],"[3, 4, 5, 6, 7, 8]","[22, 31, 41, 50, 59, 73]",10,Lot 24 – VRD
Il conviendrait que les échantillons de béton et des éléments préfabriqués soient présentés en même temps pour validation.   ,['15-09-2011'],"[21, 22]","[256, 266]",27,Lot 24 – VRD
La finition des désactivés n’est pas satisfaisante : nous vous donnons RDV le 25/07/13 pour état des lieux des zones à reprendre ,['18-07-2013'],[77],[699],45,Lot 24 – VRD
"La finition des désactivés n’est pas satisfaisante : nous vous donnons RDV le 25/07/13 pour état des lieux des zones à reprendre : 
Défauts devant portes hall bassin 
Traces règles 
Nous convenons d’un second constat fin août sur aspect « non désactivé » : vous prétendez que ceci s’estompe dans temps. ",['18-07-2013'],"[78, 79, 80, 81, 82, 83, 84, 85, 86, 87, 88, 89, 90, 91]","[712, 725, 738, 753, 767, 781, 796, 811, 826, 841, 857, 871, 884, 897]",48,Lot 24 – VRD
Lors de la réunion OPC trouver interface SONDEFOR ,['05-04-2011'],[5],[41],48,Lot 24 – VRD
MEMO : Le GO doit vous contacter pour déplacement du regard proche des pieux de la passerelle PMR 1 semaine avant intervention ,['07-07-2011'],"[16, 17, 18, 19, 20, 21, 22, 23, 24, 25, 26, 28, 29, 30, 31, 32, 39]","[198, 210, 221, 233, 245, 256, 266, 279, 288, 298, 308, 319, 330, 341, 353, 366, 380]",12,Lot 24 – VRD
Mettre en œuvre un nettoyage de chantier sur les voiries et sur la voix d’accès principale ,['05-07-2012'],[46],[407],4,Lot 24 – VRD
Moins value à faire sur le regard de l’AEP ,['10-05-2011'],[8],[73],18,Lot 24 – VRD
Nettoyage du courant des hamaides à prévoir ,['21-09-2012'],"[59, 60, 61, 62, 63, 64, 66, 67, 68, 69, 70, 71, 72, 72, 74, 75, 76, 77, 78, 79, 80, 81, 82, 83]","[438, 454, 467, 481, 495, 508, 522, 536, 550, 569, 588, 604, 622, 640, 656, 673, 685, 699, 712, 725, 738, 753, 767, 781]",2,Lot 24 – VRD
OPR avec BET fluides le 10/10/13 à 14h ,['03-10-2013'],[85],[811],55,Lot 24 – VRD
Organisation de chantier selon directives de l’OPC ,['15-03-2011'],"[1, 2, 3, 4, 5, 6]","[7, 14, 22, 31, 41, 50]",10,Lot 24 – VRD
"POINT D&H pour COLAS 
Pour Saint Amand, les teintes des éléments préfabriqués sont celles du nuancier Sitinao, suivantes : 
- 
murs de soutènements, Blocs marche,… : St Emilion (beige foncé) 
- 
Blocs marche pour le contraste PMR : Perouge (rouge/rosé) ou Cararre (blanc) 
- 
Bordures collées, Bordures quai de bus : Carrare, 
- 
Dalles podotactiles, Guides-canne : Carrare, 
Pour les finitions : voir CCTP ",['15-09-2011'],"[21, 22]","[256, 266]",20,Lot 24 – VRD
"POINT D&H pour COLAS 
Pour Saint Amand, les teintes des éléments préfabriqués sont celles du nuancier Sitinao, suivantes : 
- murs de soutènements, Blocs marche,… : St Emilion (beige foncé) 
- Blocs marche pour le contraste PMR : Perouge (rouge/rosé) ou Cararre (blanc) 
- Bordures collées, Bordures quai de bus : Carrare, 
- Dalles podotactiles, Guides-canne : Carrare, 
Pour les finitions : voir CCTP 
Pour rappel, le béton désactivé est de teinte rosé (voir disponibilités régionnales). 
M. MONIOT, pourriez-vous nous donner des indications sur la teinte du gravillon, et du liant du Béton pour adapter au besoin les nuances des 
élements préfabriqués (contrastes PMR). 
Il conviendrait que les échantillons de béton et des éléments préfabriqués soient présentés en même temps pour validation. ",['15-09-2011'],[23],[279],20,Lot 24 – VRD
Page 13 sur 13 ,['02-05-2013'],[76],[685],13,Lot 24 – VRD
Page 14 sur 14 ,"['21-09-2012', '13-12-2012', '08-03-2013', '02-05-2013', '16-05-2013']","[62, 64, 66, 80, 82, 83, 84, 85, 86, 87]","[481, 508, 522, 738, 767, 781, 796, 811, 826, 841]",38,Lot 24 – VRD
Page 15 sur 15 ,['02-05-2013'],[81],[753],13,Lot 24 – VRD
"Pour le parvis il avait été évoqué un gravillon concassé 4/31.5 mm, et non roulé. COLAS peut-il présenter l’échantillon correspondant ?  ",['13-12-2012'],"[59, 60, 61, 62, 63, 64, 66]","[438, 454, 467, 481, 495, 508, 522]",20,Lot 24 – VRD
"Pour rappel, le béton désactivé est de teinte rosé (voir disponibilités régionnales).  ",['15-09-2011'],"[21, 22]","[256, 266]",22,Lot 24 – VRD
Prendre connaissance et répondre aux points du CR de D&H PAYSAGES et SOJA ,['10-05-2011'],"[8, 9, 10, 11, 12, 13, 14]","[73, 92, 112, 128, 148, 160, 172]",16,Lot 24 – VRD
Prendre en compte CR DH en pièce jointe ,['10-10-2013'],"[86, 87, 88]","[826, 841, 857]",55,Lot 24 – VRD
Programmer résine du giratoire en fonction de la météo ,['17-10-2013'],"[87, 88]","[841, 857]",61,Lot 24 – VRD
Prévoir chiffrage des murets de soutènement préfabriqués pour reprise des terres sur l’extension du parvis des gradins d’accès aux plages ,['21-02-2013'],"[64, 66]","[508, 522]",45,Lot 24 – VRD
Prévoir le passage du fourreau manquant pour l’asservissement du portail extérieur (celui non passé) ,['08-03-2013'],"[67, 68, 69, 70, 71, 72, 72, 74, 75, 76, 77, 78, 79, 80, 81, 82, 83, 84, 85, 86, 87, 88]","[536, 550, 569, 588, 604, 622, 640, 656, 673, 685, 699, 712, 725, 738, 753, 767, 781, 796, 811, 826, 841, 857]",7,Lot 24 – VRD
Prévoir passage caméra dans réseau + transmettre PV ,['17-10-2013'],"[87, 88, 89, 90, 91]","[841, 857, 871, 884, 897]",59,Lot 24 – VRD
Prévoir pose d’un drain à la jonction façade et dalle de l’escalier métallique de secours ,['04-07-2013'],"[76, 77, 78, 79, 80, 81, 82, 83, 84, 85, 86, 87, 88]","[685, 699, 712, 725, 738, 753, 767, 781, 796, 811, 826, 841, 857]",49,Lot 24 – VRD
RAPPEL : vous devez contrôler le positionnement du regard aux abords des pieux et longrines de la grue G2 ,['30-06-2011'],"[15, 16, 17]","[182, 198, 210]",10,Lot 24 – VRD
RAPPEL DES POINTS EN SUSPENS ,['29-09-2011'],[23],[279],22,Lot 24 – VRD
RAPPEL sur échantillon ,['09-02-2012'],"[31, 32, 39]","[353, 366, 380]",8,Lot 24 – VRD
Raccorder câbles des candélabres sur armoire ,['14-11-2013'],"[90, 91]","[884, 897]",16,Lot 24 – VRD
"Remarque D&H PAYSAGES sur échantillons 
Bonjour, ",['13-12-2012'],"[59, 60, 61, 62, 63, 64, 66]","[438, 454, 467, 481, 495, 508, 522]",5,Lot 24 – VRD
Répondre aux observations de D&H ,['22-03-2011'],"[2, 3, 4, 5, 6, 7, 8]","[14, 22, 31, 41, 50, 59, 73]",16,Lot 24 – VRD
Selon CR OPC et CR D&H PAYSAGES ,['23-08-2012'],[46],[407],6,Lot 24 – VRD
"Suite pb échappée sous passerelle : veuillez pratiquer un décaissé  -9cm dan revêtement avec percement dans bordurette pour évacuation des
EP vers espace vert ",['26-09-2013'],"[84, 85, 86, 87, 88]","[796, 811, 826, 841, 857]",53,Lot 24 – VRD
Traiter flache au pied de l’escalier du parvis + déboucher réseau caniveau ,['17-10-2013'],"[87, 88, 89, 90, 91]","[841, 857, 871, 884, 897]",57,Lot 24 – VRD
Transmettre détail PAC des marches du parvis avec altimétrie par marches et coupe de principe ,['19-04-2012'],[39],[380],10,Lot 24 – VRD
"Transmettre le plan PAC des dalot et coupes, ces derniers ferons 3Mx1.5M HT+ transmettre note de calcul ",['22-03-2011'],"[2, 3, 4, 5, 6, 7, 8]","[14, 22, 31, 41, 50, 59, 73]",14,Lot 24 – VRD
Transmettre les documents selon liste des documents à transmettre par les entreprises ,['15-03-2011'],"[1, 2, 3, 4, 5, 6]","[7, 14, 22, 31, 41, 50]",8,Lot 24 – VRD
Transmettre échantillon de mur de soutènement à OCTANT et Copie D&H ,['29-03-2011'],"[3, 4]","[22, 31]",31,Lot 24 – VRD
Transmettre échantillon de mur de soutènement à OCTANT et Copie D&H A FAIRE ,['29-03-2011'],"[5, 6, 7, 8, 9, 10, 11, 12, 13, 14, 15, 16, 17, 18, 19, 20, 21, 22, 23, 24, 25, 26, 28, 29, 30]","[41, 50, 59, 73, 92, 112, 128, 148, 160, 172, 182, 198, 210, 221, 233, 245, 256, 266, 279, 288, 298, 308, 319, 330, 341]",31,Lot 24 – VRD
Travaux en cours ,['02-05-2013'],"[71, 72, 72, 74, 75, 76, 77, 78, 79, 80, 81, 82, 83]","[604, 622, 640, 656, 673, 685, 699, 712, 725, 738, 753, 767, 781]",8,Lot 24 – VRD
Travaux sur tranchée commune en cours ,['28-06-2012'],[46],[407],2,Lot 24 – VRD
"Voici une synthèse des derniers points abordés par Madame QUIEVREUX avec les différents interlocuteurs du projet. Merci de les prendre en
compte et de les porter à connaissance par l’intermédiaire du Compte Rendu de Chantier :  
• 
JMS : Le nivellement de la noue est validé. 
• 
JMS : Les clôtures et portails en treillis de la plage minérale prévus d’une Ht 1.20 m, seront réduits à 1.00 m.  
• 
JMS : Les clôtures barreaudée de l’enceinte payante seront décalées pour correspondre à la limite cadastrale, en crête de noue (noue à 
l’intérieur du projet). 
• 
JMS : Vérifier la largeur de la noue sous la passerelle (de longueur 3.00 m). 
• 
JMS : Pour les OPR (voir dates à définir ci-dessous) les gazons devront avoir levés et les graminées et arbustes de l’enceinte payante 
plantés (hors arbres).  
• 
JMS/COLAS : Les clôtures doivent être réalisées le plus rapidement possible de façon à permettre à COLAS de faire ses revêtements de 
sols pour la date des OPR. 
• 
COLAS : Prévoir les fourreaux pour les alarmes potentielles des portails de la cours de service donnant sur le giratoire 
• 
COLAS : mettre en relation Jarbeau et Tomasini pour la réalisation de bétons similaires sur les gradins et la rampe d’accès PMR 
• 
CT et OCTANT : D&H a transmis ce jour à M. CAZON et à M. KIEFER le plan de synthèse du contrôle d’accès et des alarmes pour 
confirmation de l’absence d’alarme sur le portail du giratoire. ",['16-05-2013'],"[84, 85, 86, 87, 88]","[796, 811, 826, 841, 857]",28,Lot 24 – VRD
Voir OPC pour recalage intervention ,['22-12-2011'],"[28, 29, 30, 31, 32, 39]","[319, 330, 341, 353, 366, 380]",10,Lot 24 – VRD
Vos présentez afin de faire un point sur les écarts entre vos réseaux et les plateforme du lot GO ,['29-04-2011'],"[6, 7, 8]","[50, 59, 73]",40,Lot 24 – VRD
Vous annoncez fournir un échantillon des murs de soutènement ,['17-05-2011'],"[9, 10, 11, 12, 13, 14, 15, 16, 17, 18, 19, 20, 21, 22, 23, 24, 25, 26, 28, 29, 30, 31, 32, 39]","[92, 112, 128, 148, 160, 172, 182, 198, 210, 221, 233, 245, 256, 266, 279, 288, 298, 308, 319, 330, 341, 353, 366, 380]",8,Lot 24 – VRD
"Vous n’avez que très partiellement protégé les ouvrages à la périphérie des bétons désactivés (en cours ce jour) les produits corrosifs employés
ne manqueront pas d’endommager les ouvrages de bardage et menuiserie : les reprises seront à vos frais ",['04-07-2013'],"[76, 77, 78, 79, 80, 81, 82, 83, 84, 85, 86, 87, 88, 89, 90, 91]","[685, 699, 712, 725, 738, 753, 767, 781, 796, 811, 826, 841, 857, 871, 884, 897]",47,Lot 24 – VRD
Vous présenter afin de faire un point sur votre avancement,['09-06-2011'],[12],[148],16,Lot 24 – VRD
"Vous êtes en attente de validation sur / 
Candélabres 
Vannes de sectionnement pour coupure des regards ",['05-04-2011'],[5],[41],52,Lot 24 – VRD
Vous êtes en attente du choix de coloris pour les murs de soutènement ,['05-04-2011'],"[5, 6, 7, 8, 9, 10, 11, 12, 13, 14, 15, 16, 17, 18, 19, 20, 21, 22, 23, 24, 25, 26, 28, 29, 30]","[41, 50, 59, 73, 92, 112, 128, 148, 160, 172, 182, 198, 210, 221, 233, 245, 256, 266, 279, 288, 298, 308, 319, 330, 341]",54,Lot 24 – VRD
"avis et observations de D&H sur les fiches de demande d’agrément de l’entreprise COLAS suivantes : n° 9 bis, 9 ter, 11 bis et 11 ter, 24 bis, 28, 30, 
31 et 31 bis.  
Ces agréments restent sous réserves des avis et observations du Bureau de Contrôle VERITAS et de la Maîtrise d’Ouvrage, notamment en ce qui 
concerne le passage sur le courant des Hamaïdes et les séparateurs d’hydrocarbures.  
Nous reconduisons la précédente remarque, à savoir que certaines fiches doivent être complétées par l’entreprise avec des plans d’atelier et de 
chantier ainsi que par des fiches techniques complémentaires (voir fiches, ex : tampons à remplissage, joints sans retrait, pieux de fondation du 
dalot,…). 
De plus les finitions et teintes des matériaux des revêtements de sols doivent être validés dans le cadre de la polychromie générale de l’ouvrage. Les 
échantillons peuvent d’ores et déjà être transmis à OCTANT.  ",['05-04-2011'],[5],[41],41,Lot 24 – VRD
"M. Debailleux nous ayant demandé de reprendre nos plans DET suivant l’implantation des forages PAC telles que vous les avez réalisé, 
merci de nous transmettre vos plans de recollement pour cette fin de semaine.  ",['09-06-2011'],"[12, 13, 14, 15, 16, 17]","[148, 160, 172, 182, 198, 210]",12,Lot 25 – FORAGES
"Suite à une dernière réunion pour l’opération du centre aquatique de Saint Amand les Eaux, transmettre le relevé géomètre des forages 
PAC ? 
Nous devons effectuer leur recollement sur notre plan masse.  ",['10-05-2011'],"[8, 9, 10, 11, 12, 13, 14]","[73, 92, 113, 129, 148, 160, 172]",8,Lot 25 – FORAGES
"Transmettre au OCTANT  OPC les fiches technique des matériaux et matériels que vous souhaitez mettre en œuvre pour observation / copie 
BC",['15-03-2011'],"[1, 2]","[7, 14]",7,Lot 25 – FORAGES
Accord pour le déplacement  du forage FP2 à 5 m de la clôture.  ,['15-03-2011'],"[1, 2, 3, 4, 5, 6, 7, 8, 9, 10, 11, 12, 13, 14]","[7, 14, 22, 31, 41, 51, 59, 73, 92, 113, 129, 148, 160, 172]",4,Lot 25 – FORAGES
Analyse par SOJA de vos essais suite à la transmission tardive du CR ,['21-07-2011'],"[17, 18, 19, 20, 21, 22, 23, 24, 25, 26, 28, 29, 30, 31, 32, 39]","[210, 221, 233, 245, 256, 266, 279, 288, 298, 308, 319, 330, 341, 353, 366, 380]",5,Lot 25 – FORAGES
Organisation de chantier selon directives de l’OPC ,['15-03-2011'],"[1, 2]","[7, 14]",11,Lot 25 – FORAGES
RAS ,['23-08-2012'],"[46, 59, 60, 61, 62, 63, 64, 66, 67, 68, 69, 70, 71]","[407, 438, 454, 467, 482, 495, 509, 523, 536, 550, 569, 588, 604]",2,Lot 25 – FORAGES
Transmettre les documents selon liste des documents à transmettre par les entreprises ,['15-03-2011'],"[1, 2]","[7, 14]",9,Lot 25 – FORAGES
Transmettre vos DOE ,['12-09-2013'],"[82, 83, 84, 85, 86, 87, 88, 89, 90, 91]","[768, 782, 797, 812, 827, 842, 857, 871, 884, 897]",2,Lot 25 – FORAGES
Transmettre vos notes et relevé pour calcul des diamètres des PE PAC URGENT ,['10-05-2011'],"[8, 9, 10, 11, 12, 13, 14]","[73, 92, 113, 129, 148, 160, 172]",10,Lot 25 – FORAGES
Vous transmettez un rapport provisoire d’analyse des eaux de forages suite aux essais demandés par la MO ,['16-05-2013'],"[72, 72, 74, 75, 76, 77, 78, 79, 80, 81]","[622, 640, 656, 673, 686, 699, 712, 725, 739, 754]",2,Lot 25 – FORAGES
Vous êtes en cour de réalisation sur les forages ,['15-03-2011'],"[1, 2, 3, 4, 5, 6, 7, 8, 9, 10, 11, 12, 13, 14]","[7, 14, 22, 31, 41, 51, 59, 73, 92, 113, 129, 148, 160, 172]",2,Lot 25 – FORAGES
"OBSERVATION N° 1 du 25/05/2011 
VISITE DU CHANTIER DU 24/05/2011 
inspection commune réalisée ce jour avec Ets SONDEFOR (fondations spéciale) 
le lot GO mettra en place les installations de chantier au plus vite , le chantier a démarré depuis 
debut mai 
rappel sur le port du casque à l'entreprise SONDEFOR 
le C.SPS 
C.BOURDEILLE ",['24-05-2011'],"[10, 11, 12, 13, 14, 15, 16, 17]","[104, 121, 136, 154, 166, 177, 189, 205]",10,SPS
"OBSERVATION N° 3 du 24/08/2011
VISITE DU CHANTIER DU 
Reprise d'activité par l'entreprise TOMMASINI. 
Demande de balisage de la zone à pieux en attente. 
faciliter l'accès entre le terreplein et la Chappe. 
Vérification de la mise en place des protections sur les piquets de repérage. ",['24-08-2011'],"[18, 19, 20, 21, 22]","[217, 228, 240, 251, 261]",6,SPS
Pas d’OBS au 29/09/11,['11-09-2011'],"[23, 24, 25, 26, 28, 29, 30, 31, 32]","[272, 283, 293, 304, 313, 324, 335, 347, 360]",1,SPS
SELON CR CSPS,['28-06-2012'],"[59, 60, 61, 62, 63, 64, 66, 67, 68, 69, 70, 71, 72, 72, 74, 75, 76, 77, 78, 79, 80, 81, 82, 83]","[428, 444, 460, 474, 488, 501, 515, 529, 541, 555, 574, 592, 609, 627, 645, 662, 679, 692, 705, 718, 731, 745, 760, 774]",1,SPS
Vous devez vous prononcer sur le PIC diffusé par TOMMASINI,['29-03-2011'],"[3, 4, 5, 6, 7, 8, 9, 10, 11, 12, 13, 14]","[20, 28, 36, 46, 56, 68, 83, 104, 121, 136, 154, 166]",1,SPS
"3 personnes affectées à cette tache seront mise au compte prorata des entreprises sur site (TC/BSM/STEREC/ETDE/FORCLUM)  
Soit 3 ho le 26/04 + 2 ho le 27/04 x 8h x 35 E/h = 1 400 E / 5 ste = 280 E/ste ",['03-05-2012'],[62],[474],34,TOUS CORPS D’ETATS
Aucun intervenant « sous traitant » sans demande d’acte de sous traitance validée par MO/MOE ,['15-03-2011'],"[5, 6, 10, 23, 31, 32, 68, 71]","[36, 46, 104, 272, 347, 360, 541, 592]",22,TOUS CORPS D’ETATS
"Avant toute intervention sur le site, vous devez effectuer une visite d’inspection commune en présence du CSPS et fournir à ce dernier vos PPSPS ",['15-03-2011'],"[5, 6, 10, 23, 31, 32, 68, 71]","[36, 46, 104, 272, 347, 360, 541, 592]",20,TOUS CORPS D’ETATS
"Communauté d’Agglomération des Portes du Hainaut – Construction d’un Centre Aquatique à St Amand Les Eaux – CR MOE N° 62 
 du 07/02/13 ",['03-05-2012'],[62],[474],29,TOUS CORPS D’ETATS
Diffusion de documents : selon circuit de l’OPC ,['15-03-2011'],"[5, 6, 10, 23, 31, 32, 68, 71]","[36, 46, 104, 272, 347, 360, 541, 592]",18,TOUS CORPS D’ETATS
Intervention sur site pour réalisation des tâches selon directives de l’OPC ,['15-03-2011'],"[5, 6, 10, 23, 31, 32, 68, 71]","[36, 46, 104, 272, 347, 360, 541, 592]",27,TOUS CORPS D’ETATS
La commission de sécurité aura lieu dans la semaine du 14/10/13 ,['12-09-2013'],"[82, 83, 84, 85]","[760, 774, 789, 804]",19,TOUS CORPS D’ETATS
"Les entreprises BOUYGUES, EIFFAGE, COEXIA, SAM+, PMN, COLAS et JMS sont
convoquées à la commission de sécurité le 26/10/13 à 14h : présence impérative ",['21-11-2013'],[91],[890],31,TOUS CORPS D’ETATS
"Les phases de nettoyage vont démarrer : le port de sur-chaussures sera obligatoire dans le
hall bassin : tout contrevenant se verra facturer les nettoyages supplémentaires ",['14-11-2013'],"[90, 91]","[877, 890]",29,TOUS CORPS D’ETATS
"Lever tous les avis du RVRAT du BC avant le 21/11/13
IMPERATIVEMENT sous peine d’un avis D de la 
commission, dans ce cas les responsabilités seront recherchées",['14-11-2013'],"[90, 91]","[877, 890]",27,TOUS CORPS D’ETATS
"Nous rappelons à l’ensemble des entreprises qu’elles doivent nous remettre leurs réservations dans les meilleurs délais. L’OPC établira un planning 
de remise des documents pendant la phase étude. ",['15-03-2011'],"[5, 6, 10, 23, 31, 32, 68, 71]","[36, 46, 104, 272, 347, 360, 541, 592]",25,TOUS CORPS D’ETATS
Page 7 sur 14 ,['03-05-2012'],[62],[474],31,TOUS CORPS D’ETATS
"Serveur FTP JAPAC
Afin de pouvoir vous connecter au serveur, Login FTP 
Veuillez trouver votre nom d'utilisateur : 08_102_EAUX_plans octant   
et votre mot de passe :   lu310111 
Tenir compte des Majuscules et minuscules. 
Afin de télécharger les éléments de l'affaire citée en référence. 
Notre serveur FTP : ftp.octant-architecture.fr 
Vous pouvez utiliser Internet Explorer et placer ‘’ ftp.octant-architecture.fr‘’ dans la barre d’adresse. 
Une fenêtre s’affichera et vous demandera votre nom d’utilisateur et votre mot de passe. 
SOJA BET FLUIDES 
IDEM PLANS FLUIDE:Les plans fluides sont disponibles sur serveur FTP : 
nom d'utilisateur : 08_102_EAUX_plans SOJA 
mot de passe : ma220211 Tenir compte des majuscules et minuscules 
Notre serveur FTP : ftp.octant-architecture.fr ",['15-03-2011'],"[5, 6, 10, 23, 31, 32, 68, 71]","[36, 46, 104, 272, 347, 360, 541, 592]",16,TOUS CORPS D’ETATS
"Une mise à jour des plans archi a été faite sur notre serveur ftp. 
RDJ IND C 
RDC IND D 
R+1 IND C ",['30-05-2011'],"[11, 12, 13, 14, 15, 16, 17, 18, 19]","[121, 137, 155, 166, 178, 189, 206, 217, 229]",29,TOUS CORPS D’ETATS
point sur le nettoyage de chantier fait par la ste Tommasini hier en vue de la visite du 28/04/12 ,['03-05-2012'],[62],[474],26,TOUS CORPS D’ETATS
"point sur le nettoyage de chantier fait par la ste Tommasini hier en vue de la visite du 28/04/12 
3 personnes affectées à cette tache seront mise au compte prorata des entreprises sur site (TC/BSM/STEREC/ETDE/FORCLUM)  
Soit 3 ho le 26/04 + 2 ho le 27/04 x 8h x 35 E/h = 1 400 E / 5 ste = 280 E/ste ",['03-05-2012'],"[59, 60, 61, 63, 64, 66, 67, 68, 69, 70, 71, 72, 72, 74, 75, 76, 77, 78, 79, 80, 81]","[428, 444, 460, 488, 501, 515, 529, 541, 555, 574, 592, 609, 627, 645, 662, 679, 692, 705, 718, 731, 745]",34,TOUS CORPS D’ETATS
"Communauté d’Agglomération des Portes du Hainaut – Construction d’un Centre Aquatique à St Amand Les Eaux – CR MOE N° 46 
 du 31/08/12 ","['23-02-2012', '16-05-2013']","[46, 79]","[405, 723]",5,Lot 16 – EQUIPEMENTS VESTIAIRES CABINES CASIERS
"Nous n’avons pas d’observations sur les percements des réseaux d’alimentation des casiers des groupes, nous avons transmis vos demandes 
aux BET SICRE pour validations ",['14-02-2013'],"[63, 64, 66, 67, 68, 69, 70, 71]","[494, 508, 522, 535, 549, 568, 587, 603]",25,Lot 16 – EQUIPEMENTS VESTIAIRES CABINES CASIERS
Nous sommes dans l’attente de vos propositions sur les fonds des cabines verres !suite à notre dernière réunion ,['18-10-2012'],"[59, 60, 61, 62, 63, 64, 66, 67, 68]","[437, 453, 466, 480, 494, 508, 522, 535, 549]",8,Lot 16 – EQUIPEMENTS VESTIAIRES CABINES CASIERS
"Nous validons la suppression des fonds des cabines douches E8 et E9 sous réserves que vous trouviez un accord avec BAUTERS pour mise 
en œuvre de carrelage en lieu et place des fonds ",['24-01-2013'],"[60, 61, 62, 63, 64, 66, 67, 68, 69, 70, 71]","[453, 466, 480, 494, 508, 522, 535, 549, 568, 587, 603]",19,Lot 16 – EQUIPEMENTS VESTIAIRES CABINES CASIERS
"Pour les caractéristique d’ouverture/fermeture des doubles portes D5/D6  ainsi que la porte D3 à Etudier la possibiliter de maintiens de la
porte ouverte (aimant ou autre)  
Pour la porte D3 nous acceptons un raidisseur vertical (partie fixe) pour limiter l’ouvrant à 900mm mais nous refusons une barre horizontale
en partie haute  ",['16-05-2013'],"[72, 72, 74, 75, 76, 77, 78, 79, 80, 81, 82, 83, 84, 85, 86, 87, 88, 89, 90, 91]","[620, 638, 654, 671, 684, 697, 710, 723, 737, 752, 766, 780, 795, 810, 825, 840, 855, 870, 883, 896]",9,Lot 16 – EQUIPEMENTS VESTIAIRES CABINES CASIERS
"Prendre connaissance des courriels transmis : refus des plans PAC, voir CCTP, l’ensemble des casiers et cabines sont en verre. Vous devez 
rester strictement conforme au CCTP. ",['22-12-2011'],"[28, 29, 30]","[318, 329, 339]",7,Lot 16 – EQUIPEMENTS VESTIAIRES CABINES CASIERS
"Suite au point fait ce jour, vous devez relancer votre fournisseur, nous n’acceptons pas votre proposition pour la suppression des cabines en 
verre ",['15-09-2011'],"[21, 22]","[255, 265]",11,Lot 16 – EQUIPEMENTS VESTIAIRES CABINES CASIERS
"Suite à la réunion sur site, transmettre un chiffrage sur la mise en place de portes sur les armoires groupe. ",['09-02-2012'],"[31, 32]","[352, 365]",2,Lot 16 – EQUIPEMENTS VESTIAIRES CABINES CASIERS
"Suite à notre conversation téléphonique, nous ne pouvons accepter votre proposition de changement du type de cabine, vous resterez en 
cabine verre ",['25-08-2011'],"[18, 19, 20, 23, 24, 25, 26, 28, 29, 30]","[220, 232, 244, 278, 286, 297, 307, 318, 329, 339]",22,Lot 16 – EQUIPEMENTS VESTIAIRES CABINES CASIERS
"Transmettre détails sur les cabines de douche individuelles dans les douches collectives, compris ancrages 
LE 14/02/13 : Nous réitérons notre demande, vos devez fournir un plan et détail des cabines de courtoisie pour validation Moe et 
transmission à ETDE pour calepinage des poussoirs et pommeaux ",['03-05-2012'],"[63, 64, 66, 67, 68]","[494, 508, 522, 535, 549]",4,Lot 16 – EQUIPEMENTS VESTIAIRES CABINES CASIERS
Vous présentez afin de faire un point sur les cabines en verre IMPERATIF ,['01-09-2011'],"[19, 20, 21, 22, 23, 23]","[232, 244, 255, 265, 278, 278]",8,Lot 16 – EQUIPEMENTS VESTIAIRES CABINES CASIERS
: Transmettre la FT du matériau de support des verres des fonds de cabines au BC pour validation,['14-02-2013'],"[63, 64, 66, 67, 68]","[494, 508, 522, 535, 549]",19,Lot 16 – EQUIPEMENTS VESTIAIRES CABINES CASIERS
Abaisser les casiers des vestiaires groupes en supprimant les longerons ,['31-10-2013'],"[88, 89, 90, 91]","[855, 870, 883, 896]",19,Lot 16 – EQUIPEMENTS VESTIAIRES CABINES CASIERS
Attention les pattes de fixation des cabines doivent venir en applique sur le carrelage : pas de découpe du carrelage autour ,['01-08-2013'],"[79, 80, 81, 82, 83, 84, 85, 86, 87, 88, 89, 90, 91]","[723, 737, 752, 766, 780, 795, 810, 825, 840, 855, 870, 883, 896]",24,Lot 16 – EQUIPEMENTS VESTIAIRES CABINES CASIERS
Chiffrer les façades têtes de casiers de la zone du public par panneau de verre ,['31-10-2013'],"[88, 89, 90, 91]","[855, 870, 883, 896]",31,Lot 16 – EQUIPEMENTS VESTIAIRES CABINES CASIERS
Dans sanitaires D2 : inverser cloison séparative pour pose de l’enrouleur ,['31-10-2013'],"[88, 89, 90, 91]","[855, 870, 883, 896]",25,Lot 16 – EQUIPEMENTS VESTIAIRES CABINES CASIERS
"Demande de  morgane spindler à TOMMASINI 
Objet : Socles casiers verre et stratifié ST AMAND DES EAUX 
Bonjour, 
En réponse à votre mail concernant les socles des casiers, je vous prie de trouver ci-dessous les commentaires de l'entreprise PROSPEC pour les 
casiers en verre. 
Concernant les casiers en stratifié : la zone des collectifs est en cours d'étude chez nous pour modification, dès approbation par le maitre d'oeuvre et le 
maitre d'ouvrage, de nouveaux plans de socles seront diffusés. 
Pour les casiers de la zone déchaussage, étant donné que nous avons dorénavant à notre charge la fourniture des portes nous souhaitons modifier la 
profondeur du socle pour la passer à 330 mm. Nous vous renverrons le plan de socle modifié en même temps que la nouvelle étude des collectifs. ",['07-06-2012'],[46],[405],30,Lot 16 – EQUIPEMENTS VESTIAIRES CABINES CASIERS
Intervention en cours  ,['02-05-2013'],"[71, 72, 72, 74, 75, 76, 77, 78, 79, 80, 81]","[603, 620, 638, 654, 671, 684, 697, 710, 723, 737, 752]",18,Lot 16 – EQUIPEMENTS VESTIAIRES CABINES CASIERS
Inverser sens ouverture de la cabine PMR dans circulation IS ,['07-11-2013'],"[89, 90, 91]","[870, 883, 896]",33,Lot 16 – EQUIPEMENTS VESTIAIRES CABINES CASIERS
"Malgré nos demandes réitérées vous ne vous êtes pas présentés à la réunion de ce jour, mise au point impossible sur batits support dont la pose est
refusée ",['01-08-2013'],"[79, 80, 81, 82, 83, 84, 85, 86, 87, 88, 89, 90, 91]","[723, 737, 752, 766, 780, 795, 810, 825, 840, 855, 870, 883, 896]",27,Lot 16 – EQUIPEMENTS VESTIAIRES CABINES CASIERS
Manque banc + équipements + quincaillerie dans cabine PMR et proposer profil intérieur pare-vue ,['31-10-2013'],"[88, 89, 90, 91]","[855, 870, 883, 896]",23,Lot 16 – EQUIPEMENTS VESTIAIRES CABINES CASIERS
Nous demandons l’abandon de la seconde cabine de courtoisie dans zone douche du fait qu’elle condamnera l’usage de la douche adjacente ,['01-08-2013'],"[79, 80, 81, 82, 83, 84, 85, 86, 87, 88, 89, 90, 91]","[723, 737, 752, 766, 780, 795, 810, 825, 840, 855, 870, 883, 896]",22,Lot 16 – EQUIPEMENTS VESTIAIRES CABINES CASIERS
Nous devons prévoir une synthèse sur l’arrière des fonds des cabines WC avec ETDE ,['12-04-2012'],"[39, 46, 59, 60, 61, 62]","[380, 405, 437, 453, 466, 480]",4,Lot 16 – EQUIPEMENTS VESTIAIRES CABINES CASIERS
Nous refusons la pose des barres transversales de maintien : remplacer par des renforts verticaux ,['01-08-2013'],"[79, 80, 81, 82, 83, 84, 85, 86, 87, 88, 89, 90, 91]","[723, 737, 752, 766, 780, 795, 810, 825, 840, 855, 870, 883, 896]",20,Lot 16 – EQUIPEMENTS VESTIAIRES CABINES CASIERS
Page 11 sur 12 ,['23-02-2012'],[46],[405],7,Lot 16 – EQUIPEMENTS VESTIAIRES CABINES CASIERS
Page 12 sur 13 ,['16-05-2013'],[79],[723],14,Lot 16 – EQUIPEMENTS VESTIAIRES CABINES CASIERS
Point GO sur socle des armoires ,['07-06-2012'],[46],[405],20,Lot 16 – EQUIPEMENTS VESTIAIRES CABINES CASIERS
Poser les patères ,['31-10-2013'],"[88, 89, 90, 91]","[855, 870, 883, 896]",29,Lot 16 – EQUIPEMENTS VESTIAIRES CABINES CASIERS
Proposer chiffrage pour porte 61 séparative pieds nus/pieds chaussés espace cabines ,['31-10-2013'],"[88, 89, 90, 91]","[855, 870, 883, 896]",21,Lot 16 – EQUIPEMENTS VESTIAIRES CABINES CASIERS
RAPPEL ,['17-05-2011'],"[9, 10, 11, 12, 13, 14, 15, 16, 17]","[90, 110, 127, 145, 158, 170, 182, 198, 209]",24,Lot 16 – EQUIPEMENTS VESTIAIRES CABINES CASIERS
RAPPEL DES POINTS EN SUSPENS ,['29-09-2011'],[23],[278],18,Lot 16 – EQUIPEMENTS VESTIAIRES CABINES CASIERS
RAPPEL échantillon ,['23-02-2012'],[32],[365],6,Lot 16 – EQUIPEMENTS VESTIAIRES CABINES CASIERS
RAPPEL échantillon FAIT ,['23-02-2012'],"[39, 46]","[380, 405]",2,Lot 16 – EQUIPEMENTS VESTIAIRES CABINES CASIERS
Relancer cloison fond WC en fabrication : nous ne validons pas les découpes autour des boutons poussoirs ,['31-10-2013'],"[88, 89, 90, 91]","[855, 870, 883, 896]",27,Lot 16 – EQUIPEMENTS VESTIAIRES CABINES CASIERS
"Reprendre fixation de vos habillages bâtits supports : à l’heure actuelle le vide entre l’habillage et le bâtits ne manquera pas de fendre les habillages en
verre ",['04-07-2013'],"[76, 77, 78, 79, 80, 81, 82, 83, 84, 85, 86, 87, 88, 89, 90, 91]","[684, 697, 710, 723, 737, 752, 766, 780, 795, 810, 825, 840, 855, 870, 883, 896]",12,Lot 16 – EQUIPEMENTS VESTIAIRES CABINES CASIERS
Revoir votre plan de cabines vestiaires publics avec un banc par cabines PMR et ou famille ,['21-03-2013'],"[69, 70, 71, 72, 72, 74, 75, 76, 77, 78, 79, 80, 81]","[568, 587, 603, 620, 638, 654, 671, 684, 697, 710, 723, 737, 752]",16,Lot 16 – EQUIPEMENTS VESTIAIRES CABINES CASIERS
"Réponse TOMMASINI 
Pour infos tous les socles sont faits ou sur le point d’être coulés pour les derniers 
Les seuls en attentes sont ceux qui étaient indiqué comme tel sur le plan diffusé à la Maitrise d’œuvre 
De mémoire c’est la zone vestiaires collectifs ",['07-06-2012'],[46],[405],35,Lot 16 – EQUIPEMENTS VESTIAIRES CABINES CASIERS
"Serveur FTP JAPAC 
Afin de pouvoir vous connecter au serveur, Login FTP 
Veuillez trouver votre nom d'utilisateur : 08_102_EAUX_plans octant 
et votre mot de passe : lu310111 
Tenir compte des Majuscules et minuscules. 
Afin de télécharger les éléments de l'affaire citée en référence. 
Notre serveur FTP : ftp.octant-architecture.fr 
Vous pouvez utiliser Internet Explorer et placer ‘’ ftp.octant-architecture.fr‘’ dans la barre d’adresse. 
Une fenêtre s’affichera et vous demandera votre nom d’utilisateur et votre mot de passe. 
SOJA BET FLUIDES 
IDEM PLANS FLUIDE:Les plans fluides sont disponibles sur serveur FTP : 
nom d'utilisateur : 08_102_EAUX_plans SOJA 
mot de passe : ma220211 Tenir compte des majuscules et minuscules 
Notre serveur FTP : ftp.octant-architecture.fr ",['10-05-2011'],"[8, 9, 10, 11, 12, 13, 14, 15, 16, 17, 18]","[71, 90, 110, 127, 145, 158, 170, 182, 198, 209, 220]",17,Lot 16 – EQUIPEMENTS VESTIAIRES CABINES CASIERS
"Suite à nos observations sur les cercles de girations PMR dans l’emprise des cabines, nous vous avons demandé de retransmettre vos plans corrigés 
pour nouvelles observations ",['18-10-2012'],"[59, 60, 61, 62]","[437, 453, 466, 480]",11,Lot 16 – EQUIPEMENTS VESTIAIRES CABINES CASIERS
"Suite à nos observations sur les cercles de girations PMR dans l’emprise des cabines, nous vous avons demandé de retransmettre vos plans corrigés 
pour nouvelles observations 
LE 14/02/13 : FAIT ",['18-10-2012'],"[63, 64, 66, 67, 68]","[494, 508, 522, 535, 549]",13,Lot 16 – EQUIPEMENTS VESTIAIRES CABINES CASIERS
Suivant CR OPC ,['02-05-2013'],[71],[603],20,Lot 16 – EQUIPEMENTS VESTIAIRES CABINES CASIERS
"Suivant courriel, transmettre études dur les modifications des casiers / bancs des vestiaires ",['10-05-2012'],[39],[380],12,Lot 16 – EQUIPEMENTS VESTIAIRES CABINES CASIERS
"Suivant courriel, transmettre études dur les modifications des casiers / bancs des vestiaires FAIT en attente validation BC et MO ",['10-05-2012'],"[46, 59, 60, 61, 62, 63, 64, 66, 67, 68]","[405, 437, 453, 466, 480, 494, 508, 522, 535, 549]",18,Lot 16 – EQUIPEMENTS VESTIAIRES CABINES CASIERS
Suivant plan annoté OCTANT transmettre l’ajustement suite à la suppression de bancs ,['28-06-2012'],[46],[405],41,Lot 16 – EQUIPEMENTS VESTIAIRES CABINES CASIERS
"Transmettre détails sur les cabines de douche individuelles dans les douches collectives, compris ancrages ",['03-05-2012'],"[39, 46, 59, 60, 61, 62]","[380, 405, 437, 453, 466, 480]",10,Lot 16 – EQUIPEMENTS VESTIAIRES CABINES CASIERS
"Transmettre détails sur les cabines de douche individuelles dans les douches collectives, compris ancrages 
LE 14/02/13 : Nous réitérons notre demande, vos devez fournir un plan et détail des cabines de courtoisie pour validation Moe et transmission à 
ETDE pour calepinage des poussoirs et pommeaux 
LE 21/03/13 : nous validons vos cabines de courtoisies en D4 et D7, à transmettre à ETDE pour déplacement des réservations des douches ",['03-05-2012'],"[69, 70, 71]","[568, 587, 603]",5,Lot 16 – EQUIPEMENTS VESTIAIRES CABINES CASIERS
"Transmettre le plan des socles des vestiaires groupes suite à la validation de votre offre en variante, (demandée par le MO). Vous devez nous 
retransmettre un plan à jour suite au courriel que nous vous avons transmis, ce dernier intégre la suppression de quelques bancs afin d’obtenir de la 
part du bureau de contrôle la la validation sur les PMR avec des aires de retournement à 150 de DN ",['28-06-2012'],[46],[405],39,Lot 16 – EQUIPEMENTS VESTIAIRES CABINES CASIERS
Transmettre les plans des socles casiers  ,['10-05-2011'],"[8, 9, 10, 11, 12, 13, 14, 15, 16, 17, 18, 19, 20, 21, 22, 23, 24, 25]","[71, 90, 110, 127, 145, 158, 170, 182, 198, 209, 220, 232, 244, 255, 265, 278, 286, 297]",19,Lot 16 – EQUIPEMENTS VESTIAIRES CABINES CASIERS
Transmettre l’échantillon de casier / cabine ,['09-02-2012'],"[31, 32]","[352, 365]",4,Lot 16 – EQUIPEMENTS VESTIAIRES CABINES CASIERS
"Transmettre plan PAC des fonds de cabine et cabines, stratifié et verre, de même, transmettre principe de fixation sur voiles ou cloison ",['15-09-2011'],"[21, 22]","[255, 265]",13,Lot 16 – EQUIPEMENTS VESTIAIRES CABINES CASIERS
"Transmettre plan PAC sur la fixation en pied, attention plancher chauffant dans certaines zones ",['15-09-2011'],"[21, 22]","[255, 265]",15,Lot 16 – EQUIPEMENTS VESTIAIRES CABINES CASIERS
"Transmettre votre dossier technique et vos fiches matériels et matériaux, copie au Bureau de Contrôle ",['10-05-2011'],"[8, 9, 10, 11, 12, 13, 14, 15, 16, 17, 18, 19, 20, 23, 24, 25]","[71, 90, 110, 127, 145, 158, 170, 182, 198, 209, 220, 232, 244, 278, 286, 297]",21,Lot 16 – EQUIPEMENTS VESTIAIRES CABINES CASIERS
"Transmettre votre dossier technique et vos fiches matériels et matériaux, copie au Bureau de Contrôle + MO en format papier ",['10-05-2011'],"[21, 22]","[255, 265]",4,Lot 16 – EQUIPEMENTS VESTIAIRES CABINES CASIERS
Transmettre échantillons ,['15-09-2011'],"[21, 22]","[255, 265]",8,Lot 16 – EQUIPEMENTS VESTIAIRES CABINES CASIERS
"Transmettre échantillons 
Suite au point fait ce jour, vous devez relancer votre fournisseur, nous n’acceptons pas votre proposition pour la suppression des cabines en verre 
Transmettre plan PAC des fonds de cabine et cabines, stratifié et verre, de même, transmettre principe de fixation sur voiles ou cloison 
Transmettre plan PAC sur la fixation en pied, attention plancher chauffant dans certaines zones ",['15-09-2011'],[23],[278],14,Lot 16 – EQUIPEMENTS VESTIAIRES CABINES CASIERS
"Veuillez répondre à nos interrogations suite à la réception de votre dernière proposition de cabines, nous ne pouvons pousser les murs et voiles BA, 
vous devez donc vous adapter à ce qui est en place aujourd’hui 
Pour informons ne prenons pas en compte votre proposition financière sur les fonds de WC, nous acceptons cependant votre variante de verre collé 
sur médium sous réserve de l’acceptation du BC sur la tenue du medium ",['08-11-2012'],"[59, 60, 61, 62, 63, 64, 66, 67, 68]","[437, 453, 466, 480, 494, 508, 522, 535, 549]",16,Lot 16 – EQUIPEMENTS VESTIAIRES CABINES CASIERS
"Vous devez proposer un modèle de porte manteau plus en adéquation avec l’Architecture du centre aquatique, idem pour les patères double ",['19-04-2012'],"[39, 46]","[380, 405]",8,Lot 16 – EQUIPEMENTS VESTIAIRES CABINES CASIERS
Vous devez proposer une méthode de désolidarisation des pieds des cabines de déshabillage au BC vis-à-vis des planchers chauffants ,['19-04-2012'],"[39, 46]","[380, 405]",6,Lot 16 – EQUIPEMENTS VESTIAIRES CABINES CASIERS
Vous êtes en attente d’observations suite transmission de votre dossier technique ,['20-10-2011'],"[24, 25, 26, 28, 29, 30]","[286, 297, 307, 318, 329, 339]",11,Lot 16 – EQUIPEMENTS VESTIAIRES CABINES CASIERS
nous validons votre proposition de banc blanc dans les cabines des vestiaires publics ,['21-03-2013'],"[69, 70, 71]","[568, 587, 603]",14,Lot 16 – EQUIPEMENTS VESTIAIRES CABINES CASIERS
"82 jours de retards à 500€ / JRS soit 41 000€, pour les échantillon et choix de l’intérieur des cabines",['15-09-2011'],"[21, 22, 23]","[255, 266, 278]",12,Lot 19 – ASCENSEURS
"Réponse au BC sur les VH en tête de gaine 
Réponse de SCHINDLER suite à OBS sur VH de la gaine 
nous nous permettons d'apporter une précision concernant la ventilation haute des gaines d'ascenseur  
pour information > selon EN81-1 de 1986 annexe H > 5.2.3 le calcul de la VH est lié au nombre de baies du niveau qui en comporte le plus.  
selon EN81-1 de 1998, la VH  est de 1% de la surface de gaine.  
sur nos plans nous précisons:  
VH = 7dm² si 1 porte palière par niveau  
VH = 14dm² si 2 portes palières au même niveau  
dans ce cas présent, nous n'avons qu'une porte par niveau , donc la section de 7dm² est largement dimensionnée. ",['25-08-2011'],"[18, 19, 20, 23, 24, 25, 26, 28, 29, 30]","[220, 232, 244, 278, 287, 298, 307, 318, 329, 340]",16,Lot 19 – ASCENSEURS
"Communauté d’Agglomération des Portes du Hainaut – Construction d’un Centre Aquatique à St Amand Les Eaux – CR MOE N° 88 
 du 31/10/13 ",['26-09-2013'],[88],[855],5,Lot 19 – ASCENSEURS
Confirmer au BET SICRE vos descentes de charge ,['10-05-2011'],"[8, 9, 10, 11, 12, 13, 14]","[72, 91, 111, 127, 146, 159, 171]",17,Lot 19 – ASCENSEURS
Confirmer que la puissance des ascenseurs est inférieure à 15 Kwa ,['26-09-2013'],"[84, 85, 86, 87, 88, 89, 90, 91]","[795, 810, 825, 840, 855, 870, 883, 896]",2,Lot 19 – ASCENSEURS
Fournir certificat CE des ascenseurs ,['14-11-2013'],"[90, 91]","[883, 896]",4,Lot 19 – ASCENSEURS
Fournir sans délais les échantillons cabines ,['27-10-2011'],"[25, 26]","[298, 307]",17,Lot 19 – ASCENSEURS
"Fournir sans délais les échantillons cabines 
NON FAIT AU 24/11/11 ; retard depuis la fin de la période de préparation ",['27-10-2011'],"[28, 29, 30, 31, 32]","[318, 329, 340, 353, 365]",18,Lot 19 – ASCENSEURS
"Nous vous relançons, car nous vous avions demandé depuis le 15 juin 2012 de lever vos avis suspendus, concernant le chantier cité en référence ! 
ASCENSEURS -10 560 290 / 0 PLAN D’INSTALLATION 
Adex 15 : 26/08/2011 
PV d’essais au feu à transmettre pour le portes palières PF ½ heure 
PV au feu des revêtements : sols, parois verticales et horizontales intérieur cabine. 
Certificat CE à transmettre 
Nous vous demandons de répondre dans les plus brefs délais, 
et de nous mettre en copie  de vos actions et de vos réponses adressées à M CASON Jean Marie, bureau de contrôle VERITAS , merci. ",['28-06-2012'],[46],[406],11,Lot 19 – ASCENSEURS
Page 13 sur 14 ,['26-09-2013'],[88],[855],7,Lot 19 – ASCENSEURS
RAPPEL DES POINTS EN SUSPENS ,['29-09-2011'],[23],[278],22,Lot 19 – ASCENSEURS
RAS ,['08-03-2013'],"[67, 68, 69, 70, 71, 72, 72, 74, 75, 76, 77, 78, 79, 80, 81, 82, 83]","[535, 550, 568, 587, 603, 620, 638, 654, 671, 685, 698, 711, 724, 737, 752, 766, 780]",2,Lot 19 – ASCENSEURS
REPONDRE AU BC SUR : ,['01-09-2011'],"[19, 20, 21, 22, 23, 24, 25, 26, 28, 29, 30]","[232, 244, 255, 266, 278, 287, 298, 307, 318, 329, 340]",18,Lot 19 – ASCENSEURS
Rappel ,['16-06-2011'],"[15, 16, 17, 18, 19, 20, 21, 22, 23, 24]","[182, 198, 209, 220, 232, 244, 255, 266, 278, 287]",8,Lot 19 – ASCENSEURS
Répondre à l’ensemble des points ci-dessus ,['25-10-2012'],"[59, 60, 61, 62, 63, 64, 66]","[437, 453, 466, 481, 494, 508, 522]",4,Lot 19 – ASCENSEURS
"Serveur FTP JAPAC 
Afin de pouvoir vous connecter au serveur, Login FTP 
Veuillez trouver votre nom d'utilisateur : 08_102_EAUX_plans octant 
et votre mot de passe : lu310111 
Tenir compte des Majuscules et minuscules. 
Afin de télécharger les éléments de l'affaire citée en référence. 
Notre serveur FTP : ftp.octant-architecture.fr 
Vous pouvez utiliser Internet Explorer et placer ‘’ ftp.octant-architecture.fr‘’ dans la barre d’adresse. 
Une fenêtre s’affichera et vous demandera votre nom d’utilisateur et votre mot de passe. 
SOJA BET FLUIDES 
IDEM PLANS FLUIDE:Les plans fluides sont disponibles sur serveur FTP : 
nom d'utilisateur : 08_102_EAUX_plans SOJA 
mot de passe : ma220211 Tenir compte des majuscules et minuscules 
Notre serveur FTP : ftp.octant-architecture.fr ",['10-05-2011'],"[8, 9, 10, 11, 12, 13, 14]","[72, 91, 111, 127, 146, 159, 171]",15,Lot 19 – ASCENSEURS
Transmettre les choix et échantillons de l’intérieur de l’ascenseur ,['30-06-2011'],"[15, 16]","[182, 198]",10,Lot 19 – ASCENSEURS
Transmettre les choix et échantillons de l’intérieur de l’ascenseur  NON FAIT ,['30-06-2011'],"[17, 18, 19, 20, 21, 22, 23, 24, 25, 26, 28, 29, 30]","[209, 220, 232, 244, 255, 266, 278, 287, 298, 307, 318, 329, 340]",10,Lot 19 – ASCENSEURS
Transmettre vos besoins en CVC en tête de gaine et VB si besoins est ,['10-05-2011'],"[8, 9, 10, 11, 12, 13, 14, 15, 16, 17]","[72, 91, 111, 127, 146, 159, 171, 182, 198, 209]",21,Lot 19 – ASCENSEURS
Transmettre vos besoins en puissances électrique au BET SOJA ,['10-05-2011'],"[8, 9, 10, 11, 12, 13, 14, 15, 16, 17, 18, 19, 20, 21, 22, 23, 24]","[72, 91, 111, 127, 146, 159, 171, 182, 198, 209, 220, 232, 244, 255, 266, 278, 287]",23,Lot 19 – ASCENSEURS
Transmettre vos dimensions de gaine  ,['10-05-2011'],"[8, 9, 10, 11, 12, 13, 14, 15, 16, 17]","[72, 91, 111, 127, 146, 159, 171, 182, 198, 209]",19,Lot 19 – ASCENSEURS
Vous devez déposer les rails de vos ouvrages pour passage du cuvelage de TOMMASINI ,['18-10-2012'],"[59, 60, 61, 62, 63, 64, 66]","[437, 453, 466, 481, 494, 508, 522]",2,Lot 19 – ASCENSEURS
"Vous n’avez pas déféré à l’ordre de service N°3 du 05/05/2011, nous réitérons notre demande de transmission d’éléments ci dessus ",['17-05-2011'],"[9, 10, 11]","[91, 111, 127]",25,Lot 19 – ASCENSEURS
Vous transmettez votre réception de support à TOMMASINI pour reprises ,['10-05-2012'],"[39, 46]","[380, 406]",2,Lot 19 – ASCENSEURS
rappel ,['16-06-2011'],"[13, 14]","[159, 171]",25,Lot 19 – ASCENSEURS
"Communauté d’Agglomération des Portes du Hainaut – Construction d’un Centre Aquatique à St Amand Les Eaux – CR MOE N° 60 
 du 24/01/13 ","['04-10-2012', '13-12-2012', '07-02-2013', '16-05-2013', '30-05-2013', '06-06-2013', '05-09-2013']","[60, 64, 66, 67, 76, 77, 78, 81, 82, 83, 85, 86, 87, 88, 89]","[448, 504, 518, 532, 681, 694, 707, 748, 763, 777, 806, 821, 836, 851, 866]",20,Lot 6 – MENUISERIES EXTERIEURES ET INTERIEURES ALU
"Mettre en œuvre les cornières en pied du châssis entre accueil et hall ludique pour BAUTERS, en effet il manque cette pièce pour relever
l’étanchéité ",['07-02-2013'],"[62, 63, 64, 66, 67, 68, 69, 70, 71, 72, 72, 74]","[477, 491, 504, 518, 532, 546, 561, 580, 597, 614, 632, 648]",10,Lot 6 – MENUISERIES EXTERIEURES ET INTERIEURES ALU
"Nous vous demandons de bien vouloir fixer des cornières aluminium du même RAL que les menuiseries sur le châssis des locaux J12 et J13
MNS et infirmerie, en effet la cloison de plaque hydro se posant sur vos ouvrage ne permet pas une finition optimale ",['23-08-2012'],"[46, 59, 60, 61, 62, 63, 64, 66, 67, 68, 69, 70, 71, 72, 72, 74]","[402, 432, 448, 463, 477, 491, 504, 518, 532, 546, 561, 580, 597, 614, 632, 648]",11,Lot 6 – MENUISERIES EXTERIEURES ET INTERIEURES ALU
"Nous vous demandons de tracer au sol l’implantation du châssis au R+1 entre gradin et palier pour BSM, afin que ce dernier puisse
repositionner la panne bois support de châssis, en rappel, la poutre BLC de BSM doit servir de CF jusqu’au bac acier ",['10-01-2013'],"[59, 60, 61, 62, 63, 64, 66, 67, 68, 69, 70]","[432, 448, 463, 477, 491, 504, 518, 532, 546, 561, 580]",20,Lot 6 – MENUISERIES EXTERIEURES ET INTERIEURES ALU
Page 10 sur 13 ,"['04-10-2012', '07-02-2013', '06-06-2013', '05-09-2013']","[64, 66, 67, 81, 82, 83]","[504, 518, 532, 748, 763, 777]",9,Lot 6 – MENUISERIES EXTERIEURES ET INTERIEURES ALU
Page 9 sur 13 ,"['07-02-2013', '16-05-2013', '30-05-2013']","[76, 77, 78, 85, 86, 87, 88, 89]","[681, 694, 707, 806, 821, 836, 851, 866]",22,Lot 6 – MENUISERIES EXTERIEURES ET INTERIEURES ALU
"Protéger vos ouvrages, mettre en œuvre un polyane sur les deux premiers mètres des vitrages et aluminium posés, afin de protéger ces
derniers des éclats ou découpes qui pourraient endommager ces derniers  ",['31-08-2012'],"[46, 59, 60]","[402, 432, 448]",17,Lot 6 – MENUISERIES EXTERIEURES ET INTERIEURES ALU
"Suite à la réception des plan PAC de principe de MR, et après observation, sur votre plan C002, il manque les traverses / pares closes en
ogive ","['30-06-2011', '07-07-2011']","[16, 17, 18, 19, 20, 23]","[191, 207, 218, 230, 242, 274]",5,Lot 6 – MENUISERIES EXTERIEURES ET INTERIEURES ALU
"Suite à la réunion en présence du Pompier, veuillez vous présenter afin de faire un point sur les équipements non posés et essentiels à la
réception du bâtiment, 
crémones pompiers ou/et barre anti panique sur portes  
• 
entre gradins et hall de liaison 
•
entre vestiaires groupes et vestiaires publics, etc etc",['16-05-2013'],"[72, 72, 74, 75, 76, 77, 78, 79, 80, 81, 82, 83, 84, 85, 86, 87, 88, 89]","[614, 632, 648, 665, 681, 694, 707, 720, 734, 748, 763, 777, 792, 806, 821, 836, 851, 866]",24,Lot 6 – MENUISERIES EXTERIEURES ET INTERIEURES ALU
Transmettre les échantillons des équipements des portes et châssis,['07-07-2011'],"[16, 17, 18, 19, 20, 21, 22, 23]","[191, 207, 218, 230, 242, 253, 263, 274]",9,Lot 6 – MENUISERIES EXTERIEURES ET INTERIEURES ALU
Transmettre plan PAC des dilatations en partie horizontale au BC,['30-06-2011'],"[15, 16, 17, 18, 19, 20, 21, 22, 23]","[179, 191, 207, 218, 230, 242, 253, 263, 274]",15,Lot 6 – MENUISERIES EXTERIEURES ET INTERIEURES ALU
Transmettre vos besoins suite envoi des altimétries et cintres des pièces de maintien des têtes des MR ,['20-10-2011'],"[24, 25, 26]","[285, 296, 305]",8,Lot 6 – MENUISERIES EXTERIEURES ET INTERIEURES ALU
"Transmettre échantillon de groom, ferme porte, bâton de maréchal, serrure, poignée etc etc, de même échantillon du RAL à transmettre 
pour visualisation de la MOe ",['21-07-2011'],"[17, 18, 19]","[207, 218, 230]",13,Lot 6 – MENUISERIES EXTERIEURES ET INTERIEURES ALU
"Voir avec le lot Contrôle d’accès et le BC pour supprimer les équipements de la porte n°34, pas d’équipement du fait de l’asservissement de la
porte ",['30-05-2013'],"[74, 75, 76, 77, 78, 79, 80, 81, 82, 83, 84, 85, 86, 87, 88, 89]","[648, 665, 681, 694, 707, 720, 734, 748, 763, 777, 792, 806, 821, 836, 851, 866]",27,Lot 6 – MENUISERIES EXTERIEURES ET INTERIEURES ALU
Vous annoncez dossier technique a venir et note de calcul,['24-05-2011'],"[10, 11, 12, 13, 14, 15]","[106, 122, 138, 156, 168, 179]",15,Lot 6 – MENUISERIES EXTERIEURES ET INTERIEURES ALU
Assurer la fermeture de toutes vos portes afin d’assurer la sécurité du chantier durant la période estivale ,['01-08-2013'],"[79, 80]","[720, 734]",49,Lot 6 – MENUISERIES EXTERIEURES ET INTERIEURES ALU
"Attention, les châssis de la zone de musculation ne sont pas tous alignés suivant la même trame, les poses en tunnel ne sont pas toutes identique, voir
avec le GO, et idem pour les aplombs ",['19-07-2019'],[46],[402],7,Lot 6 – MENUISERIES EXTERIEURES ET INTERIEURES ALU
Calfeutrer en partie haute du MR entre les deux bassins ,['05-09-2013'],"[81, 82, 83, 84, 85, 86, 87, 88, 89, 90, 91]","[748, 763, 777, 792, 806, 821, 836, 851, 866, 880, 893]",57,Lot 6 – MENUISERIES EXTERIEURES ET INTERIEURES ALU
"Calfeutrer entre vos épines de MR et les voiles BA du GO dans halls bassins, isolations et capotages ",['07-02-2013'],"[62, 63, 64, 66, 67, 68, 69, 70, 71, 72, 72, 74, 75, 76, 77, 78, 79, 80, 81, 82, 83, 84, 85]","[477, 491, 504, 518, 532, 546, 561, 580, 597, 614, 632, 648, 665, 681, 694, 707, 720, 734, 748, 763, 777, 792, 806]",14,Lot 6 – MENUISERIES EXTERIEURES ET INTERIEURES ALU
"Dans espace refuge réfectoire la poignée sur ouvrant doit être placée à 1m30 : à corriger : ces travaux doivent impérativement être réalisés
pour le passage de la commission  ",['03-10-2013'],"[85, 86]","[806, 821]",64,Lot 6 – MENUISERIES EXTERIEURES ET INTERIEURES ALU
"Dans espace refuge réfectoire la poignée sur ouvrant doit être placée à 1m30 : à corriger : ces travaux doivent impérativement être réalisés
pour le passage de la commission : en cours de modification le 17/10/13 ",['03-10-2013'],"[87, 88, 89, 90, 91]","[836, 851, 866, 880, 893]",60,Lot 6 – MENUISERIES EXTERIEURES ET INTERIEURES ALU
"Déposer porte du local rangement fauteuil PMR et faire réglage avec prise en compte de la réservation, pour l’instant elle ne s’ouvre pas ",['04-07-2013'],"[76, 77, 78, 79, 80, 81, 82, 83, 84, 85, 86, 87, 88, 89, 90, 91]","[681, 694, 707, 720, 734, 748, 763, 777, 792, 806, 821, 836, 851, 866, 880, 893]",43,Lot 6 – MENUISERIES EXTERIEURES ET INTERIEURES ALU
Déposer porte sanitaires de l’accueil pour travaux carrelage ,['03-10-2013'],"[85, 86, 87, 88, 89]","[806, 821, 836, 851, 866]",61,Lot 6 – MENUISERIES EXTERIEURES ET INTERIEURES ALU
En relation avec FORCLUM proposer un échantillon et prototype de ventouse sur châssis ,['31-05-2012'],[46],[402],4,Lot 6 – MENUISERIES EXTERIEURES ET INTERIEURES ALU
"En relation avec OCTANT et VERITAS, synthèse à prévoir sur les hauteurs des allèges des mrs rideaux du hall de l’accueil",['10-05-2012'],[39],[376],11,Lot 6 – MENUISERIES EXTERIEURES ET INTERIEURES ALU
"En relation avec TOMMASINI, transmettre vos besoins de passage sous les portes donnant sur les extérieurs",['24-05-2012'],[46],[402],1,Lot 6 – MENUISERIES EXTERIEURES ET INTERIEURES ALU
"En relation avec le GO, vous voudrez bien mettre en place des GC sur les IS ou portes donnant sur les extérieures, évitant ainsi les risques de 
chutes aux abords des zones non terminées, voir hall apprentissage et entre deux hall ",['23-08-2012'],[46],[402],14,Lot 6 – MENUISERIES EXTERIEURES ET INTERIEURES ALU
Faire calfeutrement sous châssis hall 1er étage ,['18-07-2013'],"[77, 78, 79, 80, 81, 82, 83, 84, 85, 86, 87, 88, 89, 90, 91]","[694, 707, 720, 734, 748, 763, 777, 792, 806, 821, 836, 851, 866, 880, 893]",45,Lot 6 – MENUISERIES EXTERIEURES ET INTERIEURES ALU
Faire point sur transmission des efforts au vent pour le Bureau de Contrôle,['30-06-2011'],[15],[179],13,Lot 6 – MENUISERIES EXTERIEURES ET INTERIEURES ALU
Faire un contrôle de tous vos vitrages et changer vitrages cassés ,['14-11-2013'],"[90, 91]","[880, 893]",32,Lot 6 – MENUISERIES EXTERIEURES ET INTERIEURES ALU
Fermer la tête du sas d’entrée ,['07-02-2013'],"[62, 63, 64, 66, 67, 68, 69, 70, 71, 72, 72, 74]","[477, 491, 504, 518, 532, 546, 561, 580, 597, 614, 632, 648]",12,Lot 6 – MENUISERIES EXTERIEURES ET INTERIEURES ALU
Fermer la tête du sas d’entrée LE 06/06/13 : Non fait ,['07-02-2013'],"[75, 76, 77, 78, 79, 80, 81, 82, 83, 84, 85]","[665, 681, 694, 707, 720, 734, 748, 763, 777, 792, 806]",2,Lot 6 – MENUISERIES EXTERIEURES ET INTERIEURES ALU
Fermer les châssis basculants sur les façades vitrées pour hors d’air et mise en chauffe du bâtiment ,['13-12-2012'],"[59, 60]","[432, 448]",17,Lot 6 – MENUISERIES EXTERIEURES ET INTERIEURES ALU
Fermer les têtes des murs rideaux ,['06-12-2012'],"[59, 60]","[432, 448]",15,Lot 6 – MENUISERIES EXTERIEURES ET INTERIEURES ALU
"II)- Système de décondamnation des portes : 
- Le préventionniste a rappelé à la MO la réglementation en présence du public :==> les portes doivent pouvoir 
s'ouvrir de l'intéreur par simple poussée ou par la manœuvre facile d'un seul dispositif par vantail tel que bec de 
cane, poignée tournante ou crémone à poignée, selon article CO45 §2 de l'arrêté du 25 Juin 1980 applicable. 
Nous vous prions de trouver ci-joint notre compte-rendu suite à la réunion du 16 mai 2013 sur site avec l' 
Adjudant Chef LEDRU représentant du Sdis de Onnaing. 
A l'issue de cette réunion il a été abordé les points suivants : - les portillons dans circulations des gradins , les 
système de décondamnation des portes, le désenfumage des vestiaires groupés et le stockage de chlore liquide 
sur l'extérieur à proximité de la prise d'air de la CTA en façade. 
Etaient présents lors de cette réunion : 
- Communauté d'Agglo de la porte du Hainaut: M. DEBAILLEUX 
- Octant Architecture : M. BRICHE 
- Etat Major Sdis de Onnaing : M. l'Adjudant Chef LEDRU ( sves prévention sécurité incendie ) 
- Bureau Véritas : M. CASON (contrôleur technique) ",['06-06-2013'],"[75, 76, 77, 78, 79, 80, 81, 82, 83, 84, 85, 86, 87, 88, 89]","[665, 681, 694, 707, 720, 734, 748, 763, 777, 792, 806, 821, 836, 851, 866]",32,Lot 6 – MENUISERIES EXTERIEURES ET INTERIEURES ALU
La mise en œuvre des coffres tôle ALU de chaque coté du MR accès plage minérale est refusée : à reprendre conformément au détail archi ,['25-07-2013'],"[78, 79, 80, 81, 82, 83, 84, 85, 86]","[707, 720, 734, 748, 763, 777, 792, 806, 821]",47,Lot 6 – MENUISERIES EXTERIEURES ET INTERIEURES ALU
Mettre en œuvre la double porte en sortie des locaux infirmerie et MSN ,['21-02-2013'],"[64, 66, 67, 68, 69, 70, 71, 72, 72, 74]","[504, 518, 532, 546, 561, 580, 597, 614, 632, 648]",22,Lot 6 – MENUISERIES EXTERIEURES ET INTERIEURES ALU
Page 11 sur 16 ,['13-12-2012'],[60],[448],22,Lot 6 – MENUISERIES EXTERIEURES ET INTERIEURES ALU
"Point synthèse menuiseries intérieures suite à la réception des réservations de PMN: 
Suite au plan de réservation de PMN du 20/05/2011  
Ci-joint plan PDF avec modification réservations portes au niveau des vestiaires 
La porte 56 aura une réservation de 160 maxi au lieu des 172 demandés 
La porte 55 aura une réservation de 168 maxi  au lieu des 172 demandés 
Les portes 46, 47, 48, 49, 50, 51, 52, 53 auront une réservation de 115 
La porte 43 sera une porte tierce avec une réservation de 172       
Le plan sera mis à jour sur le serveur ftp dans la journée du 23/05/2011 avec un indice C ",['17-05-2011'],[9],[86],38,Lot 6 – MENUISERIES EXTERIEURES ET INTERIEURES ALU
Poser couvre joint de vos pièces d’appuis ,['04-07-2013'],"[76, 77, 78, 79, 80, 81, 82, 83, 84, 85, 86, 87, 88, 89, 90, 91]","[681, 694, 707, 720, 734, 748, 763, 777, 792, 806, 821, 836, 851, 866, 880, 893]",41,Lot 6 – MENUISERIES EXTERIEURES ET INTERIEURES ALU
Poser la porte N°98 ,['14-03-2013'],"[68, 69, 70, 71, 72, 72, 74]","[546, 561, 580, 597, 614, 632, 648]",17,Lot 6 – MENUISERIES EXTERIEURES ET INTERIEURES ALU
"Poser les systèmes de maintien en ouverture des 4 portes du SAS : cet équipement doit impérativement être posé le 22/11/13 : essais
désenfumage avec les pompiers ",['07-11-2013'],"[89, 90, 91]","[866, 880, 893]",66,Lot 6 – MENUISERIES EXTERIEURES ET INTERIEURES ALU
Poser vos capots serreurs de MR ,['01-08-2013'],"[79, 80, 81, 82, 83, 84, 85, 86, 87, 88, 89, 90, 91]","[720, 734, 748, 763, 777, 792, 806, 821, 836, 851, 866, 880, 893]",51,Lot 6 – MENUISERIES EXTERIEURES ET INTERIEURES ALU
Présenter moins value porte 61 que vous avez omis de poser art 06.2.2 ,['31-10-2013'],"[88, 89, 90, 91]","[851, 866, 880, 893]",62,Lot 6 – MENUISERIES EXTERIEURES ET INTERIEURES ALU
Prévoir changer vitrage de la porte dans le couloir de l’administration : présente un bullage ,['19-09-2013'],"[83, 84, 85, 86, 87, 88, 89, 90, 91]","[777, 792, 806, 821, 836, 851, 866, 880, 893]",59,Lot 6 – MENUISERIES EXTERIEURES ET INTERIEURES ALU
Rappel des points ci-dessus  ,['02-05-2013'],"[71, 72, 72, 74]","[597, 614, 632, 648]",14,Lot 6 – MENUISERIES EXTERIEURES ET INTERIEURES ALU
Reprendre angle appui MR qui représente un aspect dangereux et faire découpes soignées : ,['05-09-2013'],"[81, 82, 83, 84, 85, 86, 87, 88, 89, 90, 91]","[748, 763, 777, 792, 806, 821, 836, 851, 866, 880, 893]",51,Lot 6 – MENUISERIES EXTERIEURES ET INTERIEURES ALU
Reprendre la totalité de l’appui : ,['05-09-2013'],"[81, 82, 83, 84, 85, 86, 87, 88, 89, 90, 91]","[748, 763, 777, 792, 806, 821, 836, 851, 866, 880, 893]",53,Lot 6 – MENUISERIES EXTERIEURES ET INTERIEURES ALU
Rq générale : poser embouts sur profils MR : ,['05-09-2013'],"[81, 82, 83, 84, 85, 86]","[748, 763, 777, 792, 806, 821]",55,Lot 6 – MENUISERIES EXTERIEURES ET INTERIEURES ALU
Rq générale : poser embouts sur profils MR : en cours le 17/10/13 ,['05-09-2013'],"[87, 88, 89, 90, 91]","[836, 851, 866, 880, 893]",51,Lot 6 – MENUISERIES EXTERIEURES ET INTERIEURES ALU
Répondre à l’avis 23 du BC ,['24-11-2011'],"[28, 29, 30, 31, 32, 39]","[316, 327, 337, 350, 362, 376]",10,Lot 6 – MENUISERIES EXTERIEURES ET INTERIEURES ALU
"Suite au point fait ce jour avec PMN, l’arase sup du MR entre ludique et accueil sera à +0.13cm du fini",['31-05-2012'],[46],[402],2,Lot 6 – MENUISERIES EXTERIEURES ET INTERIEURES ALU
Transmettre PAC du MR entre ludique et accueil pour synthèse des hauteurs des plinthes carrelage,['21-07-2011'],"[17, 18, 19]","[207, 218, 230]",10,Lot 6 – MENUISERIES EXTERIEURES ET INTERIEURES ALU
"Transmettre PAC du MR entre ludique et accueil pour synthèse des hauteurs des plinthes carrelage
EN COURS D’ETUDES ",['21-07-2011'],"[20, 21, 22, 23]","[242, 253, 263, 274]",8,Lot 6 – MENUISERIES EXTERIEURES ET INTERIEURES ALU
"Transmettre détail sur les finitions de l’angle, les traverses ne sont pas de la même épaisseur ",['19-07-2019'],[46],[402],9,Lot 6 – MENUISERIES EXTERIEURES ET INTERIEURES ALU
"Transmettre détail sur sortie des portes donnant sur les extérieures, avec copie TOMMASINI une fois acceptation",['24-11-2011'],"[28, 29, 30, 31, 32, 39]","[316, 327, 337, 350, 362, 376]",6,Lot 6 – MENUISERIES EXTERIEURES ET INTERIEURES ALU
"Transmettre les notes de calcul des efforts aux vents ainsi que confirmer vos descentes de charges sur les voiles périphérique pour les MR et autre 
menuiseries  ",['10-05-2011'],[15],[179],7,Lot 6 – MENUISERIES EXTERIEURES ET INTERIEURES ALU
"Transmettre les notes de calcul des efforts aux vents ainsi que confirmer vos descentes de charges sur les voiles périphérique pour les MR et autre 
menuiseries  
LE 17/05/11 : annoncez semaine prochaine ",['10-05-2011'],"[13, 14]","[156, 168]",8,Lot 6 – MENUISERIES EXTERIEURES ET INTERIEURES ALU
Transmettre plan PAC des pieds de MR pour synthèse sur les finitions des étanchéités ,['24-05-2011'],"[10, 11, 12, 13, 14, 15]","[106, 122, 138, 156, 168, 179]",19,Lot 6 – MENUISERIES EXTERIEURES ET INTERIEURES ALU
Transmettre vos réservations toutes zones au BET SICRE pour intégration sur les fonds de plan FAIT ,['10-05-2011'],"[13, 14, 15]","[156, 168, 179]",2,Lot 6 – MENUISERIES EXTERIEURES ET INTERIEURES ALU
Transmettre votre dossier technique avec copie au Bureau de Contrôle  ,['10-05-2011'],"[13, 14, 15]","[156, 168, 179]",4,Lot 6 – MENUISERIES EXTERIEURES ET INTERIEURES ALU
"Transmettre échantillon de groom, ferme porte, bâton de maréchal, serrure, poignée etc etc, de même échantillon du RAL à transmettre pour 
visualisation de la Moe 
A VENIR MI SEPTEMBRE ",['21-07-2011'],"[20, 21, 22, 23]","[242, 253, 263, 274]",12,Lot 6 – MENUISERIES EXTERIEURES ET INTERIEURES ALU
"Une réservation sur la porte N°56 sera nécessaire pour son intégration, vous devez confirmer la réservation ci jointe",['24-05-2011'],[10],[106],13,Lot 6 – MENUISERIES EXTERIEURES ET INTERIEURES ALU
"Une réservation sur la porte N°56 sera nécessaire pour son intégration, vous devez confirmer la réservation ci jointe VU
LE 30/05/11 résa demandée par PMN ",['24-05-2011'],"[11, 12]","[122, 138]",17,Lot 6 – MENUISERIES EXTERIEURES ET INTERIEURES ALU
Validation du principe de pied de MR ,['07-07-2011'],[16],[191],7,Lot 6 – MENUISERIES EXTERIEURES ET INTERIEURES ALU
Valider la proposition de TOMMASINI sur les demandes d’incorpos dans les panneaux bambou ,['19-04-2012'],[39],[376],10,Lot 6 – MENUISERIES EXTERIEURES ET INTERIEURES ALU
Vous alertez SICRE / OCTANT sur le fait que vous avez trouvé des incohérences entre les plans structure charpente et plans Architectes ,['24-11-2011'],"[28, 29, 30, 31, 32, 39]","[316, 327, 337, 350, 362, 376]",8,Lot 6 – MENUISERIES EXTERIEURES ET INTERIEURES ALU
"Vous annoncez comme convenu transmettre l’ensemble de vos réservations pour jeudi 19/05/11, 5 VOIR SYNTHESE ARCHI OCTANT CI-
DESSOUS) ",['17-05-2011'],"[9, 10, 11, 12]","[86, 106, 122, 138]",24,Lot 6 – MENUISERIES EXTERIEURES ET INTERIEURES ALU
Vous annoncez mettre en œuvre les équerres en pieds des MR pour remontées des étanchéités FAIT ,['04-10-2012'],"[59, 60]","[432, 448]",9,Lot 6 – MENUISERIES EXTERIEURES ET INTERIEURES ALU
Vous avez transmis vos chiffrages suite aux demandes du BC et SDIS,['23-02-2012'],"[32, 39]","[362, 376]",11,Lot 6 – MENUISERIES EXTERIEURES ET INTERIEURES ALU
Vous demandez ce jour le plan de charpente afin de fournir vos plans PAC d’accroche en tête de mur rideau ,['24-05-2011'],"[10, 11, 12, 13, 14, 15]","[106, 122, 138, 156, 168, 179]",17,Lot 6 – MENUISERIES EXTERIEURES ET INTERIEURES ALU
Vous demandez des précisions sur la porte N°61 de l’espace cabines casiers qui apparait comme étant une double porte en stratifié compact ,['17-05-2011'],[9],[86],26,Lot 6 – MENUISERIES EXTERIEURES ET INTERIEURES ALU
"Vous demandez des précisions sur la porte N°61 de l’espace cabines casiers qui apparait comme étant une double porte en stratifié compact 
LE 24/05/11 : PORTE SUFFIXE ",['17-05-2011'],"[10, 11, 12]","[106, 122, 138]",12,Lot 6 – MENUISERIES EXTERIEURES ET INTERIEURES ALU
"Vous demandez à BSM de déplacer la poutre de soutient en tête du châssis n° 100, 101 et 102 ",['04-10-2012'],"[59, 60, 61, 62, 63, 64, 66, 67, 68, 69, 70]","[432, 448, 463, 477, 491, 504, 518, 532, 546, 561, 580]",13,Lot 6 – MENUISERIES EXTERIEURES ET INTERIEURES ALU
Vous demandez à SICRE l’arase inférieur des pièces de charpente pour l’accroche des châssis MR dans les deux halls bassins,['08-09-2011'],"[20, 21, 22, 23, 24, 25, 26]","[242, 253, 263, 274, 285, 296, 305]",13,Lot 6 – MENUISERIES EXTERIEURES ET INTERIEURES ALU
Vous devez mettre en œuvre la cornière pour remontée de l’étanchéité suivant détail Architecte N°C08 et C09. ,['13-09-2012'],"[59, 60]","[432, 448]",7,Lot 6 – MENUISERIES EXTERIEURES ET INTERIEURES ALU
Vous devez préparer vos interventions sur les murs rideaux extérieurs ,['23-02-2012'],"[32, 39]","[362, 376]",13,Lot 6 – MENUISERIES EXTERIEURES ET INTERIEURES ALU
Vous devez être présent lors de la réunion SSI qui se tiendra le 30/06/11 à 13H30 sur site ,['16-06-2011'],"[13, 14]","[156, 168]",15,Lot 6 – MENUISERIES EXTERIEURES ET INTERIEURES ALU
Vous transmettez ce jour les plans du châssis entre R+1 escalier et gradins. ,['04-10-2012'],"[59, 60]","[432, 448]",11,Lot 6 – MENUISERIES EXTERIEURES ET INTERIEURES ALU
"Vous êtes en attente des validations sur vos équipements, grooms, poignée, bâton de maréchal etc",['20-10-2011'],"[25, 26, 28, 29, 30, 31, 32]","[296, 305, 316, 327, 337, 350, 362]",6,Lot 6 – MENUISERIES EXTERIEURES ET INTERIEURES ALU
"Vous êtes en attente des validations sur vos équipements, grooms, poignée, bâton de maréchal etc ; a venir",['20-10-2011'],[24],[285],6,Lot 6 – MENUISERIES EXTERIEURES ET INTERIEURES ALU
déposer de bavettes extérieures en pied des MR et mettre en place de l’isolant avec validation de ce dernier par BC ,['16-05-2013'],"[72, 72, 74, 75, 76, 77, 78, 79, 80, 81, 82, 83, 84, 85, 86, 87, 88, 89, 90, 91]","[614, 632, 648, 665, 681, 694, 707, 720, 734, 748, 763, 777, 792, 806, 821, 836, 851, 866, 880, 893]",16,Lot 6 – MENUISERIES EXTERIEURES ET INTERIEURES ALU
transmettre au BC votre dossier technique ,['30-06-2011'],"[15, 16, 17, 18, 19, 20, 21, 22, 23]","[179, 191, 207, 218, 230, 242, 253, 263, 274]",17,Lot 6 – MENUISERIES EXTERIEURES ET INTERIEURES ALU
"Communauté d’Agglomération des Portes du Hainaut – Construction d’un Centre Aquatique à St Amand Les Eaux – CR MOE N° 39 du 10 
/05/19 ","['01-12-2011', '26-04-2012', '20-12-2012', '14-03-2013', '21-03-2013']","[39, 46, 59, 69, 69, 70, 70, 71, 71, 72, 72, 72, 72, 74, 74, 75, 75]","[376, 402, 432, 561, 561, 580, 580, 597, 597, 614, 614, 632, 632, 648, 648, 665, 665]",53,Lot 7 – PLOMBERIE SANITAIRES
"Concernant l’arrivée des réseaux de forage dans le local, il n’y a pas de réservation à prévoir. Avec une AI : +15.95 ngf, les réseaux peuvent 
passer sous la poutre voile (sf : +16.37 ngf).  ",['09-06-2011'],"[12, 13]","[139, 156]",43,Lot 7 – PLOMBERIE SANITAIRES
"Dans la gaine d’air vicié, vous ajoutez un siphon supplémentaire à proximité de la batterie de récupération. Celui se trouvant plus loin est 
donc à supprimer. ",['09-06-2011'],"[12, 13]","[139, 156]",48,Lot 7 – PLOMBERIE SANITAIRES
"Fournir à OCTANT SICRE, le rayon de cintrage PE PAC en pénétration dans le local PAC pour mise en place d’une réservation  ",['24-05-2011'],"[10, 11, 12, 13]","[106, 123, 139, 156]",22,Lot 7 – PLOMBERIE SANITAIRES
"Le problème de synthèse entre les réseaux AEP et EP résulte d’une volonté de remonter le réseau AEP pour limiter les tranchées. Pour ce 
croisement, il sera prévu une tranchée plus profonde afin de passer le réseau AEP sous le réseau EP. Les réservations en longrines 
passeraient ainsi d’une arase inf. de 16.22 ngf à 15.95 ngf. ",['09-06-2011'],"[12, 13]","[139, 156]",59,Lot 7 – PLOMBERIE SANITAIRES
"Le siphon en attente au milieu du local PAC est à supprimer. En effet, un siphon a été recalé à proximité de la porte sur les derniers plans 
archi. ",['09-06-2011'],"[12, 13]","[139, 156]",40,Lot 7 – PLOMBERIE SANITAIRES
"Les avaloirs des locaux techniques sont au lot gros œuvre, il n’y a donc pas de réservation à prévoir en sol. Le réseau EU sera raccordé sur le 
côté de l’avaloir.  ",['09-06-2011'],"[12, 13]","[139, 156]",28,Lot 7 – PLOMBERIE SANITAIRES
"Les côtes de la station de relevage seront prochainement modifiées sur nos plans pour correspondre à vos contraintes de dimensionnement. 
La hauteur de celle-ci passe donc à 2.00 m. ",['09-06-2011'],"[12, 13]","[139, 156]",53,Lot 7 – PLOMBERIE SANITAIRES
"Méthode pour calepinage des douches 
1. 
Mettre en œuvre l’étanchéité sur vos formes de pente douches publiques et murs compris, (stopper à 5cm des saignées ETDE) 
2. 
Mettre en œuvre le carrelage sol en calepinant les siphons de sol suivant carnet de détail, (N°8 détails bassins).Attention au ressaut 
3. 
Mettre en œuvre la faïence murale sur les abouts et, ou tracer depuis le sol l’emplacement des poussoirs et pommeaux 
4. 
ETDE interviendra pour recaler en centrant les pommeaux et poussoirs, et calfeutrement de ces derneirs par ETDE 
5. 
Refermer en reprenant les étanchéités 
6. 
Refermer la faïence murale ",['21-03-2013'],"[69, 70, 71, 72, 72, 74, 75, 76, 77, 78, 79, 80, 81]","[561, 580, 597, 614, 632, 648, 665, 682, 695, 708, 721, 734, 749]",48,Lot 7 – PLOMBERIE SANITAIRES
Page 10 sur 16 ,"['26-04-2012', '20-12-2012', '14-03-2013', '21-03-2013']","[39, 59, 69, 69, 70, 70, 71, 71, 72, 72, 72, 72, 74, 75, 75]","[376, 432, 561, 561, 580, 580, 597, 597, 614, 614, 632, 632, 648, 665, 665]",55,Lot 7 – PLOMBERIE SANITAIRES
"Prendre en compte la demande d’OCTANT et mettre en place le mitigeur de la douchette du pédiluve dans le regard au pied de ce dernier 
pour avoir moins de 3 litres depuis le puisage au mitigeur ",['23-02-2012'],"[32, 39, 46]","[362, 376, 402]",30,Lot 7 – PLOMBERIE SANITAIRES
"Prendre en compte le plan de SUFFIXE sur l’implantation des cabines de courtoisie des douches publiques, les douches après les deux 
cabines en zones D4 et D7 sont décalées ",['21-03-2013'],"[69, 70, 71, 72, 72, 74, 75, 76, 77, 78, 79, 80, 81]","[561, 580, 597, 614, 632, 648, 665, 682, 695, 708, 721, 734, 749]",59,Lot 7 – PLOMBERIE SANITAIRES
"Suite fiche d’observations SOJA sur carnet de matériel sanitaire, vous voudrez bien répondre aux points concernant strictement le BE 
FLUIDE ",['27-10-2011'],"[25, 26, 28, 29, 30, 31, 32]","[296, 306, 316, 327, 337, 350, 362]",4,Lot 7 – PLOMBERIE SANITAIRES
Transmettre la FT de la douchette du pédiluve extérieur pour mise en œuvre d’un socle en débord des bétons ,['23-02-2012'],"[32, 39]","[362, 376]",27,Lot 7 – PLOMBERIE SANITAIRES
"Vous avez transmis un chiffrage sur les platines d’étanchéité, nous ne pouvons instruire ce chiffrage, vous devez prendre connaissance des 
pièces marché, voir CCTP lot carrelage, et voir CCAP ",['25-08-2011'],"[18, 19, 20, 21, 22, 23]","[219, 230, 242, 253, 263, 275]",11,Lot 7 – PLOMBERIE SANITAIRES
"Vous devrez être attentif à aligner les douches et les siphons de sol dans un même axe que le carrelage, nous devons prévoir une synthèse avec le lot
carrelage, voir détails Architecte ",['20-10-2011'],"[26, 28, 29, 30, 31, 32]","[306, 316, 327, 337, 350, 362]",2,Lot 7 – PLOMBERIE SANITAIRES
"Vous rapprocher de SOJA pour chiffrer la mise en œuvre de gaine galva en place des gaines maçonnées au lot GO, point a faire lors de votre 
venue. (attention aux zones : flocages CF). ",['17-05-2011'],"[9, 10, 11, 12]","[87, 106, 123, 139]",20,Lot 7 – PLOMBERIE SANITAIRES
"Vous êtes en attente du choix du MO sur la mise en place d’1 ou de 2 compteurs d’AEP ou de la variante d’1 compteur AEP général avec 
pose d’1 compteur d’EU ",['17-05-2011'],"[9, 10, 11, 12]","[87, 106, 123, 139]",17,Lot 7 – PLOMBERIE SANITAIRES
": BAUTERS mettra en œuvre des platines d’étanchéité dans les fonds des jardinière, ETDE se raccordera dans les galeries techniques en
sous faces de jardinières ",['20-12-2012'],"[59, 60, 61, 62, 63, 64, 66, 67, 68, 69, 70, 71, 72, 72, 74, 75, 76, 77, 78, 79, 80, 81]","[432, 449, 463, 477, 491, 505, 519, 533, 546, 561, 580, 597, 614, 632, 648, 665, 682, 695, 708, 721, 734, 749]",4,Lot 7 – PLOMBERIE SANITAIRES
Attention aux réseaux EP EU qui passe et obstrue le désenfumage. ,['03-05-2012'],[39],[376],65,Lot 7 – PLOMBERIE SANITAIRES
"Augmenter les supportages sur les réseaux du sous sol RDJ, en effet les réseaux branlent ! ",['19-04-2012'],[39],[376],26,Lot 7 – PLOMBERIE SANITAIRES
"COLAS à besoin très rapidement des sorties n° 14, 16, 17, 23, 24, ainsi que les réservations pour les 4 fourreaux (2 x 2 fourreaux diam 100)
supplémentaires pour les pédiluves (transmettre les niveaux auxquels vous souhaitez les faire arriver) ",['14-03-2013'],"[68, 69, 70, 71, 72, 72, 74, 75, 76, 77, 78, 79, 80, 81]","[546, 561, 580, 597, 614, 632, 648, 665, 682, 695, 708, 721, 734, 749]",24,Lot 7 – PLOMBERIE SANITAIRES
"Chiffrer en moins value la prestation de F&P des réseaux AEP en sorties de bâtiment, le MO souhaite le passage de cette prestation chez son 
fournisseur soit NOREADE dont les coordonnées sont au paragraphe MO ",['10-05-2011'],[9],[87],8,Lot 7 – PLOMBERIE SANITAIRES
DEP à reprendre pour échapper le socle ,['14-03-2013'],"[68, 69, 70, 71, 72, 72, 74, 75, 76, 77, 78, 79, 80, 81]","[546, 561, 580, 597, 614, 632, 648, 665, 682, 695, 708, 721, 734, 749]",28,Lot 7 – PLOMBERIE SANITAIRES
"Déplacer le réseau EU dans la galerie du bassin d’apprentissage, le passage de la porte doit être libre ",['08-03-2012'],[39],[376],22,Lot 7 – PLOMBERIE SANITAIRES
Dévoyer DEP parvis accueil pour plomber avec attente en chéneau ,['05-09-2013'],"[81, 82, 83, 84, 85, 86, 87, 88, 89, 90, 91]","[749, 764, 778, 792, 807, 822, 837, 852, 867, 880, 893]",55,Lot 7 – PLOMBERIE SANITAIRES
Emettre des observations sur le plan de maquettages du local PAC SOJA ,['19-01-2012'],"[30, 31, 32, 39]","[337, 350, 362, 376]",22,Lot 7 – PLOMBERIE SANITAIRES
En attente proposition des boitiers de puisages vestiaires ,['13-09-2012'],"[59, 60, 61, 62, 63, 64, 66, 67, 68, 69, 70, 71, 72, 72, 74, 75, 76, 77, 78, 79, 80, 81]","[432, 449, 463, 477, 491, 505, 519, 533, 546, 561, 580, 597, 614, 632, 648, 665, 682, 695, 708, 721, 734, 749]",10,Lot 7 – PLOMBERIE SANITAIRES
"FICHE D OBSERVATION 6 SOJA SUR PLAN ETDE LOT 7 
Plans de réservations 
Les plans de planchers hauts du BET SICRE ne sont plus d’actualité ; des modifications ont été effectuées sur les plans architecte qui n’ont 
pas été prises en compte sur les plans structure (ex : la poutre entre les 2 halls bassins en RdJ, locaux produits) Concernant les réseaux 
passant dans la gaine technique de l’entrée groupes, aucune réservation n’est à prévoir ; une trémie devra être représentée sur plans 
architecte et reprise sur plan de structure 
Plans de réservations plomberie  
Pour les hauteurs des équipements sanitaires, se référer aux détails archi (138_EAUX_EXE_Détails bassins vestiaires - Mobilier.pdf, sur 
serveur FTP) 
Les descentes EP sont représentées sur les plans architecte, avec diamètres, depuis la toiture jusqu’au rez-de-jardin. Le plan SOJA « PB 04-
EP_rdj_indC » représente le réseau cheminant en rez-de-jardin ou sous dalle jusqu’à la sortie du bâtiment, reprenant aussi les diamètres 
des descentes. 
Comme indiqué sur les plans architecte, toutes les tuyauteries des locaux accessibles au public doivent être encastrées. Les réseaux 
d’évacuation des lavabos, lave-mains, vasques et urinoirs sont à prévoir en saignée dans les voiles. 
Plan de réservations RDJ PAC-7-TZ-RDJ-PLA-010 IND B 17.06.2011 
Réservation annotée n°004 : Le siphon apparaît dans la poutre avec le plan structure (qui n’est plus d’actualité), mais par rapport au 
dernier plan RdJ archi, avec poutre recalée, le siphon plombe bien 
Réservation annotée n°007 : Cette réservation n’est pas à prévoir, le réseau EU passe sous la poutre 
Réservation annotée n°012 : Cette réservation n’est pas à prévoir. Il s’agit d’un réseau EU pour le trop plein de la cuve d’ultrafiltration, 
donc cheminant en gravitaire de la cuve jusqu’au regard. La hauteur du trop plein n’étant pas précisée sur votre fiche technique, nous vous 
laissons fixer les altimétries selon des données complémentaires concernant  vos fournitures. 
Réservations annotées n°016, 017 et 018 + 55, 56 et 57 : Pas de réservation à prévoir car absence de retombées L232, L229 et PV 
Réservations annotées n°022, 023 et 024 : Pas de réservation à prévoir car absence de retombées PV205 et PV206 
Réservation annotée n°025 : Pas de réservation à prévoir car absence de retombée PV208 
Réservations annotées n°025 et 027 : Pas de réservation à prévoir car absence de retombée PV204 
Réservation annotée n°026 : Réservation à supprimer. La poutre située à cet endroit a été modifiée et a maintenant une arase inférieure de 
+18.70 ngf. 
Réservation annotée n°028 : Réservation à supprimer. La poutre située à cet endroit a été modifiée et a maintenant une arase inférieure de 
+18.70 ngf. A cet endroit, le fil d’eau du réseau EU est à une arase 
inférieure de +18.36 ngf, donc sous la poutre. 
Réservation annotée n°029 : fil d’eau descendu à +18.25 sur plan SOJA « PB01-rdj_indF » 
Réservation annotée n°049 : Réservation à recaler car absence de retombées PV204 
Réservation annotée n°050 : Arase à recaler en fonction du plan SOJA « PB 01-rdj_indE », l’altimétrie du réseau a été modifiée 
Réservations annotées n°053 et 054 : Le réseau EFwc vers l’étage ayant été supprimé, les réservations 
peuvent être redimensionnées 
Réservation annotée n°058 : Réservation à retirer suite à la suppression du réseau EFwc vers l’étage 
Réservations annotées n°061 et 62 : Pas de réservation à prévoir car absence de retombée PV205 et PV206 
Réservation annotée n°063 : Pas de réservation à prévoir car absence de retombée PV208 
Réservation annotée n°067 : Réservation à recaler car absence de retombée PV204 
Réservation annotée n°068 : Pas de réservation à prévoir car absence de retombée PV204 
Réservation annotée n°069 : Passage du réseau EF sous poutre sur plan SOJA « PB01-rdj_indF », donc réservation à supprimer 
Réservations annotées n°073, 074, 075, 076, 077 : Pas de réservation à prévoir car passage du réseau EF sous poutre 
Réservation annotée n°082 : Pas de réservation à prévoir car absence de retombée PV201 
Réservation annotée n°153 : siphon déplacé sur plan SOJA « PB01-rdj_indF », réservation à recaler 
Réservation annotée n°167 : Cette réservation n’est pas indispensable, les réseaux des 2 sanitaires peuvent être repris dans une même 
réservation (voir plans SOJA « PB 01-rdj_indE » et « PB 02-rdc_indB » diffusés le 17.06.2011) 
Réservation annotée n°198 : Concernant le réseau EV, le fil d’eau a été descendu à +18.40 sur le plan SOJA « PB 01-rdj_indE » 
Réservation annotée n°203 : Le siphon apparaît dans la poutre avec le plan structure (qui n’est plus d’actualité), mais par rapport au 
dernier plan RdJ archi, avec poutre recalée, le siphon plombe bien 
Réservation annotée n°246 : Pourquoi demandez vous à descendre le fil d’eau à +18.47 ? 
Réservation annotée n°273 : Siphon déplacé sur derniers plans archi, réservationà recaler 
Des réservations EU / EV semblent trop basses par rapport aux fils d’eau et pentes indiqués (001, 002, 003, 014, 15, 032, 044,…) A vérifier 
Les réservations en parois des locaux produits ne sont pas représentées 
Réservations manquantes : 
- alimentations robinets de puisage entre VS et local tri sélectif 
- évacuation des pédiluves et alimentation de la douche 
- alimentation douches depuis gaine de rejet maçonnée suivant plan SOJA « PB01- rdj_indF » 
2 réservations différentes sont annotées « n°25 », dans la gaine de rejet d’air vicié maçonnée 
Remarque suite entretien téléphonique avec M. Derenaucourt : 
Concernant les réseaux EU en rez-de jardin, vous avez demandé à ce que le réseau partant de la station de relevage rejoigne le réseau EU du 
bâtiment. 
Nous ne validons pas ce principe car nous préférons éviter de mélanger les EU des eaux de plages avec les EU du reste du bâtiment pour 
limiter des problèmes olfactifs éventuels. 
Les altimétries manquantes pour les réseaux d’alimentation ont été ajoutées sur le plan SOJA « PB01-rdj_indF » ",['07-07-2011'],[16],[191],69,Lot 7 – PLOMBERIE SANITAIRES
Faire travaux rebouchages autour des traversées de réseaux ,['25-07-2013'],"[78, 79, 80, 81, 82, 83, 84, 85, 86, 87, 88, 89, 90, 91]","[708, 721, 734, 749, 764, 778, 792, 807, 822, 837, 852, 867, 880, 893]",53,Lot 7 – PLOMBERIE SANITAIRES
"Fiabiliser la tenue des WC suspendus, les cadres hauts ne sont pas rigide ",['31-08-2012'],[46],[402],33,Lot 7 – PLOMBERIE SANITAIRES
Fournir PV désinfection des réseaux ,['14-11-2013'],"[90, 91]","[880, 893]",16,Lot 7 – PLOMBERIE SANITAIRES
Fournir au BC attestation de mise en œuvre des calfeutrements ,['26-09-2013'],"[84, 85, 86, 87, 88, 89, 90, 91]","[792, 807, 822, 837, 852, 867, 880, 893]",12,Lot 7 – PLOMBERIE SANITAIRES
Fournir moins value suppression des extincteurs ,['26-09-2013'],"[84, 85]","[792, 807]",16,Lot 7 – PLOMBERIE SANITAIRES
Hauteurs pomme des douches 215CM arase inf ,['26-04-2012'],[39],[376],50,Lot 7 – PLOMBERIE SANITAIRES
Hivernage à prévoir sur la douche pédiluve extérieur ,['23-02-2012'],"[32, 39, 46]","[362, 376, 402]",32,Lot 7 – PLOMBERIE SANITAIRES
Indiquer des côtes minimum de réservation pour l’arrivée des réseaux de forage dans le local. ,['09-06-2011'],"[12, 13]","[139, 156]",45,Lot 7 – PLOMBERIE SANITAIRES
Isoler EU dans local vélo ,['26-09-2013'],"[84, 85, 86, 87, 88, 89, 90, 91]","[792, 807, 822, 837, 852, 867, 880, 893]",14,Lot 7 – PLOMBERIE SANITAIRES
La MO nous confirme qu’elle ne souhaite pas de porte savon dans zone douche : présenter moins value ,['25-07-2013'],"[78, 79, 80, 81, 82, 83, 84, 85, 86, 87, 88, 89, 90, 91]","[708, 721, 734, 749, 764, 778, 792, 807, 822, 837, 852, 867, 880, 893]",49,Lot 7 – PLOMBERIE SANITAIRES
Le siphon pour l’évacuation de la batterie de récupération sera déplacé suivant votre plan. ,['09-06-2011'],"[12, 13]","[139, 156]",55,Lot 7 – PLOMBERIE SANITAIRES
"Les réservations du lot « Traitement d’eau » ne sont pas représentées. 
Réservations à prévoir pour l’alimentation des pédiluves. ",['09-06-2011'],"[12, 13]","[139, 156]",31,Lot 7 – PLOMBERIE SANITAIRES
"Local F5, isolation DEP à faire ",['14-03-2013'],"[68, 69, 70, 71, 72, 72, 74, 75, 76, 77, 78, 79, 80, 81]","[546, 561, 580, 597, 614, 632, 648, 665, 682, 695, 708, 721, 734, 749]",26,Lot 7 – PLOMBERIE SANITAIRES
"Lors de la pose des coffrets ECS et PC vous veillerez à mettre en œuvre des coffrets de protection des nourrices à une altimétrie de +10cm du niveau 
+-0.00, afin de mettre en œuvre un socle ",['16-11-2011'],"[28, 29, 30, 31, 32, 39]","[316, 327, 337, 350, 362, 376]",9,Lot 7 – PLOMBERIE SANITAIRES
"Mettre en œuvre l’ensemble des DEP intérieures, en relation avec STEREC 
LE 20/12/12 : FAIT A 100% ",['18-10-2012'],"[59, 60]","[432, 449]",15,Lot 7 – PLOMBERIE SANITAIRES
Nettoyage de vos zones de travail ,['31-08-2012'],[46],[402],35,Lot 7 – PLOMBERIE SANITAIRES
"Nous validons le modèle de douche proposée, douche à encastrer, fournir fiche au BC ",['19-04-2012'],[39],[376],24,Lot 7 – PLOMBERIE SANITAIRES
"Nous vous demandons de bien vouloir prendre contact avec votre fournisseur pour reprise des WC PMR de 70cm pour remplacement par des 
cuvettes en 50cm ",['20-12-2012'],"[59, 60, 61, 62, 63, 64, 66, 67, 68, 69, 70, 71, 72, 72, 74, 75, 76, 77, 78, 79, 80, 81]","[432, 449, 463, 477, 491, 505, 519, 533, 546, 561, 580, 597, 614, 632, 648, 665, 682, 695, 708, 721, 734, 749]",29,Lot 7 – PLOMBERIE SANITAIRES
"OBSERVATIONS 7 SOJA SUR PLAN ETDE LOT 7 ET 8  
Plan de réservations sous dalle PAC-7-TZ-SSD-PLA-001 B 11.07.2011 
Les avaloirs des locaux techniques sont au lot gros œuvre, il n’y a donc pas de réservation à prévoir en sol. Le réseau EU sera raccordé sur le 
côté de l’avaloir (voir fiche d’observation n°4 du 14.06.2011) 
Les réservations du lot « Traitement d’eau » ne sont pas représentées. 
Réservations à prévoir pour l’alimentation des pédiluves (voir fiche d’observation n°4 du 14.06.2011) 
Le siphon en attente au milieu du local PAC est à supprimer. En effet, un siphon a été recalé à proximité de la porte sur les derniers plans 
archi (voir fiche d’observation n°4 du 14.06.2011) 
Dans la gaine d’air vicié, vous ajoutez un siphon supplémentaire à proximité de la batterie de récupération (resa n°024). Celui se trouvant 
plus loin (resa n°006) est donc à supprimer (voir fiche d’observation n°4 du 14.06.2011) 
Le siphon de sol de la cour anglaise (resa n°012) est à supprimer. En effet, il a été retiré sur les plans archi 
Réservations n°006 (AEP) : Voir avec le BET SICRE si cette réservation est nécessaire. Sur leur plan de fondations, la longrine ferait  0.70 m 
ht, soit AI = +16.11 ngf ; mais il est aussi annoté sf = -3.49, soit AI = +15.81 ngf. L’arase est donc à vérifier. 
Réservations n°007 (AEP) : Réservation à supprimer. L’AI de la longrine est à +16.21 ngf 
Réservation manquante pour l’arrivée des réseaux AEP 
Le plan de fondations du BET SICRE n’a pas encore été actualisé suivant les derniers plans fournis, mais il conviendrait de figer les 
réservations en longrines et de les valider rapidement pour ne pas perturber le déroulement du chantier. 
Concernant le cheminement des fourreaux électriques pour la PAC, voir le schéma SOJA « SCH PAC » disponible sur le serveur FTP 
Remarque complémentaire 
Nous sommes toujours dans l’attente des fiches techniques de vos équipements, ceux-ci devant être validés par les architectes concernant 
l’esthétique et par nos soins pour les performances techniques. ",['07-07-2011'],[16],[191],106,Lot 7 – PLOMBERIE SANITAIRES
"OBSERVATIONS 8 SOJA SUR PLAN ETDE LOT 7 
Plans de réservations 
Remarques générales : 
Les plans de planchers hauts du BET SICRE ne sont plus d’actualité ; des modifications ont été effectuées sur les plans architecte qui n’ont 
pas été prises en compte sur les plans structure (ex : la poutre entre les 2 halls bassins en RdJ, locaux produits) 
Les remarques de la fiche d’observations n°6 n’ont pas toutes été prises en compte ; veuillez vous y conformer ou, en cas de désaccord ou 
d’incompréhension, annoter vos remarques. 
Les naissances des EP sont à la charge du lot Couverture. Les descentes EP extérieures sont à la charge du lot Gros Œuvre, y compris 
pénétrations dans le bâtiment. Le lot plomberie les reprend à l’intérieur. 
L’architecte ne souhaite pas de pénétration en toiture pour les ventilations primaires, nous plaçons donc des aérateurs à membrane. 
Il est clairement précisé dans les pièces du marché qu’aucune canalisation ne doit être apparente dans les locaux recevant du public. Voir 
plans et détails architecte 
PAC-7-TZ-RDJ-PLA-010 C Plan de réservations RDJ 11.07.2011 
Réservation annotée n°004 : Le siphon apparaît dans la poutre avec le plan structure (qui n’est plus d’actualité), mais par rapport au 
dernier plan RdJ archi, avec poutre recalée, le siphon plombe bien. (voir fiche d’observation n°6 du 07.07.2011) 
Réservation annotée n°098 (anciennement n°025) : Pas de réservation à prévoir car absence de retombée PV208 (voir fiche d’observation 
n°6 du 07.07.2011) 
Réservation annotée n°026 : Réservation à supprimer. La poutre située à cet endroit a été modifiée et a maintenant une arase inférieure de 
+18.70 ngf. En abaissant le fil d’eau de départ à +18.60 ngf, le problème ne se pose plus. 
Réservation annotée n°028 : Réservation à supprimer. La poutre située à cet endroit a été modifiée et a maintenant une arase inférieure de 
+18.70 ngf. A cet endroit, le fil d’eau du réseau EU est à une arase inférieure de +18.36 ngf, donc sous la poutre. (voir fiche d’observation n°6 
du 07.07.2011) 
Réservation annotée n°029 : fil d’eau descendu à +18.25 sur plan SOJA « PB01-rdj_indF » (voir fiche d’observation n°6 du 07.07.2011) 
Réservation annotée n°058 (anciennement n°069) : Passage du réseau EF sous poutre sur plan SOJA « PB01-rdj_indF », donc réservation à 
supprimer (voir fiche d’observation n°6 du 07.07.2011) 
Réservation annotée n°153 : siphon déplacé sur plan SOJA « PB01-rdj_indF », réservation à recaler (voir fiche d’observation n°6 du 
07.07.2011). Remarque faite auprès de l’architecte pour modification 
Réservation annotée n°198 : Concernant le réseau EV, le fil d’eau a été descendu à +18.40 sur le plan SOJA « PB 01-rdj_indE » (voir fiche 
d’observation n°6 du 07.07.2011) 
Réservation annotée n°203 : Le siphon apparaît dans la poutre avec le plan structure (qui n’est plus d’actualité), mais par rapport au 
dernier plan RdJ archi, avec poutre recalée, le siphon plombe bien (voir fiche d’observation n°6 du 07.07.2011) 
Les réservations en parois des locaux produits ne sont pas représentées (voir fiche d’observation n°6 du 07.07.2011) 
Réservation annotée n°019 : Pas de réservation à prévoir car passage du réseau EU sous poutre 
Réservations annotées n°093, 094, 095, 096 : Une seule réservation suivant plan SOJA « PB01-rdj_indF » 
Les altimétries manquantes pour les réseaux d’alimentation ont été ajoutées sur le plan SOJA « PB01- rdj_indF » (voir fiche d’observation 
n°6 du 07.07.2011) 
Plan de réservations RDC PAC-7-TZ-RDC-PLA-020 C 11.07.2011 
La réservation EV annotée n°004 semble trop basse par rapport au fils d’eau indiqué. A vérifier (voir fiche d’observation n°6 du 07.07.2011) 
Indiquer les réservations pour les encastrements de coffrets inox des robinets de puisage dans les zones accessibles au public (voir fiche 
d’observation n°6 du 07.07.2011) 
Réservations manquantes :  
- alimentations et évacuations lave-mains et urinoirs, WC public A5 (voir fiche d’observation n°6 du 07.07.2011) 
- saignée pour la douche PMR, zone douches D7 
Plan de réservations ETAGE PAC-7-TZ-ET-PLA-030 C 11.07.2011 
Recaler les réservations suivant le dernier plan SOJA « PB 03-et_indB » diffusé le 28.06.2011 (voir fiche d’observation n°6 du 07.07.2011) 
Remarque complémentaire 
Nous sommes toujours dans l’attente des fiches techniques de vos équipements, ceux-ci devant être validés par les architectes concernant 
l’esthétique et par nos soins pour les performances techniques. ",['07-07-2011'],[16],[191],155,Lot 7 – PLOMBERIE SANITAIRES
"PAC à fournir sur les bâtis supports WC, coupe et élévation pour synthèse avec le lot cabine ",['15-09-2011'],"[21, 22]","[253, 263]",13,Lot 7 – PLOMBERIE SANITAIRES
"PAC à fournir sur les bâtis supports WC, coupe et élévation pour synthèse avec le lot cabine 
Transmettre PAC sur les incorporations des évacuations dans les voiles BA, en effet suite au point fait ce jour en présence du BC vous devez revoir 
votre système de mise en oeuvre ",['15-09-2011'],[23],[275],15,Lot 7 – PLOMBERIE SANITAIRES
POINT ET REPONSE SOJA CI-DESSUS ET CI DESSOUS ,['09-06-2011'],"[12, 13]","[139, 156]",25,Lot 7 – PLOMBERIE SANITAIRES
Page 8 sur 12 ,['01-12-2011'],[46],[402],10,Lot 7 – PLOMBERIE SANITAIRES
Page 9 sur 16 ,['14-03-2013'],[74],[648],33,Lot 7 – PLOMBERIE SANITAIRES
Plan de réservation RDJ Lot09 Plan N°10 Indice A ,['16-06-2011'],"[13, 14]","[156, 168]",45,Lot 7 – PLOMBERIE SANITAIRES
"Plan de réservations RDC PAC-7-TZ-RDC-PLA-020 IND B 
La réservation EV annotée n°004 semble trop basse par rapport au fils d’eau indiqué. A vérifier 
Indiquer les réservations pour les encastrements de coffrets inox des robinets de puisage dans les zones accessibles au public 
Réservations manquantes : alimentations et évacuations lave-mains et urinoirs, WC public A5 
Plan de réservations ETAGE PAC-7-TZ-ET-PLA-030 IND B 
Réservations manquantes :  
- alimentation douche dans le vestiaire personnel E8 
- alimentation du lave-mains dans le vestiaire personnel E9 
Remarque complémentaire  
Nous sommes toujours dans l’attente des fiches techniques de vos équipements, ceux-ci devant être validés par les architectes concernant 
l’esthétique et par nos soins pour les performances techniques. ",['07-07-2011'],[16],[191],81,Lot 7 – PLOMBERIE SANITAIRES
Plan trappes à fournir pour intégration dans les plans PAC de VICTOIRE ,['07-06-2012'],[46],[402],18,Lot 7 – PLOMBERIE SANITAIRES
"Point pédiluves extérieurs : 
Attention à reprendre les réseaux dans les dallages des pédiluves extérieurs, afin de ne pas créer d’intervention trop lourdes, nous pouvons demander à
BAUTERS si des réseaux pour siphon et évacuation peuvent être passés dans les recharges pour façon de pente, voir diamètre 50mm ; à confirmer par
ETDE ",['26-04-2012'],[39],[376],61,Lot 7 – PLOMBERIE SANITAIRES
"Point pédiluves intérieurs :  
• 
les arrivées d’eaux doivent êtres aux centre du pédiluve axée sur le point le plus bas 
• 
La vidange est centrale et au plus prêt des voiles pour ne pas être gênante, tube inox dépassant de 10 cm du niveau d’au 
• 
L’écrémage se fait par les caniveaux en bout de pédiluves ",['26-04-2012'],[39],[376],34,Lot 7 – PLOMBERIE SANITAIRES
Points réservations à faire avec le BET SOJA ,['10-05-2011'],[9],[87],14,Lot 7 – PLOMBERIE SANITAIRES
"Prendre connaissance du CR de D&D et répondre aux demandes de SOJA et D&H PAYSAGES 
LE 17/05/11 : Chiffrages en cours point à faire avec SOJA / D&H PAYSAGES ",['10-05-2011'],[9],[87],5,Lot 7 – PLOMBERIE SANITAIRES
Prendre en compte CR SOJA ,['10-10-2013'],"[86, 87, 88, 89, 90, 91]","[822, 837, 852, 867, 880, 893]",16,Lot 7 – PLOMBERIE SANITAIRES
"Proposer un système d’encastrement des boitiers des nourrices des planchers chauffants, et notamment en relation avec SUFFIXE pour la partie des 
casiers zone vestiaires publics ",['18-10-2012'],"[59, 60, 61, 62, 63, 64, 66, 67, 68, 69, 70, 71, 72, 72, 74, 75, 76, 77, 78, 79, 80, 81]","[432, 449, 463, 477, 491, 505, 519, 533, 546, 561, 580, 597, 614, 632, 648, 665, 682, 695, 708, 721, 734, 749]",18,Lot 7 – PLOMBERIE SANITAIRES
"Présenter un échantillon des robinets à mettre en œuvre sur les socles des casiers des vestiaires groupes, ces derniers devront être sous les 
bancs tels que demandé par le Directeur du Centre Aquatique ",['23-08-2012'],[46],[402],31,Lot 7 – PLOMBERIE SANITAIRES
"Présenter un échantillon des robinets à mettre en œuvre sur les socles des casiers des vestiaires groupes, ces derniers devront être sous les bancs tels 
que demandé par le Directeur du Centre Aquatique 
En attente au 20/12/12 ",['23-08-2012'],"[59, 60, 61, 62, 63, 64, 66, 67, 68, 69, 70, 71, 72, 72, 74, 75, 76, 77, 78, 79, 80, 81]","[432, 449, 463, 477, 491, 505, 519, 533, 546, 561, 580, 597, 614, 632, 648, 665, 682, 695, 708, 721, 734, 749]",8,Lot 7 – PLOMBERIE SANITAIRES
Présenter votre système de fixation et scellement des douches dans la zone douches publiques ,['23-08-2012'],[46],[402],26,Lot 7 – PLOMBERIE SANITAIRES
Prévoir installation pompe relevage dans fosse dès finalisation des travaux GO demandée pour le 22/08/13  ,['25-07-2013'],"[78, 79, 80, 81, 82, 83, 84, 85, 86, 87, 88, 89]","[708, 721, 734, 749, 764, 778, 792, 807, 822, 837, 852, 867]",51,Lot 7 – PLOMBERIE SANITAIRES
RAPPEL DES POINTS EN SUSPENS,['29-09-2011'],[23],[275],20,Lot 7 – PLOMBERIE SANITAIRES
RAPPEL sur devis en moins value sur les boitiers des puisages des plages ,['22-12-2011'],"[28, 29, 30, 31, 32, 39]","[316, 327, 337, 350, 362, 376]",20,Lot 7 – PLOMBERIE SANITAIRES
RAPPEL sur la synthèse des percements oubliés à transmettre ,['10-05-2012'],[39],[376],72,Lot 7 – PLOMBERIE SANITAIRES
Rappel des points ci-dessus  ,['02-05-2013'],"[71, 72, 72, 74, 75, 76, 77, 78, 79, 80, 81]","[597, 614, 632, 648, 665, 682, 695, 708, 721, 734, 749]",62,Lot 7 – PLOMBERIE SANITAIRES
Rappel sur le plan des trappes à mettre en œuvre dans les zones de faux plafonds ,['28-06-2012'],[46],[402],20,Lot 7 – PLOMBERIE SANITAIRES
"Suite aux problèmes sur la mise en œuvre des compteurs d’eaux en lieu et place du réseaux EP que vous avez posez, vous proposez de 
déplacer les compteurs sur l’autre voiles ",['03-05-2012'],[39],[376],70,Lot 7 – PLOMBERIE SANITAIRES
"Suite à la réunion concessionnaires, il a été décidé de déplacer le compteur AEP dans le local tri selectif, prendre contact avec SOJA pour finaliser la 
pose de 1 ou 2 compteurs dès le local tri sélectif ou suivant demande du MO, la mise en place d’un comptage en sortie de réseaux sur le regard de 
lissage proche du chemin de hallage  ",['10-05-2011'],[9],[87],12,Lot 7 – PLOMBERIE SANITAIRES
"Suite à la réunion de synthèse du 09/06/11 en vos locaux, l’ensemble de vos questions à été soulevé et vous n’avez plus d’interrogation ",['09-06-2011'],"[12, 13]","[139, 156]",61,Lot 7 – PLOMBERIE SANITAIRES
"Suite à la transmission de votre PAC sur les incorporations, veuillez prendre note que sous réserve que les espaces ne soient pas 
réglementés, nous acceptons provisoirement votre proposition , ( Pas de béton cellulaire, voir parpaing de 10cm). ",['21-09-2011'],[23],[275],19,Lot 7 – PLOMBERIE SANITAIRES
"Transmettre PAC sur les bâtis supports WC et réservations des perçages à SUFFIXE 
NON FAIT ",['15-12-2011'],"[28, 29, 30, 31, 32, 39]","[316, 327, 337, 350, 362, 376]",18,Lot 7 – PLOMBERIE SANITAIRES
"Transmettre PAC sur les incorporations des évacuations dans les voiles BA, en effet suite au point fait ce jour en présence du BC vous devez 
revoir votre système de mise en œuvre ",['15-09-2011'],[21],[253],16,Lot 7 – PLOMBERIE SANITAIRES
"Transmettre PAC sur les incorporations des évacuations dans les voiles BA, en effet suite au point fait ce jour en présence du BC vous devez revoir 
votre système de mise en œuvre 
LE 21/09/11 : suite à la transmission de votre PAC sur les incorporations, veuillez prendre note que sous réserve que les espaces ne soient pas 
réglementés, nous acceptons provisoirement votre proposition , ( Pas de béton cellulaire, voir parpaing de 10cm). ",['15-09-2011'],[22],[263],18,Lot 7 – PLOMBERIE SANITAIRES
Transmettre PAC sur les évacuations des fonds des jardinières ,['01-12-2011'],"[59, 60, 61, 62, 63, 64, 66, 67, 68, 69, 70, 71, 72, 72, 74, 75, 76, 77, 78, 79, 80, 81]","[432, 449, 463, 477, 491, 505, 519, 533, 546, 561, 580, 597, 614, 632, 648, 665, 682, 695, 708, 721, 734, 749]",2,Lot 7 – PLOMBERIE SANITAIRES
"Transmettre PAC sur les évacuations des fonds des jardinières 
NON FAIT au 22/12/11 ",['01-12-2011'],"[28, 29, 30, 31, 32, 39]","[316, 327, 337, 350, 362, 376]",15,Lot 7 – PLOMBERIE SANITAIRES
"Transmettre PAC sur les évacuations des fonds des jardinières 
NON FAIT au 22/12/11 
NON FAIT AU 28/06/12 
NON FAIT AU 19/07/12 ",['01-12-2011'],[46],[402],5,Lot 7 – PLOMBERIE SANITAIRES
"Transmettre chiffrage en moins value sur les boitiers des puisages des plages pour éventuellement les intégrer dans les goulottes 
LE 22/12/11 : 1 mois de retard sur la transmission du devis ",['24-11-2011'],"[28, 29, 30, 31, 32]","[316, 327, 337, 350, 362]",12,Lot 7 – PLOMBERIE SANITAIRES
Transmettre devis sur les 3 PE en remplacement des 2 PE AEP ,['21-07-2011'],[17],[208],3,Lot 7 – PLOMBERIE SANITAIRES
"Transmettre synthèse des percements à réaliser sur site et marquage des trous pour contrôle, compris DEP façade sur Scarpe ",['03-05-2012'],[39],[376],67,Lot 7 – PLOMBERIE SANITAIRES
Transmettre un plan d’implantation des boitiers de puisage des vestiaires groupe ,['19-07-2019'],[46],[402],24,Lot 7 – PLOMBERIE SANITAIRES
"Transmettre à ETDE les côtes des équipements tels qu’ : 
• 
urinoirs et urinoirs enfants 
• 
poussoirs des douches 
• 
poussoir des WC  
• 
hauteurs des cuvettes enfants et adultes, (les PMR sont sur les plans de détails). 
• 
Hauteur vidoirs des locaux entretiens 
• 
Hauteur des puisages et hauteur des centrales d’hygiène ",['26-04-2012'],[39],[376],48,Lot 7 – PLOMBERIE SANITAIRES
Transmettre échantillon de boitiers de puisage+ plan implantation + détail type ,['20-09-2012'],"[59, 60, 61, 62, 63, 64, 66, 67, 68, 69, 70, 71, 72, 72, 74, 75, 76, 77, 78, 79, 80, 81]","[432, 449, 463, 477, 491, 505, 519, 533, 546, 561, 580, 597, 614, 632, 648, 665, 682, 695, 708, 721, 734, 749]",12,Lot 7 – PLOMBERIE SANITAIRES
URGENT : terminer tous vos calfeutrements : ceci est impératif pour le passage de la commission de sécurité : à solder sans délais ,['12-09-2013'],"[82, 83, 84, 85, 86, 87, 88, 89, 90, 91]","[764, 778, 792, 807, 822, 837, 852, 867, 880, 893]",10,Lot 7 – PLOMBERIE SANITAIRES
Valider les réservations prévues dans les longrines par le BET Sicre.  ,['09-06-2011'],"[12, 13]","[139, 156]",33,Lot 7 – PLOMBERIE SANITAIRES
"Vous avez transmis le devis suite aux changements des PE, nous transmettons au BET SOJA pour instruction et présentation au MO ",['25-08-2011'],"[18, 19, 20, 21, 22, 23]","[219, 230, 242, 253, 263, 275]",8,Lot 7 – PLOMBERIE SANITAIRES
Vous demandez au MO la synthèse sur l’implantation des compteurs dans le local tri sélectif pour pose de ces derniers par EAUX et FORCE ,['20-12-2012'],"[59, 60, 61, 62, 63, 64, 66, 67, 68, 69, 70, 71, 72, 72, 74, 75, 76, 77, 78, 79, 80, 81]","[432, 449, 463, 477, 491, 505, 519, 533, 546, 561, 580, 597, 614, 632, 648, 665, 682, 695, 708, 721, 734, 749]",20,Lot 7 – PLOMBERIE SANITAIRES
Vous diffusez ce jour les Plans de réservation RDJ Lot07 Plan N°10 Indice B ,['16-06-2011'],"[13, 14]","[156, 168]",40,Lot 7 – PLOMBERIE SANITAIRES
Vous présenter en réunion avec un plan de vos trappes pour synthèse avec FORCLUM ,['23-08-2012'],[46],[402],28,Lot 7 – PLOMBERIE SANITAIRES
Vous transmettez ce jour les plans de réservations étage et RDC ,['23-06-2011'],[14],[168],9,Lot 7 – PLOMBERIE SANITAIRES
Vous voudrez bien vous présenter afin de faire un point sur les réservations non réalisées par TOMMASINI ,['27-10-2011'],"[25, 26]","[296, 306]",6,Lot 7 – PLOMBERIE SANITAIRES
"Vous émettez des réserves sur les notes de calculs de SOJA, dimensionnements ",['10-11-2011'],[26],[306],8,Lot 7 – PLOMBERIE SANITAIRES
Vérifier les réservations du GO pour passage des PE ,['21-07-2011'],[17],[208],5,Lot 7 – PLOMBERIE SANITAIRES
"WC D6, SUFFIXE nous informe d’un réseau collé au WC et au bâtis support. ",['14-02-2013'],"[63, 64, 66, 67, 68, 69, 70, 71, 72, 72, 74, 75, 76, 77, 78, 79, 80, 81]","[491, 505, 519, 533, 546, 561, 580, 597, 614, 632, 648, 665, 682, 695, 708, 721, 734, 749]",22,Lot 7 – PLOMBERIE SANITAIRES
"insérer les couches de vos plans sur les plans Architecte et de synthèse au dernier indice, vos dossiers de plans sont inexploitables. ",['28-06-2012'],[46],[402],22,Lot 7 – PLOMBERIE SANITAIRES
Chiffrer les doubles haubans pour la gaine du bassin sportif suivant demande du BC et transmettre détail des pinces pour le BC ,['24-01-2013'],"[60, 61, 62, 63, 64, 66, 67, 68, 69, 70, 71, 72, 72, 74, 75, 76, 77, 78, 79, 80, 81, 82, 83, 84, 85, 86, 87, 88, 89, 90, 91]","[450, 464, 478, 492, 506, 520, 533, 547, 564, 583, 599, 616, 634, 650, 667, 683, 696, 709, 722, 735, 750, 764, 778, 793, 808, 823, 838, 853, 868, 881, 894]",51,Lot 12 – METALLERIE
"Communauté d’Agglomération des Portes du Hainaut – Construction d’un Centre Aquatique à St Amand Les Eaux – CR MOE N° 60 
 du 24/01/13 ","['28-08-2012', '10-01-2013', '14-03-2013', '21-03-2013', '02-05-2013', '16-05-2013', '23-05-2013', '29-08-2013']","[60, 61, 62, 63, 67, 68, 69, 70, 71, 72, 72, 74, 75, 75, 76, 77, 78, 79, 80, 81, 83, 84, 85, 86, 87, 88, 89, 90, 91]","[450, 464, 478, 492, 533, 547, 564, 583, 599, 616, 634, 650, 667, 667, 683, 696, 709, 722, 735, 750, 778, 793, 808, 823, 838, 853, 868, 881, 894]",37,Lot 12 – METALLERIE
"Les finitions autour des buses longue portée de la gaine de soufflage du hall bassin sportif ne sont toujours pas présente sur site et non
présentées pour validation ",['10-01-2013'],"[59, 60, 61, 62, 63, 64, 66, 67, 68, 69, 70, 71, 72, 72, 74, 75, 76, 77, 78, 79, 80, 81, 82, 83, 84, 85, 86, 87, 88]","[433, 450, 464, 478, 492, 506, 520, 533, 547, 564, 583, 599, 616, 634, 650, 667, 683, 696, 709, 722, 735, 750, 764, 778, 793, 808, 823, 838, 853]",68,Lot 12 – METALLERIE
"Manque 1 porte tierce d’accès au local « robot laveur » 90+40 sur plages côté sportif (réservation maximale :1.40 de large x2.10) remplissage 
en grillage maille ",['16-06-2011'],"[13, 14, 15, 16, 17, 18, 19, 20, 21, 22, 23]","[157, 169, 180, 196, 208, 219, 231, 243, 254, 264, 276]",29,Lot 12 – METALLERIE
Page 11 sur 13 ,"['28-08-2012', '10-01-2013', '21-03-2013', '02-05-2013', '16-05-2013', '23-05-2013']","[60, 61, 62, 63, 67, 68, 71, 74, 75, 75, 76, 77, 78, 79, 80, 81, 83, 84, 85, 86, 87, 88, 89]","[450, 464, 478, 492, 533, 547, 599, 650, 667, 667, 683, 696, 709, 722, 735, 750, 778, 793, 808, 823, 838, 853, 868]",39,Lot 12 – METALLERIE
"Point sur grilles :
Les tubes de barreaudage devront se croiser tels que sur le détail ci-dessus, de même, prévoir des tubes de différents diamètres afin d’approcher les 
formes d’un rideau de bambou ",['08-09-2011'],"[20, 21, 22, 23, 24, 25, 26]","[243, 254, 264, 276, 286, 296, 306]",23,Lot 12 – METALLERIE
"Portes grillagées du local vélo, refusées 
Gaines de soufflage du bassin sportif refusé ! 
Grilles des façades refusées 
Merci de bien vouloir réagir et prendre la mesure des finitions ",['16-05-2013'],"[72, 72, 74, 75, 76, 77, 78, 79, 80, 81, 82, 83, 84, 85, 86, 87, 88, 89, 90, 91]","[616, 634, 650, 667, 683, 696, 709, 722, 735, 750, 764, 778, 793, 808, 823, 838, 853, 868, 881, 894]",75,Lot 12 – METALLERIE
"Prendre en compte les surcharges de neige sur les plateforme, voir observations du BC ",['15-09-2011'],"[21, 22, 23]","[254, 264, 276]",27,Lot 12 – METALLERIE
"QUESTION BET SICRE 
Vos demandes de réservations du rez de jardin ne se basent pas sur le dernier plan Octant Rez de Jardin indice C avec notamment la 
supression du poteau béton entre les menuiseries 23 et 24. 
De plus les locaux Floculent et Acide ont été déplacés, leurs portes devenant des portes extérieures. Y a t'il une incidence sur leurs 
réservations? 
Il n'y a que 2.26m sous dalle dans parking cycles, nous ne pouvons prévoir des réservations de 2.50m pour les portes coulissantes de ce local. 
Sincères 
salutations
Dominique Bouteiller ",['09-06-2011'],"[12, 13, 14, 15]","[143, 157, 169, 180]",61,Lot 12 – METALLERIE
Rappel des points ci dessus ,"['31-08-2012', '08-03-2013', '02-05-2013']","[46, 67, 68, 71, 72, 72, 74, 75, 76, 77, 78, 79, 80, 81]","[404, 533, 547, 599, 616, 634, 650, 667, 683, 696, 709, 722, 735, 750]",55,Lot 12 – METALLERIE
"Répondre à la demande du BC : 
fournir votre méthode de soudure avant intervention, reprise des galvanisations et les fiches des soudeur agrées qui interviendrons sur ces
soudures,  ",['21-03-2013'],"[69, 70, 71, 72, 72, 74, 75]","[564, 583, 599, 616, 634, 650, 667]",48,Lot 12 – METALLERIE
"Répondre à la demande du BC : 
fournir votre méthode de soudure avant intervention, reprise des galvanisations et les fiches des soudeur agrées qui interviendrons sur ces soudures,  
Reprendre les marches des deux escaliers extérieurs suivant demande du MO /BC ",['21-03-2013'],"[76, 77, 78, 79, 80, 81, 82, 83, 84, 85, 86, 87, 88, 89, 90, 91]","[683, 696, 709, 722, 735, 750, 764, 778, 793, 808, 823, 838, 853, 868, 881, 894]",42,Lot 12 – METALLERIE
"SYNTHSE PORTES METAL
Voir modification portes 23-24-6-5-12-14 
les portes extérieures en acier galva sont systématiquement à prévoir en finition laqué. (RAL identique aux menuiseries 7026 gris Granit) 
De même, les grilles de ventilation extérieures seront laquée soit dans la couleur brique si elles s'insèrent dans les panneaux terre cuite, soit 
RAL7026 gris Granit si elles sont positionnées dans des panneaux béton. ",['16-06-2011'],"[13, 14, 15, 16, 17, 18, 19, 20, 21, 22, 23]","[157, 169, 180, 196, 208, 219, 231, 243, 254, 264, 276]",26,Lot 12 – METALLERIE
"Suite demande de la MO, uniformiser les mains courante en acier galva et suppression des zone avec lisse bois sur les extérieures ",['29-11-2012'],"[59, 60, 61, 62, 63, 64, 66, 67, 68, 69, 70, 71, 72, 72, 74, 75, 76, 77, 78, 79, 80, 81, 82, 83, 84, 85, 86, 87, 88, 89, 90, 91]","[433, 450, 464, 478, 492, 506, 520, 533, 547, 564, 583, 599, 616, 634, 650, 667, 683, 696, 709, 722, 735, 750, 764, 778, 793, 808, 823, 838, 853, 868, 881, 894]",54,Lot 12 – METALLERIE
"Suite à la visite de chantier de ce jour, nous vous demandons : 
De reprendre les grilles coulissantes du local vélo, en effet, la grille de gauche face au bâtiment ne s’ouvre pas complètement et doit être
retournée, de plus les bâtis de ces portes sont branlants et nécessite des renforts d’équerres. Pour finir, nous avons observé que vous avez
soudé les pates de fixation du rail haut sur la grille, ce qui est inacceptable, et il manque le rail guide en partie basse. ",['21-03-2013'],"[69, 70, 71, 72, 72, 74, 75, 76, 77, 78, 79, 80, 81, 82, 83, 84, 85, 86, 87, 88, 89, 90, 91]","[564, 583, 599, 616, 634, 650, 667, 683, 696, 709, 722, 735, 750, 764, 778, 793, 808, 823, 838, 853, 868, 881, 894]",57,Lot 12 – METALLERIE
Tjrs en attente de l’échantillon garde corps filets,['27-10-2011'],"[25, 26, 28, 29, 30]","[296, 306, 317, 328, 338]",26,Lot 12 – METALLERIE
"Transmettre détail des ; grilles de façades, transmettre réservations à mettre en place par le GO, compris raccord ZAG",['27-10-2011'],"[26, 28, 29, 30, 31]","[306, 317, 328, 338, 351]",23,Lot 12 – METALLERIE
"Transmettre détail sur les plats à mettre en œuvre sur les ouvrages « bardages » suite omission réservations 
LE 18/10/12 : NON FAIT ",['03-05-2012'],"[46, 59]","[404, 433]",5,Lot 12 – METALLERIE
Transmettre les grilles à mettre en peinture thermo laquée ,['09-02-2012'],"[31, 32]","[351, 364]",33,Lot 12 – METALLERIE
Transmettre moins value sur les grilles des armoires groupe pour info ,['09-02-2012'],"[31, 32]","[351, 364]",31,Lot 12 – METALLERIE
"Transmettre à TOMMASINI les réservations à mettre en place pour les fixations des mains courante, garde corps 
LE 09/02/12 : Vous annoncez faire votre affaire le bouchardage ponctuel sur les panneaux bambou pour une parfaite fixation des cavaliers 
des GC ",['12-01-2012'],"[31, 32]","[351, 364]",26,Lot 12 – METALLERIE
"URGENT : transmettre vos PV de portes : nous vous rappelons que le RVRAT du BC doit être vierge de tout avis pour la comission de
sécurité ",['26-09-2013'],"[84, 85, 86, 87, 88, 89, 90, 91]","[793, 808, 823, 838, 853, 868, 881, 894]",115,Lot 12 – METALLERIE
Vous demandez à ETDE de fournir le poids des gaines de soufflages,['23-06-2023'],"[14, 15, 16, 17]","[169, 180, 196, 208]",36,Lot 12 – METALLERIE
"Vous devez être présent afin de faire un essai d’intégration des bouches de soufflage TROXX dans l’échantillon de gaine  
Point fait 
LE 23/08/12 : vous vous étiez engagé à fournir une présentation sur votre échantillon à l’échelle 1, et en présence d’ETDE, ce qui n’est toujours pas 
fait ",['24-05-2012'],"[46, 59, 60, 71, 72, 72, 74]","[404, 433, 450, 599, 616, 634, 650]",15,Lot 12 – METALLERIE
Vous voudrez bien retrabnsmettre un détail sur les grilles matricées pour visuel ,['27-10-2011'],"[25, 26]","[296, 306]",24,Lot 12 – METALLERIE
: Rappel urgent transmettre les implantations des entretoises,['09-02-2012'],"[31, 32]","[351, 364]",19,Lot 12 – METALLERIE
Assurer la fermeture de toutes vos portes afin d’assurer la sécurité du chantier durant la période estivale ,['01-08-2013'],[79],[722],80,Lot 12 – METALLERIE
"Attention au galva de la passerelle d’accès au parvis, ces dernières sont ternes ",['10-01-2013'],"[59, 60]","[433, 450]",73,Lot 12 – METALLERIE
Attention la main courante sur palier de l’escalier de l’accueil doit être continue (pas de rupture : dangereux) ,['12-09-2013'],"[82, 83, 84, 85, 86, 87, 88, 89, 90, 91]","[764, 778, 793, 808, 823, 838, 853, 868, 881, 894]",107,Lot 12 – METALLERIE
"Confirmer à GO les plans PAC des bambous, réservations ZAG, attaches mains courante, grilles de ventilation, etc ",['12-04-2012'],[39],[378],5,Lot 12 – METALLERIE
"Dernière demande sur la pose et mise en place des pré cadres des grilles pour les finitions des bardages, vous retardez les autres corps d’état ",['28-08-2012'],"[46, 69, 70, 71, 72, 72, 74, 75, 76]","[404, 564, 583, 599, 616, 634, 650, 667, 683]",46,Lot 12 – METALLERIE
"Dernière demande sur la pose et mise en place des pré cadres des grilles pour les finitions des bardages, vous retardez les autres corps d’état 
LE 18/10/12 : NON FAIT ",['28-08-2012'],"[59, 60, 61, 62, 63, 64, 66, 67, 68]","[433, 450, 464, 478, 492, 506, 520, 533, 547]",27,Lot 12 – METALLERIE
"Déposer escalier accès terrasse depuis zone administration afin de mettre en œuvre des plots + étanchéité, prévoir adaptation de l’escalier  ",['05-09-2013'],"[81, 82, 83, 84, 85, 86, 87, 88, 89, 90, 91]","[750, 764, 778, 793, 808, 823, 838, 853, 868, 881, 894]",109,Lot 12 – METALLERIE
"Echantillon petite maille validé pour filet des GC, attention à poser de l’inox 316L mini ",['19-04-2012'],[39],[378],9,Lot 12 – METALLERIE
Echantillon platelage de la passerelle validé : attention les vis devront être parfaitement parallèles au GC et à distance égale tout au long ,['03-10-2013'],"[85, 86, 87, 88, 89, 90, 91]","[808, 823, 838, 853, 868, 881, 894]",119,Lot 12 – METALLERIE
FORCLUM doit transmettre les types des équipements à mettre en place dans les gaines de soufflage habillées ,['16-06-2011'],"[13, 14, 15, 16, 17, 18, 19, 20, 21, 22, 23]","[157, 169, 180, 196, 208, 219, 231, 243, 254, 264, 276]",35,Lot 12 – METALLERIE
"Faire la moins value des grilles intérieures au projet, suite doublon à ETDE qui mettra en place les grilles intérieures ",['08-11-2012'],[59],[433],48,Lot 12 – METALLERIE
"Faire reprises sur habillages des gaines des bassins ludique et sportif suivant directives : profil de jonction (coté ludique) avec brique : tout le
long pour masquer vides irréguliers, ajouter pièce d’embout (ludique) fabriquée sur gabarit, de même reprendre pièce d’about du sportif
(sur gabarit) afin d’épouser parfaitement la forme, poser cornières de finition haute sur gaine bassin ludique. ",['10-10-2013'],"[86, 87, 88, 89, 90, 91]","[823, 838, 853, 868, 881, 894]",123,Lot 12 – METALLERIE
Faire réfection candélabre endommagé par vos équipes ou régler devis COLAS ,['17-10-2013'],"[87, 88, 89, 90, 91]","[838, 853, 868, 881, 894]",125,Lot 12 – METALLERIE
Fournir au plus vite les fiches techniques des grilles sur l’ensemble ,['08-09-2011'],"[20, 21, 22, 23, 24, 25, 26]","[243, 254, 264, 276, 286, 296, 306]",27,Lot 12 – METALLERIE
Fournir les certificats des GC résistant à une poussée de 900 joules ,['21-11-2013'],[91],[894],108,Lot 12 – METALLERIE
Fournir plans PAC des accroches de la gaine de TA sur charpente sportif ,['12-04-2012'],[39],[378],7,Lot 12 – METALLERIE
Intégrer à la gaine du BS le détail des caissons à mettre en œuvre pour les éclairages et pour les buses d’ETDE ,['03-05-2012'],[39],[378],18,Lot 12 – METALLERIE
"Intégrer à la gaine du BS le détail des caissons à mettre en œuvre pour les éclairages et pour les buses d’ETDE 
LE 23/08/12 : transmettre détail avant mise en place des gaines ",['03-05-2012'],[46],[404],8,Lot 12 – METALLERIE
"Intégrer à la gaine du BS le détail des caissons à mettre en œuvre pour les éclairages et pour les buses d’ETDE 
LE 23/08/12 : transmettre détail avant mise en place des gaines 
LE 06/09/12 : EN ATTENTE PROPOSITION DE PLAN, vous vous engagez à transmettre de dernier sous peu 
LE 18/10/12 : NON FAIT ",['03-05-2012'],[59],[433],16,Lot 12 – METALLERIE
Justifier les attaches des gaines bassin sportif au BC ,['29-11-2012'],"[59, 60, 61, 62, 63, 64, 66, 67, 68, 69, 70, 71, 72, 72, 74, 75, 76, 77, 78, 79, 80, 81, 82, 83, 84, 85, 86, 87, 88]","[433, 450, 464, 478, 492, 506, 520, 533, 547, 564, 583, 599, 616, 634, 650, 667, 683, 696, 709, 722, 735, 750, 764, 778, 793, 808, 823, 838, 853]",58,Lot 12 – METALLERIE
La mise en œuvre de l’habillage de la gaine bassin apprentissage est refusée : proposer profils de finition ,['19-09-2013'],"[83, 84, 85, 86, 87, 88, 89, 90, 91]","[778, 793, 808, 823, 838, 853, 868, 881, 894]",109,Lot 12 – METALLERIE
"La porte des vestiaires du public tape dans la banque d’accueil : peut-on inverser les ouvrants (petit et grand vantail) en gardant sens
ouverture (IS) : à soumettre au BC ",['19-09-2013'],"[83, 84, 85, 86, 87, 88, 89, 90, 91]","[778, 793, 808, 823, 838, 853, 868, 881, 894]",112,Lot 12 – METALLERIE
La pose de l’échelle accès toiture n’est pas conforme au détail architecte (risque de poinçonnement de l’étanchéité) : à reprendre  ,['05-09-2013'],"[81, 82, 83, 84, 85, 86, 87, 88, 89, 90, 91]","[750, 764, 778, 793, 808, 823, 838, 853, 868, 881, 894]",107,Lot 12 – METALLERIE
"Le garde-corps de l’escalier de l’accueil doit être posé dans l’axe : à reprendre après le passage de la commission : vous rapprocher de
BAUTERS pour trous dans carrelage ",['21-11-2013'],[91],[894],106,Lot 12 – METALLERIE
"Les boites d’intégration des spots de FORCLUM ne sont pas assez grandes pour permettre d’y loger les deux spots, de plus les finitions sont
médiocres donc refusées ",['10-01-2013'],"[59, 60, 61, 62, 63, 64, 66, 67, 68, 69, 70, 71, 72, 72, 74, 75, 76, 77, 78, 79, 80, 81, 82, 83, 84, 85, 86, 87, 88]","[433, 450, 464, 478, 492, 506, 520, 533, 547, 564, 583, 599, 616, 634, 650, 667, 683, 696, 709, 722, 735, 750, 764, 778, 793, 808, 823, 838, 853]",71,Lot 12 – METALLERIE
Lever avis BC sur non-conformité des grilles transfo et TGBT ,['26-09-2013'],"[84, 85, 86, 87, 88, 89, 90, 91]","[793, 808, 823, 838, 853, 868, 881, 894]",117,Lot 12 – METALLERIE
Livraison des GC du parvis le 22/11/13 ,['14-11-2013'],"[90, 91]","[881, 894]",103,Lot 12 – METALLERIE
"Localisation du stockage de chlore liquide à l'extérieur face à la prise d'air en façade de la CTA : 
Le préventionniste attire l'attention sur les risques de propagation de vapeur de chlore en cas de fuite via la CTA 
il est donc demandé au MO d'isoler ce local par parois enveloppes CF 1 heure et BP CF 1/2 heure ",['23-05-2013'],"[72, 74, 75, 76, 77, 78, 79, 80, 81, 82, 83, 84, 85, 86, 87, 88]","[634, 650, 667, 683, 696, 709, 722, 735, 750, 764, 778, 793, 808, 823, 838, 853]",79,Lot 12 – METALLERIE
Lors de la pose de la main courante escalier accueil vous avez fendu la brique acoustique : vous rapprocher de TOMMASINI pour reprise ,['01-08-2013'],"[79, 80, 81, 82, 83, 84, 85, 86, 87, 88, 89, 90, 91]","[722, 735, 750, 764, 778, 793, 808, 823, 838, 853, 868, 881, 894]",76,Lot 12 – METALLERIE
L’entreprise s’est engagée à solder la pose de toutes ses grilles pour le 08/11/13 ,['07-11-2013'],"[89, 90, 91]","[868, 881, 894]",96,Lot 12 – METALLERIE
Mettre en place les entretoises pour échelles à crinolines ,['26-07-2012'],"[46, 59]","[404, 433]",44,Lot 12 – METALLERIE
Mettre en place l’escalier d’accès au R+1 depuis la zone de service ,['28-08-2012'],[46],[404],48,Lot 12 – METALLERIE
"Mettre en place l’escalier d’accès au R+1 depuis la zone de service 
LE 18/10/12 : NON FAIT ",['28-08-2012'],[59],[433],30,Lot 12 – METALLERIE
"Mettre en œuvre les grilles sur les zones terminées, grilles extérieures et intérieures ",['10-01-2013'],"[59, 60, 61, 62, 63, 64, 66, 67, 68]","[433, 450, 464, 478, 492, 506, 520, 533, 547]",77,Lot 12 – METALLERIE
"Mettre en œuvre les grilles sur les zones terminées, grilles extérieures et intérieures EN COURS AU 21/03/13 ",['10-01-2013'],"[69, 70, 71, 72, 72, 74, 75, 76, 77, 78, 79, 80, 81, 82, 83, 84, 85, 86, 87, 88]","[564, 583, 599, 616, 634, 650, 667, 683, 696, 709, 722, 735, 750, 764, 778, 793, 808, 823, 838, 853]",27,Lot 12 – METALLERIE
"Mettre en œuvre l’escalier de la zone de terrasse au R+1 sur l’administration et / ou mettre en œuvre les platines de fixations pour intérgation 
de ces dernière dans les bardages terre cuite ",['28-08-2012'],[46],[404],51,Lot 12 – METALLERIE
"Mettre en œuvre l’escalier de la zone de terrasse au R+1 sur l’administration et / ou mettre en œuvre les platines de fixations pour intérgation de ces 
dernière dans les bardages terre cuite 
LE 18/10/12 : NON FAIT ",['28-08-2012'],[59],[433],34,Lot 12 – METALLERIE
Nous acceptons l’emploi de tôles striées au lieu des tôles perforées pour l’escalier de secours depuis les gradins du hall sportif ,['18-10-2012'],[59],[433],40,Lot 12 – METALLERIE
Nous demandons la pose des 3 buses manquantes sur gaine du bassin ludique ,['01-08-2013'],[79],[722],78,Lot 12 – METALLERIE
Nous demandons la pose des 3 buses manquantes sur gaine du bassin ludique : l’entreprise s’est engagée à réaliser ces travaux semaine 36 ,['01-08-2013'],"[80, 81, 82, 83, 84, 85, 86, 87, 88, 89, 90, 91]","[735, 750, 764, 778, 793, 808, 823, 838, 853, 868, 881, 894]",79,Lot 12 – METALLERIE
"Nous n’avons pas d’observations à formuler sur l’aspect Architecturale de votre plan : 
• 
PAC ESCALIER DE SECOURS GRADINS DETAIL IND A 
• 
Concernant le plan PAC ESCALIER DE SECOURS GRADINS PERSPECTIVE IND A, vous voudrez bien biaiser les tubes carré 
formant croix de saint André de façon à les bouchonner esthétiquement ",['27-10-2011'],"[25, 26]","[296, 306]",22,Lot 12 – METALLERIE
Nous refusons la présentation des intégrations des buses de soufflage longue portée dans l’habillage de la gaine du bassin sportif ,['21-11-2012'],"[59, 60, 61, 62, 63, 64, 66, 67, 68, 69, 70, 71, 72, 72, 74, 75, 76]","[433, 450, 464, 478, 492, 506, 520, 533, 547, 564, 583, 599, 616, 634, 650, 667, 683]",50,Lot 12 – METALLERIE
"Nous souhaitons que l’habillage des gaines de ventilation du hall sportif et apprentissage en panneaux perforés soient de couleur gris métallisé clair 
RAL 9006.  
 Les gaines en elle-même resteront en acier galva. ",['01-12-2011'],"[28, 29, 30, 31]","[317, 328, 338, 351]",13,Lot 12 – METALLERIE
Nous vous demandons de poser les escaliers extérieurs une dernière fois avant sanctions ,['10-01-2013'],"[59, 60]","[433, 450]",75,Lot 12 – METALLERIE
"Observations sur escalier secours des gradins : 
- 
Poser capuchons en tête de poteaux + en bout de GC 
- 
Redresser profil tordus 
- 
Faire reprises galva sur coups 
- 
Dégager main courante pour assurer passage main en continu 
- 
Poser fixations sur palier 
- 
Poser capotage sur platines sur dalle béton afin de masquer les défauts altimétrie 
- 
Fixer 1ère marche 
- 
Poser capotage sur parement brique sous escalier afin d’éviter les infiltrations eau 
La pose des filets inox se fera fin septembre ",['29-08-2013'],"[80, 81, 82, 83, 84, 85, 86, 87, 88, 89, 90, 91]","[735, 750, 764, 778, 793, 808, 823, 838, 853, 868, 881, 894]",105,Lot 12 – METALLERIE
"PAC à transmettre sur les façades des armoires grillagées, en relation avec SUFFIXE ",['22-12-2011'],"[28, 29, 30]","[317, 328, 338]",17,Lot 12 – METALLERIE
"PAC à transmettre sur les façades des armoires grillagées, en relation avec SUFFIXE 
LE 09/02/12 : Voir point du jour ci-dessous pour chiffrage en moins value ",['09-02-2012'],[31],[351],22,Lot 12 – METALLERIE
"POINT Bureau de Contrôle 
CRCT N°7 
SUPPORT GAINES VENTILATIONS REPRIS SUR LA CHARPENTE DU GRAND BASSIN : 
Nous notons l'absence de soudures au niveau des taquets de liaisons entre les tirants et les gaines : en l'absence 
des ces soudures nous émettons un avis défavorables sur le système d'accrochage de ces gaines dans cette 
zone : ====> prévoir soudures continues IMPERATIVEMENT. 
Une attestation entreprise justifiant la mise en oeuvre de ces cordons de soudures ainsi que la qualification des 
soudeurs ayant réalisé ces soudures devra nous être transmise : 
l’entreprise s’est engagée à répondre au présent avis semaine 36 ",['06-06-2013'],"[80, 81, 82, 83, 84, 85, 86, 87, 88]","[735, 750, 764, 778, 793, 808, 823, 838, 853]",70,Lot 12 – METALLERIE
"POINT Bureau de Contrôle 
CRCT N°7 
SUPPORT GAINES VENTILATIONS REPRIS SUR LA CHARPENTE DU GRAND BASSIN : 
Nous notons l'absence de soudures au niveau des taquets de liaisons entre les tirants et les gaines : en l'absence 
des ces soudures nous émettons un avis défavorables sur le système d'accrochage de ces gaines dans cette 
zone : ====> prévoir soudures continues IMPERATIVEMENT. 
Une attestation entreprise justifiant la mise en oeuvre de ces cordons de soudures ainsi que la qualification des 
soudeurs ayant réalisé ces soudures devra nous être transmise. ",['06-06-2013'],"[75, 76, 77, 78, 79]","[667, 683, 696, 709, 722]",88,Lot 12 – METALLERIE
Page 10 sur 12 ,['29-08-2013'],"[90, 91]","[881, 894]",40,Lot 12 – METALLERIE
Page 14 sur 18 ,['02-05-2013'],"[72, 72]","[616, 634]",69,Lot 12 – METALLERIE
Page 15 sur 19 ,['14-03-2013'],"[69, 70]","[564, 583]",43,Lot 12 – METALLERIE
"Point grilles, 
Mettre en œuvre les pré-cadres des grilles sur la zone gradins afin de permettre au sous traitant du GO de finaliser la pose des bardages acoustique 
EXTRAIT CCTP  
12.13.1 - GRILLES DE VENTILATION EN ACIER GALVANISE. 
Grilles de ventilation, en tôle d'acier galvanisé de 20 / 10.me d'épaisseur, comprenant : 
 Grilles extérieures : 
 Cadre à sceller ou à visser en corni.res tôle pliée. 
 Encadrement à visser en corni.res tôle pliée. 
 Habillage anti-rongeurs et anti volatiles par grillage en acier galvanisé, maille 10 x 10, soudé à l'intérieur de  
l'encadrement. 
 Habillage périphérique en fer plat soudé 
 Lames profil.es persiennes en acier galvanisé, inclinées à 45 , soud.es sur l'encadrement. 
 Jet d'eau en profilés. 
 Grilles intérieures : 
 Cadre à sceller ou à visser en cornières tôle pliée. 
 Encadrement à visser en cornières tôle pliée. 
 Remplissage en métal déployé. 6,5 x 29 soudé  l'intérieur de l'encadrement. 
 Façon de jet d'eau extérieur. 
Les grilles pourront être peintes selon les choix de l’architecte. 
Toutes sujétions de façon, pose, accessoires de pose et scellements ou visserie. 
Dimensions et sections utiles suivant plans Architecte et plans techniques. 
Localisation : (Suivant plan architecte et BET Fluide) 
 Grilles en fa.ade. 
 Toutes les grilles de ventilation techniques du projet. ",['19-07-2019'],[46],[404],42,Lot 12 – METALLERIE
Poser grille sur VB du local PAC ,['17-10-2013'],"[87, 88, 89, 90, 91]","[838, 853, 868, 881, 894]",130,Lot 12 – METALLERIE
Poser les grilles extérieures ,['08-11-2012'],[59],[433],46,Lot 12 – METALLERIE
Poser vos grilles des gradins ,['29-08-2013'],"[80, 81, 82, 83, 84, 85, 86, 87, 88]","[735, 750, 764, 778, 793, 808, 823, 838, 853]",84,Lot 12 – METALLERIE
Poser vos échelles accès toiture et échelle à crinoline ,['29-08-2013'],"[80, 81]","[735, 750]",86,Lot 12 – METALLERIE
"Pour faire suite à l’établissement du devis pour fourniture et pose de GC et caillebotis devant bacs tampons (suivant demande MO) nous
demandons que soit établi un plan et validation du SPS/BC, le devis sera instruit en suivant ",['29-08-2013'],"[80, 81, 82, 83, 84, 85, 86, 87, 88, 89, 90, 91]","[735, 750, 764, 778, 793, 808, 823, 838, 853, 868, 881, 894]",82,Lot 12 – METALLERIE
Proposer un échantillon de GC intérieur suite à la variante entre filet inox à remplacer par vitrage coloré ,['31-01-2013'],"[61, 62, 63, 64, 66, 67, 68, 69, 70, 71, 72, 72, 74, 75, 76, 77, 78, 79, 80, 81]","[464, 478, 492, 506, 520, 533, 547, 564, 583, 599, 616, 634, 650, 667, 683, 696, 709, 722, 735, 750]",43,Lot 12 – METALLERIE
Proposition à faire sur les boitiers des spots ,['21-11-2012'],[59],[433],52,Lot 12 – METALLERIE
Présenter un échantillon de garde-corps avec filets inox ,['08-09-2011'],"[20, 21, 22, 23, 24, 25, 26]","[243, 254, 264, 276, 286, 296, 306]",25,Lot 12 – METALLERIE
"Prévoir la fourniture et pose d’une porte CF, (tenue à confirmer par BC) sur le local transfo, cette dernière devra être habillée avec des
grilles pour confondre avec les abords ",['06-06-2013'],"[75, 76, 77, 78, 79, 80, 81, 82, 83, 84, 85, 86, 87, 88]","[667, 683, 696, 709, 722, 735, 750, 764, 778, 793, 808, 823, 838, 853]",91,Lot 12 – METALLERIE
RAPPEL ! détails ci-dessus à transmettre ,['10-05-2012'],"[39, 46]","[378, 404]",20,Lot 12 – METALLERIE
RAPPEL DES POINTS CI-DESSUS  ,['18-10-2012'],"[59, 60, 61, 62, 63, 64, 66, 67, 68]","[433, 450, 464, 478, 492, 506, 520, 533, 547]",36,Lot 12 – METALLERIE
RAPPEL DES POINTS EN SUSPENS,['29-09-2011'],[23],[276],29,Lot 12 – METALLERIE
"RAPPEL sur raccord ZAG, détail PAC à transmettre sans délais à TOMMASINI / OCTANT pour observation, vous retardez la fourniture des PAC
sur matrice bambou ",['01-12-2011'],"[28, 29, 30]","[317, 328, 338]",9,Lot 12 – METALLERIE
"RAPPEL sur raccord ZAG, détail PAC à transmettre sans délais à TOMMASINI / OCTANT pour observation, vous retardez la fourniture des PAC
sur matrice bambou 
LE 09/02/12 : FAIT, voir à transmettre demande de feuillure avec détail PAC pour intégration parfaite sur les  panneaux bambou ",['01-12-2011'],[31],[351],9,Lot 12 – METALLERIE
Reprendre en partie les tôles d’habillage de la gaine du sportif pour intégration des spots de FORCLUM ,['08-11-2012'],"[59, 60, 61, 62, 63, 64, 66, 67, 68, 69, 70, 71, 72, 72, 74, 75, 76]","[433, 450, 464, 478, 492, 506, 520, 533, 547, 564, 583, 599, 616, 634, 650, 667, 683]",44,Lot 12 – METALLERIE
Reprendre la grille du local Transfo avec les ailettes en retrait des voiles matricés ,['21-03-2013'],"[69, 70, 71, 72, 72, 74, 75, 76, 77, 78, 79, 80, 81, 82, 83, 84, 85, 86, 87, 88, 89, 90, 91]","[564, 583, 599, 616, 634, 650, 667, 683, 696, 709, 722, 735, 750, 764, 778, 793, 808, 823, 838, 853, 868, 881, 894]",61,Lot 12 – METALLERIE
Reprendre les bavettes des gouttes d’eau sur les grilles en façades ,['21-03-2013'],"[69, 70, 71, 72, 72, 74, 75, 76, 77, 78, 79, 80, 81, 82, 83, 84, 85, 86, 87, 88, 89, 90, 91]","[564, 583, 599, 616, 634, 650, 667, 683, 696, 709, 722, 735, 750, 764, 778, 793, 808, 823, 838, 853, 868, 881, 894]",59,Lot 12 – METALLERIE
Reprendre les marches des deux escaliers extérieurs suivant demande du MO /BC ,['21-03-2013'],"[69, 70, 71, 72, 72, 74, 75]","[564, 583, 599, 616, 634, 650, 667]",52,Lot 12 – METALLERIE
Répondre aux demandes du BC,['27-10-2011'],"[25, 26]","[296, 306]",15,Lot 12 – METALLERIE
Répondre à l’ensemble des points ci-dessus ,['25-10-2012'],[59],[433],42,Lot 12 – METALLERIE
"Suite à la réunion de la semaine passée, transmettre détail de l’habillage des bouches TROXX d’ETDE sur vos habillages de gaines ",['07-06-2012'],[46],[404],17,Lot 12 – METALLERIE
Suivant CR OPC ,['02-05-2013'],"[71, 72, 72, 74, 75, 76, 77, 78, 79, 80, 81]","[599, 616, 634, 650, 667, 683, 696, 709, 722, 735, 750]",64,Lot 12 – METALLERIE
Sur garde corps des gradins coté pédiluve : faire jonction avec mur (risque de chute) + traiter appui précaire ,['07-11-2013'],"[89, 90, 91]","[868, 881, 894]",98,Lot 12 – METALLERIE
Terminer les escaliers ,['31-01-2013'],"[61, 62, 63, 64, 66, 67, 68, 69, 70, 71, 72, 72, 74, 75, 76, 77, 78, 79, 80, 81, 82, 83, 84, 85, 86, 87, 88, 89, 90, 91]","[464, 478, 492, 506, 520, 533, 547, 564, 583, 599, 616, 634, 650, 667, 683, 696, 709, 722, 735, 750, 764, 778, 793, 808, 823, 838, 853, 868, 881, 894]",41,Lot 12 – METALLERIE
Terminer pose des portes CF du sous sol ,['25-07-2013'],"[78, 79, 80, 81, 82, 83, 84, 85, 86, 87, 88, 89, 90, 91]","[709, 722, 735, 750, 764, 778, 793, 808, 823, 838, 853, 868, 881, 894]",74,Lot 12 – METALLERIE
"Terminer travaux passerelle extérieure : URGENT la réception est dans 4 semaines : finir pose (jonction accueil), GC, platelage ",['05-09-2013'],"[81, 82, 83, 84, 85, 86, 87, 88, 89, 90, 91]","[750, 764, 778, 793, 808, 823, 838, 853, 868, 881, 894]",111,Lot 12 – METALLERIE
Traiter les champs des découpes sur les tôles des gaines des bassins sportifs et ludiques ,['07-02-2013'],"[62, 63, 64, 66, 67, 68, 69, 70, 71, 72, 72, 74, 75, 76, 77, 78, 79, 80, 81, 82, 83, 84, 85, 86, 87, 88, 89, 90, 91]","[478, 492, 506, 520, 533, 547, 564, 583, 599, 616, 634, 650, 667, 683, 696, 709, 722, 735, 750, 764, 778, 793, 808, 823, 838, 853, 868, 881, 894]",45,Lot 12 – METALLERIE
Transmettre au BC et copie à ErDF ,['09-06-2011'],"[12, 13, 14, 15, 16, 17, 18]","[143, 157, 169, 180, 196, 208, 219]",51,Lot 12 – METALLERIE
"Transmettre au GO un bon pour accords suite diffusion des plans de calpinage des panneaux bambou sur la zone du bassin ludique, émettre vos 
observations sur le déplacement du raccord ZAG ",['19-04-2012'],[39],[378],12,Lot 12 – METALLERIE
Transmettre détail sur les plats à mettre en œuvre sur les ouvrages « bardages » suite omission réservations ,['03-05-2012'],[39],[378],16,Lot 12 – METALLERIE
"Transmettre détail sur sortie des portes donnant sur les extérieures, avec copie TOMMASINI, compris tous ouvrages ayant un impact sur les
bardages extérieurs, panneaux bambou, briques etc, à fournir d’urgence pour validation 
LE 22/12/11 : NON FAIT, rappel, à produire en relation avec TOMMASINI sur les bardages ext). ",['23-11-2011'],"[28, 29, 30]","[317, 328, 338]",7,Lot 12 – METALLERIE
"Transmettre détail sur sortie des portes donnant sur les extérieures, avec copie TOMMASINI, compris tous ouvrages ayant un impact sur les
bardages extérieurs, panneaux bambou, briques etc, à fournir d’urgence pour validation 
LE 22/12/11 : NON FAIT, rappel, à produire en relation avec TOMMASINI sur les bardages ext). 
LE 09/02/12 : SAM+ Annonce avoir fait un point avec le GO ",['23-11-2011'],[31],[351],6,Lot 12 – METALLERIE
Transmettre détails sur les fixations de la gaine du hall sportif sur charpente ,['09-02-2012'],"[31, 32]","[351, 364]",39,Lot 12 – METALLERIE
Transmettre la réservation pour les raccords ZAG dans les voiles du GO ,['16-06-2011'],"[13, 14, 15, 16, 17, 18, 19, 20, 21, 22, 23]","[157, 169, 180, 196, 208, 219, 231, 243, 254, 264, 276]",33,Lot 12 – METALLERIE
Transmettre le détail des entretoises à mettre en œuvre pour la fixation de gaine de soufflage du hall ludique à TOMMASINI ,['09-02-2012'],"[31, 32]","[351, 364]",37,Lot 12 – METALLERIE
Transmettre les descentes de charge de la passerelle PMR  ,['16-06-2011'],"[13, 14, 15, 16, 17, 18, 19, 20, 21, 22, 23]","[157, 169, 180, 196, 208, 219, 231, 243, 254, 264, 276]",31,Lot 12 – METALLERIE
Transmettre les réservations manquantes pour escalier ,['09-06-2011'],"[12, 13, 14, 15, 16, 17, 18, 19, 20, 21, 22, 23]","[143, 157, 169, 180, 196, 208, 219, 231, 243, 254, 264, 276]",49,Lot 12 – METALLERIE
Transmettre vos cahiers de matériel avec copie au Bureau de Contrôle en format papier uniquement ,['17-05-2011'],"[9, 10, 11, 12, 13, 14, 15, 16, 17, 18]","[88, 109, 125, 143, 157, 169, 180, 196, 208, 219]",46,Lot 12 – METALLERIE
"Transmettre vos plans PAC de la passerelle PMR, et d’URGENCE, vous deviez les fournir durant la période de préparation. ",['18-10-2012'],[59],[433],38,Lot 12 – METALLERIE
Transmettre vos plans PAC et suivre les directives de l’OPC Mme LANGLOIS du cabinet OCTANT ,['17-05-2011'],"[9, 10, 11, 12, 13, 14, 15, 16, 17, 18]","[88, 109, 125, 143, 157, 169, 180, 196, 208, 219]",44,Lot 12 – METALLERIE
Transmettre vos réservations de portes et matériel matériaux.,['17-05-2011'],"[9, 10, 11, 12, 13, 14, 15, 16, 17, 18]","[88, 109, 125, 143, 157, 169, 180, 196, 208, 219]",42,Lot 12 – METALLERIE
Transmettre vos réservations pour l’accroche des GC et autres sur les bardages terre cuite int et ext et briques ,['19-04-2012'],[39],[378],14,Lot 12 – METALLERIE
Transmettre à TOMMASINI les détails des portes métal sur les extérieures et les panneaux bambou pour prise en compte par TOMMASINI ,['12-01-2012'],"[29, 30]","[328, 338]",21,Lot 12 – METALLERIE
"Transmettre à TOMMASINI les détails des portes métal sur les extérieures et les panneaux bambou pour prise en compte par TOMMASINI  
LE 09/02/12 : A retransmettre ",['12-01-2012'],"[31, 32]","[351, 364]",29,Lot 12 – METALLERIE
"Transmettre à TOMMASINI les points d’ancrages de vos équipements : échelles crinoline, plénums grilles, etc etc. ",['22-12-2011'],"[28, 29, 30, 31, 32]","[317, 328, 338, 351, 364]",15,Lot 12 – METALLERIE
"Transmettre à TOMMASINI les réservations à mettre en place pour les fixations des mains courante, garde corps ",['12-01-2012'],"[29, 30]","[328, 338]",19,Lot 12 – METALLERIE
"Transmettre étude et chiffrage sur l’ossature du « dragon » de mosaique, c’est urgent !! ",['28-08-2012'],[46],[404],53,Lot 12 – METALLERIE
"URGENT re-fixer échelle à crinoline entre toit des vestiaires et toit admin afin de permettre à COEXIA de poser sa couvertine : le 17/10/13 :
infiltrations sur FP ",['17-10-2013'],"[87, 88, 89, 90, 91]","[838, 853, 868, 881, 894]",128,Lot 12 – METALLERIE
"VSO le 15/03/13, concernant les garde-corps de la rampe PMR 
Nous fournir plans EXE et détails sous 15 jours  ",['14-03-2013'],"[68, 69, 70, 71, 72, 72, 74, 75, 76, 77, 78, 79, 80, 81, 82, 83, 84, 85, 86, 87, 88]","[547, 564, 583, 599, 616, 634, 650, 667, 683, 696, 709, 722, 735, 750, 764, 778, 793, 808, 823, 838, 853]",50,Lot 12 – METALLERIE
"Visa sur plan des gardes corps des gradins refusés, voir coupe G-G, pas de GC en escalier mais en biais sur la partie en about vers sortie de secours,
idem, les prescriptions du CCTP ne sont pas respectés, tube de 48mm. ",['06-12-2012'],"[59, 60, 61, 62, 63, 64, 66, 67, 68, 69, 70, 71, 72, 72, 74, 75, 76, 77, 78, 79, 80, 81, 82, 83, 84, 85, 86, 87, 88]","[433, 450, 464, 478, 492, 506, 520, 533, 547, 564, 583, 599, 616, 634, 650, 667, 683, 696, 709, 722, 735, 750, 764, 778, 793, 808, 823, 838, 853]",61,Lot 12 – METALLERIE
Voir avec TOMMASINI pour mettre en œuvre les doubles mains courantes de l’escalier ,['06-12-2012'],[59],[433],63,Lot 12 – METALLERIE
Vos chiffrages sont à revoirs suivants demandes réunion ,['23-02-2012'],[32],[364],24,Lot 12 – METALLERIE
"Vous annoncez poser les escaliers extérieurs pour début janvier, compris terrasse R+1 ",['29-11-2012'],[59],[433],56,Lot 12 – METALLERIE
Vous devez reprendre les différences des teintes des tôles de la gaine de soufflage du bassin sportif ,['10-01-2013'],"[59, 60, 61, 62, 63, 64, 66, 67, 68, 69, 70, 71, 72, 72, 74, 75, 76, 77, 78, 79, 80, 81, 82, 83, 84, 85, 86, 87, 88]","[433, 450, 464, 478, 492, 506, 520, 533, 547, 564, 583, 599, 616, 634, 650, 667, 683, 696, 709, 722, 735, 750, 764, 778, 793, 808, 823, 838, 853]",65,Lot 12 – METALLERIE
Vous souhaitez avoir une coupe et détails sur la gaine de soufflage de la zone de bassin ludique ,['09-02-2012'],[31],[351],35,Lot 12 – METALLERIE
"Vous souhaitez avoir une coupe et détails sur la gaine de soufflage de la zone de bassin ludique 
LE 23/02/12 : Nous vous demandons de bien vouloir modéliser suivant PAC 3D la nouvelle implantation de la gaine ",['09-02-2012'],[32],[364],18,Lot 12 – METALLERIE
"Vous transmettez les plans de l’escalier de secour et gradin compris perspective, nous vous transmettrons nos observations à suivre en
relation avec le BC ",['20-10-2011'],[24],[286],13,Lot 12 – METALLERIE
Vous vous êtes engagés à mettre en place un effectif de 8 personnes à partir du 16/09/13 ,['12-09-2013'],"[82, 83, 84, 85, 86, 87, 88, 89, 90, 91]","[764, 778, 793, 808, 823, 838, 853, 868, 881, 894]",105,Lot 12 – METALLERIE
"Vous vous êtes engagés à terminer la pose de tous les garde-corps avant la commission de sécurité le 26/11/13 : suite au constat du 14/11/13 
Nous demandons la pose de GC provisoires par contreplaqués ",['07-11-2013'],"[90, 91]","[881, 894]",101,Lot 12 – METALLERIE
Vous vous êtes engagés à terminer la pose de tous les gardes-corps avant la commission de sécurité le 26/11/13  ,['07-11-2013'],[89],[868],100,Lot 12 – METALLERIE
Vous êtes en attente du plan SOJA sur les gaines de soufflage ludique ,['12-04-2012'],[39],[378],3,Lot 12 – METALLERIE
RAPPEL,['16-06-2011'],"[13, 14]","[156, 168]",9,Lot 3 – TRAITEMENT DES FACADES TOMASSINI
"Communauté d’Agglomération des Portes du Hainaut – Construction d’un Centre Aquatique à St Amand Les Eaux – CR MOE N° 69 
 du 21/03/13 ",['21-03-2013'],"[69, 70]","[563, 582]",17,Lot 11 – MENUISERIES INTERIEURES BOIS – SIGNALETIQUE
URGENT : mettre en œuvre les impostes CF au droit des châssis 100 – 101 et 102 hall de liaison A12 ,['29-08-2013'],"[80, 81, 82, 83, 84, 85, 86, 87, 88, 89, 90, 91]","[735, 750, 764, 778, 793, 808, 823, 838, 853, 868, 881, 894]",23,Lot 11 – MENUISERIES INTERIEURES BOIS – SIGNALETIQUE
Chiffrer coffre sur gaines apparentes dans sanitaires ,['31-10-2013'],"[88, 89, 90, 91]","[853, 868, 881, 894]",29,Lot 11 – MENUISERIES INTERIEURES BOIS – SIGNALETIQUE
Chiffrer la fourniture et pose d’une trappe CF 60x60 pour le local C9 rangement fauteuil PMR ,['21-03-2013'],"[69, 70, 71, 72, 72, 74, 75, 76, 77, 78, 79, 80, 81, 82, 83, 84, 85, 86, 87, 88, 89, 90, 91]","[563, 582, 599, 616, 634, 650, 667, 683, 696, 709, 722, 735, 750, 764, 778, 793, 808, 823, 838, 853, 868, 881, 894]",14,Lot 11 – MENUISERIES INTERIEURES BOIS – SIGNALETIQUE
Chiffrer les impostes manquantes ,['07-02-2013'],"[62, 63, 64, 66, 67, 68, 69, 70]","[478, 492, 506, 519, 533, 547, 563, 582]",6,Lot 11 – MENUISERIES INTERIEURES BOIS – SIGNALETIQUE
Merci de poser tablette bois à peindre au dessus de la cloison des distributeurs de boisson zone accueil (dito vestiaires) ,['26-09-2013'],"[84, 85, 86, 87, 88, 89, 90, 91]","[793, 808, 823, 838, 853, 868, 881, 894]",23,Lot 11 – MENUISERIES INTERIEURES BOIS – SIGNALETIQUE
"Mettre en œuvre  impostes des châssis repère 33, 35, 36, 56, et 59, vous devez proposer au BC un autre produit que le WAB pour les zones à
très fortes hygrométrie ",['21-03-2013'],"[69, 70]","[563, 582]",23,Lot 11 – MENUISERIES INTERIEURES BOIS – SIGNALETIQUE
Mettre en œuvre les impostes des portes RDC ,['14-03-2013'],"[68, 69, 70]","[547, 563, 582]",10,Lot 11 – MENUISERIES INTERIEURES BOIS – SIGNALETIQUE
Mettre en œuvre plus de raidisseurs dans la circulation administration ,['21-03-2013'],"[69, 70, 71, 72, 72, 74, 75, 76, 77, 78, 79, 80, 81]","[563, 582, 599, 616, 634, 650, 667, 683, 696, 709, 722, 735, 750]",25,Lot 11 – MENUISERIES INTERIEURES BOIS – SIGNALETIQUE
Ne pas mettre en œuvre les cornière de fixation des faux plafond contre les parois alors que les faïence ne sont pas traitées ,['30-05-2013'],"[74, 75, 76, 77, 78, 79, 80, 81, 82, 83, 84, 85, 86, 87, 88, 89, 90, 91]","[650, 667, 683, 696, 709, 722, 735, 750, 764, 778, 793, 808, 823, 838, 853, 868, 881, 894]",21,Lot 11 – MENUISERIES INTERIEURES BOIS – SIGNALETIQUE
Page 14 sur 19 ,['21-03-2013'],"[69, 70]","[563, 582]",19,Lot 11 – MENUISERIES INTERIEURES BOIS – SIGNALETIQUE
Plan de banque d’accueil a reprendre suivant remarque OCTANT ,['31-01-2013'],"[61, 62, 63, 64, 66, 67, 68, 69, 70]","[464, 478, 492, 506, 519, 533, 547, 563, 582]",2,Lot 11 – MENUISERIES INTERIEURES BOIS – SIGNALETIQUE
Plan de la banque d’accueil à transmettre FAIT ,['19-04-2012'],[39],[378],10,Lot 11 – MENUISERIES INTERIEURES BOIS – SIGNALETIQUE
Plan signalétique à transmettre FAIT ,['19-04-2012'],[39],[378],8,Lot 11 – MENUISERIES INTERIEURES BOIS – SIGNALETIQUE
Poser la trappe d’accès au local adjacent au F3 ,['14-03-2013'],"[68, 69, 70, 71, 72, 72, 74, 75, 76, 77, 78, 79, 80, 81, 82, 83, 84, 85, 86, 87, 88, 89, 90, 91]","[547, 563, 582, 599, 616, 634, 650, 667, 683, 696, 709, 722, 735, 750, 764, 778, 793, 808, 823, 838, 853, 868, 881, 894]",8,Lot 11 – MENUISERIES INTERIEURES BOIS – SIGNALETIQUE
Poser les miroirs ,['31-10-2013'],"[88, 89, 90, 91]","[853, 868, 881, 894]",27,Lot 11 – MENUISERIES INTERIEURES BOIS – SIGNALETIQUE
Poser tablettes bois des appuis de fenêtres ,['21-11-2013'],[91],[894],31,Lot 11 – MENUISERIES INTERIEURES BOIS – SIGNALETIQUE
"Pour faire suite à votre demande d’agrément sur le système WAB LAFARGE, veuillez prendre note que nous vous déconseillons l’emploi de 
matériaux à base de plâtre dans les milieux humide et malgré l’avis de la fiche technique. 
A transmettre au BC pour avis mais nous souhaitons rester sur un produit d’un autre type  ",['27-10-2011'],"[25, 26, 28, 29, 30, 31, 32, 39, 46]","[296, 306, 316, 328, 338, 351, 364, 378, 404]",10,Lot 11 – MENUISERIES INTERIEURES BOIS – SIGNALETIQUE
Proposer un autre type de matériaux que le WAB en RDC et zone à très forte hygrométrie ,['07-02-2013'],"[62, 63, 64, 66, 67, 68, 69, 70]","[478, 492, 506, 519, 533, 547, 563, 582]",4,Lot 11 – MENUISERIES INTERIEURES BOIS – SIGNALETIQUE
Présenter échantillon matérialisation des vitrages ,['05-09-2013'],"[81, 82, 83, 84, 85, 86, 87, 88, 89, 90, 91]","[750, 764, 778, 793, 808, 823, 838, 853, 868, 881, 894]",25,Lot 11 – MENUISERIES INTERIEURES BOIS – SIGNALETIQUE
"Présentez la signalétique, « échantillons » ",['20-10-2011'],"[24, 25, 26, 28, 29, 30, 31, 32, 39, 46, 59, 60]","[286, 296, 306, 316, 328, 338, 351, 364, 378, 404, 433, 450]",5,Lot 11 – MENUISERIES INTERIEURES BOIS – SIGNALETIQUE
Prévoir l’intégration de l’armoire électrique dans l’armoire derrière la banque d’accueil ,['14-03-2013'],"[68, 69, 70, 71, 72, 72, 74, 75, 76, 77, 78, 79, 80, 81]","[547, 563, 582, 599, 616, 634, 650, 667, 683, 696, 709, 722, 735, 750]",12,Lot 11 – MENUISERIES INTERIEURES BOIS – SIGNALETIQUE
Prévoir signalétique « local refuge » sur porte tisanerie + rond rouge sur fenêtre dans tisanerie ,['12-09-2013'],"[82, 83, 84, 85, 86, 87, 88, 89, 90, 91]","[764, 778, 793, 808, 823, 838, 853, 868, 881, 894]",21,Lot 11 – MENUISERIES INTERIEURES BOIS – SIGNALETIQUE
RAPPEL DES POINTS CI-DESSUS  ,['21-09-2012'],"[59, 60]","[433, 450]",6,Lot 11 – MENUISERIES INTERIEURES BOIS – SIGNALETIQUE
RAPPELS DES POINTS EN SUSPENS,['29-09-2011'],[23],[276],4,Lot 11 – MENUISERIES INTERIEURES BOIS – SIGNALETIQUE
Rappel des points ci-dessus  ,['02-05-2013'],"[71, 72, 72, 74, 75, 76, 77, 78, 79, 80, 81]","[599, 616, 634, 650, 667, 683, 696, 709, 722, 735, 750]",10,Lot 11 – MENUISERIES INTERIEURES BOIS – SIGNALETIQUE
Répondre à l’ensemble des points ci-dessus ,['25-10-2012'],"[59, 60]","[433, 450]",8,Lot 11 – MENUISERIES INTERIEURES BOIS – SIGNALETIQUE
"Suite au point du 09/06, transmettre les FT des matériaux à mettre en œuvre dans le centre aquatique pour validation ",['16-06-2011'],"[13, 14, 15, 16, 17, 18, 19, 20, 21, 22, 23, 24, 25, 26]","[157, 169, 180, 195, 208, 219, 231, 243, 254, 264, 276, 286, 296, 306]",3,Lot 11 – MENUISERIES INTERIEURES BOIS – SIGNALETIQUE
"Suite au point fait ce jour en votre présence, fournir un plan PAC de la banque d’accueil en prenant en compte les détails M6, 7 et 8 du carnet de 
détail bassins mobiliers. ",['08-11-2012'],"[59, 60]","[433, 450]",11,Lot 11 – MENUISERIES INTERIEURES BOIS – SIGNALETIQUE
Suivant CR OPC ,['02-05-2013'],"[71, 72, 72, 74, 75, 76, 77, 78, 79, 80, 81]","[599, 616, 634, 650, 667, 683, 696, 709, 722, 735, 750]",12,Lot 11 – MENUISERIES INTERIEURES BOIS – SIGNALETIQUE
Terminer les bande de liaison des plaques WAB au R+1 ,['21-03-2013'],"[69, 70]","[563, 582]",27,Lot 11 – MENUISERIES INTERIEURES BOIS – SIGNALETIQUE
Transmettre plan PAC de la banque accueil au BC ,['12-09-2013'],"[82, 83, 84, 85, 86, 87, 88, 89, 90, 91]","[764, 778, 793, 808, 823, 838, 853, 868, 881, 894]",19,Lot 11 – MENUISERIES INTERIEURES BOIS – SIGNALETIQUE
"VISA coin beauté 
Nous validons le détail sous réserve de ces remarques : 
- 
Tablettes : largeur 300 mm. 
- 
Page 13 : Centrer le plan vasque.  ",['16-05-2013'],"[72, 72, 74, 75, 76, 77, 78, 79, 80, 81, 82, 83, 84, 85, 86, 87, 88, 89, 90, 91]","[616, 634, 650, 667, 683, 696, 709, 722, 735, 750, 764, 778, 793, 808, 823, 838, 853, 868, 881, 894]",19,Lot 11 – MENUISERIES INTERIEURES BOIS – SIGNALETIQUE
Vous demandez un plan de trappes à mettre en place dans les faux plafonds ,['28-08-2012'],"[46, 59, 60]","[404, 433, 450]",12,Lot 11 – MENUISERIES INTERIEURES BOIS – SIGNALETIQUE
Vous demandez à PMN de bien vouloir mettre en place une cornière alu sur le châssis entre MNS et infirmerie ,['28-08-2012'],[46],[404],10,Lot 11 – MENUISERIES INTERIEURES BOIS – SIGNALETIQUE
Vous démarrer votre activité sur les cloisonnements au R+1 à 3 personnes ,['28-08-2012'],[46],[404],8,Lot 11 – MENUISERIES INTERIEURES BOIS – SIGNALETIQUE
Vous présenter afin de faire un point sur les demandes supplémentaires ,['13-12-2012'],"[59, 60]","[433, 450]",13,Lot 11 – MENUISERIES INTERIEURES BOIS – SIGNALETIQUE
chiffrer fourniture et pose plinthe de l’espace hall de liaison étage ,['10-10-2013'],"[86, 87, 88, 89, 90, 91]","[823, 838, 853, 868, 881, 894]",25,Lot 11 – MENUISERIES INTERIEURES BOIS – SIGNALETIQUE
vos réservations de porte d’urgence ,['17-05-2011'],"[25, 26]","[296, 306]",2,Lot 11 – MENUISERIES INTERIEURES BOIS – SIGNALETIQUE
"DEMANDE ET OBS BC 
EL01 PLAN ELECTRICITE REZ DE JARDIN 17/09/2011 OB 
La ventilation haute et basse pour le transformateur ne doivent pas se trouver 
implanter au même endroit, les deux ventilations doivent être implanter au niveau 
du mur opposé de façon à réaliser un brassage d'air.(rappel) 
> EL02 PLAN REZ DE CHAUSSEE 17/09/2011 OB 
Nous préciser l'indice de protection aux influences externes, pour les prises de courants 
(bloc 2 PC encastré et protégé de type R).(Rappel) ",['15-09-2011'],"[21, 22]","[250, 260]",17,BET FLUIDES : ----> BE SOJA ---------> URGENT !!!!!
RAPPEL DES POINTS EN SUSPENS,['29-09-2011'],[23],[275],6,SSI :
RAS ,['15-09-2011'],"[21, 22, 23]","[253, 263, 275]",3,SSI :
RAPPEL DES POINTS EN SUSPENS ,['29-09-2011'],[23],[278],5,Lot 20 – DECORATION FLORALE D’INTERIEUR
rappel,['15-09-2011'],[23],[278],3,Lot 20 – DECORATION FLORALE D’INTERIEUR
rappel ,['15-09-2011'],"[21, 22]","[256, 266]",3,Lot 20 – DECORATION FLORALE D’INTERIEUR
"Communauté d’Agglomération des Portes du Hainaut – Construction d’un Centre Aquatique à St Amand Les Eaux – CR MOE N° 46 
 du 31/08/12 ","['31-08-2012', '31-01-2013']","[46, 64, 66]","[404, 506, 520]",25,Lot 13 – PLAFONDS SUSPENDUS
"La laine dans le plenum zone bassin ne sera pas mise en œuvre (va se gorger d’humidité) l’acoustique est traité dans cette zone par le bac
perforé : présenter moins value ",['26-09-2013'],"[84, 85, 86, 87, 88, 89, 90, 91]","[794, 809, 824, 839, 854, 869, 882, 895]",10,Lot 13 – PLAFONDS SUSPENDUS
"Nous avons bien reçu votre chiffrage sur les demandes de faux plafonds supplémentaires, cependant, vous avez surestimé les surfaces de ces 
derniers. Vous voudrez bien reprendre votre chiffrage sur la base du document joint, à savoir 377M² et non 455M². ",['10-01-2013'],"[59, 60, 61]","[434, 451, 465]",53,Lot 13 – PLAFONDS SUSPENDUS
"A déposer suivant demande du BC, les fixations sur bac sont interdit 
Déposer les entretoises de maintien et mettre en œuvre une ossature primaire avant pose, à reprendre suivant demandes du BC ",['31-08-2012'],"[59, 60]","[434, 451]",21,Lot 13 – PLAFONDS SUSPENDUS
Attention tous les faux plafonds devront impérativement être terminés pour le 21/11/13 : essais désenfumage le 22/11/13 avec les pompiers ,['07-11-2013'],"[89, 90, 91]","[869, 882, 895]",12,Lot 13 – PLAFONDS SUSPENDUS
Chiffrer en moins value les WINGS et passer en 60x60 sur toute la surface des vestiaires groupes ,['07-02-2013'],"[62, 63, 64, 66]","[479, 493, 506, 520]",28,Lot 13 – PLAFONDS SUSPENDUS
"Compte tenu du fait que les ossatures sont apparentes, veuillez chiffrer en moins value les trappes  ",['24-01-2013'],"[60, 61, 62, 63, 64, 66]","[451, 465, 479, 493, 506, 520]",43,Lot 13 – PLAFONDS SUSPENDUS
"En relation avec EIFFAGE ENERGIE, intégrer la centrale de la sono et vidéo sous la banque d’acceuil ",['06-06-2013'],"[75, 76, 77, 78, 79]","[669, 684, 697, 710, 723]",8,Lot 13 – PLAFONDS SUSPENDUS
"En relation avec EIFFAGE ENERGIE, intégrer la centrale de la sono et vidéo sous la banque d’accueil : en définitive la sono sera déplacée au
R+1 ",['06-06-2013'],"[80, 81]","[736, 751]",9,Lot 13 – PLAFONDS SUSPENDUS
"En relation avec EIFFAGE ENERGIE, mettre en place les platines MDF pour support de luminaires sur plafonds bois ",['06-06-2013'],"[75, 76, 77, 78, 79, 80, 81, 82, 83, 84, 85, 86, 87, 88, 89, 90, 91]","[669, 684, 697, 710, 723, 736, 751, 765, 779, 794, 809, 824, 839, 854, 869, 882, 895]",6,Lot 13 – PLAFONDS SUSPENDUS
Implantation FP plafond présentée ce jour validée ,['12-09-2013'],"[82, 83, 84, 85, 86, 87, 88, 89, 90, 91]","[765, 779, 794, 809, 824, 839, 854, 869, 882, 895]",4,Lot 13 – PLAFONDS SUSPENDUS
Intervention en cours  ,['02-05-2013'],"[71, 72, 72, 74, 75, 76, 77, 78, 79, 80, 81]","[601, 618, 636, 652, 669, 684, 697, 710, 723, 736, 751]",2,Lot 13 – PLAFONDS SUSPENDUS
"Les dalles doivent êtres dans le sens de la circulation en administration  
(dans la longueur des bâtiments admin. Et REF)  
Merci de vous munir d’un détail ds plafonds à bords d’aile d’avions pour la réunion  
De ce Jeudi 24, il s’agit d’un plan PAC  ",['10-01-2013'],"[59, 60, 61]","[434, 451, 465]",58,Lot 13 – PLAFONDS SUSPENDUS
"Local F2, bandes à monter jusque sous bacs,  ",['14-03-2013'],"[68, 69, 70]","[548, 565, 584]",24,Lot 13 – PLAFONDS SUSPENDUS
Mettre en œuvre les impostes des portes selon votre chiffrage 6316I2-016 ind A ,['14-03-2013'],"[68, 69, 70]","[548, 565, 584]",26,Lot 13 – PLAFONDS SUSPENDUS
Mettre en œuvre un échantillon sur site de finition des rives et vides périphériques avant pose pour validation Moe ,['24-01-2013'],"[60, 61, 62, 63, 64, 66, 67, 68, 69, 70]","[451, 465, 479, 493, 506, 520, 534, 548, 565, 584]",41,Lot 13 – PLAFONDS SUSPENDUS
"Nous ne souhaitons pas l’emploi de panneaux ou plaque WAB dans les zones de RDC, mette en œuvre un matériau adéquat ",['31-01-2013'],"[62, 63, 64, 66, 67, 68, 69, 70]","[479, 493, 506, 520, 534, 548, 565, 584]",26,Lot 13 – PLAFONDS SUSPENDUS
"Nous validerons la banque d’accueil après que vous nous ayez envoyé les précisions suivantes : 
Il manque :  
- 
les meubles stratifiés sous la banque.  
- 
le grand meuble de rangement derrière la banque. 
- 
les tiroirs pour le clavier. 
- 
Les volets de fermeture des écrans. 
- 
Les légendes des matériaux (c’est bien du stratifié et non du stratifié compact). ",['10-01-2013'],"[61, 62, 63, 64, 66, 67, 68, 69, 70]","[465, 479, 493, 506, 520, 534, 548, 565, 584]",18,Lot 13 – PLAFONDS SUSPENDUS
"Nous validerons la banque d’accueil après que vous nous ayez envoyé les précisions suivantes : 
Il manque :  
- 
les meubles stratifiés sous la banque.  
- 
le grand meuble de rangement derrière la banque. 
- 
les tiroirs pour le clavier. 
- 
Les volets de fermeture des écrans. 
- 
Les légendes des matériaux (c’est bien du stratifié et non du stratifié compact). 
Vous pouvez nous envoyer tout cela en dwg et en pdf. Merci. ",['10-01-2013'],"[59, 60]","[434, 451]",50,Lot 13 – PLAFONDS SUSPENDUS
Nous vous demandons de bien vouloir déposer les cornières de rives des faux plafonds pour que le lot peinture puisse traiter les voiles ,['31-01-2013'],[61],[465],36,Lot 13 – PLAFONDS SUSPENDUS
Page 10 sur 12 ,['31-08-2012'],[46],[404],27,Lot 13 – PLAFONDS SUSPENDUS
Page 12 sur 14 ,['31-01-2013'],"[64, 66]","[506, 520]",27,Lot 13 – PLAFONDS SUSPENDUS
Présenter un échantillon de trappe ,['07-06-2012'],"[46, 59, 60]","[404, 434, 451]",5,Lot 13 – PLAFONDS SUSPENDUS
RAPPEL DES POINTS CI-DESSUS  ,['18-10-2012'],[59],[434],25,Lot 13 – PLAFONDS SUSPENDUS
RAPPEL DES POINTS EN SUSPENS ,['29-09-2011'],[23],[276],5,Lot 13 – PLAFONDS SUSPENDUS
Rappel sur les demandes d’échantillon de vide périphérique ,['31-01-2013'],"[61, 62, 63, 64, 66, 67, 68, 69, 70]","[465, 479, 493, 506, 520, 534, 548, 565, 584]",34,Lot 13 – PLAFONDS SUSPENDUS
Reporter sur vos plans les plans des vides périphériques suivant plans EXE Moe ,['07-06-2012'],"[46, 59, 60, 61, 62, 63, 64, 66, 67, 68, 69, 70]","[404, 434, 451, 465, 479, 493, 506, 520, 534, 548, 565, 584]",7,Lot 13 – PLAFONDS SUSPENDUS
Reprendre les fixations sur bac acier dans le local entrainement,['03-01-2013'],"[59, 60, 61, 62, 63, 64, 66, 67, 68, 69, 70]","[434, 451, 465, 479, 493, 506, 520, 534, 548, 565, 584]",32,Lot 13 – PLAFONDS SUSPENDUS
"Rigidifier les cloisons dans la circulation au R+1 administration, en effet et compte tenu du poids des menuiseries CF, les cloisons branlent ",['03-01-2013'],"[59, 60, 61]","[434, 451, 465]",34,Lot 13 – PLAFONDS SUSPENDUS
Rigidifier vos cloisons dans la zone administrations ,['18-10-2012'],[59],[434],27,Lot 13 – PLAFONDS SUSPENDUS
"Suite à la réception de vos plans de faux plafond intégrés à vos plans d’implantation, veuillez prendre note que vous n’avez pas intégrer en relation
avec les lots techniques les trappes de visites à poser pour accès.  ",['07-06-2012'],"[46, 59, 60]","[404, 434, 451]",3,Lot 13 – PLAFONDS SUSPENDUS
Suivant CR OPC ,['02-05-2013'],"[71, 72, 72, 74, 75, 76, 77, 78, 79, 80, 81]","[601, 618, 636, 652, 669, 684, 697, 710, 723, 736, 751]",4,Lot 13 – PLAFONDS SUSPENDUS
Synthèse des faux plafonds à prévoir avec ETDE et FORCLUM pour intégration des 20 trappes ,['19-07-2019'],"[46, 59, 60]","[404, 434, 451]",12,Lot 13 – PLAFONDS SUSPENDUS
"Transmettre chiffrage sur la fourniture et pose de coffre suivant plan ci-joint, pour une surface de 22M² ",['03-01-2013'],"[59, 60]","[434, 451]",36,Lot 13 – PLAFONDS SUSPENDUS
"Transmettre chiffrage sur la mise en œuvre de faux plafond sur les zones des circulations des vestiaires groupe, idem pour la zone des vestiaires 
publics et casiers 
LE 03/01/13 : NON FAIT A CE JOUR ",['22-11-2012'],[59],[434],31,Lot 13 – PLAFONDS SUSPENDUS
"Transmettre plan de calpinage des FP suite remarque ci-dessus en prenant garde de mettre le FP des sanitaires publics dans le même sens que le reste 
des FP ",['07-06-2012'],"[46, 59]","[404, 434]",10,Lot 13 – PLAFONDS SUSPENDUS
Transmettre échantillons,['15-09-2011'],[23],[276],3,Lot 13 – PLAFONDS SUSPENDUS
"Vous approcher de FORCLUM pour transmission des dimensions des spots en faux plafonds et percer des dalles suivant le nombre de 
luminaires à mettre en œuvre par FORCLUM ",['14-03-2013'],"[68, 69, 70]","[548, 565, 584]",29,Lot 13 – PLAFONDS SUSPENDUS
Vous demandez un plan de trappes à mettre en place dans les faux plafonds ,['28-08-2012'],[46],[404],18,Lot 13 – PLAFONDS SUSPENDUS
Vous demandez à PMN de bien vouloir mettre en place une cornière alu sur le châssis entre MNS et infirmerie ,['28-08-2012'],[46],[404],16,Lot 13 – PLAFONDS SUSPENDUS
"Vous devez assurer le coupe feu jusque sous bac avec vos cloisonnements, à revoir.. ",['31-08-2012'],[59],[434],23,Lot 13 – PLAFONDS SUSPENDUS
Vous démarrer votre activité sur les cloisonnements au R+1 à 3 personnes ,['28-08-2012'],[46],[404],14,Lot 13 – PLAFONDS SUSPENDUS
Vous présenter afin de faire un point faux plafond dans les vestiaires groupes ,['31-01-2013'],"[61, 62, 63, 64, 66]","[465, 479, 493, 506, 520]",32,Lot 13 – PLAFONDS SUSPENDUS
"Vous vous êtes engagés à terminer vos travaux dans zones avec lanterneaux désenfumage (accueil, étage, vestiaires groupes et individuels)
pour le 26/09/13 impérativement (essais désenfumage) ",['12-09-2013'],"[82, 83, 84, 85, 86, 87, 88, 89, 90, 91]","[765, 779, 794, 809, 824, 839, 854, 869, 882, 895]",7,Lot 13 – PLAFONDS SUSPENDUS
"Communauté d’Agglomération des Portes du Hainaut – Construction d’un Centre Aquatique à St Amand Les Eaux – CR MOE N° 59 
 du 10/01/13 ","['24-05-2012', '13-12-2012', '10-01-2013']","[59, 60, 64, 66]","[436, 452, 507, 521]",16,Lot 15 – PEINTURE
"Merci de bien vouloir faire les essais de lasure suivants : 
Lasure TECHNICHEM teintes : 
-          L25 gris artichaut 
-          L26 gris béton 
-          L33 gris atlantique 
-          L40 gris fumé 
-          L41 brun taupe 
-          L44 gris flanelle ",['05-07-2012'],"[46, 59, 60, 61, 62, 63, 64, 66]","[405, 436, 452, 466, 480, 494, 507, 521]",11,Lot 15 – PEINTURE
"RAPPEL, transmettre estimatif de moins value pour suppression des traitements en plafond suite au choix de mettre en place du FP sur les
zones suivant présent croquis ",['10-01-2013'],"[59, 60, 61, 62, 63, 64, 66, 67, 68]","[436, 452, 466, 480, 494, 507, 521, 535, 549]",22,Lot 15 – PEINTURE
"Transmettre au OCTANT  OPC les fiches technique des matériaux et matériels que vous souhaitez mettre en œuvre pour observation / copie 
BC",['15-03-2011'],"[1, 2, 3, 4, 5, 6, 7, 8, 9, 10, 11, 12, 13, 14, 15, 16, 17, 18, 19, 20, 21, 22, 23, 24, 25, 26, 28, 29, 30, 31, 32]","[6, 13, 21, 30, 40, 50, 58, 71, 90, 110, 126, 145, 158, 170, 181, 197, 209, 220, 232, 244, 255, 265, 278, 286, 297, 307, 317, 329, 339, 352, 365]",3,Lot 15 – PEINTURE
Transmettre moins value sur les traitements des plafonds des zones vestiaires groupe et individuels ,['13-12-2012'],"[59, 60, 61, 62, 63, 64, 66, 67, 68, 69, 70]","[436, 452, 466, 480, 494, 507, 521, 535, 549, 568, 587]",13,Lot 15 – PEINTURE
"Afin de masquer les défauts du mur dans la zone déchaussage C2 (accès vestiaires groupe) nous demandons la mise en peinture du mur + plenum en
gris dito accueil (juste sur le mur de façade) ",['19-09-2013'],"[83, 84, 85, 86, 87, 88]","[780, 795, 810, 825, 840, 855]",17,Lot 15 – PEINTURE
"Choix sol tisanerie arrêté ce jour : LIBERTY sol PVC modulaire 55 65 08 chêne, prévoir résilient pour rattraper réservation sol dito parquet ",['18-07-2013'],"[77, 78, 79, 80, 81, 82, 83, 84, 85, 86, 87, 88, 89, 90, 91]","[697, 710, 723, 737, 752, 766, 780, 795, 810, 825, 840, 855, 870, 883, 896]",6,Lot 15 – PEINTURE
Dans la zone accueil avec faux plafond bois nous demandons que l’habillage du lanterneau soit peint en noir ,['05-09-2013'],[81],[752],14,Lot 15 – PEINTURE
Dans la zone accueil avec faux plafond bois nous demandons que l’habillage du lanterneau soit peint en noir (dito étage) ,['05-09-2013'],"[82, 83, 84, 85, 86, 87, 88, 89, 90, 91]","[766, 780, 795, 810, 825, 840, 855, 870, 883, 896]",12,Lot 15 – PEINTURE
"Démarrer nettoyage de fin de chantier par le hall bassins, prévoir livraison d’un carton de sur-chaussures ",['14-11-2013'],"[90, 91]","[883, 896]",15,Lot 15 – PEINTURE
Faire un point sur les dossiers et documents avec l’OPC ,['09-02-2012'],"[31, 32]","[352, 365]",10,Lot 15 – PEINTURE
Fournir devis pour mise en œuvre peinture époxy sur dalle béton sous escalier extérieur IS des gradins ,['14-11-2013'],"[90, 91]","[883, 896]",13,Lot 15 – PEINTURE
Mettre en œuvre enduit sur terrasse extérieure R + 1 en coordination avec COEXIA qui doit les dalles ,['29-08-2013'],"[80, 81, 82]","[737, 752, 766]",12,Lot 15 – PEINTURE
Mettre en œuvre enduit sur terrasse extérieure R + 1 en coordination avec COEXIA qui doit les dalles : travaux annulés : l’acrotère doit être isplé ,['29-08-2013'],"[83, 84, 85, 86, 87, 88]","[780, 795, 810, 825, 840, 855]",10,Lot 15 – PEINTURE
Moins value sur résine gradin à transmettre ,['24-05-2012'],"[46, 59, 60, 61, 62, 63, 64, 66]","[405, 436, 452, 466, 480, 494, 507, 521]",2,Lot 15 – PEINTURE
Moins value sur résine gradin à transmettre FAIT ,['24-05-2012'],"[67, 68]","[535, 549]",2,Lot 15 – PEINTURE
Nous vous rappelons que vous devez une peinture dans les plenums ,['01-08-2013'],"[79, 80, 81, 82, 83, 84, 85, 86, 87, 88]","[723, 737, 752, 766, 780, 795, 810, 825, 840, 855]",8,Lot 15 – PEINTURE
Organisation de chantier selon directives de l’OPC ,['15-03-2011'],"[1, 2, 3, 4, 5, 6, 7, 8, 9, 10, 11, 12, 13, 14, 15, 16, 17, 18, 19, 20, 21, 22, 23, 24, 25, 26, 28, 29, 30, 31, 32]","[6, 13, 21, 30, 40, 50, 58, 71, 90, 110, 126, 145, 158, 170, 181, 197, 209, 220, 232, 244, 255, 265, 278, 286, 297, 307, 317, 329, 339, 352, 365]",7,Lot 15 – PEINTURE
Page 13 sur 14 ,['10-01-2013'],"[64, 66]","[507, 521]",21,Lot 15 – PEINTURE
Page 15 sur 16 ,"['24-05-2012', '13-12-2012']","[59, 60]","[436, 452]",18,Lot 15 – PEINTURE
Peindre huisserie porte derrière la banque teinte dito mur ,['21-11-2013'],[91],[896],19,Lot 15 – PEINTURE
Peindre les deux portes armoires techniques derrière accueil dito façade ,['19-09-2013'],"[83, 84, 85, 86, 87, 88, 89, 90, 91]","[780, 795, 810, 825, 840, 855, 870, 883, 896]",14,Lot 15 – PEINTURE
Peindre toutes les portes métalliques ,['14-11-2013'],"[90, 91]","[883, 896]",17,Lot 15 – PEINTURE
Prévoir peinture de finition sur sous face dalle accès PMR du RDJ ,['31-10-2013'],"[88, 89, 90, 91]","[855, 870, 883, 896]",19,Lot 15 – PEINTURE
RAPPEL DES POINTS EN SUSPENS ,['29-09-2011'],[23],[278],10,Lot 15 – PEINTURE
RAPPEL sur les FT et échantillons ,['16-06-2011'],"[13, 14, 15, 16, 17, 18, 19, 20, 21, 22, 23, 24, 25, 26, 28, 29, 30, 31, 32]","[158, 170, 181, 197, 209, 220, 232, 244, 255, 265, 278, 286, 297, 307, 317, 329, 339, 352, 365]",8,Lot 15 – PEINTURE
Reprendre devis (plus value sur nouveau produit) suivant observations de ce jour ,['29-08-2013'],"[80, 81, 82, 83, 84, 85, 86, 87, 88]","[737, 752, 766, 780, 795, 810, 825, 840, 855]",10,Lot 15 – PEINTURE
Reprendre votre chiffrage en moins value en y intégrant les demandes du BC et MO sur les traitements des pieds des poteaux de charpente ,['08-03-2013'],"[67, 68, 69, 70]","[535, 549, 568, 587]",9,Lot 15 – PEINTURE
"Suivant demande MO : fournir devis fourniture et pose de cornières d’angle (fines en ALU à peindre dans la masse) sur toutes les arrêtes saillantes des
murs ",['07-11-2013'],"[89, 90, 91]","[870, 883, 896]",11,Lot 15 – PEINTURE
"Transmettre chiffrage pour le traitement des pieds des poteaux galva extérieurs, sur les parties dans les courettes béton ",['02-05-2013'],"[71, 72, 72, 74, 75, 76, 77, 78, 79, 80, 81, 82, 83, 84, 85, 86, 87, 88]","[603, 620, 638, 654, 671, 684, 697, 710, 723, 737, 752, 766, 780, 795, 810, 825, 840, 855]",2,Lot 15 – PEINTURE
"Transmettre chiffrage suite demande de variante MO sur les sols de la tisanerie, salle d’entrainement ",['02-05-2013'],"[71, 72, 72, 74, 75, 76, 77, 78, 79, 80, 81]","[603, 620, 638, 654, 671, 684, 697, 710, 723, 737, 752]",4,Lot 15 – PEINTURE
Transmettre les documents selon liste des documents à transmettre par les entreprises ,['15-03-2011'],"[1, 2, 3, 4, 5, 6, 7, 8, 9, 10, 11, 12, 13, 14, 15, 16, 17, 18, 19, 20, 21, 22, 23, 24, 25, 26, 28, 29, 30, 31, 32]","[6, 13, 21, 30, 40, 50, 58, 71, 90, 110, 126, 145, 158, 170, 181, 197, 209, 220, 232, 244, 255, 265, 278, 286, 297, 307, 317, 329, 339, 352, 365]",5,Lot 15 – PEINTURE
"Vous devez réceptionner le support mis en œuvre par le GO sur les voiles destinés à être lasures, ce dernier à mis en place un enduit de
ragréage, vous veillerez à présenter au BC un produit compatible à cet enduit de ragréage ",['31-08-2012'],[46],[405],14,Lot 15 – PEINTURE
"M. Debailleux nous ayant demandé de reprendre nos plans DET suivant l’implantation des forages PAC telles que vous les avez réalisé, 
merci de nous transmettre vos plans de recollement pour cette fin de semaine.  ",['09-06-2011'],"[12, 13, 14, 15, 16, 17]","[148, 160, 172, 182, 198, 210]",12,Lot 25
"Suite à une dernière réunion pour l’opération du centre aquatique de Saint Amand les Eaux, transmettre le relevé géomètre des forages 
PAC ? 
Nous devons effectuer leur recollement sur notre plan masse.  ",['10-05-2011'],"[8, 9, 10, 11, 12, 13, 14]","[73, 92, 113, 129, 148, 160, 172]",8,Lot 25
"Transmettre au OCTANT  OPC les fiches technique des matériaux et matériels que vous souhaitez mettre en œuvre pour observation / copie 
BC",['15-03-2011'],"[1, 2]","[7, 14]",7,Lot 25
"3 – MAITRISE D'OUVRAGE 
Communauté d’Agglomération Les Portes du Hainaut",['10-05-2010'],[72],[625],52,Lot 25
"4 – MAITRISE D'ŒUVRE 
ARCHITECTE 
OCTANT ARCHITECTURE",['16-05-2013'],[72],[625],73,Lot 25
Accord pour le déplacement  du forage FP2 à 5 m de la clôture.  ,['15-03-2011'],"[1, 2, 3, 4, 5, 6, 7, 8, 9, 10, 11, 12, 13, 14]","[7, 14, 22, 31, 41, 51, 59, 73, 92, 113, 129, 148, 160, 172]",4,Lot 25
Analyse par SOJA de vos essais suite à la transmission tardive du CR ,['21-07-2011'],"[17, 18, 19, 20, 21, 22, 23, 24, 25, 26, 28, 29, 30, 31, 32, 39]","[210, 221, 233, 245, 256, 266, 279, 288, 298, 308, 319, 330, 341, 353, 366, 380]",5,Lot 25
"Demande FORCLUM
Suite à notre réunion du 20/10/11 sur les besoins téléphoniques de ST Amand. 
La demande auprès des services FT sera la suivante : 
2 T0+10SDA 
3 lignes analogiques 
1 ligne ADSL 
1 ligne pompier 
2 lignes ascenseurs 
2 lignes TPE ",['16-05-2013'],[72],[625],65,Lot 25
Il a été décidé de prolonger la période de préparation compte tenu de la désignation tardive des lot ascenseur et menuiserie alu ,['06-05-2011'],[72],[625],46,Lot 25
"MISSION EXE / TCE : aucunes variantes ne sera acceptées sans demandes préalablement anticipé au Moe + BET SICRE. Dans le cas de mise en 
œuvre de variante sans validation, les entreprises seront contraintes à reprendre les ouvrages selon des plans EXE ",['10-05-2010'],[72],[625],49,Lot 25
Organisation de chantier selon directives de l’OPC ,['15-03-2011'],"[1, 2]","[7, 14]",11,Lot 25
RAS,['28-06-2012'],[72],[625],74,Lot 25
RAS ,['23-08-2012'],"[46, 59, 60, 61, 62, 63, 64, 66, 67, 68, 69, 70, 71]","[407, 438, 454, 467, 482, 495, 509, 523, 536, 550, 569, 588, 604]",2,Lot 25
Transmettre les documents selon liste des documents à transmettre par les entreprises ,['15-03-2011'],"[1, 2]","[7, 14]",9,Lot 25
Transmettre vos DOE ,['12-09-2013'],"[82, 83, 84, 85, 86, 87, 88, 89, 90, 91]","[768, 782, 797, 812, 827, 842, 857, 871, 884, 897]",2,Lot 25
"Transmettre vos demandes à la Préfecture pour les autorisations de vidéosurveillance, nous mettons à votre disposition le plan des caméras. Pour
validation définitive 
LE 27/10/11 : il a été convenu avec le représentant de la CAPH que les demandes se feraient lors des essais ou post réception afin de pouvoir 
transmettre un dossier complet avec photos des positionnements des caméras ",['15-09-2011'],[72],[625],56,Lot 25
Transmettre vos notes et relevé pour calcul des diamètres des PE PAC URGENT ,['10-05-2011'],"[8, 9, 10, 11, 12, 13, 14]","[73, 92, 113, 129, 148, 160, 172]",10,Lot 25
"Volume bassins : 
Bassin sportif : 1 250 m3 
Bassin apprentissage et zone famille : 336 m3 ",['16-05-2013'],[72],[625],69,Lot 25
Vous transmettez un rapport provisoire d’analyse des eaux de forages suite aux essais demandés par la MO ,['16-05-2013'],"[72, 72, 74, 75, 76, 77, 78, 79, 80, 81]","[622, 640, 656, 673, 686, 699, 712, 725, 739, 754]",2,Lot 25
Vous êtes en cour de réalisation sur les forages ,['15-03-2011'],"[1, 2, 3, 4, 5, 6, 7, 8, 9, 10, 11, 12, 13, 14]","[7, 14, 22, 31, 41, 51, 59, 73, 92, 113, 129, 148, 160, 172]",2,Lot 25
